swap_id,trade_date,maturity_date,base_currency,counter_currency,notional_amount,spot_rate,forward_rate,business_unit,Basis_Spread,Days_To_Maturity,Maturity_Bucket
SWP3D5WH2TCK5VF,2026-01-31,2026-04-15,JPY,USD,1005845.5,1.12998,1.131503,Treasury,1.52299999999994e-03,74,30-90 Days
SWP9UGZ0ARPIXIJ,2026-02-20,2026-07-12,EUR,INR,1962755.6,1.273209,1.270854,Treasury,-2.35500000000011e-03,142,90+ Days
SWPD7MXHGH11F1M,2026-02-03,2026-04-01,GBP,USD,3138732.4,1.091017,1.093206,Treasury,0.002189,57,30-90 Days
SWPQZKONGQUR6CC,2025-11-19,2026-04-24,EUR,INR,9097385.19,0.826384,0.826829,Markets,4.45000000000029e-04,156,90+ Days
SWP4LX8I2JFZDE2,2025-11-25,2026-01-11,AUD,CAD,1988947.98,1.311169,1.30472,Markets,-6.44899999999993e-03,47,30-90 Days
SWPQ7MHVSIL2OA6,2026-02-16,2026-04-11,CHF,USD,3692523.92,1.232655,1.233674,Treasury,1.01899999999988e-03,54,30-90 Days
SWP0TAVKQB8ICGW,2025-12-31,2026-06-27,AUD,INR,12051912.76,0.923626,0.926678,Treasury,3.05200000000005e-03,178,90+ Days
SWPYICK577L47QL,2025-10-31,2026-01-27,CHF,USD,1545618.86,0.734792,0.736739,Markets,1.94700000000003e-03,88,30-90 Days
SWP22I5JCZU2REW,2025-11-24,2026-01-03,CHF,AUD,1201744.24,0.756781,0.758479,Markets,1.69799999999998e-03,40,30-90 Days
SWPWUMW9AYOJLSR,2025-12-23,2026-02-26,GBP,JPY,3614837.36,1.063198,1.068969,Investment Banking,5.77099999999997e-03,65,30-90 Days
SWPE5BVW6UQZMO9,2025-10-31,2026-04-04,AUD,INR,2615242.11,0.857046,0.857834,Treasury,7.88000000000011e-04,155,90+ Days
SWPFNV0D1BXO4HE,2026-02-10,2026-02-19,JPY,GBP,3665460.8,0.866788,0.867281,Markets,4.92999999999966e-04,9,0-30 Days
SWPBKEXLMOAT8PK,2025-11-19,2026-04-29,GBP,CAD,8818936.15,1.281112,1.279895,Treasury,-1.21700000000002e-03,161,90+ Days
SWPR8NII147HH9K,2025-10-26,2026-03-05,GBP,CAD,3647717.62,1.127487,1.125284,Investment Banking,-2.20299999999995e-03,130,90+ Days
SWPBXP4FN0S59VE,2025-11-07,2026-01-11,GBP,CAD,2604348.29,1.403995,1.404468,Markets,4.72999999999946e-04,65,30-90 Days
SWPNVD5A5LHWJ9R,2026-02-18,2026-05-07,USD,INR,5825795.46,0.909875,0.909278,Treasury,-5.96999999999959e-04,78,30-90 Days
SWP5JY030KPM2E6,2025-11-08,2026-04-04,INR,JPY,4241659.02,1.366665,1.364483,Investment Banking,-2.18200000000013e-03,147,90+ Days
SWPJB6DKW4TTF26,2025-11-16,2025-12-14,USD,CHF,1973575.74,1.042728,1.042307,Treasury,-4.21000000000005e-04,28,0-30 Days
SWPZ7MZWJIYQ4RK,2025-12-11,2026-04-28,JPY,INR,3328975.08,0.653386,0.653874,Markets,4.87999999999933e-04,138,90+ Days
SWPXA6H3BFVUS97,2025-11-06,2026-01-20,EUR,GBP,741003.0,1.452926,1.456625,Treasury,3.69900000000012e-03,75,30-90 Days
SWPMG3HU5FQIZNB,2025-12-09,2026-05-28,AUD,INR,1328786.37,1.000177,0.998974,Investment Banking,-1.20300000000007e-03,170,90+ Days
SWPUDCDC7XS9F6G,2025-11-30,2026-01-07,CHF,GBP,1036910.3,0.634972,0.637107,Treasury,0.002135,38,30-90 Days
SWPDTF7NYJ6THIK,2025-11-25,2026-04-09,CHF,INR,4935184.66,1.091842,1.092057,Treasury,2.15000000000076e-04,135,90+ Days
SWPD5KO4HO67ZVM,2025-12-16,2026-01-29,GBP,AUD,5024028.03,0.661584,0.662962,Markets,1.3780000000001e-03,44,30-90 Days
SWP3M8NOGC1G1BI,2025-10-30,2025-11-14,USD,CAD,1271632.97,1.228526,1.225655,Markets,-2.87100000000007e-03,15,0-30 Days
SWP03WMAPD4EHZ6,2025-12-21,2026-02-04,CHF,JPY,5444521.69,0.647283,0.645004,Markets,-2.27900000000003e-03,45,30-90 Days
SWPY8U7VN7R90NV,2025-12-04,2026-01-28,USD,CHF,8507543.51,0.651157,0.650288,Treasury,-8.69000000000009e-04,55,30-90 Days
SWP2CN4T1SDTT4Y,2025-11-22,2026-02-11,USD,GBP,8575508.77,1.175854,1.178233,Markets,2.37900000000013e-03,81,30-90 Days
SWPKPRB7OT2EDC0,2026-01-25,2026-06-24,AUD,EUR,2319836.87,0.50946,0.511008,Investment Banking,1.54799999999999e-03,150,90+ Days
SWPFFBWHFMQTWAG,2026-02-02,2026-04-15,JPY,USD,1557579.27,1.309135,1.311709,Markets,2.57400000000008e-03,72,30-90 Days
SWPO25UYD865RW7,2026-01-27,2026-03-11,INR,USD,4328533.17,1.377397,1.379581,Markets,2.18399999999996e-03,43,30-90 Days
SWP5LFHRF3J542C,2026-01-07,2026-02-16,EUR,USD,3951708.41,0.741726,0.743223,Treasury,1.49699999999997e-03,40,30-90 Days
SWPIGPNEWM6TA8T,2026-02-20,2026-04-27,CAD,USD,867250.96,0.84375,0.841019,Investment Banking,-2.73100000000004e-03,66,30-90 Days
SWPKPZ2D3ZI8KHY,2026-01-14,2026-02-21,EUR,AUD,1410854.07,0.616326,0.618191,Treasury,1.86500000000001e-03,38,30-90 Days
SWPAXLV4T1LBXWH,2025-12-08,2026-02-24,CHF,INR,2579614.83,0.53928,0.54171,Investment Banking,2.43000000000004e-03,78,30-90 Days
SWPWOYEGHH9FIG0,2025-12-09,2026-02-10,EUR,CHF,6335772.18,1.235683,1.237216,Treasury,1.53300000000001e-03,63,30-90 Days
SWPJ6D3QTKBGNLN,2025-12-19,2026-02-01,CAD,GBP,11432343.68,0.707391,0.708145,Treasury,7.54000000000032e-04,44,30-90 Days
SWP94JV2TL7A25S,2025-11-02,2026-01-03,CAD,CHF,2055280.36,1.314085,1.313195,Investment Banking,-8.90000000000057e-04,62,30-90 Days
SWP7SLPH2I3AJUS,2026-02-13,2026-05-27,USD,INR,3364820.03,1.217416,1.21292,Treasury,-4.49600000000006e-03,103,90+ Days
SWPATUNAS1GPISN,2025-11-23,2026-03-29,CAD,GBP,1102141.14,0.577013,0.578016,Treasury,1.00299999999998e-03,126,90+ Days
SWPNNH6NLZVCYUJ,2025-11-16,2026-03-19,GBP,JPY,1969824.02,1.320995,1.324731,Investment Banking,3.73600000000018e-03,123,90+ Days
SWPKEN5M2I7A121,2026-01-20,2026-04-21,CHF,EUR,5172595.6,0.82384,0.821926,Investment Banking,-1.91399999999997e-03,91,90+ Days
SWP9JG7OPY9GKBC,2025-11-19,2026-04-02,CAD,AUD,2089571.22,1.076085,1.078447,Investment Banking,2.36199999999998e-03,134,90+ Days
SWP29LJFG2R2TVW,2026-01-07,2026-05-02,JPY,CAD,5725794.3,0.980617,0.982025,Markets,1.40800000000008e-03,115,90+ Days
SWP1MFJLII0E286,2025-11-21,2026-02-16,CAD,AUD,8437276.32,1.327922,1.329487,Investment Banking,1.56500000000004e-03,87,30-90 Days
SWPRIEPGDG5BOIM,2026-02-11,2026-06-14,USD,CAD,3392070.67,1.216303,1.216556,Treasury,2.53000000000059e-04,123,90+ Days
SWP14F47XEP7ZMB,2026-01-16,2026-02-20,INR,CAD,2763612.77,1.218183,1.21932,Markets,1.13699999999994e-03,35,30-90 Days
SWPUAFSUZIAPKGK,2025-11-08,2026-03-18,CAD,JPY,1941227.12,0.80076,0.799578,Investment Banking,-1.18200000000002e-03,130,90+ Days
SWP5BGPFMA7HWA4,2026-01-20,2026-02-27,CHF,EUR,593507.91,1.137975,1.137141,Markets,-8.34000000000001e-04,38,30-90 Days
SWPJYSQ1NUZLL0K,2026-02-17,2026-04-02,CHF,JPY,2266209.66,1.266546,1.265245,Investment Banking,-0.001301,44,30-90 Days
SWPG13NM00KSGN7,2025-11-09,2026-01-20,INR,EUR,4326649.84,0.79482,0.79443,Markets,-3.90000000000001e-04,72,30-90 Days
SWPNS373HQVTCOM,2026-02-02,2026-06-10,INR,CHF,9480877.18,1.155092,1.1582,Treasury,3.10799999999989e-03,128,90+ Days
SWP2M3VENQ1EN0O,2025-11-29,2025-12-15,CHF,CAD,4767368.93,0.863284,0.865904,Investment Banking,2.61999999999996e-03,16,0-30 Days
SWPFAJDNDCNBAEP,2026-01-15,2026-05-19,GBP,USD,5022181.66,0.815432,0.815733,Investment Banking,3.00999999999996e-04,124,90+ Days
SWP420GORZ9SWHV,2026-01-09,2026-06-17,JPY,CAD,368484.46,0.670735,0.671664,Markets,9.29000000000069e-04,159,90+ Days
SWPVHG797PW5WRY,2026-02-21,2026-03-28,GBP,CHF,8532316.72,0.668327,0.668724,Markets,3.96999999999981e-04,35,30-90 Days
SWP3JESQG0NN2HK,2026-02-09,2026-03-21,INR,USD,2558501.1,0.678175,0.68019,Investment Banking,2.01499999999999e-03,40,30-90 Days
SWPKY93WPAH0WS7,2026-02-09,2026-06-21,GBP,EUR,2326495.42,0.622128,0.623676,Treasury,1.54799999999999e-03,132,90+ Days
SWPFIFGOUIKAVHT,2026-02-13,2026-03-18,USD,CHF,1458413.89,1.061509,1.060879,Investment Banking,-6.3000000000013e-04,33,30-90 Days
SWPIQV29XRTGUFU,2025-10-31,2025-11-15,USD,EUR,1764030.96,0.911959,0.913713,Investment Banking,1.75400000000003e-03,15,0-30 Days
SWPJAT01U9ACGL0,2026-02-02,2026-02-27,GBP,INR,5605100.0,0.917655,0.91902,Markets,1.36499999999995e-03,25,0-30 Days
SWP55BKWSQ8K6IC,2025-12-04,2026-05-18,USD,CHF,2640662.45,0.976087,0.977383,Treasury,1.29599999999996e-03,165,90+ Days
SWP9U5BR1SFSMFE,2026-01-01,2026-04-07,CAD,INR,2463144.97,0.589062,0.590101,Treasury,1.03900000000001e-03,96,90+ Days
SWPNFPOANHDE1BP,2025-11-18,2025-12-03,CAD,GBP,2187271.33,1.35372,1.359655,Treasury,5.93500000000002e-03,15,0-30 Days
SWPF89H4RTIDMBF,2025-11-14,2026-04-15,GBP,INR,5950469.36,0.720127,0.721266,Markets,0.001139,152,90+ Days
SWPWQ3GLIVRNYC3,2026-01-20,2026-05-22,AUD,GBP,2996596.92,1.357703,1.357804,Investment Banking,1.00999999999907e-04,122,90+ Days
SWPMZRQFPIB5IOD,2025-12-23,2026-01-22,AUD,USD,4880348.79,1.493155,1.492745,Treasury,-4.10000000000021e-04,30,0-30 Days
SWPHC02KTBTPODR,2026-01-18,2026-01-27,EUR,GBP,1622932.53,1.140094,1.142531,Treasury,2.43700000000002e-03,9,0-30 Days
SWP5LY3LK5KZNDB,2025-12-05,2026-03-12,JPY,EUR,13535558.38,1.192728,1.195552,Markets,2.82399999999994e-03,97,90+ Days
SWPHD9T29Z18YF6,2025-11-02,2025-12-02,AUD,EUR,2309276.53,0.738077,0.7384,Treasury,3.22999999999962e-04,30,0-30 Days
SWP1TN61NN8SI8T,2025-12-07,2026-04-16,EUR,GBP,1011919.12,1.41437,1.414753,Investment Banking,3.83000000000022e-04,130,90+ Days
SWPPHI0SQHLBBB2,2025-10-31,2026-04-10,AUD,INR,3028235.87,0.940907,0.944442,Treasury,3.53499999999995e-03,161,90+ Days
SWPSXJVNLJSCS4M,2026-01-18,2026-06-21,EUR,USD,3950816.13,0.561744,0.561866,Investment Banking,1.21999999999955e-04,154,90+ Days
SWP5CJ916CW8BRY,2026-02-14,2026-04-03,AUD,CAD,1362319.71,0.952359,0.95264,Investment Banking,2.81000000000087e-04,48,30-90 Days
SWPCJTMPI2ZDWVC,2025-12-18,2025-12-28,EUR,INR,1113664.74,0.537286,0.53763,Investment Banking,3.44000000000011e-04,10,0-30 Days
SWPXSMEORGUM99W,2025-10-28,2025-12-12,EUR,JPY,6012588.71,0.519461,0.519818,Treasury,3.57000000000052e-04,45,30-90 Days
SWP3D1XC1609AJ2,2025-11-27,2025-12-14,EUR,CHF,7511194.38,1.029772,1.031242,Treasury,1.47000000000008e-03,17,0-30 Days
SWP2UTZP8U4YB3X,2025-12-27,2026-02-01,CHF,CAD,4944333.93,0.579726,0.579703,Markets,-2.29999999999952e-05,36,30-90 Days
SWPLN6PAWIJUOXZ,2025-11-14,2025-12-13,AUD,GBP,899146.81,0.981101,0.983631,Treasury,2.53000000000003e-03,29,0-30 Days
SWPIY01XBJ7QXVR,2026-01-31,2026-04-26,JPY,GBP,855505.44,1.337202,1.342683,Investment Banking,5.48100000000007e-03,85,30-90 Days
SWPLFV2KIIIFXDP,2025-11-24,2026-03-01,INR,CAD,969569.68,0.51022,0.511987,Investment Banking,1.76699999999996e-03,97,90+ Days
SWPYLEIHX8QO4PT,2025-12-30,2026-01-10,AUD,GBP,2103811.44,1.490533,1.489615,Markets,-9.18000000000196e-04,11,0-30 Days
SWPEPQ6VZWPT2MS,2025-11-27,2026-03-10,CHF,JPY,3285235.47,1.395686,1.397218,Investment Banking,1.53200000000009e-03,103,90+ Days
SWPADFIZJ8HRY46,2026-01-01,2026-03-09,JPY,USD,1317263.66,0.754152,0.754093,Investment Banking,-5.90000000000312e-05,67,30-90 Days
SWPFCGYOM6U8Z38,2026-02-03,2026-07-15,GBP,INR,1860756.27,1.077872,1.078552,Investment Banking,6.80000000000014e-04,162,90+ Days
SWPN7DV5NWT79JQ,2025-12-28,2026-05-26,EUR,GBP,9120704.88,0.565665,0.564798,Markets,-8.66999999999951e-04,149,90+ Days
SWPK8U7X9DE1H94,2025-12-28,2026-04-02,CAD,USD,3002259.14,1.470653,1.472226,Treasury,1.57300000000005e-03,95,90+ Days
SWPQFWHQ4MPGSQL,2025-12-12,2026-06-06,EUR,CAD,7016758.78,1.447933,1.44566,Investment Banking,-2.27299999999997e-03,176,90+ Days
SWPQWQW8VHWOMA9,2025-11-30,2026-03-29,INR,JPY,1621400.21,1.229597,1.236151,Treasury,6.55399999999995e-03,119,90+ Days
SWPNBUWE6FFCYEZ,2026-01-17,2026-06-16,EUR,GBP,1382107.69,0.523705,0.523213,Investment Banking,-4.91999999999937e-04,150,90+ Days
SWPGNTCWK25HXGT,2025-12-27,2026-04-12,EUR,CHF,6614670.05,0.947632,0.948006,Investment Banking,3.73999999999985e-04,106,90+ Days
SWP9X26G8X4Z6QV,2026-02-15,2026-03-20,CAD,CHF,2099029.24,1.203613,1.202033,Markets,-1.58000000000014e-03,33,30-90 Days
SWPXGL2WRU4IWR1,2025-12-15,2026-04-30,CAD,JPY,4759647.4,0.96289,0.962247,Markets,-6.4300000000006e-04,136,90+ Days
SWPX3RN5RCPZANJ,2025-12-16,2026-04-03,INR,USD,746774.85,0.540746,0.539454,Investment Banking,-1.29199999999996e-03,108,90+ Days
SWP7PLQJ8MIQ4M0,2025-11-05,2026-02-04,CHF,AUD,6813872.1,0.563734,0.563582,Markets,-1.5199999999993e-04,91,90+ Days
SWPN74NOYLDOYIZ,2026-02-11,2026-05-31,AUD,JPY,2893693.36,0.919922,0.922689,Investment Banking,2.76699999999996e-03,109,90+ Days
SWP87H07ZRVOMIY,2026-01-13,2026-06-22,AUD,GBP,2749386.68,1.333245,1.333143,Investment Banking,-1.02000000000046e-04,160,90+ Days
SWP7HLQDMLPQEHU,2025-10-26,2026-01-29,JPY,EUR,1349804.51,1.057196,1.056273,Investment Banking,-9.23000000000007e-04,95,90+ Days
SWPVDX6A70M67OJ,2025-11-13,2026-04-16,CHF,INR,10531910.81,1.382485,1.381982,Markets,-5.0299999999992e-04,154,90+ Days
SWPGQF75FHFL9KV,2025-11-09,2025-12-21,AUD,CAD,1416623.11,1.147269,1.149718,Treasury,2.44899999999992e-03,42,30-90 Days
SWPL4GY5P45IBMG,2026-01-13,2026-01-24,AUD,CHF,4221156.01,0.562629,0.564079,Markets,1.44999999999995e-03,11,0-30 Days
SWP3EXSY0LGB3CY,2025-10-26,2026-01-16,AUD,INR,686181.71,1.080504,1.083126,Markets,2.62200000000012e-03,82,30-90 Days
SWPXO5TPF2NJ6KX,2026-02-10,2026-07-13,CHF,GBP,2603475.79,0.831212,0.832794,Markets,1.58200000000008e-03,153,90+ Days
SWP5S9L9BKICLU3,2026-01-15,2026-06-04,USD,EUR,11376499.42,0.679146,0.68163,Investment Banking,2.48399999999993e-03,140,90+ Days
SWPLC0F1IWR64E9,2026-01-31,2026-06-19,USD,INR,10797143.7,0.725696,0.725938,Treasury,2.41999999999964e-04,139,90+ Days
SWPAXVJAZAV23F7,2025-12-01,2025-12-26,USD,EUR,520836.82,1.29721,1.297311,Investment Banking,1.01000000000129e-04,25,0-30 Days
SWPUD6AGD1QVI0U,2026-01-20,2026-06-24,EUR,GBP,3562455.67,1.046335,1.047695,Investment Banking,1.36000000000003e-03,155,90+ Days
SWPXOWN34INKZ30,2025-11-05,2026-01-07,INR,CAD,5051124.13,0.817236,0.817517,Investment Banking,2.81000000000087e-04,63,30-90 Days
SWPPFOHYZ0U1IVR,2026-02-20,2026-04-16,USD,JPY,6532974.31,0.571568,0.574198,Investment Banking,2.63000000000002e-03,55,30-90 Days
SWP3B7MZURAL76F,2025-11-05,2025-11-22,AUD,EUR,1114541.31,0.795391,0.792887,Treasury,-2.50399999999995e-03,17,0-30 Days
SWP7RBA0HK1TDEY,2025-12-28,2026-02-17,AUD,GBP,11537524.87,0.785005,0.784359,Investment Banking,-6.45999999999924e-04,51,30-90 Days
SWPSAAMH3V7R3BD,2025-12-01,2026-03-17,JPY,CHF,3385406.19,0.715891,0.718098,Treasury,2.20699999999996e-03,106,90+ Days
SWPRHHH9DPTHJB7,2025-11-21,2026-04-29,USD,CHF,3831724.83,0.732457,0.734262,Treasury,1.80499999999995e-03,159,90+ Days
SWP0HJGBAEUENVI,2025-12-23,2026-01-26,INR,USD,1433371.56,0.88102,0.882059,Treasury,1.03900000000001e-03,34,30-90 Days
SWP6PEUFE7IOI9N,2026-02-07,2026-04-22,CAD,EUR,1193785.03,0.998621,0.998418,Treasury,-2.02999999999953e-04,74,30-90 Days
SWPZL14Z8JR3Z7Y,2025-12-11,2026-05-29,INR,JPY,6099037.15,0.619736,0.620086,Treasury,3.50000000000072e-04,169,90+ Days
SWPVRN0OOGE6O0A,2025-12-01,2025-12-12,CAD,EUR,4882307.86,0.538769,0.53762,Treasury,-1.14900000000007e-03,11,0-30 Days
SWPGGCTRIKG6QRJ,2025-10-30,2025-11-27,INR,CHF,3121063.08,0.884358,0.883819,Treasury,-5.38999999999956e-04,28,0-30 Days
SWP08YQYJ1R2BIX,2026-01-03,2026-05-18,USD,CAD,1456802.01,0.989228,0.992223,Treasury,2.99499999999997e-03,135,90+ Days
SWPX8MAOZBJF38C,2026-01-23,2026-02-01,INR,CAD,3099138.89,0.755944,0.756362,Treasury,4.18000000000029e-04,9,0-30 Days
SWPYIABCC7KD4V7,2026-01-06,2026-01-16,JPY,CHF,8538345.92,0.54898,0.548489,Treasury,-4.91000000000019e-04,10,0-30 Days
SWPJT28JLDGB03H,2026-02-14,2026-07-26,CAD,CHF,4555917.08,0.703616,0.703963,Treasury,3.46999999999986e-04,162,90+ Days
SWP16LBVJ6XNLXQ,2026-01-03,2026-01-20,CHF,EUR,1170152.04,0.576422,0.577661,Markets,1.23899999999999e-03,17,0-30 Days
SWPKEKHMTAIOKCB,2025-12-23,2026-06-21,CHF,GBP,1213407.16,0.589764,0.590049,Treasury,2.85000000000091e-04,180,90+ Days
SWP0PJZZKEVFQO3,2026-01-28,2026-05-01,CAD,GBP,3845415.75,1.215051,1.220463,Investment Banking,5.41199999999997e-03,93,90+ Days
SWPYTYHFGIK4UDM,2026-02-04,2026-05-30,CHF,AUD,3343463.25,0.592538,0.593062,Markets,5.23999999999969e-04,115,90+ Days
SWPW3JYF4HFIPE4,2025-11-24,2025-12-19,EUR,GBP,1104352.46,1.498586,1.498843,Investment Banking,2.56999999999952e-04,25,0-30 Days
SWP39DQ79KY11LF,2026-02-16,2026-07-28,AUD,GBP,3324117.52,1.128673,1.130346,Treasury,1.67300000000004e-03,162,90+ Days
SWPN2E04TPBLFDR,2025-11-09,2026-01-21,USD,CAD,1016447.07,1.092783,1.094604,Markets,1.82099999999985e-03,73,30-90 Days
SWPDDPG6UCNH7SC,2026-02-11,2026-02-18,INR,EUR,3536831.86,0.825352,0.825725,Investment Banking,3.73000000000068e-04,7,0-30 Days
SWPG0EZ813OL9JK,2026-02-04,2026-04-29,CHF,AUD,4028819.62,0.776416,0.779515,Markets,3.09899999999996e-03,84,30-90 Days
SWPHSOC3LKDYALG,2026-02-16,2026-06-13,AUD,JPY,5880580.28,1.333439,1.334197,Treasury,7.58000000000036e-04,117,90+ Days
SWP20ZNCO8KLB8Q,2025-11-17,2025-12-28,CHF,GBP,3802425.43,1.087293,1.090291,Treasury,2.99799999999983e-03,41,30-90 Days
SWPYUIL5W5IUM7N,2025-11-11,2026-03-21,USD,GBP,1000258.35,1.346219,1.352583,Investment Banking,6.36400000000004e-03,130,90+ Days
SWP6EQH1F79EPYJ,2026-02-03,2026-03-05,EUR,AUD,2529523.17,1.41571,1.410996,Treasury,-4.71400000000011e-03,30,0-30 Days
SWP2XK7IMVCDJRY,2026-01-20,2026-03-14,INR,USD,3730058.05,0.790127,0.7903,Treasury,1.72999999999979e-04,53,30-90 Days
SWP94CLRB8XUWG2,2025-11-16,2025-12-19,EUR,GBP,3904029.59,1.48683,1.492058,Markets,5.22800000000001e-03,33,30-90 Days
SWPO0ADYFIFD3HG,2025-12-13,2026-02-04,CAD,EUR,2697593.42,1.221149,1.223858,Investment Banking,2.70899999999985e-03,53,30-90 Days
SWP60SLF8ND4ZZB,2026-02-21,2026-03-05,CHF,USD,1156227.63,0.804821,0.804597,Investment Banking,-2.24000000000002e-04,12,0-30 Days
SWPHJ8FFFD3XCGF,2025-10-26,2025-12-12,AUD,EUR,2841159.85,1.153442,1.155908,Treasury,2.46599999999986e-03,47,30-90 Days
SWP88XY4WIGWXYP,2025-11-16,2026-02-03,EUR,USD,6912986.61,0.976113,0.981115,Markets,5.00199999999995e-03,79,30-90 Days
SWPVLLAKH4SC9AP,2026-01-26,2026-03-14,JPY,USD,3956259.59,0.925436,0.925016,Markets,-4.20000000000087e-04,47,30-90 Days
SWPFGC3K7Y4BKA1,2026-02-21,2026-04-16,JPY,GBP,2009850.75,1.002069,1.000933,Markets,-1.13600000000003e-03,54,30-90 Days
SWP7QF2HJ1IFZO9,2026-02-20,2026-06-08,JPY,CHF,4119170.81,0.537745,0.537864,Treasury,1.1899999999998e-04,108,90+ Days
SWP9PUYO8G10IIA,2025-12-04,2026-05-12,JPY,CAD,2044019.03,0.67097,0.670639,Treasury,-3.3099999999997e-04,159,90+ Days
SWPVGT6YK5PS3FI,2025-11-11,2026-02-06,CHF,CAD,7447950.82,1.469237,1.475045,Investment Banking,5.80800000000004e-03,87,30-90 Days
SWPCAV2E8CDP98X,2026-01-03,2026-03-18,CAD,AUD,17719703.71,1.314917,1.321372,Treasury,6.4550000000001e-03,74,30-90 Days
SWPIGVPPQJVBWKY,2026-01-19,2026-04-28,JPY,CAD,7299164.51,1.498308,1.503157,Treasury,4.8490000000001e-03,99,90+ Days
SWPI9093OADNVRV,2026-01-26,2026-06-04,CHF,EUR,1447558.08,0.588162,0.588774,Investment Banking,6.12000000000057e-04,129,90+ Days
SWP68Q2M8Q5SAL9,2025-11-26,2026-04-09,USD,AUD,5710052.26,1.228716,1.231858,Treasury,3.14199999999998e-03,134,90+ Days
SWPEZTM0QYZ4POL,2026-01-19,2026-02-05,EUR,GBP,9334541.45,1.212813,1.212517,Investment Banking,-2.95999999999852e-04,17,0-30 Days
SWP3VIPQOXJEG5L,2025-11-08,2026-04-03,CAD,JPY,3321736.88,0.908683,0.909926,Treasury,1.24299999999999e-03,146,90+ Days
SWPUVDV9UIPIPVV,2025-11-17,2026-04-06,EUR,AUD,4874917.29,1.244206,1.244367,Markets,1.61000000000078e-04,140,90+ Days
SWP1JL4C2XD8TLC,2026-01-06,2026-06-03,JPY,USD,3481177.11,1.005761,1.005617,Markets,-1.43999999999922e-04,148,90+ Days
SWPQVY3C11MC5ZW,2026-01-09,2026-02-27,EUR,JPY,2669849.79,0.611499,0.612526,Treasury,0.001027,49,30-90 Days
SWP3150M48NEFVD,2026-01-01,2026-04-27,CHF,INR,3085480.5,1.275176,1.280277,Markets,5.10100000000002e-03,116,90+ Days
SWPBPLY4BCCIO8K,2025-12-24,2026-02-17,AUD,INR,4561792.83,1.021254,1.021843,Investment Banking,5.88999999999951e-04,55,30-90 Days
SWPSG0R1SD5B3DI,2025-11-05,2025-11-21,AUD,JPY,2011159.24,0.618857,0.619373,Markets,5.15999999999961e-04,16,0-30 Days
SWPWB62LJC4Q17T,2026-01-19,2026-03-03,AUD,EUR,3156223.1,0.805266,0.805584,Treasury,3.17999999999929e-04,43,30-90 Days
SWPKF0XJ4J91GIA,2026-02-09,2026-06-15,INR,GBP,1138879.34,0.594004,0.594005,Treasury,1.00000000002876e-06,126,90+ Days
SWPFIDYBIOD9Y32,2026-01-02,2026-02-16,CAD,GBP,3389913.67,1.301683,1.304686,Treasury,3.00300000000009e-03,45,30-90 Days
SWPV70MRBDO5BCM,2026-02-09,2026-04-01,JPY,AUD,3097307.18,1.153185,1.151762,Treasury,-1.42299999999995e-03,51,30-90 Days
SWPCLW5D8LIB3BX,2025-11-30,2026-02-25,GBP,CAD,2973877.6,1.416599,1.419783,Markets,3.18400000000008e-03,87,30-90 Days
SWPN6UAD42GUG38,2026-01-07,2026-02-15,EUR,JPY,3610655.99,1.284325,1.285198,Investment Banking,8.73000000000124e-04,39,30-90 Days
SWPG60RXZJQM7KW,2025-11-29,2026-03-04,EUR,AUD,276471.42,0.964203,0.964434,Markets,2.30999999999981e-04,95,90+ Days
SWPKUAFOKXD4VR7,2025-12-15,2026-06-09,INR,GBP,2141514.3,1.296185,1.295909,Investment Banking,-2.75999999999943e-04,176,90+ Days
SWP1GC2IXKPQ2OR,2026-02-05,2026-03-04,CAD,USD,7081145.31,1.357892,1.360552,Investment Banking,2.65999999999988e-03,27,0-30 Days
SWPU2E1VPCP7QNZ,2025-12-02,2026-02-12,GBP,CHF,4219188.09,0.562552,0.562475,Markets,-7.70000000001048e-05,72,30-90 Days
SWP3FREH0TEU4QM,2026-01-03,2026-04-14,CHF,AUD,17235008.31,0.896862,0.899213,Treasury,2.35099999999999e-03,101,90+ Days
SWPOG3FAQG6PC8C,2025-11-06,2026-05-02,CAD,AUD,2256479.62,0.876882,0.876812,Treasury,-7.00000000000145e-05,177,90+ Days
SWPUW3LO8ZX8XO6,2026-02-22,2026-06-09,JPY,AUD,1638772.17,1.340033,1.343058,Treasury,3.02500000000006e-03,107,90+ Days
SWPIGY1L50MWPWI,2025-11-30,2025-12-25,CAD,EUR,2740552.86,1.057244,1.059838,Treasury,2.59399999999999e-03,25,0-30 Days
SWPA9527A51SOGK,2025-12-03,2026-02-07,GBP,USD,6491504.5,0.534153,0.535509,Markets,1.35600000000002e-03,66,30-90 Days
SWPXV3KB7THZPB6,2026-02-17,2026-02-25,GBP,USD,7104849.76,1.335605,1.336658,Treasury,1.05299999999997e-03,8,0-30 Days
SWPUP3WC7X444DO,2025-11-02,2025-11-17,EUR,JPY,11040098.78,1.175089,1.180623,Markets,5.53399999999993e-03,15,0-30 Days
SWPNUJAUX2VMSLE,2025-12-14,2026-02-06,JPY,USD,1843332.29,0.524968,0.527253,Investment Banking,2.28499999999998e-03,54,30-90 Days
SWPDBKK3NL2T9MP,2026-02-11,2026-03-13,EUR,INR,3934961.19,0.713079,0.712292,Markets,-7.86999999999982e-04,30,0-30 Days
SWPZ6OLS8SB52MZ,2025-11-11,2026-04-14,USD,CHF,1388210.51,1.373016,1.375876,Markets,2.86000000000008e-03,154,90+ Days
SWP6O1W6OFWWKPJ,2025-11-26,2026-02-21,JPY,EUR,15215832.27,1.355543,1.359258,Investment Banking,3.71500000000013e-03,87,30-90 Days
SWPK1QSBM6UX47S,2026-02-17,2026-05-02,CAD,INR,1008541.32,1.028089,1.031089,Treasury,2.99999999999989e-03,74,30-90 Days
SWPN9TRR4Z9VL5Y,2026-01-08,2026-04-19,CAD,CHF,3887874.05,0.516518,0.514916,Markets,-1.60199999999999e-03,101,90+ Days
SWPW47DYW6S10GL,2025-11-15,2026-03-30,CAD,INR,2178791.8,0.547843,0.549178,Treasury,1.33500000000009e-03,135,90+ Days
SWPKCP9Y0NYQ0TG,2026-01-20,2026-05-21,GBP,USD,1355505.07,0.758409,0.763064,Treasury,4.65499999999996e-03,121,90+ Days
SWPFNI1VDK3MC97,2025-12-07,2026-05-28,INR,CAD,3420221.75,0.78713,0.788851,Investment Banking,1.72099999999997e-03,172,90+ Days
SWP8CDVXR37RKYO,2025-12-31,2026-04-23,CHF,AUD,6987690.96,0.684223,0.68511,Treasury,8.86999999999971e-04,113,90+ Days
SWP60B5YD3VIMH2,2026-01-21,2026-05-20,CAD,USD,6328257.82,1.279301,1.276431,Markets,-2.86999999999993e-03,119,90+ Days
SWPZY7D944KZ498,2025-12-09,2026-05-26,EUR,INR,999361.3,1.074634,1.079748,Investment Banking,5.11399999999984e-03,168,90+ Days
SWPTMJZGX2HEXE7,2025-11-26,2026-04-07,CAD,AUD,6848981.61,1.065412,1.068968,Markets,3.55599999999989e-03,132,90+ Days
SWPQTC032CAFG1V,2025-12-26,2026-05-22,CHF,INR,7133040.8,1.047688,1.049958,Treasury,2.26999999999999e-03,147,90+ Days
SWPW2R6VQKRRU18,2025-11-06,2026-04-17,INR,EUR,11474491.22,0.754116,0.756869,Markets,2.75300000000001e-03,162,90+ Days
SWPPKB0UBSBLQW2,2025-11-26,2026-02-21,CAD,CHF,2957706.37,0.94442,0.948246,Markets,0.003826,87,30-90 Days
SWPDP5GNL0K2IQN,2026-02-09,2026-02-17,CHF,JPY,2349747.13,1.222224,1.220082,Investment Banking,-2.14199999999987e-03,8,0-30 Days
SWPBNO81WKM8J2Y,2025-12-07,2026-02-10,CAD,GBP,7771599.08,0.561786,0.563413,Investment Banking,1.62700000000005e-03,65,30-90 Days
SWP9VFK19QDAM5J,2026-01-02,2026-05-23,CAD,USD,4530062.32,0.784668,0.785666,Treasury,9.97999999999943e-04,141,90+ Days
SWPI2B2AVX6MVW5,2026-01-10,2026-06-13,INR,CHF,6455727.46,1.165857,1.1716,Treasury,5.74300000000005e-03,154,90+ Days
SWP0RPJ6UTQMEWC,2026-02-07,2026-07-24,INR,USD,9499324.15,1.499065,1.499537,Investment Banking,4.71999999999806e-04,167,90+ Days
SWP5WPFXFMNOBU3,2025-11-04,2025-12-12,JPY,GBP,4282242.98,0.694956,0.696353,Markets,1.39699999999998e-03,38,30-90 Days
SWPKPERIVZ06RYR,2025-12-29,2026-01-20,GBP,EUR,6121736.45,1.022739,1.023982,Treasury,1.24299999999988e-03,22,0-30 Days
SWP4GYDJ3M4YYZ8,2026-01-16,2026-06-13,CAD,INR,838268.68,0.716611,0.714746,Markets,-1.86500000000001e-03,148,90+ Days
SWPNMY9WKN16MG6,2025-12-01,2026-03-18,USD,CAD,4793604.36,0.674196,0.676047,Investment Banking,1.85099999999994e-03,107,90+ Days
SWPG6WCSP6ZWR5B,2026-02-10,2026-06-07,USD,GBP,4556965.28,0.708925,0.708856,Treasury,-6.89999999999857e-05,117,90+ Days
SWP26P3SP345GEV,2025-12-10,2026-01-07,GBP,JPY,10802492.02,0.832124,0.831917,Markets,-2.06999999999957e-04,28,0-30 Days
SWPOY0W4VVKS3ES,2025-12-14,2026-01-11,JPY,GBP,5434863.78,0.507995,0.507937,Treasury,-5.80000000000025e-05,28,0-30 Days
SWP9UZZ4O5WPUAO,2025-12-01,2026-05-03,EUR,CHF,1649197.74,1.355234,1.354276,Investment Banking,-9.58000000000014e-04,153,90+ Days
SWPPEPGYQMTS8HC,2025-11-02,2025-11-26,CAD,USD,1252288.67,1.383784,1.388843,Investment Banking,5.05900000000015e-03,24,0-30 Days
SWPD113IJZZC4HR,2025-12-07,2026-01-19,AUD,USD,3941744.35,0.857034,0.86052,Investment Banking,3.48599999999999e-03,43,30-90 Days
SWP2FAPCMM3J59H,2026-02-20,2026-08-12,GBP,AUD,11155504.11,1.41848,1.416479,Treasury,-2.00099999999992e-03,173,90+ Days
SWPSN2NME04W8W7,2025-11-25,2026-02-08,JPY,AUD,1279103.95,0.894072,0.895365,Treasury,1.29299999999999e-03,75,30-90 Days
SWP3U7WKM1TCFZ8,2025-11-08,2026-01-07,JPY,AUD,2024679.87,1.342245,1.342548,Treasury,3.03000000000164e-04,60,30-90 Days
SWP8KNLCFGYFI8T,2025-12-20,2026-05-29,JPY,USD,3378432.01,0.519367,0.519162,Treasury,-2.05000000000011e-04,160,90+ Days
SWPGG223E7DJJRN,2025-11-06,2026-02-22,AUD,GBP,1971679.09,1.079152,1.082145,Treasury,2.99300000000002e-03,108,90+ Days
SWP3HCVJGLB54Y7,2026-01-12,2026-04-17,AUD,CHF,2998458.33,1.034861,1.032645,Markets,-0.002216,95,90+ Days
SWPAXBZ3BWN464P,2025-11-24,2026-05-15,GBP,CAD,1908119.39,1.425658,1.42994,Treasury,4.2819999999999e-03,172,90+ Days
SWP31Q90XWEUOUD,2025-11-28,2026-04-29,EUR,CAD,2633485.06,1.22425,1.226265,Markets,2.01499999999988e-03,152,90+ Days
SWP648ZY210QRVS,2025-11-06,2026-02-28,GBP,INR,7506854.13,0.65642,0.656228,Treasury,-1.9199999999997e-04,114,90+ Days
SWPDSDLSHQWF7EJ,2025-12-02,2026-01-26,EUR,USD,3833337.43,1.223475,1.22505,Markets,1.57499999999988e-03,55,30-90 Days
SWP0H3Z4ARXGXL8,2026-01-02,2026-04-13,CHF,CAD,3659268.48,1.037387,1.038009,Treasury,6.219999999999e-04,101,90+ Days
SWP6RQX206YQRS3,2025-12-23,2026-03-14,INR,CHF,1713763.81,1.473165,1.476435,Treasury,3.26999999999988e-03,81,30-90 Days
SWP8144OUZN36OW,2026-01-16,2026-02-21,EUR,JPY,865281.29,0.834958,0.837994,Treasury,3.03600000000004e-03,36,30-90 Days
SWP12OHV1H7G918,2026-01-13,2026-07-09,INR,GBP,3977666.1,0.663897,0.664414,Investment Banking,5.1699999999999e-04,177,90+ Days
SWPHW5PKBILEA0F,2026-02-14,2026-07-20,GBP,EUR,3210733.57,1.16645,1.166609,Markets,1.5900000000002e-04,156,90+ Days
SWP8ALPV8CHHM73,2025-11-10,2025-11-25,CAD,CHF,2062679.25,0.714747,0.716041,Investment Banking,1.29400000000002e-03,15,0-30 Days
SWP6D2YLKXA87D0,2025-12-29,2026-03-10,CHF,EUR,3262340.34,1.192276,1.193196,Investment Banking,9.20000000000032e-04,71,30-90 Days
SWPDMLZ1KGAKECW,2026-01-17,2026-07-09,JPY,CHF,4103390.33,0.705761,0.704823,Markets,-9.37999999999994e-04,173,90+ Days
SWPENZZDZMOSS10,2026-02-06,2026-07-27,CAD,JPY,4101725.8,1.082011,1.083882,Markets,1.87099999999996e-03,171,90+ Days
SWP0YEV00WH6WWS,2026-02-19,2026-04-01,AUD,GBP,21474346.96,0.93241,0.93475,Treasury,2.34000000000001e-03,41,30-90 Days
SWPZ7O6O1JY5STH,2025-11-27,2026-03-17,CHF,INR,2182402.31,1.039942,1.043651,Markets,3.70900000000018e-03,110,90+ Days
SWPJUEKOJ84RDAE,2026-01-28,2026-03-26,CHF,EUR,20087940.38,0.838212,0.837218,Investment Banking,-9.93999999999939e-04,57,30-90 Days
SWPMSDT8D4NTX0T,2026-02-21,2026-08-10,USD,EUR,678793.66,0.843054,0.842258,Markets,-7.96000000000019e-04,170,90+ Days
SWPBN55HDN3OHJY,2025-11-06,2025-12-02,EUR,AUD,13133666.85,0.90779,0.909673,Investment Banking,1.88299999999997e-03,26,0-30 Days
SWP07ORNWKR7WAD,2025-11-03,2026-04-25,JPY,EUR,1169298.22,1.010673,1.011457,Investment Banking,7.84000000000118e-04,173,90+ Days
SWPL1UTUT5KR5OS,2025-11-06,2026-03-04,EUR,USD,13261177.22,0.983695,0.983638,Markets,-5.69999999999737e-05,118,90+ Days
SWP13SDY2BN4Q2S,2025-12-20,2026-01-25,CHF,EUR,3111964.88,1.019558,1.021183,Treasury,1.62499999999999e-03,36,30-90 Days
SWPQMBCIZ6S55J0,2026-02-02,2026-03-18,EUR,CHF,1296527.24,1.355787,1.353276,Investment Banking,-2.51100000000015e-03,44,30-90 Days
SWPA4VX17AWG51P,2026-02-01,2026-06-17,USD,INR,6540973.31,0.595405,0.596124,Investment Banking,7.19000000000025e-04,136,90+ Days
SWPKOWAEDABULUA,2025-10-31,2026-04-13,CAD,INR,1450641.0,0.737678,0.739027,Investment Banking,1.34900000000004e-03,164,90+ Days
SWP1FEO8QBSXSBB,2025-12-25,2026-01-26,USD,EUR,890685.88,0.756825,0.758833,Treasury,2.00800000000001e-03,32,30-90 Days
SWPL5GRN34K2YFE,2026-02-02,2026-04-13,CHF,JPY,3015068.26,1.290272,1.29035,Investment Banking,7.80000000000225e-05,70,30-90 Days
SWP3ZS647VH1XOI,2025-12-01,2026-02-07,INR,GBP,8947141.4,1.152497,1.151081,Treasury,-1.41600000000008e-03,68,30-90 Days
SWPIGBZ5VQBDWLZ,2026-01-31,2026-02-28,CHF,JPY,4427583.79,0.501222,0.503181,Investment Banking,1.95900000000004e-03,28,0-30 Days
SWPSKBA40HO4ZCJ,2026-01-31,2026-02-24,JPY,AUD,3607840.52,0.719268,0.722751,Markets,3.48300000000001e-03,24,0-30 Days
SWPP8PE7654Z40S,2026-01-28,2026-03-28,CAD,GBP,10131820.37,1.089083,1.089129,Investment Banking,4.59999999999905e-05,59,30-90 Days
SWPBFCYH6I6YAJZ,2026-02-06,2026-03-01,JPY,USD,2258863.7,1.370116,1.369075,Markets,-1.04099999999985e-03,23,0-30 Days
SWPMOY3M3Z24ZTX,2025-11-20,2026-04-16,GBP,AUD,1974144.92,1.284315,1.284661,Investment Banking,3.45999999999957e-04,147,90+ Days
SWPP3Q7PXVKUAK5,2025-11-25,2026-01-12,CAD,CHF,4207773.85,1.100925,1.10238,Markets,1.45499999999998e-03,48,30-90 Days
SWPSWGTZVUND8EL,2025-11-02,2025-12-23,JPY,INR,3462752.84,0.619888,0.622072,Markets,2.18399999999996e-03,51,30-90 Days
SWPPVLD2JREO3KF,2025-12-05,2026-04-18,CAD,CHF,4409173.64,0.587018,0.588089,Investment Banking,1.07099999999993e-03,134,90+ Days
SWPWQALLXYCTSYP,2025-12-30,2026-06-25,CAD,USD,4092323.94,0.841548,0.84134,Markets,-2.07999999999986e-04,177,90+ Days
SWPP7TO2V4H5XF1,2025-11-15,2026-01-23,USD,CAD,1122192.11,0.536121,0.536708,Treasury,5.87000000000004e-04,69,30-90 Days
SWPY3KON2TO4Q49,2026-02-18,2026-03-16,JPY,AUD,516403.87,0.960417,0.962773,Markets,2.35600000000002e-03,26,0-30 Days
SWPS23Y4D9TBB7S,2026-02-10,2026-06-12,GBP,JPY,1934908.36,0.764729,0.763932,Markets,-7.96999999999937e-04,122,90+ Days
SWPW8Q8YRUSIPVD,2025-11-21,2026-01-14,INR,AUD,14209970.07,0.95229,0.953433,Treasury,1.14300000000001e-03,54,30-90 Days
SWPD6KHOT0ZXC5M,2026-02-22,2026-03-03,CAD,GBP,3162616.56,1.351242,1.348708,Investment Banking,-2.53400000000004e-03,9,0-30 Days
SWP2JDCXC3TNJPI,2025-11-27,2026-04-30,JPY,CHF,508478.8,1.012178,1.012887,Markets,7.09000000000071e-04,154,90+ Days
SWPY1VUUNK6ANYR,2026-01-05,2026-04-08,INR,GBP,8430242.76,0.598265,0.598079,Investment Banking,-1.86000000000019e-04,93,90+ Days
SWPBRE5TXWYBZST,2025-12-30,2026-06-23,CHF,USD,5530008.3,0.516895,0.519298,Treasury,2.40300000000004e-03,175,90+ Days
SWPZQ9Z11JHON07,2026-01-10,2026-06-12,EUR,CHF,513749.05,0.572652,0.572793,Investment Banking,1.40999999999947e-04,153,90+ Days
SWPTB9TGIYTFPHD,2026-01-31,2026-06-28,AUD,JPY,2453761.95,1.002717,1.003926,Markets,1.20900000000002e-03,148,90+ Days
SWPVSSXKKNHYE82,2026-02-12,2026-05-21,CHF,INR,565083.73,0.594081,0.594803,Investment Banking,0.000722,98,90+ Days
SWPNO6V6CAWJAP5,2025-12-05,2026-01-14,CAD,EUR,2253772.48,1.250754,1.254779,Investment Banking,4.02500000000017e-03,40,30-90 Days
SWPQB235Z4LX5SZ,2026-01-21,2026-04-25,AUD,GBP,2687021.16,1.273061,1.276815,Treasury,3.75400000000004e-03,94,90+ Days
SWP389FL6UY0CR5,2025-11-20,2025-12-09,CHF,EUR,2082604.08,1.462175,1.46595,Markets,3.77500000000008e-03,19,0-30 Days
SWPICPOMK8F8NJH,2025-10-31,2026-04-22,INR,JPY,8776496.59,0.785813,0.78835,Markets,2.53700000000001e-03,173,90+ Days
SWPCVAP7RH6VP6Z,2025-12-08,2026-06-03,EUR,CHF,4150762.22,1.290619,1.291684,Investment Banking,1.06500000000009e-03,177,90+ Days
SWPIMYO92MZ9TAF,2026-01-21,2026-04-24,EUR,INR,2512566.31,0.520381,0.521733,Markets,1.35200000000002e-03,93,90+ Days
SWPJL6G35MGPUPE,2025-11-17,2026-05-10,JPY,CAD,2441219.74,1.343703,1.342229,Investment Banking,-1.4740000000002e-03,174,90+ Days
SWP8XY7TDJY0TCR,2026-02-17,2026-07-03,EUR,JPY,10493928.01,1.144701,1.148505,Markets,3.80400000000014e-03,136,90+ Days
SWPRHGJXP7IK6ZU,2025-11-04,2025-12-22,INR,GBP,10385417.48,0.650658,0.649212,Markets,-1.44599999999995e-03,48,30-90 Days
SWPXFL3VVDZJ1YX,2025-12-29,2026-06-11,CHF,USD,12144354.56,0.6129,0.613447,Treasury,5.46999999999964e-04,164,90+ Days
SWP1R161HLMCSKY,2025-11-17,2026-02-08,EUR,GBP,2563989.2,0.864327,0.868908,Treasury,4.58100000000006e-03,83,30-90 Days
SWPTDRG9I3UMCIQ,2025-11-07,2026-03-03,GBP,EUR,4953551.24,0.50406,0.503796,Investment Banking,-2.63999999999931e-04,116,90+ Days
SWPJXWC3K90SZLU,2026-02-08,2026-05-08,EUR,CAD,4489536.9,1.345466,1.345358,Investment Banking,-1.07999999999997e-04,89,30-90 Days
SWPOM2BWTGA3K1U,2026-01-02,2026-06-11,INR,USD,3439270.89,1.074005,1.073716,Investment Banking,-2.89000000000206e-04,160,90+ Days
SWPR3HAXLC5ZELD,2025-11-12,2026-04-07,CAD,USD,6875664.74,1.119552,1.120098,Investment Banking,5.45999999999935e-04,146,90+ Days
SWPU7V27VWWXO9H,2025-12-19,2026-05-22,CHF,JPY,4536726.84,0.935985,0.936851,Markets,8.66000000000033e-04,154,90+ Days
SWPY8XRBI71TK8I,2025-12-23,2026-01-15,CAD,JPY,6841535.19,0.785545,0.789164,Investment Banking,3.61899999999993e-03,23,0-30 Days
SWP83CY2QJXXWWP,2026-01-06,2026-06-15,USD,AUD,10373349.97,1.290697,1.290599,Markets,-9.79999999999315e-05,160,90+ Days
SWPTETGBPNCYW62,2026-02-02,2026-02-28,CAD,INR,1663309.27,1.196477,1.198045,Markets,1.56800000000001e-03,26,0-30 Days
SWPV4CLBSZITQGB,2026-01-01,2026-06-13,GBP,AUD,877110.01,1.101194,1.101438,Markets,2.43999999999911e-04,163,90+ Days
SWPCJVI2YTD7XLM,2025-12-18,2026-05-25,INR,EUR,1401397.17,1.026606,1.02808,Treasury,1.4740000000002e-03,158,90+ Days
SWPC95F0A1P6VBH,2026-02-07,2026-04-05,AUD,CAD,3266865.22,0.827946,0.827743,Treasury,-2.02999999999953e-04,57,30-90 Days
SWP5RY2K8DCN0MP,2026-01-15,2026-01-31,JPY,CAD,1446914.16,1.346078,1.344811,Markets,-1.26700000000013e-03,16,0-30 Days
SWP929JOTKG8IPD,2025-11-30,2026-02-28,INR,CAD,915287.32,0.930533,0.932506,Investment Banking,1.97299999999989e-03,90,30-90 Days
SWPX709IPUDXLG4,2025-12-22,2026-01-17,JPY,CAD,2905354.45,1.364104,1.362799,Treasury,-1.30499999999989e-03,26,0-30 Days
SWPDQPDSM5X7QJF,2026-01-19,2026-07-05,CHF,INR,3343598.44,1.376715,1.379675,Treasury,2.96000000000007e-03,167,90+ Days
SWPQL4NKCIFT3K8,2025-12-19,2026-05-14,JPY,CAD,3500083.92,1.371115,1.375779,Treasury,0.004664,146,90+ Days
SWPSARR0FNGST2U,2026-02-13,2026-05-09,JPY,CHF,3295096.35,1.288166,1.289999,Investment Banking,1.83299999999997e-03,85,30-90 Days
SWPERNBLHQYLXRA,2025-11-19,2026-05-12,AUD,INR,2323290.64,1.418717,1.41591,Treasury,-0.002807,174,90+ Days
SWP9IO51Y38T2S1,2026-01-01,2026-03-25,CAD,INR,1137080.28,0.879427,0.881897,Investment Banking,2.47000000000008e-03,83,30-90 Days
SWPUO1FO0BQ3FHJ,2025-11-19,2026-04-09,JPY,USD,1832222.82,1.206964,1.207146,Investment Banking,1.82000000000127e-04,141,90+ Days
SWPI7SUGMP4FPJD,2025-12-01,2025-12-11,CHF,CAD,7132719.55,1.434062,1.439533,Markets,0.005471,10,0-30 Days
SWPSS421RE4GNR8,2025-12-16,2026-01-07,INR,USD,2990300.31,0.547272,0.548459,Treasury,1.18700000000005e-03,22,0-30 Days
SWP87P67XAREVQP,2025-12-16,2026-03-17,GBP,JPY,3801537.66,1.288508,1.290482,Investment Banking,1.97399999999992e-03,91,90+ Days
SWP988FHJ14KWD6,2025-11-30,2026-05-01,CAD,EUR,4129335.51,0.704978,0.705634,Markets,6.5599999999999e-04,152,90+ Days
SWPDWAOHMEW185O,2025-12-10,2026-04-11,GBP,JPY,1126022.25,1.343271,1.347371,Investment Banking,4.09999999999999e-03,122,90+ Days
SWPHLFSQMDLIMUP,2026-02-16,2026-06-20,AUD,GBP,3710951.4,0.562624,0.560905,Markets,-1.71900000000003e-03,124,90+ Days
SWPAKM1DEKMNPQX,2025-11-18,2026-03-15,EUR,CAD,13204917.7,0.732356,0.73241,Treasury,5.39999999999985e-05,117,90+ Days
SWPA1XF3550RMEW,2025-11-26,2026-04-23,INR,GBP,2149976.42,0.817567,0.815301,Markets,-2.26599999999999e-03,148,90+ Days
SWP3DI0HAZQRVYO,2025-12-12,2026-04-25,CAD,GBP,465083.72,0.922325,0.921322,Markets,-1.00299999999998e-03,134,90+ Days
SWPI6C0DX9M6IG4,2025-10-26,2025-11-30,AUD,GBP,2610433.02,1.225728,1.226395,Markets,6.66999999999973e-04,35,30-90 Days
SWPY6C4J9SETYHW,2026-01-18,2026-05-16,GBP,EUR,2018788.72,0.650281,0.654251,Investment Banking,3.97000000000003e-03,118,90+ Days
SWPU63A829X89OW,2026-02-11,2026-03-24,CHF,GBP,6106635.26,1.214641,1.218655,Markets,4.01399999999996e-03,41,30-90 Days
SWPUZJ3U1AXZ2Z0,2026-01-23,2026-03-08,AUD,INR,8306898.36,1.164511,1.16583,Investment Banking,1.31899999999985e-03,44,30-90 Days
SWPG4915KBZN6O0,2025-11-22,2026-04-04,AUD,USD,2009260.77,1.318098,1.319925,Investment Banking,1.82700000000002e-03,133,90+ Days
SWP2AC8FGRP04HT,2025-11-12,2026-03-16,GBP,AUD,2962010.14,1.440866,1.439323,Treasury,-1.54300000000007e-03,124,90+ Days
SWPRB8DK5VAQ5HX,2026-02-07,2026-07-13,EUR,GBP,3507179.67,0.863675,0.866527,Treasury,2.85200000000008e-03,156,90+ Days
SWPWYB2PNAVN9WS,2025-11-05,2025-11-17,JPY,CAD,3938546.39,1.286255,1.29357,Markets,7.31500000000018e-03,12,0-30 Days
SWPJF5D1HIIAI61,2026-02-09,2026-07-13,AUD,USD,881273.83,0.779746,0.778539,Markets,-1.20700000000007e-03,154,90+ Days
SWP1AANLF25S43G,2025-11-30,2026-03-15,CAD,EUR,3049447.21,1.275576,1.279783,Investment Banking,4.20699999999985e-03,105,90+ Days
SWPRXG7VEE06Q05,2026-02-09,2026-03-22,EUR,GBP,1864094.13,0.784189,0.78411,Markets,-7.90000000000513e-05,41,30-90 Days
SWP8AISUXLO9A2X,2025-11-04,2026-01-07,EUR,AUD,1798599.57,0.673192,0.672239,Investment Banking,-9.52999999999982e-04,64,30-90 Days
SWP8ZMNQZ8ZT3JY,2025-12-28,2026-01-28,GBP,CHF,2513378.44,1.116776,1.1179,Markets,1.1239999999999e-03,31,30-90 Days
SWPUOVQNQ35538J,2025-12-10,2026-03-06,CHF,USD,2738651.11,0.892854,0.892747,Treasury,-1.07000000000079e-04,86,30-90 Days
SWPWPVNJ6GK38NQ,2026-01-30,2026-06-24,INR,CAD,2852782.86,1.227467,1.230028,Investment Banking,2.56099999999981e-03,145,90+ Days
SWP7D4UUPNIMMFS,2025-11-14,2026-01-24,INR,USD,6907240.48,1.450165,1.446155,Treasury,-4.00999999999985e-03,71,30-90 Days
SWP8QF2UEYU0YRX,2025-11-23,2026-02-17,INR,GBP,1303980.33,0.899577,0.902265,Treasury,2.68800000000002e-03,86,30-90 Days
SWPOV3VVIUZCJR4,2025-12-11,2026-02-27,GBP,AUD,414378.84,1.034413,1.037059,Treasury,2.64599999999993e-03,78,30-90 Days
SWPD7FOSARYT2PJ,2025-12-18,2026-05-15,CAD,JPY,17619657.95,0.621519,0.62238,Treasury,8.61000000000001e-04,148,90+ Days
SWPCVJF25OMNHC4,2025-11-09,2026-02-20,JPY,USD,1627100.7,1.114972,1.118213,Markets,3.24099999999983e-03,103,90+ Days
SWPVO9G3TCBJ9HS,2025-12-28,2026-01-28,EUR,INR,1891112.59,0.978667,0.980211,Markets,1.5440000000001e-03,31,30-90 Days
SWPVPR6JUP5C91G,2025-12-03,2026-03-04,CHF,USD,3198890.3,0.612873,0.612938,Markets,6.49999999999817e-05,91,90+ Days
SWPB6J77HX6WNWB,2026-01-17,2026-05-10,JPY,INR,2237791.55,1.012825,1.015908,Investment Banking,3.08299999999995e-03,113,90+ Days
SWPOI2JMKN551W6,2025-12-15,2026-03-16,CHF,CAD,1518547.31,0.754175,0.754721,Treasury,5.45999999999935e-04,91,90+ Days
SWPGJ6XSRPN3Z5S,2025-11-26,2026-04-24,CHF,USD,2217211.46,1.364642,1.368551,Markets,3.90900000000016e-03,149,90+ Days
SWPX09LJJMVEN2K,2026-02-05,2026-06-24,INR,CHF,418410.48,0.613588,0.613809,Treasury,2.21000000000027e-04,139,90+ Days
SWP62E3CMWBMSOL,2025-12-09,2026-06-02,AUD,GBP,5711395.0,0.895018,0.895309,Markets,2.91000000000041e-04,175,90+ Days
SWPZIWIGH5HZ9YF,2025-11-12,2026-03-30,JPY,CHF,5167063.07,1.364182,1.366853,Markets,2.67100000000009e-03,138,90+ Days
SWPRY00WRTGHHXN,2025-11-24,2025-12-16,EUR,JPY,661089.83,0.755008,0.757149,Investment Banking,2.14099999999995e-03,22,0-30 Days
SWP5G99BBBQM871,2026-01-25,2026-06-08,AUD,GBP,3217659.41,0.648926,0.649377,Investment Banking,4.50999999999979e-04,134,90+ Days
SWPRREF8FE1OXEQ,2026-02-20,2026-08-07,CHF,EUR,2808393.87,0.718681,0.720319,Markets,1.63800000000003e-03,168,90+ Days
SWPYYBVNAOQXN6A,2026-02-07,2026-05-21,EUR,CAD,1690193.7,1.289979,1.2901,Treasury,1.21000000000038e-04,103,90+ Days
SWPTXCU60CC75F6,2025-12-02,2026-03-21,INR,CHF,3956664.79,1.229017,1.233699,Investment Banking,4.68200000000007e-03,109,90+ Days
SWPPF5NAB1JEKQN,2026-01-07,2026-03-21,EUR,AUD,1903275.81,0.666293,0.668718,Treasury,2.42500000000001e-03,73,30-90 Days
SWP13T88CUUTY2M,2025-12-11,2026-04-03,GBP,AUD,5188697.41,0.912638,0.911602,Investment Banking,-1.03599999999993e-03,113,90+ Days
SWPB1TFXXRSIONM,2025-12-13,2026-03-07,JPY,CAD,1933843.68,1.151909,1.154271,Markets,2.36199999999998e-03,84,30-90 Days
SWPVZDJPAAZT5OX,2026-01-23,2026-03-05,CHF,USD,2971261.32,1.042136,1.041644,Treasury,-4.91999999999937e-04,41,30-90 Days
SWP62HBR3HQOUIX,2026-01-29,2026-07-24,GBP,JPY,2804309.46,1.165061,1.165681,Investment Banking,6.20000000000065e-04,176,90+ Days
SWPWUJ4RKN72S7C,2026-02-21,2026-07-04,USD,INR,1508123.49,0.656282,0.657683,Markets,1.40099999999999e-03,133,90+ Days
SWP6QLKIOY6AP9V,2025-12-16,2026-04-02,EUR,CHF,653008.14,0.98707,0.983557,Investment Banking,-3.51299999999999e-03,107,90+ Days
SWPW78C5YG5PPHB,2025-11-26,2026-02-23,GBP,EUR,3419003.96,0.911732,0.91038,Investment Banking,-1.35200000000002e-03,89,30-90 Days
SWP642UQCMV68AO,2026-01-06,2026-04-11,CHF,GBP,1980518.39,0.783501,0.784223,Markets,0.000722,95,90+ Days
SWPHNJF5WFGXC77,2026-01-01,2026-02-24,AUD,CAD,2762665.82,0.506592,0.506699,Treasury,1.06999999999968e-04,54,30-90 Days
SWP1JM9WN4OC76J,2025-12-13,2026-04-09,GBP,JPY,2642241.64,0.920249,0.918854,Treasury,-1.39500000000004e-03,117,90+ Days
SWPQJACGEV3MMSF,2025-10-26,2026-03-07,AUD,CHF,4955689.9,1.329455,1.332477,Treasury,3.02199999999986e-03,132,90+ Days
SWPK8IXBD2BOQJ8,2025-11-07,2025-12-02,USD,INR,6313234.4,1.046247,1.047472,Investment Banking,1.22500000000003e-03,25,0-30 Days
SWPYAYF4TKCYHWP,2026-01-09,2026-02-18,EUR,AUD,813443.47,1.403836,1.405599,Investment Banking,1.76299999999996e-03,40,30-90 Days
SWPB35YAYDSVLJ5,2025-11-22,2026-02-14,CAD,JPY,3295416.92,1.189226,1.193263,Markets,4.03700000000007e-03,84,30-90 Days
SWPKGXUR3WU0M9N,2025-11-24,2026-03-18,CHF,JPY,2439023.78,1.04195,1.043747,Markets,1.79700000000005e-03,114,90+ Days
SWPRK0LQ8R7V49I,2026-02-19,2026-05-27,CAD,USD,66515400.22,1.207019,1.206581,Investment Banking,-4.3800000000016e-04,97,90+ Days
SWP8H2Y0B1PZVKX,2025-10-29,2026-02-17,CHF,JPY,6388712.81,1.190934,1.189224,Treasury,-1.70999999999988e-03,111,90+ Days
SWP4W8RJJJ39COI,2026-02-05,2026-04-26,CAD,GBP,5127821.64,1.24967,1.249874,Treasury,2.03999999999871e-04,80,30-90 Days
SWP40CWZ9UYGO9U,2025-12-19,2026-04-09,EUR,GBP,2102262.04,0.949742,0.948963,Investment Banking,-7.78999999999974e-04,111,90+ Days
SWPJAAGH5DNLHJV,2026-02-01,2026-07-27,EUR,INR,5309259.14,0.592144,0.592139,Treasury,-5.00000000003276e-06,176,90+ Days
SWP8S2FD4YI2BBA,2025-11-11,2026-01-26,CAD,CHF,329411.65,1.127501,1.129112,Treasury,1.61099999999981e-03,76,30-90 Days
SWPJ2MGE5TU1GGT,2025-11-10,2026-01-24,CAD,EUR,4862578.58,1.035096,1.038706,Markets,3.60999999999989e-03,75,30-90 Days
SWP04IMFH3VM0RY,2025-11-02,2026-03-02,JPY,INR,2489931.37,0.676775,0.676497,Markets,-0.000278,120,90+ Days
SWPNARZKKNGG6OM,2025-12-15,2026-01-11,AUD,CAD,1954181.11,1.196248,1.199869,Treasury,3.6210000000001e-03,27,0-30 Days
SWPGZWNKOZSQV5M,2025-10-28,2025-11-08,CHF,INR,6229506.5,1.227205,1.23233,Markets,5.12499999999982e-03,11,0-30 Days
SWP7SYU8OXZ505B,2025-12-29,2026-05-10,INR,AUD,2362623.6,0.870715,0.870782,Treasury,6.69999999999282e-05,132,90+ Days
SWPF48E7B6FVPPB,2026-02-14,2026-05-22,AUD,EUR,1554208.88,0.740532,0.740536,Markets,4.000000000004e-06,97,90+ Days
SWPT9IAI4P48PR2,2026-01-26,2026-04-28,EUR,USD,4482067.03,0.990538,0.993139,Markets,2.60099999999996e-03,92,90+ Days
SWPJGCTKAJ1ITCL,2026-01-01,2026-03-11,CAD,USD,5340345.27,1.224579,1.228643,Treasury,4.06399999999985e-03,69,30-90 Days
SWPQXFR9MAFHJCO,2025-12-07,2026-03-15,GBP,CHF,1140534.48,1.404229,1.407309,Treasury,3.07999999999997e-03,98,90+ Days
SWP3M87XKH77X1E,2025-12-13,2026-03-08,INR,AUD,953385.13,0.537714,0.539711,Treasury,1.99700000000003e-03,85,30-90 Days
SWP32HH8LT6LGYZ,2026-02-17,2026-05-16,CHF,GBP,8652297.4,1.045282,1.046168,Investment Banking,8.85999999999942e-04,88,30-90 Days
SWPOR1FKL2PPKCH,2025-10-28,2025-12-20,CAD,JPY,3131815.61,0.631465,0.630788,Treasury,-6.77000000000039e-04,53,30-90 Days
SWP92PFWOSMFIRJ,2025-11-15,2026-02-01,EUR,JPY,1384039.26,1.307612,1.307818,Investment Banking,2.05999999999928e-04,78,30-90 Days
SWPYR8YFW6G770N,2025-11-09,2026-03-22,EUR,AUD,3005476.5,0.605985,0.607077,Treasury,1.09199999999998e-03,133,90+ Days
SWP7CF6MS0JLX9P,2026-02-02,2026-03-29,CAD,AUD,6754087.1,1.429624,1.436728,Markets,0.007104,55,30-90 Days
SWPDCYM2BOAE2VH,2025-11-03,2026-04-05,CHF,CAD,1602363.14,0.852106,0.851794,Treasury,-3.11999999999979e-04,153,90+ Days
SWP5SVITW5B1DAU,2025-11-17,2026-01-07,USD,CAD,2992092.26,0.579254,0.578863,Markets,-3.9100000000003e-04,51,30-90 Days
SWPCC494TY0DU7C,2025-11-28,2026-03-23,JPY,EUR,7627786.67,0.872406,0.872703,Investment Banking,2.96999999999992e-04,115,90+ Days
SWPNLXQCNWY1HV6,2025-11-03,2026-04-17,JPY,EUR,4104809.28,0.935515,0.932783,Markets,-2.73199999999996e-03,165,90+ Days
SWPM256CLZPD949,2026-02-21,2026-07-20,CHF,GBP,6135217.34,0.582181,0.581856,Markets,-3.24999999999909e-04,149,90+ Days
SWPLMPYH4SMWTNZ,2025-12-08,2026-02-08,CAD,GBP,2033781.33,0.645274,0.646254,Treasury,9.79999999999981e-04,62,30-90 Days
SWPBWYZKU5XMH27,2026-01-09,2026-05-09,AUD,GBP,7670848.94,0.517174,0.515902,Treasury,-1.27200000000005e-03,120,90+ Days
SWPCXRZIW66E89Y,2026-01-07,2026-04-09,GBP,JPY,4083351.44,1.00684,1.009477,Markets,0.002637,92,90+ Days
SWPRFCB3CD2L37K,2026-01-15,2026-06-25,INR,AUD,1576124.31,0.7444,0.744753,Markets,3.53000000000048e-04,161,90+ Days
SWPTNFBDCY5A4W3,2026-01-04,2026-05-14,EUR,AUD,3578874.63,1.451174,1.454382,Treasury,3.2080000000001e-03,130,90+ Days
SWP06PMDIWD59CO,2025-11-12,2026-03-13,GBP,EUR,7002898.31,0.770315,0.769595,Treasury,-7.19999999999943e-04,121,90+ Days
SWPL0MSWJS6MHLA,2025-12-15,2026-01-26,AUD,INR,1106557.14,1.015976,1.015031,Markets,-9.44999999999974e-04,42,30-90 Days
SWPQ4CZL3IYJY7O,2025-11-05,2025-12-13,JPY,USD,877736.33,0.55846,0.557478,Investment Banking,-9.81999999999927e-04,38,30-90 Days
SWPL11NO01I73ZU,2025-12-11,2026-03-05,CAD,EUR,3344913.45,0.850874,0.853207,Markets,2.33300000000003e-03,84,30-90 Days
SWPSFUZKH9NLDP4,2026-02-08,2026-05-01,CHF,GBP,1936419.81,0.957937,0.959464,Markets,1.52699999999995e-03,82,30-90 Days
SWPSURHS2G29WN3,2025-12-12,2026-05-26,AUD,JPY,2123508.31,1.455509,1.455385,Investment Banking,-1.24000000000013e-04,165,90+ Days
SWPTWFGBMITI2B8,2026-01-27,2026-06-04,GBP,JPY,2072466.82,0.751345,0.754072,Treasury,2.72699999999992e-03,128,90+ Days
SWPRHZ28OETFRL5,2026-01-08,2026-05-02,EUR,JPY,1483570.31,1.12615,1.127539,Investment Banking,1.38900000000008e-03,114,90+ Days
SWP8MOFOK8WOKTQ,2026-01-01,2026-06-30,CHF,CAD,2052950.96,1.216226,1.217195,Markets,9.68999999999998e-04,180,90+ Days
SWPYJGVKN242GO4,2025-11-17,2026-02-15,CHF,JPY,1508545.57,1.310095,1.308487,Treasury,-1.60800000000005e-03,90,30-90 Days
SWPKS1N1JVUI5VJ,2025-11-24,2026-04-14,INR,CHF,930925.36,1.086574,1.087819,Treasury,1.24500000000016e-03,141,90+ Days
SWPJJIQ1MKCZZBC,2026-02-18,2026-03-02,JPY,AUD,4687686.49,1.075703,1.076386,Investment Banking,6.82999999999989e-04,12,0-30 Days
SWPGV0A8MD06T78,2026-01-04,2026-02-06,USD,CHF,1709862.32,0.927682,0.931064,Investment Banking,0.003382,33,30-90 Days
SWPEYZGH5KDGPBF,2025-11-01,2026-03-17,CHF,CAD,1533474.11,0.855802,0.853268,Treasury,-2.53399999999993e-03,136,90+ Days
SWPWIJXSMXS778H,2025-11-02,2025-12-05,CHF,INR,6703821.38,0.527916,0.526056,Treasury,-1.86000000000008e-03,33,30-90 Days
SWPNRW0RFGTS9X8,2026-01-28,2026-04-08,INR,JPY,6524051.39,0.629447,0.632122,Treasury,2.67499999999998e-03,70,30-90 Days
SWPSWVT0EH371EW,2025-11-15,2025-12-28,GBP,CHF,885606.97,1.011799,1.013256,Investment Banking,1.45700000000004e-03,43,30-90 Days
SWPPLYKVS3ZACXB,2025-12-02,2026-05-30,CHF,EUR,1092852.17,0.777702,0.779911,Investment Banking,2.20900000000002e-03,179,90+ Days
SWPXI8Q4NVZ9SIT,2026-02-11,2026-08-04,GBP,AUD,31503702.82,1.263752,1.265773,Treasury,2.02100000000005e-03,174,90+ Days
SWPC2EVWQX5J8DZ,2026-01-21,2026-07-09,CAD,AUD,3001338.31,0.848814,0.849908,Investment Banking,1.09400000000004e-03,169,90+ Days
SWP5F7VY5GYVQ9M,2026-01-23,2026-02-07,USD,GBP,1979633.1,1.099156,1.101201,Investment Banking,2.04500000000007e-03,15,0-30 Days
SWPCT66HXYPC2K2,2026-02-05,2026-07-28,INR,USD,3354529.26,0.595345,0.595083,Treasury,-2.61999999999984e-04,173,90+ Days
SWPINS2US302IJT,2025-11-08,2026-03-19,INR,EUR,40807492.56,0.976157,0.97755,Markets,1.39299999999998e-03,131,90+ Days
SWPCN4ZSMDCYEM0,2025-11-25,2026-02-09,CHF,JPY,2779076.73,0.939136,0.939467,Markets,3.31000000000081e-04,76,30-90 Days
SWPEYNA28T4FGV3,2025-12-22,2026-04-08,CAD,EUR,1402191.34,1.126414,1.126718,Markets,3.04000000000082e-04,107,90+ Days
SWPTWM16IMXAQ5M,2026-01-09,2026-02-11,INR,CHF,4079735.58,1.235911,1.239542,Treasury,3.63099999999994e-03,33,30-90 Days
SWPH6OEJFG6MLIT,2026-02-09,2026-04-21,CAD,CHF,2280903.92,1.180891,1.183667,Treasury,2.77600000000011e-03,71,30-90 Days
SWPGGWQ2OJ51EDV,2025-12-06,2026-01-13,EUR,CHF,7155862.25,0.762461,0.762372,Investment Banking,-8.90000000000057e-05,38,30-90 Days
SWP54UG1SVERQQQ,2025-12-29,2026-05-02,AUD,INR,8411256.91,0.937671,0.938562,Markets,8.90999999999975e-04,124,90+ Days
SWP197YOVZGBIW3,2025-10-30,2025-12-18,GBP,CAD,2192460.32,0.622922,0.624937,Investment Banking,2.01499999999999e-03,49,30-90 Days
SWPIFMFWFXGKWCZ,2025-12-09,2026-04-02,EUR,GBP,6675047.16,0.570839,0.572424,Treasury,1.58500000000006e-03,114,90+ Days
SWPS6WFF4C6ENVS,2026-01-28,2026-03-21,INR,CAD,1737259.26,0.94442,0.947101,Investment Banking,2.68099999999993e-03,52,30-90 Days
SWPC72O040BPQJP,2025-11-12,2026-03-07,AUD,EUR,939076.59,1.037687,1.041006,Investment Banking,3.31900000000007e-03,115,90+ Days
SWPHMO0QA3BK7LK,2025-11-28,2025-12-15,AUD,CAD,9069522.27,0.604927,0.605253,Investment Banking,3.26000000000048e-04,17,0-30 Days
SWPPPHHW36FM669,2025-11-29,2026-03-05,EUR,GBP,1079806.82,1.387627,1.389663,Investment Banking,2.03600000000015e-03,96,90+ Days
SWP97MAIAHWHQS7,2025-11-23,2025-12-13,EUR,AUD,2605140.75,1.094206,1.091409,Investment Banking,-2.79699999999994e-03,20,0-30 Days
SWPNBJZT01UY9HO,2025-11-13,2026-02-23,INR,CHF,1695919.43,1.310253,1.309814,Markets,-4.38999999999856e-04,102,90+ Days
SWP1HSNYOXHSYO5,2025-12-29,2026-01-17,EUR,GBP,7024367.53,0.912562,0.913671,Markets,1.10900000000003e-03,19,0-30 Days
SWPYHHHPIE4YDZL,2026-01-04,2026-03-18,EUR,CHF,3170932.59,0.59467,0.594836,Treasury,1.65999999999999e-04,73,30-90 Days
SWPFZN443D0ZO3Q,2025-12-09,2026-01-21,JPY,AUD,2575998.12,1.175931,1.176564,Treasury,6.32999999999884e-04,43,30-90 Days
SWPWABF0SSVBJAI,2026-02-07,2026-05-02,CAD,USD,3212406.06,0.514613,0.515143,Markets,5.3000000000003e-04,84,30-90 Days
SWPR7AVLFDBVOH0,2026-01-31,2026-07-29,USD,CAD,2321433.93,1.144656,1.147504,Treasury,2.84800000000018e-03,179,90+ Days
SWP8HMGSZ92HT8W,2026-01-18,2026-05-13,GBP,CAD,1949451.03,0.974866,0.977671,Treasury,2.80499999999995e-03,115,90+ Days
SWPY67081QWYFCU,2025-12-30,2026-02-11,JPY,CAD,2054635.83,1.195847,1.19648,Treasury,6.32999999999884e-04,43,30-90 Days
SWP36XKIO1BI22L,2026-01-10,2026-04-27,USD,CHF,1048798.83,1.1649,1.167626,Investment Banking,2.72600000000001e-03,107,90+ Days
SWPMGG3YXQHP4O3,2026-01-12,2026-05-19,CHF,AUD,1284210.7,0.802358,0.802228,Treasury,-1.29999999999963e-04,127,90+ Days
SWP5TX6TE91YYA8,2025-11-19,2026-01-12,JPY,AUD,13192617.2,0.860888,0.863498,Markets,0.00261,54,30-90 Days
SWPF7VZ63Q874CL,2026-01-16,2026-04-26,GBP,USD,4518866.92,0.933867,0.935911,Markets,2.04400000000005e-03,100,90+ Days
SWPNOVV0OEXUOK3,2025-11-18,2026-04-11,GBP,AUD,6697975.82,0.58229,0.584484,Investment Banking,2.19400000000003e-03,144,90+ Days
SWPZPFFJ9YPU84X,2025-12-21,2026-03-30,JPY,AUD,1927275.57,0.938397,0.939165,Markets,7.67999999999991e-04,99,90+ Days
SWPUUDQRIL9635G,2025-12-12,2025-12-25,GBP,JPY,1419732.39,1.372961,1.373188,Treasury,2.26999999999977e-04,13,0-30 Days
SWPKJGUUF9GHTRI,2026-02-21,2026-04-10,CAD,USD,9876231.39,1.242881,1.24529,Investment Banking,2.40900000000011e-03,48,30-90 Days
SWPLMZHWUEBLLZ0,2025-12-27,2026-03-10,INR,EUR,3251913.77,0.849442,0.849859,Treasury,4.17000000000001e-04,73,30-90 Days
SWPIKT3SRHW0SLP,2025-11-03,2026-01-04,GBP,USD,9090300.82,0.850269,0.85262,Investment Banking,2.35099999999999e-03,62,30-90 Days
SWP75XO85X7KCIO,2025-12-17,2026-04-23,CAD,JPY,3319866.7,0.508247,0.508551,Markets,3.03999999999971e-04,127,90+ Days
SWP4ILPS2NA5KR9,2026-02-15,2026-06-26,GBP,CHF,3519504.14,0.863309,0.864143,Treasury,8.34000000000001e-04,131,90+ Days
SWPHGSHFGH2UOW6,2025-10-27,2025-12-10,EUR,CAD,691190.51,1.392883,1.400165,Investment Banking,7.28200000000001e-03,44,30-90 Days
SWPT8LP0JQBFI7H,2026-02-16,2026-06-01,GBP,AUD,2337214.02,1.492705,1.496525,Treasury,3.82000000000016e-03,105,90+ Days
SWP5KCFRGODEOVH,2026-01-26,2026-07-20,GBP,USD,3076428.6,1.416039,1.416975,Treasury,9.36000000000048e-04,175,90+ Days
SWP03MR10CTBUVM,2025-11-10,2026-04-17,CAD,CHF,5962615.59,1.286113,1.287299,Investment Banking,1.18599999999991e-03,158,90+ Days
SWPJMG4VKJMN8S0,2026-01-10,2026-06-21,CAD,CHF,1761185.89,1.374802,1.378133,Markets,3.33099999999997e-03,162,90+ Days
SWPWIZLPBRJP8ZP,2025-11-29,2026-03-29,EUR,GBP,4157709.85,1.203393,1.199825,Investment Banking,-3.56800000000002e-03,120,90+ Days
SWPNWK4AYAA488U,2025-11-15,2026-01-03,JPY,GBP,12497584.09,0.750604,0.752172,Investment Banking,1.5679999999999e-03,49,30-90 Days
SWPBZGWTAT2LLU4,2026-02-20,2026-03-03,JPY,EUR,4601794.62,1.363256,1.36344,Investment Banking,1.83999999999962e-04,11,0-30 Days
SWP99DRWBBC38D3,2026-02-01,2026-07-25,AUD,JPY,5077250.36,0.714425,0.714921,Treasury,4.96000000000052e-04,174,90+ Days
SWPY6RQWPAR9XFW,2025-11-24,2026-03-24,AUD,INR,687451.19,1.047251,1.051689,Treasury,4.43800000000016e-03,120,90+ Days
SWPBJBL2F2PY5HJ,2025-11-17,2026-02-25,INR,CAD,1302489.33,1.175346,1.173171,Investment Banking,-2.17500000000004e-03,100,90+ Days
SWPSII9YRPIBLLA,2025-12-14,2026-03-29,EUR,JPY,4299884.47,1.345023,1.349136,Treasury,4.11299999999981e-03,105,90+ Days
SWP1G56V80OPL1R,2025-10-27,2026-02-17,CAD,CHF,2241080.43,1.368696,1.371212,Investment Banking,2.51600000000018e-03,113,90+ Days
SWPE09YIY5PO7X8,2026-01-07,2026-04-29,INR,JPY,324435.65,1.400282,1.402341,Markets,2.05900000000003e-03,112,90+ Days
SWPEVYK9BS13CH5,2026-02-13,2026-03-30,CHF,AUD,1267460.47,0.875332,0.876407,Investment Banking,1.07500000000005e-03,45,30-90 Days
SWP5633PLB7WX73,2026-02-11,2026-03-15,EUR,CHF,9398353.11,0.897726,0.898518,Investment Banking,7.92000000000015e-04,32,30-90 Days
SWPPCD4SVXIWN1L,2025-10-31,2025-12-23,INR,GBP,6051055.03,1.45659,1.455514,Markets,-1.07600000000008e-03,53,30-90 Days
SWPGMMHFGERW0HG,2026-02-15,2026-03-19,AUD,JPY,4176275.57,0.902568,0.901685,Treasury,-8.83000000000078e-04,32,30-90 Days
SWPAGVMSR8C37AJ,2026-01-24,2026-07-04,AUD,USD,3820339.43,1.008499,1.00916,Investment Banking,6.61000000000023e-04,161,90+ Days
SWP5MDIVWNGX193,2025-12-27,2026-05-27,JPY,CAD,3248706.31,0.584491,0.586235,Investment Banking,1.74399999999997e-03,151,90+ Days
SWPTWAJ97GWFY7E,2026-01-21,2026-06-24,USD,JPY,4103936.7,1.20297,1.201189,Investment Banking,-1.78100000000003e-03,154,90+ Days
SWPJCQ0IZ0LFGR8,2025-12-06,2026-01-24,JPY,CHF,3544633.79,1.242819,1.244722,Markets,1.90300000000021e-03,49,30-90 Days
SWP0DTBLOXAKRZ7,2025-11-20,2026-02-15,AUD,CAD,626974.15,0.62375,0.624123,Investment Banking,3.72999999999957e-04,87,30-90 Days
SWP201TFN51WC3Q,2026-01-22,2026-02-21,INR,GBP,1966515.37,1.14037,1.136173,Markets,-4.19700000000001e-03,30,0-30 Days
SWP480M3I8M9QGV,2026-01-21,2026-04-15,USD,AUD,1660854.35,0.869589,0.870128,Markets,5.39000000000067e-04,84,30-90 Days
SWPNDSFDU09G3LC,2025-11-05,2026-01-13,AUD,USD,1119457.9,0.751557,0.752687,Markets,1.12999999999996e-03,69,30-90 Days
SWPMRWJMK3CZYIV,2026-01-09,2026-03-17,GBP,CHF,4056559.98,1.012863,1.01507,Investment Banking,2.20699999999985e-03,67,30-90 Days
SWPY9D01IGX6OIW,2025-10-28,2026-01-26,CAD,USD,8087316.82,1.119024,1.120677,Markets,1.6529999999999e-03,90,30-90 Days
SWPD2N6BPEAXRSO,2025-12-28,2026-03-07,INR,AUD,6329237.76,1.277576,1.274023,Markets,-3.55300000000014e-03,69,30-90 Days
SWP2RTKP041TX5R,2025-12-01,2026-03-11,INR,EUR,1689003.75,1.032265,1.031476,Treasury,-7.88999999999929e-04,100,90+ Days
SWPGSEHT97QENIW,2026-01-29,2026-02-08,USD,EUR,1195988.12,0.743965,0.746324,Investment Banking,0.002359,10,0-30 Days
SWPH7OW18BU1NKB,2025-12-02,2026-05-18,CHF,EUR,6157699.41,1.122646,1.120083,Markets,-2.56300000000009e-03,167,90+ Days
SWPSBO60T1LY4GO,2026-01-23,2026-04-21,AUD,USD,3443432.92,1.249373,1.250666,Investment Banking,1.29299999999999e-03,88,30-90 Days
SWPPGPA5K7BC0P9,2025-11-16,2026-02-01,CHF,CAD,948871.08,1.034431,1.035305,Investment Banking,8.73999999999819e-04,77,30-90 Days
SWPS2VF1MQ3E96D,2025-10-31,2025-12-27,INR,CAD,3550086.64,0.785614,0.786439,Treasury,8.24999999999965e-04,57,30-90 Days
SWPO2KH2NI1W4VV,2026-01-11,2026-03-28,INR,CHF,5815732.28,0.837239,0.836655,Markets,-5.83999999999918e-04,76,30-90 Days
SWPF24XHFU5LKRH,2025-11-29,2026-02-13,USD,GBP,391564.56,1.410271,1.4188,Treasury,8.52900000000001e-03,76,30-90 Days
SWPMUZ3DW503RP7,2025-10-31,2025-12-10,INR,AUD,5681608.96,0.725952,0.727821,Investment Banking,1.86900000000001e-03,40,30-90 Days
SWPA2CWXZ1WWPDI,2026-01-03,2026-03-30,INR,CHF,10085553.79,0.830313,0.828361,Treasury,-1.95199999999995e-03,86,30-90 Days
SWPSKE5S687FIJ6,2025-12-31,2026-02-05,JPY,EUR,29381522.93,0.515351,0.517379,Treasury,2.02800000000003e-03,36,30-90 Days
SWPLKQ689G34POB,2026-02-08,2026-06-24,AUD,CAD,664922.18,0.855102,0.856634,Investment Banking,1.53199999999998e-03,136,90+ Days
SWPAVNSKCYU7XVR,2026-02-08,2026-03-28,INR,USD,3837655.37,1.474139,1.47934,Treasury,5.20100000000001e-03,48,30-90 Days
SWP1N8HR2GMURRJ,2025-12-30,2026-01-14,JPY,CHF,3212572.68,0.938893,0.939817,Markets,9.24000000000036e-04,15,0-30 Days
SWPCAX2TL8PQBO9,2026-01-19,2026-02-25,CAD,INR,3384336.79,0.93438,0.932116,Investment Banking,-2.26400000000004e-03,37,30-90 Days
SWPKAF2RCNQ9ELL,2025-12-12,2026-02-01,CHF,INR,2501550.0,0.938389,0.937323,Investment Banking,-1.06600000000001e-03,51,30-90 Days
SWPOY7BYTZCAB6Z,2026-01-12,2026-05-23,JPY,CAD,1338069.77,1.217717,1.215938,Investment Banking,-1.77899999999998e-03,131,90+ Days
SWPJJDEPKOYP4V9,2025-12-06,2026-03-21,AUD,CHF,5140423.72,0.576398,0.577233,Treasury,8.3500000000003e-04,105,90+ Days
SWPT6X1BTV6YR7N,2026-01-03,2026-05-29,INR,JPY,4843036.97,1.242448,1.241618,Treasury,-8.29999999999886e-04,146,90+ Days
SWPEICGTT4ZTGUS,2025-12-03,2026-02-24,INR,AUD,6643442.22,0.629189,0.627188,Markets,-2.00100000000003e-03,83,30-90 Days
SWPI28P0W83XGKO,2025-12-06,2026-01-24,AUD,GBP,3369917.9,1.093901,1.095915,Treasury,2.01399999999996e-03,49,30-90 Days
SWPQ7AS8XJOPCI9,2025-12-24,2026-03-13,AUD,INR,23595743.3,0.850891,0.852827,Treasury,1.93600000000005e-03,79,30-90 Days
SWPBC3MYI4WBRSC,2025-12-09,2026-04-02,EUR,JPY,4332461.51,0.670628,0.67093,Treasury,3.02000000000024e-04,114,90+ Days
SWPUOJC5LSQC1EM,2025-11-03,2025-12-06,EUR,JPY,2354285.98,1.105149,1.108433,Investment Banking,3.28400000000006e-03,33,30-90 Days
SWPLOV2A6TO1Q5X,2025-12-05,2026-02-12,AUD,CAD,1303997.73,1.348503,1.349454,Investment Banking,9.50999999999924e-04,69,30-90 Days
SWPS0704GZ6WN46,2025-11-14,2025-12-11,GBP,INR,591937.46,1.198317,1.202493,Treasury,4.17599999999996e-03,27,0-30 Days
SWPF0US4CT5307W,2025-11-30,2026-05-06,CHF,INR,1740502.56,1.496292,1.500344,Investment Banking,4.05199999999994e-03,157,90+ Days
SWPS2HLRXB3F0A5,2025-11-19,2026-01-05,INR,AUD,1758210.12,1.158933,1.162155,Markets,3.22200000000006e-03,47,30-90 Days
SWPFQBL3WUDLAW9,2026-01-04,2026-06-08,CHF,AUD,4762993.68,1.318131,1.31745,Treasury,-6.80999999999932e-04,155,90+ Days
SWPO0N65WYNQGE5,2025-11-16,2026-01-20,USD,GBP,1797830.26,0.830454,0.832479,Markets,2.02499999999994e-03,65,30-90 Days
SWPOBWXYJD5730D,2025-11-15,2025-11-22,USD,CAD,4341937.83,1.393707,1.392088,Investment Banking,-1.61900000000004e-03,7,0-30 Days
SWPPOKV8TSTUPC2,2026-01-23,2026-05-17,GBP,AUD,2680927.42,1.368384,1.366312,Markets,-2.07200000000007e-03,114,90+ Days
SWPXT4F1ZQVIGM1,2026-01-27,2026-04-06,GBP,USD,1768708.48,1.120504,1.122034,Investment Banking,1.53000000000003e-03,69,30-90 Days
SWP2K9DX08ILRYR,2025-12-01,2025-12-19,JPY,INR,4088401.77,1.471548,1.476159,Markets,4.61099999999992e-03,18,0-30 Days
SWPKH2IRGI16V7D,2025-11-09,2026-03-11,USD,CHF,1517413.15,1.365215,1.367918,Markets,2.7029999999999e-03,122,90+ Days
SWPQ5SEJMPKFHJ2,2026-01-11,2026-02-10,JPY,USD,1336752.02,1.03407,1.035946,Markets,1.87599999999999e-03,30,0-30 Days
SWPUU5JE3BVNG4R,2025-12-06,2025-12-19,CAD,JPY,2520957.45,0.65763,0.657432,Markets,-1.98000000000031e-04,13,0-30 Days
SWPLMUPK1W37GJ5,2025-10-26,2026-03-10,USD,CAD,3274326.89,0.561248,0.561192,Investment Banking,-5.5999999999945e-05,135,90+ Days
SWP0E5C9CI8736D,2026-02-21,2026-03-04,USD,CAD,11634306.05,0.660237,0.658784,Investment Banking,-1.45299999999993e-03,11,0-30 Days
SWP6LANCFSA6DOS,2025-11-25,2026-01-01,GBP,JPY,678819.05,1.112188,1.113106,Treasury,9.17999999999974e-04,37,30-90 Days
SWPOS0ZA8GCRKP7,2026-02-19,2026-07-18,CHF,AUD,6309336.81,1.410535,1.416154,Investment Banking,5.61899999999982e-03,149,90+ Days
SWPWQWOHRJEYJMC,2025-12-26,2026-02-15,INR,AUD,9484296.24,1.425284,1.429302,Markets,4.01800000000008e-03,51,30-90 Days
SWPLEFVSPYF1PL9,2026-01-18,2026-02-12,AUD,CHF,11840899.41,1.353487,1.357149,Investment Banking,3.66199999999983e-03,25,0-30 Days
SWPKYHEYRKA9D8N,2025-11-08,2026-03-03,EUR,USD,2385215.63,0.739973,0.740616,Investment Banking,6.4300000000006e-04,115,90+ Days
SWPCWEWEQ8U1LF9,2025-12-06,2026-05-17,CAD,USD,3394978.74,1.319588,1.318658,Investment Banking,-9.29999999999875e-04,162,90+ Days
SWPQEILC83LF0WR,2026-02-22,2026-04-16,AUD,USD,5110975.39,0.940561,0.938865,Treasury,-1.69600000000003e-03,53,30-90 Days
SWPKB56OM1I3L3L,2025-12-06,2026-01-26,JPY,AUD,3595996.76,0.584044,0.583637,Treasury,-4.07000000000046e-04,51,30-90 Days
SWPFOG2JQURRKL7,2026-02-16,2026-08-02,EUR,AUD,12425421.64,0.511847,0.512063,Treasury,2.15999999999994e-04,167,90+ Days
SWPG8XDA24XHYCY,2025-12-25,2026-03-06,USD,CHF,3357754.99,0.541537,0.541897,Markets,3.59999999999916e-04,71,30-90 Days
SWPK9ROCMM61DEJ,2025-11-17,2026-02-22,USD,INR,1291301.28,0.82644,0.826656,Investment Banking,2.15999999999994e-04,97,90+ Days
SWPLDKBR25Z3NFA,2025-12-08,2026-02-07,AUD,CAD,5246215.5,0.514394,0.514917,Markets,5.2299999999994e-04,61,30-90 Days
SWP1KB8O68MP58W,2026-01-22,2026-05-14,CHF,GBP,7131882.04,0.567604,0.567921,Treasury,3.17000000000012e-04,112,90+ Days
SWPJK0MSGW91091,2026-02-12,2026-03-21,EUR,JPY,1431437.75,0.646924,0.646368,Investment Banking,-5.56000000000001e-04,37,30-90 Days
SWPG2HALJ0WA479,2025-11-19,2025-12-27,EUR,INR,1835544.61,1.108503,1.10807,Investment Banking,-4.32999999999906e-04,38,30-90 Days
SWP5ZVD7GCL6HNR,2025-11-16,2026-04-27,CHF,CAD,7582724.49,1.491587,1.489174,Investment Banking,-0.002413,162,90+ Days
SWPTQT9A8E2XLMX,2025-11-22,2026-02-20,EUR,AUD,2688746.16,0.742106,0.739877,Treasury,-2.22900000000004e-03,90,30-90 Days
SWPU8GIUUMN9HEV,2025-12-18,2025-12-27,GBP,EUR,1777617.21,0.509142,0.509722,Investment Banking,5.80000000000025e-04,9,0-30 Days
SWPP8URALQ2H8RG,2026-01-04,2026-06-04,INR,AUD,4283934.27,0.762722,0.763713,Treasury,9.90999999999964e-04,151,90+ Days
SWPIKBM4H6AX4VB,2025-11-07,2026-02-02,INR,JPY,7207250.44,1.477801,1.477494,Markets,-3.06999999999835e-04,87,30-90 Days
SWPL3D0OW3LJAJP,2026-01-27,2026-07-20,JPY,CHF,297142.06,1.24456,1.248682,Investment Banking,4.12199999999996e-03,174,90+ Days
SWPXS8B3BQ6BC4Q,2026-01-10,2026-06-24,EUR,CHF,10058754.85,1.029782,1.028633,Investment Banking,-1.14900000000007e-03,165,90+ Days
SWPA5RSPYGHRI0A,2026-02-16,2026-08-15,EUR,CAD,1391502.84,1.284179,1.284265,Treasury,8.60000000000305e-05,180,90+ Days
SWPHCZAQ17OEC9I,2026-01-02,2026-02-27,GBP,CAD,3591212.73,1.175934,1.177394,Investment Banking,1.46000000000002e-03,56,30-90 Days
SWPRKKBYBH66S39,2026-01-07,2026-03-26,CHF,EUR,2153109.96,0.836283,0.834479,Treasury,-1.80400000000003e-03,78,30-90 Days
SWPJC6F9LV0JBZS,2025-11-27,2025-12-10,JPY,USD,2804360.35,1.120508,1.123087,Treasury,2.57899999999989e-03,13,0-30 Days
SWPF07SSSQSWCZB,2026-01-19,2026-06-18,CAD,EUR,8798041.6,0.850452,0.85328,Markets,2.82800000000005e-03,150,90+ Days
SWPC519ULSFB9LV,2025-11-04,2026-01-01,AUD,EUR,12133587.6,0.994,0.993585,Investment Banking,-4.14999999999943e-04,58,30-90 Days
SWPDEFE8CAYCU7E,2026-02-04,2026-06-08,INR,CAD,6647687.75,0.569474,0.57026,Treasury,7.85999999999953e-04,124,90+ Days
SWPIZIW3YB3TQ3S,2025-10-29,2026-04-13,INR,JPY,4954683.4,0.582609,0.582198,Markets,-4.1100000000005e-04,166,90+ Days
SWPMPKARWQC8WGX,2025-12-22,2026-03-12,INR,JPY,2275061.94,0.760368,0.760321,Investment Banking,-4.70000000000192e-05,80,30-90 Days
SWP1ZNTKFX78MXN,2026-01-02,2026-01-16,CHF,JPY,1764216.27,0.761072,0.764069,Investment Banking,2.99700000000003e-03,14,0-30 Days
SWPCXMBZTXNT0M1,2026-02-06,2026-07-22,INR,USD,4246987.85,1.209987,1.205211,Treasury,-4.77599999999989e-03,166,90+ Days
SWPYT256JW9QCV5,2025-11-04,2026-01-08,GBP,EUR,7982030.08,1.010488,1.015597,Markets,5.10900000000003e-03,65,30-90 Days
SWPBKAZFKSXO62S,2026-02-01,2026-02-15,AUD,CHF,5243518.12,1.151703,1.150144,Treasury,-1.55899999999987e-03,14,0-30 Days
SWPBRG46A4940L2,2026-01-01,2026-03-06,CAD,AUD,836806.73,0.981361,0.984278,Markets,2.91699999999995e-03,64,30-90 Days
SWPZ2WJ1XJ7KEZE,2025-11-29,2026-03-27,CHF,GBP,1439391.21,0.998355,1.000582,Markets,2.22700000000009e-03,118,90+ Days
SWPT7BZ7I7I3DRB,2026-02-18,2026-03-31,CAD,EUR,1897474.25,0.519422,0.521019,Treasury,1.59699999999996e-03,41,30-90 Days
SWP4Z2STIXIPWPS,2026-02-15,2026-04-20,USD,CAD,5207998.76,1.266824,1.268376,Treasury,0.001552,64,30-90 Days
SWP3LTAH04Q563W,2026-02-11,2026-03-21,CAD,AUD,4682254.84,0.979304,0.982102,Treasury,2.79800000000008e-03,38,30-90 Days
SWPKW1KWUVY2IAQ,2026-01-08,2026-01-22,INR,CHF,7941335.59,1.099664,1.0989,Investment Banking,-7.63999999999987e-04,14,0-30 Days
SWPQET5SEH9ASDX,2025-12-04,2026-01-23,JPY,AUD,2610781.3,0.826987,0.827564,Markets,5.76999999999939e-04,50,30-90 Days
SWPMRSWDU8AZFWM,2025-12-02,2026-03-11,AUD,JPY,16070285.97,0.99109,0.993225,Treasury,0.002135,99,90+ Days
SWPT3KV2WQI74M9,2026-01-27,2026-07-13,INR,JPY,309470.67,1.219549,1.22279,Markets,3.24100000000005e-03,167,90+ Days
SWPCHPLYGX6XEVD,2026-02-07,2026-05-23,GBP,AUD,7569711.24,0.9676,0.965351,Treasury,-2.24900000000006e-03,105,90+ Days
SWPA2D67XIZ5HHK,2025-11-16,2025-11-24,EUR,CAD,935796.39,1.113296,1.118107,Markets,4.8109999999999e-03,8,0-30 Days
SWPW35WFDQ3DH8E,2025-12-24,2026-01-21,USD,GBP,2268578.38,0.842708,0.842854,Markets,1.45999999999979e-04,28,0-30 Days
SWPVPIJMMEFNFYK,2026-02-09,2026-07-18,CHF,GBP,1383518.35,0.64476,0.64589,Treasury,1.12999999999996e-03,159,90+ Days
SWPGQRA23GMFC7E,2026-01-10,2026-03-13,EUR,JPY,5221455.15,1.378499,1.380845,Investment Banking,2.34600000000018e-03,62,30-90 Days
SWPRZIQL8DOUAJP,2026-02-07,2026-03-16,EUR,GBP,3001560.18,1.043602,1.042416,Treasury,-1.18599999999991e-03,37,30-90 Days
SWPKM5GBEGUBV6V,2025-10-30,2026-04-01,CAD,EUR,4541286.01,0.698817,0.699282,Markets,4.64999999999938e-04,153,90+ Days
SWPND6MX8VW6RP1,2025-12-15,2026-04-17,GBP,AUD,5018428.3,1.088809,1.087076,Investment Banking,-1.73299999999998e-03,123,90+ Days
SWPGNMNP6O7TJEF,2025-12-05,2026-01-17,CHF,INR,2251554.95,1.259231,1.259818,Treasury,5.87000000000115e-04,43,30-90 Days
SWP6SQIMUU42DFC,2026-01-11,2026-04-05,AUD,EUR,3003761.93,1.057261,1.062003,Treasury,4.74200000000002e-03,84,30-90 Days
SWP8AC2MIMRMZ2S,2025-12-19,2026-06-05,EUR,AUD,2156257.74,1.458625,1.462974,Markets,4.34899999999994e-03,168,90+ Days
SWP0C5UCY7G6Z0Y,2026-01-30,2026-06-06,CAD,AUD,6210060.87,1.237539,1.231543,Markets,-5.99599999999989e-03,127,90+ Days
SWPUOJOST81M2QV,2025-11-06,2026-04-20,USD,CAD,1318026.52,0.879949,0.879722,Treasury,-2.26999999999977e-04,165,90+ Days
SWPA5JOQLY32HRQ,2026-02-12,2026-03-06,JPY,CHF,2720453.73,0.692976,0.693169,Treasury,1.92999999999999e-04,22,0-30 Days
SWPRC2T9MF45YDL,2026-02-21,2026-08-14,CAD,CHF,1004093.89,1.000931,1.000792,Investment Banking,-1.39000000000111e-04,174,90+ Days
SWPKO79Z91OKAQH,2025-12-23,2026-04-21,INR,CAD,1529921.37,1.463408,1.463171,Investment Banking,-2.37000000000043e-04,119,90+ Days
SWPCE3PHZQ6FVJ5,2025-11-03,2026-04-19,INR,EUR,2865220.35,1.013604,1.012823,Investment Banking,-7.80999999999921e-04,167,90+ Days
SWPHNFEHW7LQUY6,2025-12-06,2026-04-08,CAD,EUR,2770105.18,1.244839,1.241885,Markets,-2.95400000000012e-03,123,90+ Days
SWPYPN3WOHXNWV9,2026-01-17,2026-04-19,GBP,INR,1475463.16,1.270066,1.267434,Investment Banking,-2.63199999999997e-03,92,90+ Days
SWP3UDLYPZPLJHR,2026-01-30,2026-03-26,AUD,INR,1337822.64,1.253025,1.256111,Markets,3.08599999999992e-03,55,30-90 Days
SWP8CP0KM5YTL1S,2025-12-17,2026-02-06,USD,AUD,3665412.17,1.187058,1.188277,Treasury,1.21900000000008e-03,51,30-90 Days
SWPJWVKUA26KMXM,2026-01-13,2026-04-19,JPY,GBP,1861679.21,1.328417,1.335263,Investment Banking,6.84600000000013e-03,96,90+ Days
SWPQV4XKXE30DI6,2025-10-27,2026-04-23,USD,CHF,7607238.31,0.56089,0.562008,Markets,1.11799999999995e-03,178,90+ Days
SWPO6GNA5Y9LVKF,2026-02-12,2026-03-25,CHF,JPY,1089677.07,1.128851,1.128923,Investment Banking,7.199999999985e-05,41,30-90 Days
SWPYMBOOTIGHVIZ,2026-01-15,2026-05-25,JPY,EUR,2746544.52,0.729161,0.729501,Treasury,3.40000000000007e-04,130,90+ Days
SWPJW7YFCML9SZ9,2026-02-12,2026-04-26,JPY,GBP,3393820.62,0.837422,0.841444,Markets,4.02199999999997e-03,73,30-90 Days
SWPAA0ROIA00AP1,2025-12-27,2026-04-23,CHF,AUD,1596753.35,0.996131,0.995952,Treasury,-1.7900000000004e-04,117,90+ Days
SWP32TTRVDEUPF3,2025-11-13,2026-01-15,CAD,AUD,7553018.11,1.302992,1.30452,Markets,1.52799999999997e-03,63,30-90 Days
SWPO3DSYHLRKIQV,2025-12-16,2026-01-26,EUR,AUD,1980031.14,0.950567,0.950647,Treasury,7.9999999999969e-05,41,30-90 Days
SWPL6GGCQG2UPGR,2025-11-18,2026-01-25,JPY,GBP,2123953.46,1.203795,1.205302,Investment Banking,1.50700000000015e-03,68,30-90 Days
SWPP47B3MHFYZHQ,2026-02-19,2026-03-04,JPY,CAD,1046044.85,0.726583,0.726722,Treasury,0.000139,13,0-30 Days
SWPSKNNGLBVHZLV,2026-01-12,2026-01-23,EUR,AUD,4533371.99,0.95235,0.951472,Investment Banking,-8.78000000000045e-04,11,0-30 Days
SWP9NXPB55HW7WD,2026-02-06,2026-07-08,CHF,AUD,1214464.73,0.843779,0.84481,Treasury,0.001031,152,90+ Days
SWP3HSD4D86A778,2026-01-13,2026-07-11,INR,CAD,5124635.95,0.692333,0.695427,Treasury,3.09400000000004e-03,179,90+ Days
SWPHPL3G5BYGTO8,2025-11-21,2026-01-27,CAD,INR,1321982.83,1.397036,1.400647,Markets,3.61100000000003e-03,67,30-90 Days
SWPH45CES8TVZJ0,2026-02-07,2026-06-16,JPY,EUR,3963611.09,1.209672,1.213603,Markets,3.93099999999991e-03,129,90+ Days
SWP1KTXMI57NYB5,2026-02-03,2026-06-06,JPY,GBP,5213141.76,0.957193,0.956506,Markets,-6.86999999999993e-04,123,90+ Days
SWP4TG93EN14Q0Z,2025-11-27,2025-12-19,AUD,JPY,5764730.69,1.469919,1.475639,Treasury,5.71999999999995e-03,22,0-30 Days
SWP4QZZYJ1H13OK,2026-01-30,2026-05-10,GBP,CAD,2592033.43,0.800883,0.799684,Markets,-1.19900000000006e-03,100,90+ Days
SWPD08B4SH1TTZ9,2025-10-26,2026-01-01,INR,GBP,894558.84,1.450806,1.452847,Markets,2.04099999999996e-03,67,30-90 Days
SWPEJ00Z1YEHOCK,2025-12-28,2026-04-01,GBP,USD,5142744.04,0.619272,0.617946,Markets,-1.32600000000005e-03,94,90+ Days
SWP5MHT33GULQ68,2026-02-22,2026-08-07,CAD,EUR,4057600.01,1.141092,1.146595,Treasury,5.50300000000004e-03,166,90+ Days
SWPRZ14WUOJKG1W,2025-12-30,2026-03-10,CHF,GBP,817738.83,1.083766,1.086498,Investment Banking,2.73199999999996e-03,70,30-90 Days
SWPRFOJQMZKL2YO,2026-01-01,2026-03-31,CHF,JPY,20012031.29,0.774289,0.773795,Investment Banking,-4.93999999999994e-04,89,30-90 Days
SWPSRFY09RB8P6U,2025-11-13,2026-04-17,INR,GBP,3232767.66,0.844486,0.843567,Investment Banking,-9.19000000000003e-04,155,90+ Days
SWP0X4JAX2M71OO,2026-02-18,2026-07-16,AUD,JPY,4210123.85,0.929612,0.933245,Investment Banking,0.003633,148,90+ Days
SWPQ7G3D91GWR18,2025-12-18,2026-03-19,JPY,AUD,1810837.78,1.319647,1.322396,Investment Banking,2.74899999999989e-03,91,90+ Days
SWP1QICV4AEBDQY,2026-02-19,2026-05-05,CAD,GBP,9738897.92,1.261998,1.257613,Markets,-4.38499999999986e-03,75,30-90 Days
SWP0IX8KC91QGOO,2025-12-05,2026-02-26,EUR,INR,2998251.06,0.561597,0.562179,Investment Banking,5.81999999999971e-04,83,30-90 Days
SWPYRSBDPT4XPRP,2026-01-07,2026-04-05,JPY,CHF,2487516.63,0.861253,0.861081,Markets,-1.72000000000061e-04,88,30-90 Days
SWPXIS9ULFVOSVT,2025-11-27,2026-02-12,AUD,GBP,1425296.24,1.432798,1.435745,Investment Banking,2.94700000000003e-03,77,30-90 Days
SWPSE3U51I7NLW5,2025-12-31,2026-01-22,GBP,USD,9241427.61,0.538858,0.540759,Investment Banking,1.90100000000004e-03,22,0-30 Days
SWPT89YO79Z3H6K,2025-11-18,2025-12-19,CAD,GBP,3456851.28,1.406137,1.406534,Investment Banking,3.96999999999981e-04,31,30-90 Days
SWPC7W7RIPTA024,2025-11-08,2026-01-20,JPY,CHF,2468355.42,1.458636,1.45943,Treasury,7.93999999999961e-04,73,30-90 Days
SWPMRZHJXFIEIBS,2025-12-27,2026-04-18,AUD,INR,7063088.79,1.243398,1.247266,Investment Banking,3.86799999999998e-03,112,90+ Days
SWPFBNK5EZ14DFX,2026-02-10,2026-07-06,INR,USD,795087.29,0.919586,0.922937,Investment Banking,3.35099999999999e-03,146,90+ Days
SWPAUZXCWCIWRD1,2025-12-10,2026-05-21,GBP,JPY,2365763.16,0.772531,0.772599,Treasury,6.8000000000068e-05,162,90+ Days
SWPN5C16ZA63GOK,2026-01-18,2026-04-23,GBP,INR,3864486.21,0.885184,0.88579,Markets,6.05999999999995e-04,95,90+ Days
SWP1VHKCQ03RZUK,2026-02-15,2026-03-23,INR,AUD,17454077.12,1.093888,1.093811,Markets,-7.69999999998827e-05,36,30-90 Days
SWP23O53SQSB14D,2025-11-06,2026-04-02,USD,EUR,2917602.33,1.070494,1.071843,Treasury,1.34900000000004e-03,147,90+ Days
SWPI3UU5NBZHDY6,2025-12-02,2025-12-10,INR,USD,2358254.15,0.552115,0.551265,Treasury,-8.50000000000017e-04,8,0-30 Days
SWPSBAAKC4M5R5K,2026-02-01,2026-04-13,JPY,EUR,4252159.35,0.659063,0.660688,Investment Banking,1.6250000000001e-03,71,30-90 Days
SWPRDRUJ5EXKL9M,2025-12-24,2026-05-05,CAD,CHF,949541.27,1.290237,1.293577,Treasury,3.3399999999999e-03,132,90+ Days
SWPGLAE5DHNTDKR,2025-12-08,2026-01-13,CHF,USD,1456917.49,0.794604,0.796188,Investment Banking,1.58400000000003e-03,36,30-90 Days
SWP9OBPX6KWY3FT,2026-01-19,2026-07-09,CAD,EUR,6590545.06,0.634029,0.633503,Investment Banking,-5.25999999999915e-04,171,90+ Days
SWPK2HBHZ1F6IXN,2026-01-02,2026-03-10,AUD,INR,608330.47,1.069091,1.071162,Investment Banking,2.07099999999993e-03,67,30-90 Days
SWPBQNED6WH87RN,2025-10-30,2025-12-07,INR,CAD,4092014.29,0.693904,0.695848,Investment Banking,1.94400000000006e-03,38,30-90 Days
SWPTJ1UGTX09MCQ,2026-01-27,2026-07-11,USD,CAD,404149.0,1.078699,1.077206,Investment Banking,-1.49299999999997e-03,165,90+ Days
SWPG9W80QFMQCZQ,2026-01-09,2026-04-23,CAD,EUR,1117088.81,0.904481,0.904283,Treasury,-1.98000000000031e-04,104,90+ Days
SWPYNV67GLXUAZY,2026-01-21,2026-02-08,CAD,INR,8262044.75,0.921637,0.920504,Treasury,-1.13300000000005e-03,18,0-30 Days
SWPSMEUIC68HS3D,2026-01-30,2026-02-24,GBP,CAD,5003448.48,0.876706,0.87978,Treasury,3.07400000000002e-03,25,0-30 Days
SWPCKX0OGAM5L6L,2025-10-29,2025-11-25,CAD,INR,20351924.57,1.3418,1.34052,Markets,-1.28000000000017e-03,27,0-30 Days
SWPSUINBM8EGIYE,2026-02-07,2026-03-30,USD,EUR,2249970.33,1.161184,1.162486,Treasury,1.30199999999991e-03,51,30-90 Days
SWPC0HM87ZPOAAV,2026-02-04,2026-06-08,CAD,GBP,3738086.81,0.807847,0.805663,Markets,-2.18399999999996e-03,124,90+ Days
SWPTW8DA46SIPGL,2025-11-29,2025-12-29,INR,GBP,1650814.34,0.681107,0.682888,Markets,1.78100000000003e-03,30,0-30 Days
SWPIXIU5SKK1ING,2025-11-14,2025-11-26,USD,GBP,6380288.55,0.87528,0.877792,Treasury,2.51200000000007e-03,12,0-30 Days
SWPUF01FEZFIXUQ,2025-12-21,2026-04-21,USD,JPY,3165038.61,0.519654,0.520838,Treasury,1.18400000000007e-03,121,90+ Days
SWP4D8HP51HXRCB,2025-11-07,2026-02-02,AUD,JPY,1886079.71,0.658253,0.65813,Treasury,-1.22999999999984e-04,87,30-90 Days
SWPFIDJTFTG987R,2026-02-07,2026-06-25,EUR,GBP,3300882.64,1.33027,1.334082,Investment Banking,3.81199999999993e-03,138,90+ Days
SWPRTM5TIBWW7PV,2025-12-02,2026-01-15,INR,CHF,15405213.03,0.769217,0.768047,Markets,-0.00117,44,30-90 Days
SWPMGU2OCTUF03U,2025-12-15,2026-02-09,EUR,CHF,6606267.42,0.787846,0.789877,Treasury,2.03100000000001e-03,56,30-90 Days
SWP8GK7NV59C686,2025-11-06,2025-11-24,JPY,CHF,7371136.11,1.248965,1.246012,Markets,-2.95300000000021e-03,18,0-30 Days
SWPKHQT0OPBTCVP,2026-01-07,2026-05-22,AUD,GBP,1779117.56,1.17185,1.171522,Markets,-3.28000000000106e-04,135,90+ Days
SWP6SE92JEWCH25,2025-12-20,2026-04-30,INR,CAD,4364349.8,1.457451,1.464077,Investment Banking,6.62600000000002e-03,131,90+ Days
SWPHWZ4S2G6AFHB,2025-12-06,2026-01-21,CHF,INR,2987242.6,0.955456,0.956416,Investment Banking,9.60000000000072e-04,46,30-90 Days
SWPCPAL9TSDDW5G,2026-02-02,2026-07-21,EUR,AUD,2887498.94,1.039543,1.040352,Treasury,8.08999999999838e-04,169,90+ Days
SWP0T842IDZI1G9,2025-11-27,2026-02-18,CHF,AUD,11055932.0,0.62532,0.62544,Treasury,1.20000000000009e-04,83,30-90 Days
SWPZVLCLW9B8ULG,2026-02-03,2026-03-31,CAD,USD,3159564.66,0.502583,0.503486,Treasury,9.02999999999987e-04,56,30-90 Days
SWPC4OVEVTBE39T,2025-11-13,2025-12-31,INR,EUR,2776822.34,0.94994,0.951607,Investment Banking,1.66699999999997e-03,48,30-90 Days
SWPLVF9EMBZUDP3,2026-01-15,2026-03-26,INR,CAD,6274309.24,0.580468,0.580117,Markets,-3.5099999999999e-04,70,30-90 Days
SWPNF9HMGWLX7MZ,2026-01-14,2026-06-30,USD,GBP,10913176.01,1.208048,1.206784,Treasury,-1.26399999999993e-03,167,90+ Days
SWPQPN74MT7V9JE,2026-01-16,2026-02-24,CAD,JPY,3509987.12,1.48939,1.488958,Investment Banking,-4.31999999999988e-04,39,30-90 Days
SWP6DC1WOH55UB3,2026-02-05,2026-06-22,AUD,INR,3345603.55,0.641168,0.641352,Treasury,1.84000000000073e-04,137,90+ Days
SWP5VISO7D8UGZ4,2026-02-21,2026-07-12,AUD,GBP,2591782.15,1.218017,1.218605,Markets,5.88000000000033e-04,141,90+ Days
SWPE2ON9LEW6A5L,2025-12-05,2026-04-01,CHF,AUD,2926808.87,0.782684,0.783477,Treasury,7.92999999999933e-04,117,90+ Days
SWPCG82S0L5LCOL,2026-01-28,2026-05-09,CAD,CHF,3528937.91,1.470808,1.472932,Markets,2.12400000000001e-03,101,90+ Days
SWPHD75DUJXWAR1,2025-12-04,2025-12-20,GBP,USD,1222335.91,0.630426,0.630143,Investment Banking,-2.83000000000033e-04,16,0-30 Days
SWP9FS4Y3RYW4SA,2025-12-06,2026-04-22,CAD,GBP,12722763.37,1.242555,1.247953,Treasury,5.39800000000001e-03,137,90+ Days
SWP0LEP3KRAPTE3,2026-02-19,2026-04-04,CHF,GBP,2267277.58,1.270275,1.27275,Treasury,0.002475,44,30-90 Days
SWPVS8M92T05VRX,2025-11-08,2026-01-29,JPY,INR,1508853.46,1.23851,1.240811,Treasury,2.30100000000011e-03,82,30-90 Days
SWPOLYGLNN67XF0,2026-01-04,2026-05-25,CAD,USD,1600892.55,1.453911,1.456092,Investment Banking,2.18099999999999e-03,141,90+ Days
SWPQSUNGSJEL84B,2026-02-11,2026-03-12,AUD,USD,1807752.18,1.094777,1.094708,Markets,-6.89999999998747e-05,29,0-30 Days
SWPN9QLK8HO0YVS,2026-01-31,2026-03-18,CHF,USD,2270714.61,1.039272,1.038342,Markets,-9.29999999999875e-04,46,30-90 Days
SWPN93DOOA7O0W6,2025-11-09,2026-03-31,GBP,JPY,1682652.04,0.929647,0.930879,Investment Banking,1.23200000000001e-03,142,90+ Days
SWPYC267XTPFGU3,2025-11-18,2025-12-27,INR,JPY,12825975.77,0.644374,0.645472,Markets,1.09800000000004e-03,39,30-90 Days
SWP2TVWU2CIZ3AS,2025-12-15,2026-05-05,USD,EUR,1026561.15,0.578667,0.578818,Investment Banking,1.51000000000012e-04,141,90+ Days
SWPETZF2PMHWJGR,2025-11-14,2026-03-20,JPY,CAD,7963545.86,0.894475,0.896151,Markets,1.67600000000001e-03,126,90+ Days
SWPT821Z5K0MKCX,2026-02-04,2026-03-14,INR,CAD,4962223.28,1.386745,1.382907,Markets,-3.83799999999979e-03,38,30-90 Days
SWPNUBNQOZVV61H,2025-12-13,2026-03-25,USD,INR,1706123.86,0.531795,0.5316,Markets,-1.95000000000056e-04,102,90+ Days
SWPPH3P8LOTJD1U,2026-02-13,2026-06-26,INR,EUR,4795509.69,0.591108,0.594298,Treasury,3.19000000000003e-03,133,90+ Days
SWPKXZUV582U0AR,2026-01-05,2026-02-27,CAD,JPY,3151231.75,0.550424,0.550821,Markets,3.96999999999981e-04,53,30-90 Days
SWP5YO482Y22EIV,2025-12-22,2026-05-14,JPY,EUR,3246440.6,1.228756,1.234793,Markets,6.03700000000007e-03,143,90+ Days
SWP4XG42NWGEFCB,2026-02-09,2026-06-24,USD,JPY,21630723.73,1.118999,1.116754,Treasury,-2.24500000000005e-03,135,90+ Days
SWPC3FFHLR24THN,2026-02-17,2026-02-25,USD,INR,1309961.08,1.491097,1.494137,Markets,3.04000000000015e-03,8,0-30 Days
SWP1BU3VCADOFOH,2026-01-29,2026-05-16,GBP,EUR,2546741.55,1.120028,1.120574,Markets,5.45999999999935e-04,107,90+ Days
SWPQ6YYLN9KM8EW,2025-11-09,2025-12-29,GBP,INR,6277534.94,0.775427,0.777978,Investment Banking,2.55099999999997e-03,50,30-90 Days
SWPUXULXR2QUQJV,2025-11-15,2026-04-27,USD,GBP,4397849.49,1.237085,1.236122,Markets,-9.63000000000047e-04,163,90+ Days
SWPX3V5GUF62CJK,2025-12-10,2026-04-16,AUD,CAD,951852.83,0.542924,0.544223,Investment Banking,1.29900000000005e-03,127,90+ Days
SWPX7YTOXP3N68P,2025-11-04,2025-12-22,JPY,AUD,4272574.22,0.853154,0.854531,Treasury,1.37700000000007e-03,48,30-90 Days
SWPRQ61TIGYZ9T9,2026-01-01,2026-02-01,USD,AUD,4812673.87,0.717933,0.720092,Treasury,2.15899999999991e-03,31,30-90 Days
SWPOCK000WKS7WP,2026-02-07,2026-03-06,USD,GBP,2893282.28,1.400028,1.403828,Investment Banking,3.80000000000003e-03,27,0-30 Days
SWPP2NO1RDXL5KT,2025-12-02,2026-05-13,INR,JPY,1170829.21,1.240756,1.239514,Treasury,-1.24199999999997e-03,162,90+ Days
SWPDH4CCNSQUY4I,2025-11-04,2026-04-15,AUD,USD,1121958.54,0.638904,0.637623,Investment Banking,-1.28099999999998e-03,162,90+ Days
SWPYNJ8AV14YL73,2025-12-01,2026-01-27,USD,EUR,819155.29,1.124311,1.123843,Markets,-4.68000000000135e-04,57,30-90 Days
SWP4YA0SDA7XGUV,2025-11-13,2026-03-31,CAD,USD,5098047.81,0.631531,0.631254,Treasury,-2.76999999999972e-04,138,90+ Days
SWPE8MJ95I1RUIO,2025-12-07,2026-03-05,USD,CAD,4437921.41,1.48102,1.487448,Treasury,6.4280000000001e-03,88,30-90 Days
SWPI9YXQRLAC3AH,2025-11-06,2026-04-19,EUR,AUD,7373641.21,1.315717,1.314206,Treasury,-1.51100000000004e-03,164,90+ Days
SWP6G53DG6TUGFS,2026-01-17,2026-02-04,EUR,INR,2399902.16,0.508376,0.5099,Investment Banking,1.52399999999997e-03,18,0-30 Days
SWPD628OMRN9HX3,2025-11-29,2026-03-08,CHF,EUR,854585.75,1.163268,1.166478,Investment Banking,3.20999999999994e-03,99,90+ Days
SWP1KIDJHJ1AJFA,2026-02-15,2026-05-13,CHF,AUD,11972546.62,1.128132,1.133561,Investment Banking,5.42900000000013e-03,87,30-90 Days
SWPNGIV0DRLR2TP,2025-11-03,2026-02-27,USD,INR,5183016.55,0.742607,0.743326,Markets,7.19000000000025e-04,116,90+ Days
SWPVJL2QE83QXM7,2025-12-11,2026-05-06,CHF,INR,3583448.01,0.640335,0.640827,Investment Banking,4.92000000000048e-04,146,90+ Days
SWPOKXPWUBE7LMA,2025-11-21,2026-04-12,AUD,CHF,3472429.07,1.362511,1.362314,Markets,-1.97000000000003e-04,142,90+ Days
SWPPQEP1T82GG7K,2026-01-02,2026-05-04,INR,CHF,6183817.3,0.622703,0.621196,Treasury,-1.50700000000004e-03,122,90+ Days
SWPD0K2WV9WJ42G,2025-12-16,2026-03-08,EUR,INR,5256456.9,1.297263,1.300116,Investment Banking,2.85299999999999e-03,82,30-90 Days
SWPDGJA4Z3I5UK7,2025-11-18,2026-04-25,JPY,EUR,4041183.2,0.707558,0.707539,Markets,-1.89999999999912e-05,158,90+ Days
SWPMLD2U869OCGW,2026-01-07,2026-06-29,GBP,AUD,929300.38,0.576613,0.579125,Markets,2.51199999999996e-03,173,90+ Days
SWPVPZT2DJ5LNSS,2026-02-19,2026-04-24,CAD,USD,2751523.85,0.81313,0.813178,Investment Banking,4.7999999999937e-05,64,30-90 Days
SWP0PWBN0N0ELPH,2025-12-11,2026-03-16,CAD,USD,7060462.63,0.695991,0.69889,Markets,2.89899999999998e-03,95,90+ Days
SWPYJWKHDT37CBU,2025-12-05,2026-05-21,USD,GBP,1974912.66,1.407537,1.405212,Markets,-2.32500000000013e-03,167,90+ Days
SWP6DX3PL5RPAI6,2025-11-27,2026-04-07,INR,CAD,6821981.43,1.219238,1.217552,Treasury,-1.68600000000008e-03,131,90+ Days
SWPCGPWMROXOD1Y,2025-11-29,2026-04-29,GBP,USD,1328364.63,1.268845,1.268661,Treasury,-1.83999999999962e-04,151,90+ Days
SWP2GWB55QUN55K,2026-02-17,2026-06-05,USD,CAD,18901179.9,0.745214,0.745777,Markets,5.6299999999998e-04,108,90+ Days
SWPJ4HE339GFVVX,2025-12-27,2026-02-15,CHF,CAD,2227192.04,1.233961,1.234462,Treasury,5.00999999999863e-04,50,30-90 Days
SWPQBGQH0Q2IMPZ,2025-12-06,2026-04-05,CAD,GBP,3228757.07,0.985106,0.986107,Markets,1.00099999999992e-03,120,90+ Days
SWPN64PZQ0APUS7,2026-01-04,2026-02-24,INR,JPY,3887940.47,0.782043,0.784136,Treasury,2.09300000000001e-03,51,30-90 Days
SWP6ZOZOMMKQ995,2025-10-26,2026-04-04,AUD,JPY,9528167.79,0.753231,0.755073,Markets,1.84200000000001e-03,160,90+ Days
SWPEXGDTDBPYF3J,2025-12-19,2026-05-10,CAD,USD,3464453.6,0.679681,0.680176,Investment Banking,4.95000000000023e-04,142,90+ Days
SWP1N247OC4KM0W,2026-02-10,2026-02-25,AUD,CAD,1826175.31,1.01885,1.020595,Treasury,1.74499999999989e-03,15,0-30 Days
SWPMHM7J8GCNHAM,2025-12-18,2026-01-01,EUR,JPY,10021821.86,0.804146,0.804873,Markets,7.26999999999922e-04,14,0-30 Days
SWP0UX33CFON5G2,2025-11-13,2026-01-01,JPY,CAD,3353703.96,0.580529,0.580925,Investment Banking,3.96000000000063e-04,49,30-90 Days
SWPVJNV0KPOOT6E,2025-12-07,2026-01-24,JPY,GBP,1319966.15,0.793814,0.79585,Markets,2.03599999999993e-03,48,30-90 Days
SWPEEYGCLMNMIU1,2026-02-09,2026-03-23,EUR,USD,8944742.54,0.75714,0.758147,Investment Banking,1.00699999999998e-03,42,30-90 Days
SWPEHEVFY6ZDYNE,2025-10-28,2026-01-28,USD,CAD,1044031.93,0.932068,0.934007,Markets,1.93900000000002e-03,92,90+ Days
SWP6DPV83PGRCLQ,2025-10-29,2026-04-22,AUD,EUR,4012085.95,0.658013,0.65738,Investment Banking,-6.32999999999995e-04,175,90+ Days
SWPPVAK148EH6SP,2025-12-08,2026-02-15,USD,JPY,4509678.48,1.127305,1.12859,Investment Banking,1.28499999999998e-03,69,30-90 Days
SWPUAWSY09T3SIV,2026-01-01,2026-03-10,INR,EUR,7687787.5,0.625656,0.625533,Investment Banking,-1.22999999999984e-04,68,30-90 Days
SWP2MOH3TW50W4Y,2025-12-27,2026-01-12,CAD,USD,4789007.95,0.593965,0.595762,Treasury,1.79700000000005e-03,16,0-30 Days
SWPPBFWUYB9KQK6,2025-10-27,2025-11-22,GBP,JPY,4758545.9,0.982762,0.984135,Investment Banking,1.37299999999996e-03,26,0-30 Days
SWP66LW2KSH6OO3,2025-12-17,2026-05-08,CHF,GBP,1402226.44,1.125163,1.12323,Markets,-1.93299999999996e-03,142,90+ Days
SWP69IFZ7UDZ1RX,2025-12-10,2026-01-26,CAD,EUR,4365265.67,0.782926,0.783894,Treasury,9.67999999999969e-04,47,30-90 Days
SWPKH2OG0B2KIRQ,2025-11-06,2026-02-16,USD,CAD,1100755.54,1.094162,1.092833,Markets,-1.32900000000014e-03,102,90+ Days
SWPIGKVQAGQSYZ8,2025-11-20,2026-02-24,AUD,GBP,5111701.3,0.779078,0.782323,Investment Banking,3.24499999999994e-03,96,90+ Days
SWPTLS9CJANR33F,2026-01-08,2026-02-01,CAD,GBP,1886350.57,0.975175,0.976059,Investment Banking,8.83999999999996e-04,24,0-30 Days
SWPARE98ND0B6TQ,2026-01-25,2026-06-06,AUD,JPY,4661434.52,0.542308,0.542681,Investment Banking,3.72999999999957e-04,132,90+ Days
SWPVLPTP34GF063,2026-02-10,2026-06-02,JPY,USD,2956450.14,0.653989,0.654891,Markets,9.01999999999958e-04,112,90+ Days
SWPQK0I3U5S2JL9,2026-01-29,2026-03-10,AUD,EUR,1501420.39,0.707218,0.708365,Markets,1.14700000000001e-03,40,30-90 Days
SWP9EN0BRFVH365,2025-12-07,2026-04-26,USD,GBP,2546020.07,0.594181,0.597145,Treasury,2.96400000000008e-03,140,90+ Days
SWPUMB8K89C4TG3,2025-11-16,2026-04-19,CHF,GBP,10339652.26,0.640293,0.640463,Markets,1.70000000000003e-04,154,90+ Days
SWPZQPWQ8YWBE3R,2025-12-18,2026-04-21,INR,AUD,914607.6,1.211666,1.21189,Treasury,2.24000000000002e-04,124,90+ Days
SWPX203DCNM4VTE,2026-01-30,2026-03-03,USD,JPY,1911977.58,0.976408,0.979251,Treasury,2.84299999999993e-03,32,30-90 Days
SWPCF13DZB7TQCH,2025-11-27,2026-04-17,CAD,CHF,3830399.76,0.677623,0.679012,Treasury,1.38899999999997e-03,141,90+ Days
SWPGCFC20U8BIAO,2026-02-07,2026-04-03,JPY,CAD,4533963.89,1.337728,1.337586,Investment Banking,-1.42000000000087e-04,55,30-90 Days
SWPF7NRJRMCARJ4,2025-12-28,2026-02-26,AUD,CHF,2658166.17,1.258871,1.25807,Markets,-8.01000000000052e-04,60,30-90 Days
SWPV2RZRAWOJVQ7,2025-12-09,2026-04-22,CAD,EUR,1980294.23,1.197812,1.198599,Treasury,7.86999999999871e-04,134,90+ Days
SWP10SOHG6ZAHI1,2025-11-19,2025-12-16,AUD,USD,15846428.71,1.359796,1.361652,Markets,1.85600000000008e-03,27,0-30 Days
SWPNDPTGZUU4V77,2026-01-22,2026-06-04,GBP,AUD,12207305.21,1.382483,1.383314,Markets,8.31000000000026e-04,133,90+ Days
SWPMU5S86BK1MB2,2025-12-07,2026-03-18,GBP,CAD,1649276.13,1.247103,1.249957,Investment Banking,2.85399999999991e-03,101,90+ Days
SWPW047V5WYNB33,2025-11-05,2025-11-26,INR,JPY,1467134.08,0.670266,0.671565,Markets,1.29899999999994e-03,21,0-30 Days
SWPEUD1URVG6BIU,2026-02-13,2026-03-12,INR,GBP,7968208.14,1.035482,1.034891,Treasury,-5.91000000000008e-04,27,0-30 Days
SWPK2RLSIRUFQRU,2026-01-22,2026-04-19,INR,CAD,3402213.16,1.108455,1.107883,Treasury,-5.72000000000017e-04,87,30-90 Days
SWP5VQK2GJ4YHAJ,2025-12-12,2026-05-19,AUD,USD,2932291.59,1.489761,1.494586,Treasury,4.82500000000008e-03,158,90+ Days
SWPHXD2I4BGLC6I,2026-01-30,2026-06-28,JPY,CHF,3964945.47,0.616076,0.614984,Investment Banking,-1.09199999999998e-03,149,90+ Days
SWPZ5B8XFIAMNRU,2026-01-14,2026-06-29,EUR,USD,1044955.63,0.985674,0.986946,Treasury,1.27199999999994e-03,166,90+ Days
SWPE4GA4AG9AWYJ,2026-02-21,2026-04-13,JPY,AUD,2474811.59,0.911573,0.910455,Investment Banking,-1.11799999999995e-03,51,30-90 Days
SWPVF5637GR7ESB,2026-01-03,2026-05-09,EUR,JPY,1962065.89,1.159799,1.160662,Treasury,8.63000000000058e-04,126,90+ Days
SWP6RXK9SCK10YS,2025-11-04,2026-02-24,JPY,EUR,3391560.79,0.786778,0.7869,Investment Banking,1.22000000000066e-04,112,90+ Days
SWPI07A18O8K2SU,2025-11-19,2026-03-25,JPY,AUD,5312230.26,0.939003,0.941322,Markets,2.31899999999996e-03,126,90+ Days
SWPT9MNGJ0DXOX5,2026-01-12,2026-06-13,GBP,USD,1516453.9,1.434264,1.436079,Investment Banking,1.81500000000012e-03,152,90+ Days
SWPA9HIBDSU8OEE,2026-02-16,2026-06-16,CAD,USD,4719386.71,0.901383,0.904148,Markets,2.76499999999991e-03,120,90+ Days
SWPJE5EF6VHCG8M,2025-11-14,2026-02-16,USD,CHF,1358733.01,1.099496,1.099004,Treasury,-4.91999999999937e-04,94,90+ Days
SWPRP0F7SG21YYJ,2025-11-19,2026-04-29,GBP,CAD,12595847.13,1.392564,1.396586,Markets,4.02200000000019e-03,161,90+ Days
SWPJKRTNPTI7AVX,2025-12-01,2026-01-20,CAD,GBP,1301164.4,0.63917,0.638167,Markets,-1.00299999999998e-03,50,30-90 Days
SWP2SXQ2KQSXEXP,2026-02-14,2026-06-03,AUD,JPY,4991268.46,0.525897,0.526204,Markets,3.07000000000057e-04,109,90+ Days
SWP5R6MBWV5G5F3,2025-11-09,2026-04-09,CAD,EUR,2467104.78,0.602683,0.599678,Investment Banking,-3.00499999999992e-03,151,90+ Days
SWPTQIUATD2SUAC,2026-01-24,2026-07-22,JPY,EUR,5472191.81,1.350048,1.353031,Markets,2.98300000000018e-03,179,90+ Days
SWPR277QXX9KXS1,2026-01-28,2026-03-02,CAD,AUD,795549.05,1.432282,1.437324,Treasury,5.04199999999999e-03,33,30-90 Days
SWP1JD9BRJ79EN1,2026-02-09,2026-04-29,INR,AUD,2839985.8,1.169548,1.16693,Treasury,-2.61800000000001e-03,79,30-90 Days
SWP0V6QNT0AQ9EB,2025-12-01,2026-03-13,AUD,EUR,4219585.9,1.399016,1.401011,Treasury,1.99499999999997e-03,102,90+ Days
SWPXBMGIFTZIAW4,2026-02-20,2026-04-27,INR,EUR,2901641.66,0.846117,0.846958,Investment Banking,8.40999999999981e-04,66,30-90 Days
SWP3W2Y7BXPZNZS,2026-01-10,2026-03-26,AUD,INR,3197611.3,1.024593,1.023723,Treasury,-8.70000000000148e-04,75,30-90 Days
SWP8PRLADM1EG6O,2026-01-17,2026-02-14,INR,CHF,3759474.88,1.287889,1.285281,Markets,-2.60800000000017e-03,28,0-30 Days
SWPE2CKF5VISYUS,2025-12-26,2026-02-05,EUR,AUD,975553.24,1.4565,1.45533,Treasury,-1.16999999999989e-03,41,30-90 Days
SWP0Q82UAQSU8YV,2026-02-03,2026-03-22,USD,GBP,1282616.73,0.901406,0.90536,Markets,3.95400000000001e-03,47,30-90 Days
SWPAZCX27MFY8D1,2025-12-07,2026-03-22,GBP,USD,6595029.0,0.783884,0.784916,Treasury,1.03199999999992e-03,105,90+ Days
SWPEH3L0CO1KHYB,2026-01-04,2026-01-15,INR,CAD,3665137.64,1.379904,1.381538,Markets,1.63399999999991e-03,11,0-30 Days
SWPDVZ8TZI6BUU5,2025-12-19,2026-04-21,GBP,AUD,1850222.36,0.743657,0.742718,Investment Banking,-9.39000000000023e-04,123,90+ Days
SWPB3E51N0YMMMQ,2026-02-10,2026-07-11,USD,AUD,3669384.09,0.95687,0.953771,Investment Banking,-3.09899999999996e-03,151,90+ Days
SWPZW1ICNHC1OEW,2026-01-29,2026-05-31,CHF,JPY,1718629.45,1.372419,1.378106,Treasury,0.005687,122,90+ Days
SWPE5AM37MPRCQG,2025-11-10,2026-03-12,JPY,GBP,1735273.42,1.333869,1.336542,Investment Banking,2.67299999999993e-03,122,90+ Days
SWPVJ24LVSAZX9X,2026-01-04,2026-01-31,JPY,USD,10946529.63,0.659653,0.660822,Markets,1.16899999999998e-03,27,0-30 Days
SWPFGNZAZY686VG,2025-12-19,2026-04-30,JPY,CAD,5889202.68,1.014224,1.010362,Treasury,-3.86200000000003e-03,132,90+ Days
SWPEQR9N7J7TKQ8,2026-02-16,2026-07-03,USD,AUD,3385638.19,0.549637,0.54975,Treasury,1.12999999999919e-04,137,90+ Days
SWP763E0CJSBPYN,2026-02-13,2026-03-29,INR,CAD,1190917.24,1.412666,1.416195,Investment Banking,3.52900000000012e-03,44,30-90 Days
SWPO5X24CFAPYJ0,2025-11-05,2026-03-22,CAD,INR,7441454.21,1.060287,1.058066,Treasury,-2.22100000000003e-03,137,90+ Days
SWP8741IKH1HDH7,2025-10-26,2026-04-01,JPY,INR,10270957.0,0.949459,0.949221,Markets,-2.38000000000071e-04,157,90+ Days
SWPP7VLYII3HQAU,2026-01-05,2026-04-25,GBP,INR,2189753.46,0.784827,0.785572,Treasury,7.44999999999996e-04,110,90+ Days
SWPO11UI6Q462A6,2025-11-28,2026-03-15,USD,CHF,2352900.6,1.194579,1.197474,Treasury,2.89499999999987e-03,107,90+ Days
SWPVF57WRKHEMNB,2025-12-08,2025-12-23,JPY,USD,1820754.52,0.615841,0.618161,Treasury,2.31999999999999e-03,15,0-30 Days
SWP2ZWRV4R5WJHI,2026-01-11,2026-03-08,JPY,GBP,1855342.52,1.469507,1.475087,Investment Banking,5.58000000000014e-03,56,30-90 Days
SWPHZKYW8T1T474,2025-11-07,2026-02-26,CHF,INR,5885388.03,1.192043,1.19324,Markets,1.19700000000011e-03,111,90+ Days
SWPAKQCU8QX6WCQ,2025-12-31,2026-01-15,INR,CHF,1822598.0,1.089996,1.089986,Investment Banking,-1.00000000000655e-05,15,0-30 Days
SWP80CAWM2AIJEQ,2026-02-18,2026-05-01,CHF,AUD,16201042.05,1.13294,1.129971,Markets,-0.002969,72,30-90 Days
SWPSX4RTLM0E8YP,2025-11-27,2026-04-09,JPY,USD,1423158.19,1.200529,1.203679,Investment Banking,3.14999999999999e-03,133,90+ Days
SWPGELPCNRYG8A7,2025-12-12,2026-01-02,EUR,CHF,3233008.37,0.687879,0.687171,Treasury,-7.08000000000042e-04,21,0-30 Days
SWPBJD99WVUBOSX,2026-01-27,2026-02-10,CAD,JPY,9444439.32,1.017212,1.018092,Markets,8.79999999999992e-04,14,0-30 Days
SWPLCINO7C0WSLP,2025-12-08,2026-05-18,AUD,JPY,1546624.07,0.827933,0.828157,Investment Banking,2.24000000000002e-04,161,90+ Days
SWPYNA2SZRZWT9R,2025-11-30,2026-01-02,USD,CAD,2343856.82,1.356837,1.354928,Markets,-1.90900000000016e-03,33,30-90 Days
SWPPE70F1D2C6WX,2026-02-19,2026-04-17,JPY,CHF,6321897.15,1.388474,1.397458,Markets,8.9840000000001e-03,57,30-90 Days
SWPVBN7KQXM1NOV,2026-01-18,2026-04-22,AUD,CHF,607619.43,0.803527,0.804647,Markets,1.12000000000001e-03,94,90+ Days
SWPW6YZVW9QPMHQ,2026-01-08,2026-06-18,CAD,JPY,3594555.5,0.661761,0.662486,Treasury,7.24999999999976e-04,161,90+ Days
SWPGOHKQDM5H474,2026-01-02,2026-01-11,CHF,EUR,1408344.12,0.546677,0.546272,Markets,-4.04999999999989e-04,9,0-30 Days
SWPQU6D4SHZRW0F,2025-11-21,2026-01-14,INR,AUD,1492242.76,0.510287,0.510684,Markets,3.96999999999981e-04,54,30-90 Days
SWP6XRCEZTAJUQM,2025-11-23,2026-03-03,EUR,CAD,1118534.25,0.864635,0.864092,Investment Banking,-5.43000000000071e-04,100,90+ Days
SWPDJISLF5W1TSP,2026-01-19,2026-02-25,JPY,CHF,13306383.0,1.246583,1.247134,Investment Banking,5.50999999999968e-04,37,30-90 Days
SWP65MPZAK84H3C,2025-12-29,2026-06-12,GBP,JPY,7223289.86,0.710205,0.711529,Treasury,1.32399999999999e-03,165,90+ Days
SWPJ49AA9UAUUL3,2025-12-26,2026-04-19,INR,JPY,3930781.11,0.848823,0.850008,Markets,1.18499999999999e-03,114,90+ Days
SWP0JVUQHK0RZRH,2026-02-13,2026-05-14,JPY,INR,7840684.67,0.500599,0.501187,Treasury,5.88000000000033e-04,90,30-90 Days
SWPD57QXULEMPOP,2026-01-05,2026-05-18,EUR,GBP,4550114.56,1.424415,1.424301,Investment Banking,-1.13999999999947e-04,133,90+ Days
SWPGMH6DHXU8N6R,2026-01-27,2026-04-09,USD,AUD,1415784.22,0.841157,0.843894,Treasury,2.73699999999999e-03,72,30-90 Days
SWPF1WR2UJTNVOF,2025-11-27,2025-12-21,CAD,INR,1731881.11,1.038521,1.041439,Markets,2.91799999999998e-03,24,0-30 Days
SWP3YROKSHNPFZE,2026-01-20,2026-04-14,CAD,CHF,6141519.82,1.153917,1.156604,Investment Banking,2.68699999999988e-03,84,30-90 Days
SWPFA1JVHEDUL7J,2026-02-11,2026-08-01,AUD,EUR,2251558.82,1.113585,1.113749,Investment Banking,1.64000000000053e-04,171,90+ Days
SWPLIHG4LKZ4IE8,2026-02-08,2026-05-07,INR,EUR,8301826.68,1.287323,1.288629,Investment Banking,1.30600000000003e-03,88,30-90 Days
SWPIDDNX9YOP6H2,2026-01-24,2026-06-02,USD,EUR,1568207.97,1.487148,1.491725,Markets,4.57700000000005e-03,129,90+ Days
SWPWKKZVJZ5W19N,2026-01-25,2026-04-24,JPY,EUR,11106227.99,1.169713,1.169663,Treasury,-5.00000000001055e-05,89,30-90 Days
SWPY2RTABMKVCJC,2025-10-27,2025-12-04,CAD,EUR,2401742.52,0.744317,0.743191,Investment Banking,-1.12599999999996e-03,38,30-90 Days
SWPUCKL924Z6JND,2025-10-31,2026-01-03,INR,EUR,4459836.27,0.611815,0.611386,Investment Banking,-4.29000000000013e-04,64,30-90 Days
SWPEEFXA9SQ1QQ7,2025-12-22,2026-03-11,CAD,EUR,5534999.52,1.021436,1.025501,Investment Banking,4.06499999999999e-03,79,30-90 Days
SWPMSOLC627JJG3,2026-02-04,2026-07-07,CAD,JPY,1417083.41,1.275408,1.275161,Treasury,-2.47000000000108e-04,153,90+ Days
SWP9K2UHCU1LSL2,2025-11-29,2025-12-14,EUR,GBP,4492397.21,1.043362,1.044147,Treasury,7.85000000000036e-04,15,0-30 Days
SWPWEOABWL6CAL1,2026-02-03,2026-05-09,INR,GBP,3264619.26,1.245593,1.246914,Markets,1.32100000000013e-03,95,90+ Days
SWPDQOFX0RGXRHR,2025-11-05,2026-03-02,EUR,CAD,1972418.34,1.401469,1.405381,Investment Banking,3.91199999999992e-03,117,90+ Days
SWPE82FSSOOGDZC,2025-11-11,2025-12-25,JPY,AUD,695489.64,1.052259,1.053632,Investment Banking,1.37299999999985e-03,44,30-90 Days
SWPBTCOWAL1G2GQ,2025-11-08,2026-02-14,USD,CAD,1132361.9,0.833404,0.834013,Treasury,6.08999999999971e-04,98,90+ Days
SWP3L1GKMPA66XX,2025-11-12,2026-02-02,AUD,EUR,965509.16,0.924902,0.927637,Investment Banking,2.73500000000004e-03,82,30-90 Days
SWPB8IFP2GQPUHU,2026-01-31,2026-04-16,JPY,INR,12303598.01,0.628328,0.627141,Markets,-1.18700000000005e-03,75,30-90 Days
SWPZ0T77D79AJWS,2025-12-10,2026-02-04,JPY,GBP,1029557.98,0.509802,0.510574,Markets,7.71999999999995e-04,56,30-90 Days
SWPP9ISBFZT1XBM,2026-02-11,2026-08-08,JPY,INR,6932659.22,0.849111,0.850781,Investment Banking,1.67000000000006e-03,178,90+ Days
SWPXVWE5H7NITSP,2026-01-18,2026-03-20,USD,JPY,1840654.9,0.656636,0.657263,Markets,6.27000000000044e-04,61,30-90 Days
SWPQN5ZGGKK7B95,2026-02-05,2026-03-04,EUR,GBP,3226115.08,0.937823,0.93728,Markets,-5.4299999999996e-04,27,0-30 Days
SWPZ7BDWJLYI1NI,2026-02-12,2026-05-03,CAD,AUD,1781779.5,0.796799,0.796869,Markets,7.00000000000145e-05,80,30-90 Days
SWPOVQE9VCYJZ5V,2025-12-19,2026-03-01,USD,INR,16919417.35,1.247096,1.245108,Investment Banking,-1.98799999999988e-03,72,30-90 Days
SWPSQEBPMRI4Y0C,2026-02-01,2026-03-27,JPY,INR,9467672.39,0.985786,0.987606,Investment Banking,1.81999999999993e-03,54,30-90 Days
SWP3F35BQE90M7Q,2025-11-11,2025-11-27,INR,GBP,1430621.27,1.057132,1.054961,Treasury,-2.17099999999992e-03,16,0-30 Days
SWP6EESLD2UW2W2,2025-12-13,2026-03-26,AUD,CHF,1543369.13,1.229409,1.237108,Markets,7.69900000000012e-03,103,90+ Days
SWPNKZJPUJNEZAR,2025-11-08,2026-04-19,USD,EUR,5767765.32,0.783686,0.782959,Treasury,-7.27000000000033e-04,162,90+ Days
SWP0Q1ANTW4RWU2,2025-11-10,2026-03-25,USD,JPY,9574517.81,0.897566,0.898666,Markets,1.09999999999999e-03,135,90+ Days
SWP62X9ZW1JD5XM,2025-11-21,2026-05-08,CHF,CAD,1977784.15,0.597849,0.600007,Treasury,2.15799999999999e-03,168,90+ Days
SWPX4JA8NC8PADQ,2026-01-14,2026-05-12,CHF,AUD,1399305.71,0.936682,0.937753,Investment Banking,1.07099999999993e-03,118,90+ Days
SWP15YY2FYD6SUN,2026-01-25,2026-04-26,CHF,USD,861433.2,0.599339,0.599673,Investment Banking,3.34000000000056e-04,91,90+ Days
SWPBD7UXF5TBDD9,2025-12-02,2026-01-29,CHF,CAD,9289073.8,0.731469,0.733776,Treasury,2.30699999999995e-03,58,30-90 Days
SWPJQSNBF3KGHUL,2025-12-17,2026-04-19,USD,INR,1134035.52,0.796398,0.794405,Markets,-1.99300000000002e-03,123,90+ Days
SWPU9SH53E8EE0N,2026-01-23,2026-02-23,CHF,USD,1692994.95,1.197557,1.19774,Markets,1.83000000000044e-04,31,30-90 Days
SWP5501OC1RIE3K,2025-11-14,2026-01-27,JPY,CHF,2337940.91,0.546991,0.549327,Markets,0.002336,74,30-90 Days
SWP6NHXMJJQV35S,2026-01-18,2026-04-04,EUR,AUD,961396.54,1.284389,1.282317,Treasury,-2.07200000000007e-03,76,30-90 Days
SWPWES4HQWEQQB6,2025-12-07,2026-02-15,JPY,INR,1544480.42,0.839677,0.841721,Investment Banking,2.04400000000005e-03,70,30-90 Days
SWPYFS28Z100GQ5,2025-11-02,2026-02-27,INR,EUR,1913204.73,1.393577,1.399376,Treasury,5.79899999999989e-03,117,90+ Days
SWPTMPH5Y8UC79W,2026-01-02,2026-05-10,GBP,INR,1369631.77,0.989035,0.990092,Treasury,1.05699999999997e-03,128,90+ Days
SWP8I9TK3K0EWSE,2026-02-13,2026-07-28,AUD,CAD,15602982.96,0.767107,0.766974,Treasury,-1.32999999999939e-04,165,90+ Days
SWPO1OK8HAGUZ88,2026-02-09,2026-07-14,EUR,AUD,2981456.17,1.17718,1.182134,Treasury,4.95400000000012e-03,155,90+ Days
SWPANYSURUVG74R,2025-12-23,2026-05-20,CAD,GBP,5935029.29,1.497248,1.50003,Treasury,2.78200000000006e-03,148,90+ Days
SWPSSGTN2A4AW33,2026-01-18,2026-07-12,GBP,INR,7361577.6,0.745353,0.748994,Markets,3.64100000000001e-03,175,90+ Days
SWPT42UNVELMP8Z,2026-01-10,2026-05-12,AUD,CAD,1070416.58,1.232449,1.233871,Investment Banking,1.42200000000003e-03,122,90+ Days
SWPTI670V3NLLB2,2026-01-19,2026-06-05,GBP,AUD,846764.26,0.962454,0.96395,Markets,1.49599999999994e-03,137,90+ Days
SWPHL0Q6938HDUO,2025-12-15,2026-01-25,GBP,USD,10947968.91,1.409056,1.411381,Treasury,2.32499999999991e-03,41,30-90 Days
SWP5AC3T5JXGVTF,2025-12-04,2026-01-09,AUD,CHF,6654654.69,1.229707,1.232623,Treasury,2.91599999999992e-03,36,30-90 Days
SWPODJC9GDTTYRP,2025-11-28,2025-12-20,CAD,INR,4895358.11,1.360635,1.363621,Treasury,2.98599999999993e-03,22,0-30 Days
SWPUPETG6F0W1UN,2025-11-21,2026-03-25,CAD,AUD,3396958.94,1.019122,1.015567,Treasury,-3.55499999999997e-03,124,90+ Days
SWPB1NUNIBGI0GZ,2025-11-04,2026-04-09,INR,AUD,8027884.47,0.993245,0.9921,Treasury,-1.14500000000006e-03,156,90+ Days
SWPLHE79YAIAJX9,2026-02-03,2026-06-10,EUR,INR,5884386.54,0.723218,0.72568,Markets,2.46199999999996e-03,127,90+ Days
SWPN3JJW60S8TJP,2025-12-07,2026-05-25,INR,CHF,6852611.36,1.099753,1.105003,Investment Banking,5.24999999999998e-03,169,90+ Days
SWPYWQIP4ZCYUJN,2026-01-13,2026-03-12,USD,AUD,4566651.97,0.505353,0.506258,Investment Banking,9.04999999999934e-04,58,30-90 Days
SWP0R1Y0AHMAZF8,2026-01-04,2026-06-06,INR,EUR,1285697.38,0.986355,0.985892,Investment Banking,-4.62999999999991e-04,153,90+ Days
SWPZ888STK6D6Y6,2025-11-04,2026-03-02,JPY,CAD,1352296.53,0.927115,0.92869,Treasury,1.57499999999999e-03,118,90+ Days
SWPUNQI8XW43K67,2025-11-27,2026-02-28,CHF,INR,14214693.53,0.651826,0.653312,Treasury,1.48599999999999e-03,93,90+ Days
SWP783E7B2TFMJH,2026-01-11,2026-03-17,GBP,AUD,2773430.23,1.335815,1.339338,Investment Banking,3.52299999999994e-03,65,30-90 Days
SWP8O0U68EIO2PL,2026-01-19,2026-02-19,INR,EUR,6314230.51,1.152958,1.158408,Treasury,5.45000000000018e-03,31,30-90 Days
SWPGT63QHMMZM9J,2025-12-13,2025-12-21,INR,CAD,893621.61,0.736715,0.736055,Markets,-6.59999999999994e-04,8,0-30 Days
SWP9V89MH8J9FPJ,2026-01-18,2026-04-20,GBP,EUR,3872332.97,0.913592,0.913713,Investment Banking,1.21000000000038e-04,92,90+ Days
SWP1RCC3RNE7TAP,2026-01-11,2026-07-08,JPY,USD,5648509.21,0.545767,0.54916,Investment Banking,3.39299999999998e-03,178,90+ Days
SWPA9A9QHGT4V4E,2025-12-23,2026-02-25,INR,CHF,4958735.02,0.887456,0.887103,Markets,-3.53000000000048e-04,64,30-90 Days
SWPGTV2WH4DMAFP,2026-01-10,2026-05-03,INR,AUD,1265881.31,1.490938,1.488446,Investment Banking,-2.49200000000016e-03,113,90+ Days
SWP20MOBXHYVH3F,2026-02-05,2026-06-07,CAD,AUD,5121812.48,0.89333,0.893391,Investment Banking,6.10000000000888e-05,122,90+ Days
SWPM4GHWWMTSZUO,2025-11-26,2025-12-15,EUR,JPY,2773770.01,0.956257,0.955959,Investment Banking,-2.9800000000002e-04,19,0-30 Days
SWPALYPSFDU1UT6,2025-12-28,2026-01-17,GBP,INR,2901211.24,1.470274,1.468071,Investment Banking,-2.20300000000018e-03,20,0-30 Days
SWPYMLWU5MTQ8LE,2026-02-01,2026-07-11,EUR,INR,1476833.78,0.765739,0.768907,Markets,3.16800000000006e-03,160,90+ Days
SWPTEEE9OKFZU5A,2025-10-26,2026-03-19,JPY,EUR,2032441.42,1.213642,1.213308,Treasury,-3.34000000000056e-04,144,90+ Days
SWP2QVQ22KG1DD8,2025-11-10,2026-04-13,INR,JPY,1855785.75,1.413296,1.408817,Markets,-4.47900000000012e-03,154,90+ Days
SWPPEV4P0XS9GY0,2025-11-24,2026-04-21,USD,CAD,3592309.86,1.126121,1.129389,Markets,3.26800000000005e-03,148,90+ Days
SWPXMTI2QTYLBWB,2026-02-22,2026-06-26,USD,INR,2731356.09,0.658478,0.657305,Investment Banking,-1.17299999999998e-03,124,90+ Days
SWPY083C88E37DR,2025-11-29,2026-05-26,GBP,CAD,2850711.58,0.606591,0.606774,Markets,1.83000000000044e-04,178,90+ Days
SWPDIX8XC72FNSE,2025-12-15,2026-01-12,EUR,CHF,6238034.51,1.102561,1.102662,Treasury,1.01000000000129e-04,28,0-30 Days
SWP911N691IT4OO,2026-01-04,2026-01-19,CHF,INR,2196548.15,1.132881,1.133207,Treasury,3.26000000000048e-04,15,0-30 Days
SWPI0L2ASFGEYJL,2026-02-20,2026-07-31,GBP,USD,7013773.38,1.175853,1.180245,Markets,4.39199999999995e-03,161,90+ Days
SWP8ZXX4UVE968K,2026-01-13,2026-06-08,USD,GBP,3181594.72,1.097481,1.09908,Treasury,1.59900000000013e-03,146,90+ Days
SWPYI4N8INIYRTA,2025-12-31,2026-06-12,CHF,CAD,2398848.11,0.772762,0.776628,Markets,3.86600000000004e-03,163,90+ Days
SWPEB9Z9QEFSE6M,2025-12-04,2026-06-02,GBP,EUR,893319.48,0.500057,0.499307,Markets,-7.49999999999973e-04,180,90+ Days
SWPEXZ5FUI3YXJU,2026-01-31,2026-04-01,CHF,INR,2373073.22,0.510557,0.510791,Markets,2.33999999999956e-04,60,30-90 Days
SWPT3SYBZ75KNL9,2025-12-06,2026-02-20,CAD,GBP,3541678.82,0.638624,0.64147,Treasury,2.84600000000002e-03,76,30-90 Days
SWPGP73F77ZV00F,2025-12-02,2026-04-09,CHF,USD,7561846.55,0.576977,0.575487,Markets,-1.48999999999999e-03,128,90+ Days
SWPSUZS9FE07L86,2026-01-23,2026-07-22,JPY,USD,2350926.83,0.990558,0.992818,Investment Banking,2.25999999999993e-03,180,90+ Days
SWP91EZXX752E3Q,2025-12-30,2026-03-01,JPY,EUR,2183780.51,0.952367,0.954145,Investment Banking,1.77800000000006e-03,61,30-90 Days
SWPK9LRZQ41FTLN,2025-11-27,2026-04-09,GBP,EUR,2964235.22,1.251828,1.25758,Treasury,5.75199999999998e-03,133,90+ Days
SWPXY2G1ZRUGIRQ,2026-02-13,2026-02-22,EUR,AUD,8158910.59,1.10208,1.104722,Investment Banking,2.64200000000003e-03,9,0-30 Days
SWPEB38AMY1VZ5P,2026-01-24,2026-05-02,JPY,INR,5878770.91,1.331135,1.332821,Investment Banking,1.68600000000008e-03,98,90+ Days
SWPB2TJPJHDFIS8,2026-02-14,2026-06-15,JPY,CHF,2461927.12,1.088428,1.089379,Markets,9.51000000000146e-04,121,90+ Days
SWPNVEKYMGYJYG0,2025-11-18,2026-04-18,JPY,CHF,1191791.94,1.008718,1.008383,Treasury,-3.34999999999974e-04,151,90+ Days
SWPJA7EGWDEHMNT,2025-11-08,2026-05-07,USD,AUD,2952531.82,0.866298,0.867924,Treasury,1.62600000000002e-03,180,90+ Days
SWPNSEAQ0BQLDKS,2026-02-01,2026-04-10,GBP,USD,1373585.2,1.087524,1.086138,Markets,-1.38599999999989e-03,68,30-90 Days
SWPI9ERL2S8GADX,2025-11-12,2026-03-22,JPY,AUD,4483567.27,1.346876,1.350857,Treasury,3.98100000000001e-03,130,90+ Days
SWPCD8FET3Y3RDU,2026-02-18,2026-06-07,JPY,CHF,6094074.4,1.143656,1.14438,Markets,7.23999999999947e-04,109,90+ Days
SWPTGDFTAWMEB08,2025-11-30,2026-01-19,CHF,GBP,1479259.99,1.342475,1.345209,Markets,2.73400000000001e-03,50,30-90 Days
SWPN6RS02TL3650,2025-11-01,2025-12-02,CHF,USD,3778418.84,0.863767,0.867593,Markets,0.003826,31,30-90 Days
SWPOTYNPU0VY23C,2025-12-01,2026-01-10,CHF,GBP,2979414.01,1.064456,1.066638,Treasury,2.18199999999991e-03,40,30-90 Days
SWP0WIXTLV8TUMO,2026-01-03,2026-06-30,USD,CAD,2897613.41,1.261729,1.267685,Treasury,5.95599999999985e-03,178,90+ Days
SWPJEXPUJC6U4QH,2025-11-16,2026-03-13,CAD,INR,2599274.91,0.52697,0.528084,Investment Banking,1.11399999999995e-03,117,90+ Days
SWPM7VETBOI1M1B,2026-01-23,2026-02-15,GBP,USD,2579517.48,0.996391,0.99815,Investment Banking,1.75899999999996e-03,23,0-30 Days
SWPIGXGCPAT17Z7,2026-01-29,2026-05-10,AUD,GBP,1820799.5,1.415438,1.415851,Treasury,4.12999999999997e-04,101,90+ Days
SWP6WP89V7Q64G2,2025-12-13,2026-04-16,AUD,USD,3349758.24,1.109766,1.110677,Investment Banking,9.10999999999884e-04,124,90+ Days
SWPGU5WGC4G3V2X,2025-12-02,2026-03-27,INR,USD,652303.33,1.412093,1.408914,Markets,-3.17900000000004e-03,115,90+ Days
SWPZN8066E7DP0B,2025-11-10,2026-01-22,USD,CAD,5812261.28,0.585534,0.589057,Investment Banking,3.52300000000005e-03,73,30-90 Days
SWPZCOQZLEJVU7T,2026-01-04,2026-02-02,JPY,AUD,1293458.89,0.957054,0.957133,Treasury,7.90000000000513e-05,29,0-30 Days
SWP1TK4NV8OXU4S,2026-01-20,2026-05-10,GBP,CAD,2690087.91,1.109177,1.112781,Investment Banking,3.60399999999994e-03,110,90+ Days
SWPRU5VUDKVCXBH,2026-01-25,2026-05-20,EUR,CHF,2624746.38,0.712646,0.713947,Treasury,0.001301,115,90+ Days
SWPFK83ZG0U1CZJ,2025-12-11,2026-05-01,INR,CHF,10826733.3,0.968146,0.966745,Markets,-1.40099999999999e-03,141,90+ Days
SWPG9YKQXT8SE29,2025-12-26,2026-05-15,CHF,AUD,9168292.53,0.875302,0.876425,Markets,1.12299999999999e-03,140,90+ Days
SWP837OOUHLYWDZ,2025-12-12,2026-01-31,GBP,EUR,2054668.81,0.538859,0.538696,Treasury,-1.63000000000024e-04,50,30-90 Days
SWP2Q15RPR25FRD,2025-10-27,2026-01-02,GBP,CHF,1274261.77,1.03689,1.037447,Treasury,5.56999999999919e-04,67,30-90 Days
SWPJ5EVQJK9YEE8,2026-02-04,2026-04-05,JPY,AUD,1382921.96,0.694701,0.694008,Markets,-6.93000000000055e-04,60,30-90 Days
SWP3GTRI7IT13X5,2025-11-17,2026-03-19,CAD,USD,2235977.91,0.72737,0.727089,Markets,-2.80999999999976e-04,122,90+ Days
SWPCK5D6R26CNDR,2026-01-12,2026-05-19,AUD,JPY,1891464.42,1.273233,1.27785,Treasury,4.61699999999987e-03,127,90+ Days
SWPB3XKP8M2JF2W,2026-02-10,2026-08-07,GBP,USD,868609.37,0.562897,0.562146,Investment Banking,-7.50999999999946e-04,178,90+ Days
SWPPOM0WX965TIR,2025-10-30,2026-01-13,CAD,CHF,5440765.85,0.512764,0.513225,Markets,4.61000000000045e-04,75,30-90 Days
SWP1BBKZ93U56MK,2025-11-30,2026-03-21,JPY,EUR,13903651.86,1.487853,1.485355,Investment Banking,-2.49800000000011e-03,111,90+ Days
SWPUS2COE542GUE,2025-11-28,2026-02-18,GBP,CAD,3726283.7,1.332475,1.337223,Investment Banking,4.74799999999997e-03,82,30-90 Days
SWPJ81VUPUNRCND,2025-11-29,2026-04-29,USD,GBP,1088226.96,1.005791,1.01047,Treasury,4.67899999999988e-03,151,90+ Days
SWP0D49RWJOTWLX,2025-10-31,2026-02-28,CAD,JPY,2120617.14,1.25636,1.257325,Investment Banking,9.65000000000105e-04,120,90+ Days
SWP8VN1J8LYGB4U,2025-12-18,2026-01-30,USD,JPY,6664988.21,0.66875,0.669457,Investment Banking,7.07000000000013e-04,43,30-90 Days
SWPGLEE513YMLON,2026-02-01,2026-03-21,CHF,JPY,3596769.04,1.255922,1.254227,Investment Banking,-0.001695,48,30-90 Days
SWP5WA88K515BP2,2026-02-01,2026-04-17,JPY,CAD,8590523.79,1.409782,1.410143,Markets,3.60999999999834e-04,75,30-90 Days
SWP3O9P9YT0WWNS,2025-11-14,2026-01-14,JPY,CAD,3418405.1,0.964212,0.965199,Investment Banking,9.87000000000071e-04,61,30-90 Days
SWPFBC99GSUV66R,2025-12-24,2026-05-29,CAD,JPY,3461174.1,0.669444,0.669599,Investment Banking,1.55000000000016e-04,156,90+ Days
SWPDF9V3ASURD29,2025-11-02,2025-12-06,CHF,INR,1162196.37,1.316882,1.315247,Investment Banking,-1.63500000000005e-03,34,30-90 Days
SWPLKOIDPOK6WLY,2025-12-29,2026-06-10,AUD,GBP,1508356.88,1.260835,1.262271,Markets,1.43599999999999e-03,163,90+ Days
SWP1HUTPQAEVZ75,2026-01-20,2026-07-16,EUR,CHF,2033839.29,0.869929,0.870275,Investment Banking,3.46000000000068e-04,177,90+ Days
SWP980XGRUJWYOS,2026-02-07,2026-04-13,CHF,GBP,4364155.83,1.12888,1.128141,Treasury,-7.39000000000045e-04,65,30-90 Days
SWPUK2PLQD01GN6,2026-01-17,2026-05-28,JPY,INR,1427903.25,1.438635,1.441609,Treasury,2.97399999999981e-03,131,90+ Days
SWPORXOVVKVN4NK,2026-01-25,2026-03-27,INR,GBP,5233117.88,0.825447,0.827772,Investment Banking,2.32499999999991e-03,61,30-90 Days
SWPQG95B8ESM528,2025-11-25,2026-02-17,INR,GBP,3959675.26,0.580735,0.58096,Investment Banking,2.25000000000031e-04,84,30-90 Days
SWPW6TLTCTW4M8U,2025-12-21,2026-03-07,CAD,EUR,1394556.84,1.018939,1.017373,Markets,-1.56599999999996e-03,76,30-90 Days
SWPRT8GXPF4O9TV,2025-11-04,2026-02-10,CHF,CAD,7654346.12,0.6522,0.651303,Treasury,-8.97000000000037e-04,98,90+ Days
SWPVQH72MVWKHWS,2025-12-22,2026-04-20,GBP,JPY,2839055.92,1.005501,1.006583,Markets,1.08200000000003e-03,119,90+ Days
SWPQB4B5JXDNX3Y,2025-11-15,2026-05-13,INR,CAD,1837272.57,1.177231,1.178534,Treasury,1.30300000000005e-03,179,90+ Days
SWPPH7QMXX4EAZV,2025-11-11,2026-01-15,USD,AUD,1338869.45,1.214255,1.214157,Markets,-9.80000000001535e-05,65,30-90 Days
SWP6ME2C3QXB3UC,2026-01-29,2026-06-12,JPY,GBP,4513945.4,0.926568,0.926049,Markets,-5.18999999999936e-04,134,90+ Days
SWPCGLI3CTCS1XU,2025-11-18,2026-01-08,CAD,INR,990289.15,1.297452,1.296064,Investment Banking,-1.38799999999994e-03,51,30-90 Days
SWP6ID1PB18OK0V,2026-02-05,2026-04-16,AUD,CHF,2921669.99,0.572473,0.572165,Investment Banking,-3.07999999999975e-04,70,30-90 Days
SWPCXU38LGBLBT6,2026-01-11,2026-04-15,INR,CAD,1475118.79,1.180263,1.178389,Markets,-1.87400000000015e-03,94,90+ Days
SWPDUR3O0NFXO5H,2025-11-03,2026-01-31,CAD,USD,10046718.18,1.148346,1.151872,Investment Banking,3.52599999999992e-03,89,30-90 Days
SWPF36Q5X9LZ284,2026-01-15,2026-05-03,INR,USD,3707304.72,1.288701,1.291294,Markets,2.59299999999985e-03,108,90+ Days
SWPOS2OF3X9BF3M,2025-12-14,2026-05-05,USD,GBP,1556378.17,1.066222,1.068328,Investment Banking,2.10599999999994e-03,142,90+ Days
SWP6KJ8YJG3ZXPG,2026-02-08,2026-03-03,JPY,INR,6430346.47,1.156148,1.156441,Markets,2.93000000000099e-04,23,0-30 Days
SWP8RO7VOPX8VQH,2026-01-16,2026-05-10,EUR,CAD,2908918.77,0.893968,0.895341,Investment Banking,1.37300000000007e-03,114,90+ Days
SWPZ7T6YRVW0USR,2026-01-02,2026-05-23,EUR,CAD,2132222.23,1.163037,1.166564,Markets,3.52699999999984e-03,141,90+ Days
SWPA436NSL9SKMF,2025-11-15,2026-03-16,CHF,EUR,1224104.48,1.317339,1.319056,Markets,1.71699999999997e-03,121,90+ Days
SWPGV4OLTET11L4,2025-10-26,2025-11-02,AUD,INR,1417790.02,0.510141,0.51198,Markets,1.83900000000004e-03,7,0-30 Days
SWPXT6Y7K6UWADR,2026-01-04,2026-05-12,EUR,JPY,1406899.41,0.830093,0.831293,Investment Banking,1.19999999999998e-03,128,90+ Days
SWPAYPUUQDGZ5OF,2026-01-06,2026-03-09,JPY,CAD,2871577.39,1.461501,1.465237,Treasury,3.73599999999996e-03,62,30-90 Days
SWP0C6B0MYVTIU7,2026-02-04,2026-04-02,GBP,INR,3857015.69,1.405546,1.40547,Investment Banking,-7.5999999999965e-05,57,30-90 Days
SWPY2Y66EXA0PM2,2026-01-29,2026-05-23,EUR,INR,13472666.53,1.153841,1.158646,Markets,4.80500000000017e-03,114,90+ Days
SWP0Z5F3D3MQEJA,2025-11-09,2026-03-18,USD,CAD,4242440.69,0.838431,0.840105,Investment Banking,1.67399999999995e-03,129,90+ Days
SWPETVALDF57DYG,2025-12-30,2026-04-25,JPY,USD,2208555.92,1.174787,1.176893,Investment Banking,2.10599999999994e-03,116,90+ Days
SWPJ307A4BCVBUP,2026-01-08,2026-03-03,CHF,GBP,8981597.06,0.656483,0.657736,Investment Banking,1.25299999999995e-03,54,30-90 Days
SWPVF4YO5ETJ034,2026-02-19,2026-03-01,USD,JPY,4024386.31,0.842738,0.845708,Markets,2.97000000000003e-03,10,0-30 Days
SWPG61MFTFIKLCA,2026-01-19,2026-07-07,GBP,EUR,2968417.88,1.011681,1.009704,Investment Banking,-1.97700000000012e-03,169,90+ Days
SWPWNW849KIKETF,2026-02-02,2026-07-29,USD,AUD,3408192.87,0.865869,0.864977,Investment Banking,-8.92000000000004e-04,177,90+ Days
SWPJ3JD4U7OBSB2,2025-12-26,2026-05-08,USD,CAD,3920171.43,1.212476,1.214093,Investment Banking,1.61699999999998e-03,133,90+ Days
SWPJHG1XMVC08GP,2025-11-24,2026-01-04,INR,EUR,2731952.24,0.986372,0.987319,Treasury,9.4699999999992e-04,41,30-90 Days
SWP4ZA11ZKWQ6W4,2025-11-23,2026-02-22,USD,CHF,4405045.52,0.62377,0.623677,Investment Banking,-9.30000000000097e-05,91,90+ Days
SWPZXY89PVC6374,2025-11-18,2026-02-14,CAD,JPY,3488854.97,0.623188,0.621794,Investment Banking,-1.39400000000001e-03,88,30-90 Days
SWPEY9B5JC4VHKT,2025-11-18,2026-01-08,USD,GBP,3608517.5,0.741476,0.742101,Markets,6.24999999999987e-04,51,30-90 Days
SWPW5CJ4HCKWMHU,2025-11-09,2025-11-25,INR,JPY,2224551.73,1.398416,1.398338,Investment Banking,-7.80000000000225e-05,16,0-30 Days
SWPB0YY429G6GX2,2025-12-02,2026-02-05,USD,INR,2433287.67,0.777618,0.776261,Markets,-1.35700000000005e-03,65,30-90 Days
SWPFNESQS6E4TCD,2025-12-11,2025-12-18,INR,CHF,704060.23,1.116351,1.122707,Markets,6.35599999999981e-03,7,0-30 Days
SWPTIKTIOAVAYAM,2025-11-18,2026-04-02,INR,CHF,3055266.35,1.164662,1.163727,Investment Banking,-9.3500000000013e-04,135,90+ Days
SWPJC55D27NW9UN,2025-11-18,2026-03-04,AUD,USD,3467296.3,0.853442,0.852031,Treasury,-1.41100000000005e-03,106,90+ Days
SWPNX4TIMD80VG1,2025-11-16,2026-02-16,CHF,JPY,1647500.19,0.992761,0.993088,Markets,3.26999999999966e-04,92,90+ Days
SWP0Q7GZO5SLO6R,2025-12-11,2026-06-09,GBP,CAD,2812075.69,1.338876,1.342288,Markets,3.41199999999997e-03,180,90+ Days
SWP5J3DH7KMG1G1,2026-01-30,2026-06-20,GBP,CHF,14418904.06,1.114476,1.11684,Markets,2.36400000000003e-03,141,90+ Days
SWPU1AUNVNQWFLK,2025-11-30,2025-12-21,EUR,INR,2100076.12,1.27515,1.280228,Treasury,5.07799999999992e-03,21,0-30 Days
SWP9YE7ETJIFWXD,2026-01-15,2026-05-14,CAD,USD,801783.77,1.434194,1.432725,Treasury,-1.46899999999994e-03,119,90+ Days
SWPPV4ENGUPQ6A5,2026-01-26,2026-03-20,INR,GBP,2183037.98,0.675045,0.676165,Investment Banking,1.12000000000001e-03,53,30-90 Days
SWP0B81U88XSE63,2025-12-02,2025-12-18,EUR,CAD,4982743.2,1.088108,1.087433,Markets,-6.74999999999981e-04,16,0-30 Days
SWPQPAYEOI88JB0,2026-01-07,2026-04-09,EUR,CAD,970625.46,1.257164,1.26088,Investment Banking,3.71600000000005e-03,92,90+ Days
SWPPZ2GQQ9XA1AA,2026-01-06,2026-02-20,GBP,CAD,4495872.97,1.347512,1.345802,Investment Banking,-1.7100000000001e-03,45,30-90 Days
SWPJKRBY5SOBY96,2025-11-30,2025-12-19,CHF,CAD,896961.57,1.000069,1.001761,Treasury,1.6919999999998e-03,19,0-30 Days
SWPLHDMD26JIKDA,2026-01-06,2026-06-21,AUD,CHF,3671502.73,0.579032,0.579653,Treasury,6.20999999999983e-04,166,90+ Days
SWPGP6VW6VJISGC,2025-10-30,2025-11-06,GBP,JPY,764119.03,0.881636,0.884189,Investment Banking,2.55300000000003e-03,7,0-30 Days
SWPOQUVFGG9HRFC,2026-02-12,2026-05-17,USD,CAD,953728.77,1.172124,1.173989,Markets,1.86500000000001e-03,94,90+ Days
SWP3W8E67ZQTRZD,2025-11-12,2026-04-26,INR,JPY,4838088.3,1.356803,1.356807,Investment Banking,4.00000000011502e-06,165,90+ Days
SWPJ9V4PO64BSF0,2025-12-07,2026-04-01,USD,CAD,7317527.33,0.883228,0.882943,Markets,-2.8499999999998e-04,115,90+ Days
SWP70L8TGH2MYGU,2026-02-01,2026-03-10,AUD,USD,5185605.09,1.268805,1.267855,Investment Banking,-9.50000000000006e-04,37,30-90 Days
SWP9LSP3DZ0PC3F,2026-02-10,2026-07-25,JPY,USD,3102730.43,1.196858,1.194057,Treasury,-2.80100000000005e-03,165,90+ Days
SWPVS9G0GK7Q3HY,2026-01-24,2026-06-27,AUD,EUR,10879607.06,1.221873,1.225065,Investment Banking,3.19200000000008e-03,154,90+ Days
SWPXA3SQ327WHJZ,2025-11-24,2025-12-23,AUD,USD,2626719.13,0.644813,0.644517,Treasury,-2.95999999999963e-04,29,0-30 Days
SWPMIL2DGM7FZ9S,2025-12-06,2026-05-10,AUD,INR,5366898.04,1.431154,1.433178,Investment Banking,2.02400000000003e-03,155,90+ Days
SWPJPBBOLNQSPMU,2025-10-31,2026-04-11,CAD,AUD,1267945.66,0.742748,0.744242,Markets,0.001494,162,90+ Days
SWPVUNS0GKFEA5I,2026-02-08,2026-06-07,JPY,CHF,1271215.13,0.738347,0.735903,Investment Banking,-0.002444,119,90+ Days
SWPSM8IYWLHFDBQ,2026-01-02,2026-01-29,INR,JPY,2165365.31,0.874958,0.87586,Treasury,9.01999999999958e-04,27,0-30 Days
SWPMBEDZO08PA58,2026-01-22,2026-04-22,AUD,INR,4570272.8,0.536866,0.535264,Treasury,-1.60199999999999e-03,90,30-90 Days
SWPXKJS2E136FYN,2025-12-08,2026-04-05,AUD,CHF,2221758.89,1.377699,1.382093,Treasury,4.39400000000001e-03,118,90+ Days
SWPXTXNH8D103QX,2025-11-21,2026-02-06,CHF,AUD,4751685.82,1.204536,1.205603,Markets,1.06699999999993e-03,77,30-90 Days
SWPNPBBYKCTONFM,2026-02-06,2026-03-29,CAD,JPY,11257706.37,1.45473,1.452589,Investment Banking,-2.14100000000017e-03,51,30-90 Days
SWP5T3JLXBG9MKL,2026-01-19,2026-05-08,JPY,AUD,4284179.71,0.989909,0.992018,Treasury,2.10899999999992e-03,109,90+ Days
SWPZI9L82FYY80C,2026-01-07,2026-05-28,USD,GBP,5686320.21,0.905877,0.906722,Investment Banking,8.44999999999985e-04,141,90+ Days
SWP2IMRDX55TVXO,2025-12-26,2026-05-24,GBP,AUD,3750773.54,1.270378,1.271348,Investment Banking,9.69999999999915e-04,149,90+ Days
SWPE1ZF7RHD314U,2025-11-17,2025-11-25,CAD,EUR,10399358.04,0.700923,0.703097,Markets,2.17400000000001e-03,8,0-30 Days
SWPTXIWF2P8JA68,2025-11-10,2026-04-16,CHF,CAD,4212042.25,1.3284,1.33433,Treasury,5.92999999999999e-03,157,90+ Days
SWPNTDOUX3DNGSU,2026-02-08,2026-04-01,EUR,CAD,3331306.7,0.670035,0.670364,Treasury,3.28999999999913e-04,52,30-90 Days
SWPDZ3QI4E0UHDU,2025-11-30,2026-02-08,USD,INR,1331866.18,1.181934,1.182923,Markets,9.88999999999907e-04,70,30-90 Days
SWPJO3I2FUXZYGY,2025-10-31,2026-01-13,JPY,EUR,2225356.06,0.946395,0.944007,Markets,-2.38799999999995e-03,74,30-90 Days
SWPGT5UW4N9E7MN,2026-01-16,2026-02-17,GBP,CAD,5353869.39,0.63822,0.638577,Investment Banking,3.56999999999941e-04,32,30-90 Days
SWPZ2TYXLACIEX6,2026-02-20,2026-04-28,AUD,CAD,2750096.71,0.907247,0.906298,Markets,-9.48999999999978e-04,67,30-90 Days
SWPPMZ5N6R140UE,2026-02-16,2026-06-07,CAD,EUR,2525885.49,0.697966,0.698661,Markets,6.95000000000001e-04,111,90+ Days
SWPTS4P4PMHSWC9,2026-01-19,2026-05-20,EUR,USD,1070442.7,1.054272,1.054535,Markets,2.62999999999902e-04,121,90+ Days
SWPY93M3NRTIHLO,2026-02-16,2026-05-03,JPY,INR,1106286.15,1.191037,1.190448,Investment Banking,-5.88999999999951e-04,76,30-90 Days
SWPRAYV83K59LCL,2026-02-05,2026-02-27,EUR,JPY,25263054.68,1.204094,1.205691,Treasury,1.59700000000007e-03,22,0-30 Days
SWP8LLUEUNNJUM4,2025-12-28,2026-03-26,USD,CAD,1761603.02,1.3682,1.369697,Treasury,1.49699999999986e-03,88,30-90 Days
SWPEICB19DKF0O1,2025-12-28,2026-02-14,JPY,USD,1459370.7,1.199745,1.19865,Investment Banking,-1.09500000000007e-03,48,30-90 Days
SWPO0TPO0YSGK0V,2025-11-09,2025-12-19,CAD,AUD,749168.84,0.998568,0.997807,Markets,-7.61000000000012e-04,40,30-90 Days
SWPAS64OEQ42QPS,2025-12-17,2026-03-11,CHF,USD,3075235.52,1.191018,1.191532,Investment Banking,5.14000000000125e-04,84,30-90 Days
SWP8V8DZJG7DVQF,2026-01-17,2026-03-16,GBP,CHF,3294832.58,0.593192,0.594669,Markets,1.47699999999995e-03,58,30-90 Days
SWP212W5VSPJN5J,2025-11-09,2026-04-30,USD,AUD,4295495.86,0.785362,0.78688,Markets,1.51800000000002e-03,172,90+ Days
SWPPK5HY9KD309Q,2026-02-01,2026-07-29,GBP,EUR,3634549.76,0.966187,0.966078,Treasury,-1.09000000000026e-04,178,90+ Days
SWPPCHSM5IXH31A,2025-11-14,2026-01-24,CHF,JPY,1412370.17,0.566645,0.567807,Investment Banking,0.001162,71,30-90 Days
SWPWE59NHQM093M,2026-02-03,2026-02-19,CHF,USD,4076968.17,1.472804,1.47774,Markets,4.93600000000005e-03,16,0-30 Days
SWPFXY7QM9DSK1R,2026-02-12,2026-04-20,USD,EUR,936082.12,1.26591,1.268557,Investment Banking,2.64699999999984e-03,67,30-90 Days
SWPOZK0SM2A372J,2026-01-03,2026-04-09,EUR,CAD,920969.06,1.207374,1.210963,Treasury,3.58900000000006e-03,96,90+ Days
SWPPHEEA8EKDGSP,2026-02-02,2026-05-31,JPY,GBP,7213791.37,0.629394,0.629239,Markets,-1.55000000000016e-04,118,90+ Days
SWPJABYC66HWEO5,2025-10-26,2026-02-21,CHF,CAD,5736660.25,0.804713,0.80692,Investment Banking,2.20699999999996e-03,118,90+ Days
SWP37WOH13FGIZ0,2026-01-05,2026-02-27,CHF,EUR,2712053.47,1.230048,1.232721,Investment Banking,2.67299999999993e-03,53,30-90 Days
SWPDDOZ2K2995WX,2026-02-05,2026-03-27,AUD,JPY,1188066.47,1.095112,1.093183,Markets,-1.92900000000007e-03,50,30-90 Days
SWP9Z9ZTWXDDCAQ,2026-01-28,2026-06-23,INR,EUR,1454713.74,0.578895,0.580014,Markets,1.11899999999998e-03,146,90+ Days
SWPBVUSVQTK7K74,2025-11-18,2025-12-14,JPY,CHF,5862024.21,0.81457,0.814595,Markets,2.49999999999417e-05,26,0-30 Days
SWPQH1AYS5YVH4N,2025-11-16,2026-03-31,AUD,INR,3871998.78,0.807151,0.807943,Investment Banking,7.92000000000015e-04,135,90+ Days
SWPN2NL9YLCRXJU,2025-12-08,2026-04-02,JPY,INR,1855670.61,1.036891,1.037954,Treasury,1.06300000000004e-03,115,90+ Days
SWPV4FTPK8XEEXJ,2025-11-19,2026-04-22,GBP,EUR,7825863.82,0.925825,0.926876,Investment Banking,1.05100000000002e-03,154,90+ Days
SWPTPH3TEUBRVT1,2026-02-11,2026-04-18,CHF,JPY,2385808.78,1.36919,1.366622,Treasury,-2.5679999999999e-03,66,30-90 Days
SWP01M8JR366P2S,2025-11-09,2025-12-30,EUR,USD,4813585.15,0.997194,0.998306,Investment Banking,0.001112,51,30-90 Days
SWP333ZGT1DPHJY,2026-01-26,2026-04-07,CHF,EUR,567556.98,0.611768,0.609969,Investment Banking,-0.001799,71,30-90 Days
SWP5Y656M16YLBN,2026-01-18,2026-07-01,USD,CHF,11255525.55,1.228206,1.231895,Treasury,3.68900000000005e-03,164,90+ Days
SWP68HL853FRFUO,2026-02-11,2026-03-09,GBP,USD,4972718.47,1.136547,1.136184,Treasury,-3.62999999999891e-04,26,0-30 Days
SWPG2ORA6WE18JF,2026-01-02,2026-01-11,JPY,GBP,4358101.69,1.47636,1.482989,Treasury,0.006629,9,0-30 Days
SWPG0F7O1SDUF0W,2025-12-27,2026-05-12,CHF,JPY,7239677.98,1.07889,1.080468,Markets,1.57800000000008e-03,136,90+ Days
SWPZ640KTIZYARF,2025-11-25,2026-02-13,EUR,USD,3551782.04,0.595627,0.594518,Treasury,-1.10900000000003e-03,80,30-90 Days
SWPHGL7WEXPBDJZ,2025-12-12,2026-03-12,INR,AUD,1121828.57,0.620972,0.62001,Markets,-9.62000000000018e-04,90,30-90 Days
SWP3MC2YNSWPOIB,2026-01-16,2026-04-24,USD,AUD,4549176.77,1.185252,1.18738,Investment Banking,2.12800000000013e-03,98,90+ Days
SWPDJZD9YX0RMPB,2025-10-29,2026-02-23,INR,USD,10717613.95,1.147703,1.150663,Treasury,2.96000000000007e-03,117,90+ Days
SWP74AKJPTMGIU4,2026-01-12,2026-02-24,GBP,JPY,1840119.4,1.331844,1.32995,Treasury,-1.89400000000006e-03,43,30-90 Days
SWPEQ33ZZJY6LKT,2026-02-05,2026-03-02,USD,INR,5091319.52,0.696653,0.695391,Treasury,-1.26199999999999e-03,25,0-30 Days
SWPHF5Q9WHOW4KA,2025-11-04,2025-11-21,USD,GBP,4460454.43,0.629969,0.630471,Markets,5.02000000000002e-04,17,0-30 Days
SWPP64XJZIGQ5QE,2026-01-29,2026-04-07,INR,CAD,9400812.8,1.394094,1.392759,Investment Banking,-1.33499999999986e-03,68,30-90 Days
SWPPX405YS1CN8Q,2025-11-07,2026-04-09,AUD,INR,1312037.02,0.642108,0.643343,Treasury,1.23499999999999e-03,153,90+ Days
SWP18KOLS9QWZ5U,2025-10-31,2026-01-01,USD,CAD,5255843.91,1.062879,1.064377,Markets,0.001498,62,30-90 Days
SWPYD43H9NN2SK0,2026-01-29,2026-05-01,JPY,USD,13904202.5,0.77069,0.771823,Treasury,1.13300000000005e-03,92,90+ Days
SWPO29GO6J5Y95L,2026-01-14,2026-07-12,JPY,USD,3551018.3,0.847292,0.848892,Investment Banking,1.59999999999993e-03,179,90+ Days
SWP6A0ZDSSU21RP,2025-11-07,2026-01-10,CHF,EUR,3697978.39,1.317432,1.31804,Treasury,6.08000000000164e-04,64,30-90 Days
SWPMS8C220NTEVB,2025-11-12,2026-04-22,INR,GBP,3514179.43,0.620846,0.620999,Markets,1.52999999999959e-04,161,90+ Days
SWPC6KLO6BP9U3U,2025-11-09,2025-12-27,GBP,INR,2198443.43,1.142577,1.141779,Investment Banking,-7.97999999999854e-04,48,30-90 Days
SWPB9P5NRLA6IP9,2025-12-20,2026-05-11,CHF,INR,1476825.23,0.546177,0.54746,Treasury,1.28299999999992e-03,142,90+ Days
SWP7ZLN6RLD0UTZ,2026-01-17,2026-03-02,AUD,INR,4124309.8,0.949501,0.952675,Investment Banking,3.17400000000001e-03,44,30-90 Days
SWPLU2K119RSDTG,2026-01-12,2026-03-11,GBP,CHF,647535.97,1.096082,1.094724,Investment Banking,-1.35799999999997e-03,58,30-90 Days
SWPRC8BBIK3NFJW,2025-11-07,2026-01-21,EUR,USD,1543510.75,0.89995,0.898115,Markets,-1.83500000000003e-03,75,30-90 Days
SWP6I7LL6JSH60G,2025-11-25,2026-02-04,CHF,INR,15482404.62,1.089194,1.090666,Investment Banking,1.47199999999992e-03,71,30-90 Days
SWPV4131BIEKOP2,2025-12-27,2026-02-14,GBP,CHF,6303096.39,1.49146,1.490156,Investment Banking,-1.30399999999997e-03,49,30-90 Days
SWP8VDH26DVVXS7,2025-11-26,2026-02-14,GBP,CAD,8510061.59,1.47065,1.473582,Investment Banking,2.93199999999993e-03,80,30-90 Days
SWP1L1J1W6HIY2D,2025-12-30,2026-05-01,JPY,INR,7331388.34,1.204361,1.207062,Investment Banking,2.70100000000006e-03,122,90+ Days
SWPOAOKK9YVKLI1,2025-12-29,2026-05-30,USD,CHF,3451328.8,0.814086,0.811663,Treasury,-2.42299999999995e-03,152,90+ Days
SWPC30GMA5J5610,2025-10-26,2026-04-19,CAD,EUR,13970000.22,1.202704,1.203975,Investment Banking,1.27100000000002e-03,175,90+ Days
SWPX9GKKDZ1H2IN,2025-12-16,2026-03-27,AUD,GBP,3248216.06,0.742152,0.741575,Treasury,-5.7700000000005e-04,101,90+ Days
SWPZ31WXY5B9N6F,2025-11-03,2026-01-10,AUD,GBP,2131358.15,1.075057,1.075965,Treasury,9.08000000000131e-04,68,30-90 Days
SWPRGBNNLHXBSOH,2026-02-06,2026-05-20,CHF,INR,1754374.54,0.939805,0.941575,Investment Banking,1.77000000000005e-03,103,90+ Days
SWP1ULITZVO2LBA,2025-11-19,2026-04-19,CAD,EUR,1806010.66,1.371686,1.368011,Treasury,-3.67499999999987e-03,151,90+ Days
SWPZQK6K9ZVO1DZ,2026-02-02,2026-03-12,GBP,CHF,4008710.87,0.520008,0.519192,Treasury,-8.16000000000039e-04,38,30-90 Days
SWPQ9HLQKEIYSQP,2026-01-27,2026-03-21,INR,GBP,5123471.93,0.574318,0.575075,Treasury,7.57000000000008e-04,53,30-90 Days
SWP5NLZ999G404Q,2025-12-30,2026-04-12,GBP,JPY,3921973.45,1.106156,1.105121,Treasury,-1.0349999999999e-03,103,90+ Days
SWP4HC8JGX5R3EI,2025-11-24,2026-01-04,INR,EUR,3943759.28,0.631604,0.631459,Investment Banking,-1.45000000000062e-04,41,30-90 Days
SWPSM14DEL7LM13,2026-01-07,2026-03-17,AUD,CAD,3026470.72,1.111685,1.1087,Treasury,-2.98500000000002e-03,69,30-90 Days
SWPYVKU13MNWFTC,2026-01-02,2026-02-16,USD,JPY,7720509.86,0.748816,0.749254,Investment Banking,4.37999999999938e-04,45,30-90 Days
SWP3VTSURFMIQT3,2026-01-13,2026-05-06,CHF,CAD,722546.79,1.135671,1.137821,Markets,2.14999999999987e-03,113,90+ Days
SWPK8ZPSQQ5XCCL,2026-01-26,2026-07-04,CAD,EUR,867904.93,1.296022,1.294599,Investment Banking,-1.42299999999995e-03,159,90+ Days
SWP1I9SK6KYJXKR,2026-01-22,2026-05-18,EUR,CAD,6293909.06,0.9433,0.941186,Treasury,-2.11400000000006e-03,116,90+ Days
SWPHC8X1YIZVYJ7,2025-10-28,2025-11-06,JPY,AUD,5634083.85,0.945718,0.942754,Markets,-2.96399999999997e-03,9,0-30 Days
SWPJTNSBJTYBBHL,2025-12-21,2026-06-15,INR,CAD,2048349.02,0.50704,0.508361,Treasury,1.32099999999991e-03,176,90+ Days
SWPOO1GIGMC8PCL,2025-11-10,2026-01-17,INR,CAD,8663798.78,0.783462,0.783706,Markets,2.44000000000022e-04,68,30-90 Days
SWPFZSTAQ44E9KS,2025-12-07,2025-12-20,USD,EUR,1621596.15,1.366272,1.363648,Markets,-2.62399999999996e-03,13,0-30 Days
SWPAG162C327B5P,2025-10-31,2025-12-10,EUR,JPY,1980863.01,0.737606,0.736931,Investment Banking,-6.74999999999981e-04,40,30-90 Days
SWPB147WFT4OWS4,2026-02-12,2026-05-08,EUR,CHF,3953513.19,1.250543,1.251667,Treasury,1.12400000000012e-03,85,30-90 Days
SWP6IBD578R1YXV,2025-12-27,2026-01-17,CAD,INR,15385321.61,0.83323,0.832432,Investment Banking,-7.98000000000076e-04,21,0-30 Days
SWPW0TX1INRFLVA,2026-02-02,2026-05-23,GBP,CAD,2062273.99,0.548081,0.549846,Treasury,1.76499999999991e-03,110,90+ Days
SWPA2FNHQI8ZPSP,2025-12-29,2026-06-12,AUD,CHF,2264277.59,0.568671,0.570086,Treasury,1.41499999999994e-03,165,90+ Days
SWPCXV8B0UKPR8M,2026-02-19,2026-04-08,USD,GBP,15962068.73,1.399141,1.399759,Treasury,6.18000000000007e-04,48,30-90 Days
SWPNZ92IVHHD9HW,2026-01-27,2026-03-21,USD,AUD,4345442.13,1.455525,1.457285,Investment Banking,1.75999999999998e-03,53,30-90 Days
SWPKQ7GPAYJSQT4,2026-02-07,2026-06-13,USD,CAD,3818629.52,1.245517,1.249461,Markets,3.94399999999995e-03,126,90+ Days
SWP3IXCJJX0JWWF,2025-11-19,2026-02-02,USD,EUR,1240255.47,1.41314,1.416135,Markets,2.99499999999986e-03,75,30-90 Days
SWP3IJA903IKNL7,2025-10-29,2026-01-05,EUR,INR,9678178.18,1.489521,1.485734,Treasury,-3.78699999999998e-03,68,30-90 Days
SWPVYFH3FUSSGE1,2026-01-05,2026-06-01,CHF,AUD,1696287.02,0.771343,0.774093,Treasury,2.75000000000003e-03,147,90+ Days
SWP4SSPE614I2OU,2025-12-05,2026-04-03,GBP,JPY,10538553.5,0.710422,0.713005,Markets,0.002583,119,90+ Days
SWP862VLZB0M8HP,2025-11-19,2026-03-09,USD,CAD,3303174.51,0.764077,0.766544,Treasury,0.002467,110,90+ Days
SWPSIVJEP6AM8SX,2026-02-04,2026-04-13,GBP,AUD,6745704.71,1.295293,1.301142,Treasury,5.84899999999999e-03,68,30-90 Days
SWP9OP9DTC8CG8Z,2025-11-13,2025-12-07,USD,GBP,1799239.07,0.53504,0.535331,Investment Banking,2.91000000000041e-04,24,0-30 Days
SWPFHE85BOF45RO,2025-11-05,2026-03-24,USD,CAD,1130466.01,0.883675,0.886306,Markets,2.63100000000005e-03,139,90+ Days
SWPBCEQ6811KPCJ,2025-10-31,2025-11-25,AUD,EUR,5906304.88,1.106981,1.105701,Markets,-1.27999999999995e-03,25,0-30 Days
SWPGNPK3X2VIRRC,2025-12-23,2026-06-19,EUR,INR,3127278.76,0.502708,0.50262,Markets,-8.8000000000088e-05,178,90+ Days
SWPNU3P6HEJIA1S,2025-11-17,2026-01-05,EUR,CAD,1921164.01,0.699129,0.699781,Markets,6.51999999999986e-04,49,30-90 Days
SWPNZJ7STJQ1HGL,2025-11-25,2026-03-19,INR,CHF,3437737.96,0.717166,0.716859,Treasury,-3.06999999999946e-04,114,90+ Days
SWP99ZBGAHC7Z1P,2025-11-24,2026-01-08,INR,CAD,1972870.36,1.21083,1.211312,Markets,4.81999999999871e-04,45,30-90 Days
SWPPYV5F6S3KKL2,2025-11-18,2026-01-14,CHF,INR,11213375.5,1.145193,1.143858,Investment Banking,-1.33499999999986e-03,57,30-90 Days
SWPQD1AFU8T6UFS,2025-12-19,2026-06-15,AUD,JPY,1882282.94,1.467347,1.468103,Treasury,7.55999999999979e-04,178,90+ Days
SWP9YKRZB1TNLAZ,2026-02-02,2026-02-20,GBP,INR,35607740.3,1.093343,1.09268,Markets,-6.62999999999858e-04,18,0-30 Days
SWPW21CFBIP1B38,2026-02-22,2026-08-12,CAD,INR,3720202.49,0.883873,0.884448,Treasury,5.74999999999992e-04,171,90+ Days
SWPV8K721L1CK7W,2025-11-26,2026-05-17,INR,USD,3784489.83,1.001439,1.004387,Investment Banking,2.94799999999995e-03,172,90+ Days
SWP5NVBEU69EY78,2026-01-16,2026-03-06,INR,USD,2011731.84,0.782466,0.784549,Treasury,2.08300000000006e-03,49,30-90 Days
SWPWH4VMEUA0CCM,2025-12-28,2026-03-27,AUD,EUR,1911452.83,0.776865,0.777694,Treasury,8.28999999999969e-04,89,30-90 Days
SWPIHNV2OTUAKEY,2025-12-29,2026-04-22,EUR,AUD,2025933.8,1.259039,1.261437,Treasury,2.3979999999999e-03,114,90+ Days
SWP4SN1HBMLUWUE,2026-02-15,2026-06-16,INR,EUR,1931088.56,0.854517,0.853606,Investment Banking,-9.10999999999995e-04,121,90+ Days
SWP80BVVE6M25I8,2025-11-24,2026-04-07,EUR,JPY,1578783.14,1.396886,1.395584,Investment Banking,-1.30200000000014e-03,134,90+ Days
SWP2JSJHK60FLDJ,2026-01-22,2026-04-22,INR,CAD,5200472.23,1.204693,1.206179,Investment Banking,1.48599999999988e-03,90,30-90 Days
SWPOAN0BM6387KL,2025-12-13,2026-03-08,EUR,INR,5161912.83,1.441911,1.440196,Investment Banking,-1.71499999999991e-03,85,30-90 Days
SWPJM8NVUAFNV76,2026-01-28,2026-02-27,EUR,INR,1342364.78,1.244554,1.243197,Markets,-1.35699999999983e-03,30,0-30 Days
SWP7TFOMPPX8TQV,2025-11-23,2026-05-10,CHF,GBP,1249914.08,1.308803,1.307937,Investment Banking,-8.66000000000033e-04,168,90+ Days
SWPAKYJXBDT11DD,2025-12-06,2026-05-06,JPY,EUR,1372665.92,1.487193,1.489972,Investment Banking,2.77900000000009e-03,151,90+ Days
SWP2XR8QGEDTELL,2025-12-11,2026-03-16,JPY,USD,2382220.4,0.894607,0.894061,Treasury,-5.46000000000046e-04,95,90+ Days
SWP7FZP1VX9SNK8,2026-02-02,2026-06-07,CAD,AUD,5571843.59,1.03253,1.037263,Markets,4.7330000000001e-03,125,90+ Days
SWP7FWDDV0JMLXP,2025-12-26,2026-06-10,CHF,GBP,497316.07,1.287985,1.291955,Markets,3.97000000000003e-03,166,90+ Days
SWPE4TZ42QB8ZMY,2025-11-27,2026-04-23,USD,GBP,2713215.44,0.565186,0.564581,Treasury,-6.04999999999967e-04,147,90+ Days
SWPMNUXIXMXPTL9,2025-11-18,2026-03-25,EUR,CAD,1014343.31,0.500725,0.499653,Markets,-1.07199999999996e-03,127,90+ Days
SWPSAHW5XW3OMAZ,2025-12-09,2026-01-18,CHF,EUR,3095961.66,0.698987,0.698538,Treasury,-4.49000000000033e-04,40,30-90 Days
SWPDPG1DRGRF9PN,2026-01-13,2026-06-29,EUR,CAD,5489331.62,0.791841,0.795195,Markets,3.35399999999997e-03,167,90+ Days
SWPBOFHB50BARJ1,2025-12-24,2026-04-06,EUR,AUD,10539876.41,0.758595,0.760827,Treasury,2.23200000000001e-03,103,90+ Days
SWPWBOEZKYVYXRL,2026-01-29,2026-04-10,USD,CAD,1025803.85,1.275506,1.276541,Treasury,1.0349999999999e-03,71,30-90 Days
SWPTPAOAYELU0DS,2025-11-15,2025-12-20,INR,USD,6654029.86,0.710887,0.712093,Investment Banking,1.20599999999993e-03,35,30-90 Days
SWPIROA0CUEWEEC,2025-12-12,2026-03-04,USD,GBP,2992202.31,0.58526,0.5854,Investment Banking,1.40000000000029e-04,82,30-90 Days
SWPOXZ6ECDZ80Z8,2025-11-09,2026-01-26,CHF,INR,7661165.35,1.484776,1.484822,Markets,4.59999999999905e-05,78,30-90 Days
SWPP7CEPROBG5MM,2026-02-03,2026-02-11,CAD,JPY,1245416.67,0.884321,0.88778,Investment Banking,3.45899999999999e-03,8,0-30 Days
SWPUY974LTMFZNL,2025-11-30,2026-04-05,CAD,JPY,1648052.43,0.848157,0.847834,Markets,-3.23000000000073e-04,126,90+ Days
SWPUIVKUF6LSYHW,2025-10-30,2026-03-01,AUD,CAD,1573861.02,1.295598,1.296477,Treasury,8.79000000000074e-04,122,90+ Days
SWPOWBOJYZ5ZOT0,2025-11-29,2026-02-02,CHF,GBP,3511534.22,0.895784,0.895444,Markets,-3.40000000000007e-04,65,30-90 Days
SWPYXEFN3QHBCTJ,2025-10-31,2026-04-21,USD,AUD,15211242.83,0.533551,0.534329,Investment Banking,7.78000000000056e-04,172,90+ Days
SWPT1WM746OV0RE,2026-01-16,2026-03-24,INR,JPY,496000.1,0.621255,0.622487,Markets,1.23200000000001e-03,67,30-90 Days
SWPAXNBPD150B2P,2026-02-17,2026-03-11,INR,USD,8041191.52,0.853226,0.855646,Markets,2.41999999999998e-03,22,0-30 Days
SWPMEVTYJ0A89GM,2026-01-03,2026-05-09,CAD,GBP,1601392.56,1.381207,1.383327,Markets,2.1199999999999e-03,126,90+ Days
SWP8DSIS1E9RIW3,2026-01-23,2026-01-31,CAD,EUR,8582280.63,1.221982,1.219235,Investment Banking,-2.74699999999983e-03,8,0-30 Days
SWP4TQ0T5EAOUYX,2025-12-29,2026-03-25,JPY,INR,1859865.01,0.826089,0.827461,Markets,1.37200000000004e-03,86,30-90 Days
SWPG1L2UXOJFLGW,2026-01-02,2026-05-18,CHF,USD,4393350.97,1.385427,1.384445,Treasury,-9.82000000000038e-04,136,90+ Days
SWPWB2S8TVKRMEA,2025-12-01,2026-04-18,USD,AUD,1899841.26,1.019973,1.024849,Treasury,4.87599999999988e-03,138,90+ Days
SWPMQLSAUBOZO9D,2026-01-23,2026-04-27,CAD,USD,8714602.57,0.958536,0.958853,Markets,3.16999999999901e-04,94,90+ Days
SWP9MPCE7J7ZSCM,2026-01-08,2026-05-30,JPY,CHF,7158794.07,1.253766,1.256991,Markets,3.22500000000003e-03,142,90+ Days
SWPOTVLD8ZBD4QK,2026-02-19,2026-04-05,CHF,EUR,5917764.13,1.340501,1.343576,Markets,3.07500000000016e-03,45,30-90 Days
SWP97PL5HHXQLFG,2026-02-09,2026-07-11,CAD,USD,1713998.34,0.589513,0.588696,Treasury,-8.16999999999957e-04,152,90+ Days
SWPOK8RSTJNJA5Y,2025-11-08,2026-03-09,CAD,AUD,6004355.29,0.611933,0.612793,Investment Banking,8.60000000000083e-04,121,90+ Days
SWP1VVFBJZJJ243,2025-12-30,2026-06-02,CHF,EUR,3454904.32,1.396944,1.400792,Investment Banking,3.84800000000007e-03,154,90+ Days
SWPDGVG8ZBLTX40,2025-11-02,2026-04-16,CAD,JPY,18695661.86,1.426111,1.427577,Treasury,1.46600000000019e-03,165,90+ Days
SWPGT9CT9F7OJOM,2025-11-04,2026-04-28,EUR,GBP,3378107.32,0.721631,0.722393,Investment Banking,7.61999999999929e-04,175,90+ Days
SWP4HB2JSNS8EMA,2025-11-28,2025-12-23,AUD,JPY,11674892.7,0.835504,0.838105,Investment Banking,2.60099999999996e-03,25,0-30 Days
SWPDIK4M02VPQCF,2026-02-12,2026-04-26,CAD,CHF,9221154.1,0.607581,0.608244,Investment Banking,6.62999999999969e-04,73,30-90 Days
SWP4L8I7A9GUQBY,2026-02-22,2026-04-25,JPY,CAD,3801012.63,1.325738,1.323951,Investment Banking,-1.78699999999998e-03,62,30-90 Days
SWPWN58G8ILQ2UI,2026-01-09,2026-03-29,CHF,JPY,4631961.1,0.973692,0.97406,Treasury,3.68000000000035e-04,79,30-90 Days
SWPSWQZIFLF5OQK,2025-12-10,2025-12-22,GBP,EUR,2468541.75,0.619759,0.621961,Investment Banking,2.20200000000004e-03,12,0-30 Days
SWPA2TSVX1JPD59,2025-12-17,2026-02-08,EUR,JPY,2101354.69,1.205538,1.20791,Investment Banking,2.37200000000004e-03,53,30-90 Days
SWPHLXA0ZPX29CZ,2025-11-08,2026-02-20,INR,EUR,1959762.85,1.218126,1.220778,Treasury,2.65199999999988e-03,104,90+ Days
SWPR78MG9NODVM7,2025-11-12,2026-04-27,EUR,CHF,2473955.28,0.742608,0.740762,Markets,-1.84600000000001e-03,166,90+ Days
SWP38S4TLD18JQ1,2026-01-23,2026-05-21,USD,JPY,1171435.22,0.951246,0.954158,Treasury,2.91199999999991e-03,118,90+ Days
SWPDNMGEVOXVM8A,2025-11-10,2026-03-25,JPY,EUR,2650897.05,1.30211,1.303274,Investment Banking,1.16399999999994e-03,135,90+ Days
SWPN02HPJP5PISP,2025-12-31,2026-05-06,AUD,INR,15538056.08,0.64545,0.645405,Investment Banking,-4.49999999999617e-05,126,90+ Days
SWPVSRE821VQ66P,2026-01-13,2026-02-02,AUD,JPY,8390254.09,0.931003,0.932389,Investment Banking,0.001386,20,0-30 Days
SWP9WP853OSIIXI,2025-12-14,2026-04-12,JPY,AUD,1570800.64,1.249011,1.250181,Markets,1.16999999999989e-03,119,90+ Days
SWPM4RYZPWAPVM2,2026-01-11,2026-04-13,INR,JPY,2532887.07,1.13349,1.130499,Treasury,-2.99100000000019e-03,92,90+ Days
SWPK655TX9C54BK,2026-01-27,2026-03-01,JPY,EUR,3650928.49,1.416445,1.418081,Investment Banking,1.63599999999997e-03,33,30-90 Days
SWP1F29WZ206YG8,2026-02-20,2026-07-04,USD,GBP,3244500.15,0.889807,0.893041,Markets,3.23399999999996e-03,134,90+ Days
SWPKO5YTAVQI3RU,2026-01-08,2026-02-27,GBP,CHF,13602433.28,1.410568,1.414372,Treasury,3.80399999999992e-03,50,30-90 Days
SWP8JU0Y63HDSS8,2025-12-22,2026-06-09,GBP,AUD,3813819.78,1.392774,1.395054,Markets,2.28000000000006e-03,169,90+ Days
SWPVR35CTGX2641,2025-11-24,2025-12-25,INR,GBP,2407864.36,1.382981,1.382085,Investment Banking,-8.96000000000008e-04,31,30-90 Days
SWPRUEWDKSFY6QS,2025-12-16,2026-04-29,EUR,GBP,3019590.45,1.20216,1.205051,Treasury,2.8910000000002e-03,134,90+ Days
SWPFKF9K41O9RRN,2026-01-07,2026-05-29,USD,EUR,6538688.51,1.137121,1.137059,Treasury,-6.20000000000065e-05,142,90+ Days
SWP0XOA7UC9KJZC,2026-01-15,2026-02-10,AUD,GBP,35043425.86,1.000018,0.997973,Treasury,-2.04500000000007e-03,26,0-30 Days
SWPBPO9EKJKW4H9,2025-11-19,2026-03-03,CHF,GBP,4589754.07,1.4422,1.44247,Markets,2.69999999999992e-04,104,90+ Days
SWP95B6DTO17QPD,2026-01-23,2026-04-27,AUD,INR,5423574.8,0.541841,0.542445,Treasury,6.03999999999938e-04,94,90+ Days
SWP3TXAMVW54VZI,2025-10-29,2026-03-11,USD,JPY,3896979.77,1.146379,1.151415,Treasury,5.03600000000004e-03,133,90+ Days
SWP1M6V3GHAM88N,2025-11-07,2026-04-23,JPY,GBP,3408308.22,1.397545,1.401811,Treasury,4.26599999999988e-03,167,90+ Days
SWPM9OHBEP2X0DW,2025-11-02,2026-01-05,USD,CAD,3058618.38,0.935674,0.937128,Markets,1.45399999999996e-03,64,30-90 Days
SWP408O7S0FUUAO,2025-11-26,2026-01-17,USD,GBP,3359750.65,1.23192,1.236719,Investment Banking,0.004799,52,30-90 Days
SWPIVC1DYVXASQR,2026-02-18,2026-07-20,AUD,USD,5674313.4,0.818995,0.822481,Treasury,3.48599999999999e-03,152,90+ Days
SWP9PS64HHGIKZB,2026-02-21,2026-03-15,GBP,INR,6493057.92,1.215955,1.219167,Markets,3.21199999999999e-03,22,0-30 Days
SWPZWZFVMKNZAOZ,2026-02-04,2026-05-23,CAD,AUD,588448.72,1.085888,1.086638,Investment Banking,7.50000000000028e-04,108,90+ Days
SWP3FE5G30J9N50,2025-12-21,2026-06-02,AUD,GBP,3295386.28,0.92585,0.925665,Treasury,-1.84999999999991e-04,163,90+ Days
SWP5LQQ0WA3H5UR,2026-01-28,2026-02-25,EUR,AUD,2884209.94,0.919472,0.918893,Investment Banking,-5.78999999999996e-04,28,0-30 Days
SWPBYWKX0NUAA2W,2026-01-03,2026-01-11,USD,CHF,4242229.58,0.695831,0.697139,Markets,1.30799999999998e-03,8,0-30 Days
SWPIETMECJRPJLX,2026-01-22,2026-02-27,GBP,AUD,4114707.4,0.638548,0.640058,Treasury,1.51000000000001e-03,36,30-90 Days
SWP2DZTMJWPR1JR,2026-01-04,2026-01-25,INR,GBP,2068631.24,1.453323,1.454322,Investment Banking,9.98999999999972e-04,21,0-30 Days
SWP0ODO9IFZROTN,2025-12-23,2026-06-19,INR,JPY,2461013.45,0.863452,0.863639,Markets,1.87000000000048e-04,178,90+ Days
SWPRSQ78YGDYCUZ,2026-02-07,2026-07-16,USD,CHF,6853633.91,0.870995,0.873621,Treasury,2.62600000000002e-03,159,90+ Days
SWPN6WLLEQD0K1S,2026-02-07,2026-07-29,EUR,CHF,7092786.78,1.077243,1.079807,Treasury,2.56400000000001e-03,172,90+ Days
SWP7CPEJA87J4O2,2026-01-06,2026-02-19,AUD,USD,4443123.57,1.295544,1.297005,Markets,1.46099999999993e-03,44,30-90 Days
SWPJCOKX6G18C5Y,2026-01-18,2026-04-04,CHF,AUD,3509790.7,1.266461,1.269811,Markets,3.34999999999996e-03,76,30-90 Days
SWPGSK4BQ3MN0V0,2025-11-30,2026-03-27,JPY,CAD,9437202.64,1.038981,1.037854,Treasury,-1.12699999999988e-03,117,90+ Days
SWPRUHQH4ZF360W,2026-02-15,2026-06-15,GBP,EUR,1688354.74,1.485024,1.484408,Investment Banking,-6.1599999999995e-04,120,90+ Days
SWPVW0L5AJD76CN,2025-11-10,2026-04-24,USD,INR,2315111.91,0.751706,0.754658,Investment Banking,2.95200000000007e-03,165,90+ Days
SWP945EW7KJNYED,2026-02-05,2026-05-03,CHF,JPY,10717633.08,1.484209,1.490096,Investment Banking,5.8870000000002e-03,87,30-90 Days
SWPT0AXXM1DKFY4,2026-01-12,2026-06-19,INR,USD,5649910.16,1.027658,1.028098,Investment Banking,4.39999999999996e-04,158,90+ Days
SWP1QB3IBHF01PV,2026-01-28,2026-03-01,USD,JPY,2397257.48,0.689876,0.691276,Investment Banking,1.39999999999996e-03,32,30-90 Days
SWP0E7GVWIZUG0A,2025-12-27,2026-02-23,JPY,USD,3255229.88,0.669676,0.667626,Investment Banking,-0.00205,58,30-90 Days
SWP6S276K4CESHW,2025-11-05,2026-01-02,CHF,GBP,3916681.92,0.683334,0.685537,Treasury,2.20299999999995e-03,58,30-90 Days
SWPXCK3NIT217SI,2026-01-02,2026-04-06,GBP,CAD,1590326.16,0.819619,0.820916,Treasury,1.29699999999999e-03,94,90+ Days
SWP328I0YBRP5QL,2026-01-20,2026-05-18,CAD,CHF,3698879.86,1.239762,1.238522,Treasury,-1.24000000000013e-03,118,90+ Days
SWPUTA088Q39IJA,2026-01-07,2026-06-04,USD,AUD,8175797.2,0.504675,0.503283,Investment Banking,-1.39199999999995e-03,148,90+ Days
SWP1Z65Z2OW9P4M,2025-12-09,2026-01-02,GBP,USD,6067685.01,0.683064,0.68515,Treasury,2.08600000000003e-03,24,0-30 Days
SWPPJM80LNCL80A,2026-02-21,2026-02-28,JPY,EUR,2222593.52,1.307531,1.309938,Investment Banking,2.40700000000005e-03,7,0-30 Days
SWPW5KG1269SXWX,2026-01-12,2026-06-05,JPY,CHF,1840630.23,0.651082,0.652752,Investment Banking,1.66999999999995e-03,144,90+ Days
SWP9PDMY2XHARS5,2025-12-18,2026-01-12,USD,GBP,2269493.82,1.129118,1.131562,Treasury,2.44399999999989e-03,25,0-30 Days
SWPJD8UB7921UZ9,2025-11-26,2026-01-29,JPY,AUD,1795431.22,1.114026,1.113846,Treasury,-1.80000000000069e-04,64,30-90 Days
SWPALICBSYWNHBF,2026-01-05,2026-05-28,CAD,USD,1740604.68,0.954906,0.955546,Treasury,6.39999999999974e-04,143,90+ Days
SWP2923PU19CZTM,2025-12-03,2026-01-06,USD,CAD,2219311.34,1.293276,1.297993,Markets,4.71699999999986e-03,34,30-90 Days
SWPQRZ6ENGV0VKN,2025-11-22,2025-11-29,GBP,INR,2747735.94,1.124593,1.127726,Markets,3.13300000000005e-03,7,0-30 Days
SWP7NTQJHWKZBWB,2026-02-12,2026-06-20,JPY,AUD,5475441.69,0.941492,0.943982,Treasury,2.48999999999999e-03,128,90+ Days
SWP288CYSWHKTF8,2026-01-23,2026-06-05,INR,EUR,1947117.4,1.415927,1.414879,Treasury,-1.04799999999994e-03,133,90+ Days
SWP6H0II9I3MH2R,2025-12-03,2026-05-18,INR,EUR,6201787.87,0.948105,0.948364,Investment Banking,2.59000000000009e-04,166,90+ Days
SWP61CXFGPT3H25,2025-11-20,2025-11-30,JPY,USD,4925855.73,0.77335,0.77545,Investment Banking,2.09999999999999e-03,10,0-30 Days
SWPGQQW7KAJTU8Y,2026-01-04,2026-04-19,JPY,CHF,27447339.85,0.995842,0.994892,Investment Banking,-9.50000000000006e-04,105,90+ Days
SWPZM9W7TNOO50T,2026-01-19,2026-06-11,CAD,EUR,966342.66,1.397541,1.395472,Investment Banking,-2.06899999999988e-03,143,90+ Days
SWPZI1SMSXJE7U5,2025-11-28,2026-04-12,USD,CAD,4944756.87,0.692714,0.69439,Investment Banking,1.6759999999999e-03,135,90+ Days
SWP0HAH3L0DLA9Q,2025-11-30,2026-05-20,INR,EUR,3873680.83,1.352168,1.353593,Markets,1.42500000000001e-03,171,90+ Days
SWPPBGYPSJ7UKWO,2026-02-12,2026-05-22,AUD,CHF,8743342.72,0.71438,0.712709,Markets,-1.67099999999998e-03,99,90+ Days
SWP4V6UYY1CF4R3,2025-12-04,2026-03-16,EUR,USD,5481295.2,0.83379,0.833028,Markets,-7.6200000000004e-04,102,90+ Days
SWPO57EWY5959WZ,2026-01-10,2026-01-23,INR,CAD,3997616.88,1.044968,1.045081,Markets,1.1300000000003e-04,13,0-30 Days
SWPZC59396MNRR0,2026-02-09,2026-07-19,EUR,JPY,3848531.27,1.461401,1.464516,Markets,3.11499999999998e-03,160,90+ Days
SWPB6EQ65ETV90G,2026-01-06,2026-05-08,AUD,USD,2832448.21,1.213394,1.213095,Investment Banking,-2.99000000000049e-04,122,90+ Days
SWP2DUJXAHTT0WZ,2026-02-10,2026-07-04,CAD,INR,23425839.53,0.516389,0.516968,Investment Banking,5.78999999999996e-04,144,90+ Days
SWPHBGIJ2LCC23P,2026-02-11,2026-06-18,JPY,AUD,1369444.24,1.079889,1.07799,Treasury,-1.8990000000001e-03,127,90+ Days
SWP8ZIRRJ6725WX,2025-11-14,2026-02-27,USD,JPY,2281380.78,0.784052,0.781449,Investment Banking,-2.60300000000002e-03,105,90+ Days
SWP7F45G4PQGVNA,2025-11-22,2026-01-29,AUD,CAD,1122060.66,0.822866,0.822076,Markets,-7.89999999999957e-04,68,30-90 Days
SWPT9ZT5RRF2IQZ,2025-10-29,2026-02-06,CAD,USD,4303164.08,1.105938,1.107443,Treasury,1.50499999999987e-03,100,90+ Days
SWPGL5PNRTCD4GC,2025-12-04,2026-05-08,JPY,GBP,1746945.43,1.142919,1.14461,Treasury,1.69099999999989e-03,155,90+ Days
SWPA516L7X1YC0N,2025-12-08,2026-06-06,CAD,JPY,8091336.93,0.766267,0.764884,Markets,-1.38300000000002e-03,180,90+ Days
SWPJNW0V5NWWSLS,2025-12-10,2026-02-04,JPY,EUR,8434109.06,0.576646,0.57744,Investment Banking,7.93999999999961e-04,56,30-90 Days
SWPQ88NHFUSDS4S,2026-01-31,2026-04-09,JPY,EUR,956123.18,0.78115,0.783915,Treasury,2.76500000000002e-03,68,30-90 Days
SWPPD6P3I10FCM9,2026-01-19,2026-04-19,GBP,JPY,956414.44,1.179465,1.187734,Investment Banking,8.26900000000008e-03,90,30-90 Days
SWPI0VJEUPQZU5F,2025-10-28,2026-04-05,INR,USD,2254521.87,0.606605,0.606749,Investment Banking,1.44000000000033e-04,159,90+ Days
SWPFHCWNUOHNJNU,2025-12-23,2026-02-23,EUR,INR,738387.37,1.030319,1.03474,Investment Banking,4.42100000000001e-03,62,30-90 Days
SWP195DK2IEM9QX,2026-01-30,2026-03-12,EUR,JPY,4402484.84,0.672844,0.67364,Investment Banking,7.96000000000019e-04,41,30-90 Days
SWPR9W0600DD7P6,2026-01-02,2026-03-18,USD,AUD,3172404.22,0.628071,0.628873,Investment Banking,8.01999999999969e-04,75,30-90 Days
SWPBZKI5NNBSJE9,2026-01-20,2026-02-20,USD,CHF,4875673.75,1.46637,1.464585,Investment Banking,-1.78499999999993e-03,31,30-90 Days
SWPEINN61RFDK8Z,2026-01-06,2026-02-08,INR,CAD,4157001.98,1.333254,1.332369,Investment Banking,-8.85000000000025e-04,33,30-90 Days
SWPBMVAO0OYJJYT,2025-12-01,2026-05-03,GBP,CHF,1570639.93,1.347954,1.346982,Treasury,-9.72000000000195e-04,153,90+ Days
SWP6PZ09ER0GM4Z,2026-02-17,2026-04-03,AUD,INR,2165904.08,0.959418,0.961577,Investment Banking,2.15900000000002e-03,45,30-90 Days
SWP1PO7NRSH98UV,2026-01-13,2026-05-09,INR,CHF,5454296.57,1.201848,1.203029,Markets,1.18099999999988e-03,116,90+ Days
SWP5S86JQJ5PMUX,2026-01-30,2026-04-13,CAD,EUR,6245734.53,0.682089,0.683234,Treasury,1.14500000000006e-03,73,30-90 Days
SWPWMLA1OKXLLZ8,2025-11-29,2026-01-11,INR,CHF,1943617.33,0.928003,0.925939,Treasury,-2.06400000000007e-03,43,30-90 Days
SWPKN1GOPH1YUGT,2026-01-28,2026-03-11,JPY,EUR,1941511.01,0.606264,0.604841,Investment Banking,-1.42300000000006e-03,42,30-90 Days
SWPVDACJC2F2KA7,2025-12-28,2026-06-24,INR,AUD,2770209.6,0.843029,0.844719,Markets,1.68999999999997e-03,178,90+ Days
SWPMZWPMI8QAUEI,2025-11-26,2026-04-01,GBP,USD,2073973.95,1.446956,1.448532,Markets,1.57600000000002e-03,126,90+ Days
SWPB5G9C4TT6MKR,2025-11-09,2026-02-23,CHF,INR,2605144.58,1.161882,1.163413,Treasury,1.53099999999995e-03,106,90+ Days
SWPZ6Q338D89VAD,2026-01-03,2026-02-03,GBP,INR,5465089.52,0.865129,0.862818,Markets,-2.31100000000006e-03,31,30-90 Days
SWPE9PGVINRIDTW,2026-01-04,2026-04-25,USD,CAD,1184439.3,1.314997,1.310832,Treasury,-4.16499999999997e-03,111,90+ Days
SWPMHWWAB7SSFRB,2025-11-29,2026-01-01,EUR,INR,9062416.93,0.516705,0.517374,Markets,6.69000000000031e-04,33,30-90 Days
SWP9F3X49UN1H48,2025-11-08,2026-03-17,AUD,USD,1749625.97,1.340601,1.347861,Treasury,7.26000000000004e-03,129,90+ Days
SWP4E5U2CQJ3TSE,2025-11-14,2025-12-09,GBP,CHF,806091.42,0.527867,0.528147,Treasury,2.80000000000058e-04,25,0-30 Days
SWPHA0EDIL694PP,2025-11-22,2025-12-02,CAD,CHF,2566199.48,0.751731,0.752694,Treasury,9.62999999999936e-04,10,0-30 Days
SWPX8M38WGS609G,2026-01-02,2026-04-16,INR,CAD,6170781.03,0.894935,0.894283,Markets,-6.51999999999986e-04,104,90+ Days
SWPFW2C44TO9Z1K,2026-01-02,2026-01-18,CAD,AUD,684626.99,0.972887,0.972164,Investment Banking,-7.22999999999918e-04,16,0-30 Days
SWPT1JOKWZ7MY20,2025-12-09,2025-12-16,CAD,INR,444036.02,1.472861,1.475424,Treasury,2.56300000000009e-03,7,0-30 Days
SWPESVQW9T514QY,2025-12-23,2026-02-06,CHF,CAD,2539413.43,1.459581,1.460669,Treasury,1.08799999999998e-03,45,30-90 Days
SWP203PBNPO73HR,2025-12-22,2026-06-02,CHF,AUD,2950375.83,0.703974,0.703244,Markets,-7.30000000000008e-04,162,90+ Days
SWPMYQI1S0BCTBL,2025-12-01,2026-05-17,CAD,JPY,1225869.22,0.960466,0.96118,Investment Banking,7.13999999999992e-04,167,90+ Days
SWP2Q4LJOW8F6FM,2025-11-24,2026-02-07,INR,JPY,7296223.88,1.185747,1.183034,Markets,-2.71300000000019e-03,75,30-90 Days
SWPIDMZG9F2Z5AH,2025-11-26,2026-04-05,EUR,USD,2906302.4,0.766707,0.766393,Markets,-3.14000000000036e-04,130,90+ Days
SWPE2GQEO8LFG35,2025-12-12,2026-05-03,INR,USD,3329291.18,0.841485,0.842519,Markets,1.03399999999998e-03,142,90+ Days
SWPTYOM6D0D6YFL,2026-02-20,2026-08-10,GBP,INR,11123562.61,1.132163,1.132837,Treasury,6.74000000000063e-04,171,90+ Days
SWPGANSGPKBDJ3U,2025-12-05,2026-04-05,JPY,USD,1536494.02,1.118238,1.116288,Treasury,-1.95000000000012e-03,121,90+ Days
SWPTD4PH334BBA8,2025-11-23,2026-02-15,USD,GBP,9986583.17,0.851443,0.855133,Treasury,3.69000000000008e-03,84,30-90 Days
SWP1IFHJ26AW7V0,2026-01-30,2026-07-15,JPY,EUR,2282030.91,1.052094,1.056024,Treasury,3.92999999999999e-03,166,90+ Days
SWP8C605DSJS8T7,2025-12-25,2026-01-04,EUR,CHF,5047482.85,1.296824,1.29604,Treasury,-7.83999999999896e-04,10,0-30 Days
SWPUC13A1PAMNM2,2025-12-27,2026-04-13,USD,CAD,6605022.09,0.868724,0.869469,Markets,7.44999999999996e-04,107,90+ Days
SWPB081BG6ZPJAP,2026-01-12,2026-06-29,CHF,CAD,1737158.7,1.022168,1.023263,Investment Banking,1.09500000000007e-03,168,90+ Days
SWPC8L6W2UFRD3T,2025-12-28,2026-04-29,JPY,AUD,8235223.19,1.197228,1.200135,Markets,2.90699999999999e-03,122,90+ Days
SWPG86AUAUJ7IVM,2025-11-17,2025-12-09,USD,CAD,7749918.75,0.588724,0.587347,Investment Banking,-1.37700000000007e-03,22,0-30 Days
SWPH1SKMRC3X1QF,2026-02-01,2026-04-14,GBP,EUR,1608062.03,0.961494,0.964419,Investment Banking,2.92500000000007e-03,72,30-90 Days
SWPKD3QGD5KKKWT,2025-11-20,2026-03-06,INR,AUD,10732312.68,0.831234,0.830731,Treasury,-5.03000000000031e-04,106,90+ Days
SWPA6FFFUNUQCI6,2025-12-11,2026-05-12,INR,CHF,11340056.35,0.908411,0.905275,Investment Banking,-3.13599999999992e-03,152,90+ Days
SWP95KMDMPRIYK1,2025-11-15,2026-05-03,JPY,GBP,5624244.88,1.091051,1.091652,Treasury,6.01000000000074e-04,169,90+ Days
SWPA1FGXJCGOTLW,2025-10-31,2026-02-11,INR,JPY,3695526.81,1.210055,1.208828,Investment Banking,-1.22700000000009e-03,103,90+ Days
SWPXOJDNLN5Z8QH,2025-11-25,2026-03-01,USD,EUR,513026.73,1.287716,1.28954,Markets,1.82399999999983e-03,96,90+ Days
SWPWE5TREQNA9BB,2025-12-10,2025-12-24,JPY,EUR,3419051.71,1.032468,1.034167,Markets,1.69900000000012e-03,14,0-30 Days
SWPYMZ5TF6WMPHD,2026-02-19,2026-05-07,CHF,USD,4870233.62,1.011757,1.014045,Markets,2.28800000000007e-03,77,30-90 Days
SWPRDTDEEO9Z853,2026-02-22,2026-04-23,CAD,JPY,1471094.19,0.544473,0.545642,Markets,1.16899999999998e-03,60,30-90 Days
SWPI2TWEYLC3XVS,2025-12-09,2026-05-26,GBP,EUR,1133548.21,1.401814,1.40257,Treasury,7.56000000000201e-04,168,90+ Days
SWP3GGBBD8Z1CSE,2026-01-07,2026-03-19,INR,CAD,1443675.69,1.343929,1.346571,Investment Banking,2.64200000000003e-03,71,30-90 Days
SWPO97HIY60ZVZX,2025-12-02,2026-01-25,CHF,USD,3479948.27,1.329455,1.330011,Treasury,5.56000000000001e-04,54,30-90 Days
SWPQYJAVOIDOJ4H,2025-12-13,2026-04-21,USD,EUR,2273613.95,1.155161,1.155258,Investment Banking,9.69999999997917e-05,129,90+ Days
SWPC86LN2KH6BQD,2026-01-01,2026-02-08,INR,CHF,3797729.6,0.891409,0.891807,Markets,3.98000000000009e-04,38,30-90 Days
SWPA2Y4A8FTXEE4,2026-01-09,2026-04-19,CAD,AUD,7264074.57,0.986618,0.987516,Markets,8.97999999999954e-04,100,90+ Days
SWPZKZZXOHBMVWH,2026-02-13,2026-06-21,JPY,AUD,1576780.61,0.811516,0.811994,Markets,4.77999999999978e-04,128,90+ Days
SWPHJMD7ZEXNQAM,2026-01-29,2026-07-13,AUD,CHF,2234849.96,1.249572,1.252942,Markets,3.3700000000001e-03,165,90+ Days
SWPE670JWBLEL0Y,2025-11-27,2025-12-19,USD,INR,3083869.64,1.115735,1.118619,Treasury,2.88400000000011e-03,22,0-30 Days
SWPPMZANOVU2T6N,2026-01-12,2026-04-26,JPY,USD,2818347.18,0.87472,0.875385,Investment Banking,6.64999999999916e-04,104,90+ Days
SWP8QCSXYQNT17M,2025-12-18,2026-06-02,GBP,CHF,8648451.99,0.907396,0.907528,Investment Banking,1.32000000000021e-04,166,90+ Days
SWP2PHXX9FQ9VHI,2026-02-21,2026-06-16,GBP,EUR,2241263.5,0.626588,0.627288,Investment Banking,6.99999999999923e-04,115,90+ Days
SWP7ISWU45DEVCV,2026-02-16,2026-04-04,JPY,GBP,1877471.43,0.731284,0.730134,Investment Banking,-1.1500000000001e-03,47,30-90 Days
SWPOQ4JRDA5DM7C,2026-01-21,2026-04-06,CAD,USD,6121892.89,0.90549,0.904639,Markets,-8.51000000000046e-04,75,30-90 Days
SWPTSBQF4A4EWCB,2026-01-08,2026-06-16,USD,CAD,2591003.19,1.353935,1.355312,Treasury,1.37699999999996e-03,159,90+ Days
SWPK1TGJVPH0E2O,2026-02-02,2026-06-13,INR,EUR,2224946.83,1.376951,1.374179,Markets,-0.002772,131,90+ Days
SWPDLSR10ZINOUL,2026-02-04,2026-03-24,GBP,INR,7332134.38,1.126109,1.128445,Treasury,2.33599999999989e-03,48,30-90 Days
SWPM2T3NXYD6TQ4,2026-02-04,2026-02-28,JPY,CAD,1982182.43,0.752693,0.752877,Markets,1.84000000000073e-04,24,0-30 Days
SWP7KGC3JY15K4V,2025-11-11,2026-01-08,CAD,INR,4560985.49,0.643451,0.64394,Markets,4.88999999999962e-04,58,30-90 Days
SWPSZPXEXSJB4HU,2025-12-23,2026-05-01,EUR,AUD,5734366.3,1.467531,1.47414,Treasury,6.60900000000009e-03,129,90+ Days
SWPR41EVVR9UB6H,2025-12-24,2026-03-22,CHF,USD,2185787.27,1.409792,1.416414,Markets,6.62200000000013e-03,88,30-90 Days
SWPD0NMXBUIALK5,2025-12-06,2026-01-25,EUR,USD,20163894.54,0.888412,0.88999,Treasury,1.57799999999997e-03,50,30-90 Days
SWP5TMR8K935ML8,2026-02-15,2026-08-05,GBP,JPY,6788900.04,0.518576,0.518724,Markets,1.47999999999926e-04,171,90+ Days
SWP3U0H2RG1PX3B,2026-02-08,2026-03-25,USD,CHF,587615.19,0.949145,0.949654,Investment Banking,5.08999999999982e-04,45,30-90 Days
SWPJC2KO22UMKEM,2025-11-14,2026-01-18,CHF,JPY,10577779.14,0.996382,0.994634,Treasury,-1.74799999999997e-03,65,30-90 Days
SWP6IUZBO5N1025,2025-12-28,2026-05-04,CHF,AUD,1538480.52,0.728107,0.726461,Treasury,-1.64599999999993e-03,127,90+ Days
SWP7JNAXIRZQGTF,2026-01-13,2026-03-07,USD,AUD,7196954.82,1.068197,1.071284,Markets,3.08699999999984e-03,53,30-90 Days
SWPGJFY41HYLWR6,2026-01-30,2026-05-18,USD,JPY,1021044.6,1.391617,1.393054,Markets,1.43699999999991e-03,108,90+ Days
SWP6JBOBPP3D7UK,2026-02-07,2026-03-27,CHF,CAD,3979540.02,1.124312,1.130459,Markets,6.14700000000012e-03,48,30-90 Days
SWP7MU6Q0JHRSBK,2026-02-02,2026-07-13,GBP,EUR,1785102.39,1.357287,1.358004,Markets,7.17000000000079e-04,161,90+ Days
SWPCCSIZ6PTTWWQ,2025-12-13,2026-04-25,GBP,USD,3307522.99,1.005365,1.005752,Treasury,3.86999999999915e-04,133,90+ Days
SWP3R9OG77POI9E,2025-12-09,2026-01-14,INR,GBP,11367605.62,1.076953,1.076139,Markets,-8.14000000000092e-04,36,30-90 Days
SWPNMLHBXD1JOPT,2025-10-26,2026-03-09,JPY,CAD,10502459.77,1.41331,1.417701,Treasury,4.39100000000003e-03,134,90+ Days
SWPB8PCXZCLUXRZ,2025-11-11,2026-01-10,AUD,EUR,4422996.03,0.705218,0.705884,Markets,6.65999999999944e-04,60,30-90 Days
SWPLBBI68FUXHY2,2025-12-10,2026-02-17,USD,EUR,2082493.11,0.535107,0.535409,Treasury,3.02000000000024e-04,69,30-90 Days
SWPEB6JUT9ZLJGV,2025-11-12,2026-03-07,EUR,GBP,1540982.58,0.541273,0.54236,Markets,1.08699999999995e-03,115,90+ Days
SWP5HGUECSZBHG3,2026-02-19,2026-04-06,INR,GBP,2997087.08,0.842593,0.844376,Investment Banking,1.78299999999998e-03,46,30-90 Days
SWPLN0TV09U8566,2026-02-01,2026-03-30,USD,GBP,1177175.26,1.145608,1.144517,Investment Banking,-1.09099999999995e-03,57,30-90 Days
SWP8GDFZ221PVBF,2026-01-18,2026-04-06,INR,GBP,804711.67,1.445513,1.441088,Markets,-4.42500000000012e-03,78,30-90 Days
SWPZ6B3MMCT7A81,2025-12-27,2026-04-10,GBP,USD,1756384.48,0.774842,0.777351,Markets,2.50899999999998e-03,104,90+ Days
SWPMT6IX0XZCME4,2025-11-03,2025-12-02,USD,CAD,1464510.74,1.31282,1.317173,Markets,4.35299999999983e-03,29,0-30 Days
SWPT2E49ID8F4ZT,2026-02-22,2026-05-25,INR,CAD,14481623.96,1.118701,1.122337,Treasury,3.63599999999997e-03,92,90+ Days
SWPDW24TO5OZTJ0,2025-11-30,2026-02-14,AUD,CAD,3964980.6,1.052175,1.051944,Investment Banking,-2.31000000000092e-04,76,30-90 Days
SWPAUH0UKGC22YI,2026-01-07,2026-07-05,GBP,CHF,819834.81,1.257499,1.257005,Markets,-4.93999999999994e-04,179,90+ Days
SWP2QZT81OO6M4T,2025-10-27,2025-12-12,CHF,AUD,2477879.67,0.541302,0.542161,Investment Banking,8.59000000000054e-04,46,30-90 Days
SWPNFJPHG4NMWOJ,2025-11-10,2025-11-17,EUR,AUD,10107527.51,0.866613,0.866115,Markets,-4.97999999999998e-04,7,0-30 Days
SWPHYMAR8FWDTKM,2025-11-29,2026-04-26,GBP,EUR,2993044.29,1.368289,1.364107,Markets,-4.18200000000013e-03,148,90+ Days
SWPNTFCFZ5IK1F2,2025-11-09,2025-12-16,CAD,JPY,14904122.96,1.289205,1.295029,Markets,5.82400000000005e-03,37,30-90 Days
SWPPJFAQDKAJPQ1,2025-12-09,2026-04-20,CHF,EUR,4167576.53,1.222569,1.219254,Treasury,-3.31499999999996e-03,132,90+ Days
SWP5UPQFUZ53FEK,2025-12-01,2026-04-16,JPY,EUR,1962921.87,0.887929,0.888555,Markets,6.26000000000015e-04,136,90+ Days
SWPRPLHWIIOFG8D,2025-12-15,2026-01-29,USD,GBP,3585671.24,0.695092,0.695112,Investment Banking,1.9999999999909e-05,45,30-90 Days
SWP5T2M0AIL0A85,2025-11-12,2026-05-08,EUR,AUD,7121991.96,0.628844,0.626503,Markets,-2.34099999999993e-03,177,90+ Days
SWPNQGJFUYN3Z03,2025-11-27,2025-12-08,AUD,CHF,3954821.16,0.908774,0.906879,Treasury,-1.89499999999998e-03,11,0-30 Days
SWP0CBYIPOG4CU1,2025-12-17,2026-01-22,JPY,INR,9112504.28,0.644123,0.643994,Investment Banking,-1.29000000000046e-04,36,30-90 Days
SWP19RVZUWYHCZB,2025-12-22,2026-05-05,AUD,CHF,3374096.41,0.775381,0.774824,Treasury,-5.5700000000003e-04,134,90+ Days
SWPO8IB65V0WN3L,2025-10-29,2025-11-27,EUR,AUD,3618726.09,1.417565,1.421017,Investment Banking,3.45200000000001e-03,29,0-30 Days
SWPJMATS587Z1G8,2026-01-09,2026-06-20,EUR,GBP,38862222.12,1.44562,1.4466,Markets,9.80000000000203e-04,162,90+ Days
SWPZURRDURS6P9I,2026-01-10,2026-04-21,EUR,AUD,2051236.37,0.802814,0.804438,Treasury,1.62399999999996e-03,101,90+ Days
SWPR3QZ85J64XKX,2025-12-30,2026-04-22,INR,CHF,1776456.98,0.682833,0.682747,Treasury,-8.60000000000305e-05,113,90+ Days
SWPN1CG6Z0UPTLM,2026-01-07,2026-02-25,EUR,JPY,2211078.02,1.191807,1.19251,Investment Banking,7.02999999999898e-04,49,30-90 Days
SWPH4S38BZZAG8W,2026-01-08,2026-04-03,EUR,GBP,7770956.0,1.02491,1.02469,Markets,-2.19999999999887e-04,85,30-90 Days
SWPF7UT63R2CIGQ,2026-01-19,2026-06-08,GBP,CHF,5828441.75,0.998068,0.996346,Investment Banking,-0.001722,140,90+ Days
SWPMGCM227RDXN5,2025-12-08,2026-03-06,INR,CAD,1815816.72,1.429902,1.435094,Treasury,5.19200000000009e-03,88,30-90 Days
SWP7N7ZPGZDF13O,2026-02-02,2026-05-27,INR,USD,13262132.71,1.167173,1.165699,Treasury,-1.47399999999998e-03,114,90+ Days
SWP0XIS6FZIQOY8,2025-11-24,2026-05-23,GBP,JPY,10310101.83,1.365551,1.3678,Treasury,2.24899999999995e-03,180,90+ Days
SWPZOC6OR32ERKK,2026-01-02,2026-02-22,CAD,EUR,3599147.19,0.813075,0.81252,Markets,-5.54999999999972e-04,51,30-90 Days
SWPF3VSHX3F3S1I,2025-12-21,2026-03-06,JPY,INR,3920272.19,1.041768,1.043809,Investment Banking,2.04099999999996e-03,75,30-90 Days
SWP2QCE3BLAD9Q3,2026-02-21,2026-04-19,AUD,CAD,943541.51,1.21811,1.21751,Markets,-5.99999999999934e-04,57,30-90 Days
SWPWY0FCZI6K6JZ,2025-11-02,2026-03-16,JPY,CHF,5323046.66,0.514157,0.514791,Treasury,6.34000000000023e-04,134,90+ Days
SWPDKZ6QS7WL4AD,2025-11-06,2026-03-26,INR,CAD,1575488.22,1.445102,1.45031,Treasury,5.20799999999988e-03,140,90+ Days
SWP8G6J8CR4XUAJ,2025-11-01,2025-12-28,USD,INR,1560123.33,1.141786,1.141057,Treasury,-7.2899999999998e-04,57,30-90 Days
SWPR7QO2H16ZRA0,2025-12-13,2026-01-12,EUR,INR,1418363.98,0.903951,0.903803,Markets,-1.47999999999926e-04,30,0-30 Days
SWPK6NTWH6A9QHN,2026-01-04,2026-01-12,EUR,INR,1492290.22,1.071139,1.070465,Treasury,-6.74000000000063e-04,8,0-30 Days
SWPYZB6V07A5EXC,2025-12-30,2026-03-13,EUR,GBP,2676393.15,1.39607,1.402617,Investment Banking,6.54700000000008e-03,73,30-90 Days
SWPZJJL8D3RWO41,2025-11-07,2025-12-25,CAD,GBP,6558715.56,0.769456,0.772787,Investment Banking,3.33099999999997e-03,48,30-90 Days
SWP9CUWLQTWJKGY,2026-02-03,2026-07-05,GBP,CHF,2751828.54,0.80335,0.806054,Markets,2.70400000000004e-03,152,90+ Days
SWPMUK23DC6T66T,2025-12-20,2026-05-28,INR,GBP,12058918.69,1.203832,1.205116,Markets,1.28400000000006e-03,159,90+ Days
SWPSD8CGQZLMEY0,2025-11-30,2026-05-18,CAD,USD,2944517.54,1.004151,1.003915,Markets,-2.36000000000125e-04,169,90+ Days
SWPFOZ7XXJ1SQ3C,2025-11-26,2026-03-22,JPY,INR,7234411.08,1.262134,1.265891,Treasury,3.75700000000001e-03,116,90+ Days
SWPU11U0E5EPH6A,2026-02-09,2026-07-05,USD,GBP,5860655.72,1.494231,1.494223,Markets,-8.000000000008e-06,146,90+ Days
SWPZ0DZPNVUTI3H,2025-11-07,2026-04-08,EUR,USD,2812477.4,0.645627,0.647878,Markets,0.002251,152,90+ Days
SWP4QDE5EJHIGPB,2025-12-01,2025-12-29,USD,INR,1698439.99,0.658293,0.659497,Markets,1.20399999999998e-03,28,0-30 Days
SWP8YIL90UA8BF7,2025-11-23,2026-03-25,EUR,GBP,2956442.63,0.714898,0.714976,Treasury,7.79999999999115e-05,122,90+ Days
SWP94GXVXQEVHQM,2026-02-07,2026-04-23,CAD,USD,3243403.8,0.545145,0.54634,Treasury,1.19500000000006e-03,75,30-90 Days
SWPJMUBE0WEHT8I,2026-01-05,2026-01-20,CAD,AUD,2989196.3,1.34626,1.343571,Markets,-2.68899999999994e-03,15,0-30 Days
SWPC3ODH2E6YB12,2026-01-24,2026-04-29,INR,GBP,2317588.26,0.566331,0.568236,Markets,1.90499999999993e-03,95,90+ Days
SWP90CH5ZQOSR1B,2026-01-02,2026-03-14,INR,AUD,483869.77,0.985108,0.981737,Markets,-3.37100000000001e-03,71,30-90 Days
SWPHFTWVHSMGEJ0,2025-12-08,2026-03-04,INR,EUR,5849270.8,0.711315,0.712868,Investment Banking,1.55299999999992e-03,86,30-90 Days
SWPRUTNDY2EDC1U,2025-12-29,2026-04-12,USD,JPY,2053998.61,0.79906,0.800707,Investment Banking,1.64699999999995e-03,104,90+ Days
SWPLMUDA6Z1P20G,2025-12-09,2026-02-20,CHF,JPY,2964952.37,1.477294,1.478431,Treasury,1.13699999999994e-03,73,30-90 Days
SWP7RST97PS71SS,2025-10-28,2026-03-21,CAD,GBP,3116633.21,1.090274,1.088747,Markets,-1.52700000000006e-03,144,90+ Days
SWP9J9Q31IJV9IL,2026-01-08,2026-06-26,CHF,JPY,2312724.33,1.100026,1.101113,Investment Banking,1.08700000000006e-03,169,90+ Days
SWPLGHPN10RAO0T,2026-02-19,2026-06-20,INR,CHF,3185353.65,0.61594,0.616716,Treasury,7.75999999999999e-04,121,90+ Days
SWPPAHOJBY7SW5R,2026-01-29,2026-03-20,CHF,USD,696607.22,0.868196,0.8676,Investment Banking,-5.9599999999993e-04,50,30-90 Days
SWPS3I3O510Z7S2,2025-11-12,2025-12-14,CHF,USD,2241250.31,1.052255,1.055006,Treasury,2.75100000000017e-03,32,30-90 Days
SWP881CS59GXH9I,2026-02-17,2026-06-22,JPY,GBP,3181732.36,0.640576,0.641522,Investment Banking,9.46000000000002e-04,125,90+ Days
SWPLFA4PZC51O83,2025-11-16,2026-03-08,JPY,INR,3642959.5,0.692772,0.69066,Investment Banking,-0.002112,112,90+ Days
SWPOFPA9IDDK30E,2025-12-31,2026-05-01,GBP,JPY,4300471.7,1.147453,1.150707,Investment Banking,3.25399999999987e-03,121,90+ Days
SWPGRUQB95KJI7A,2026-02-20,2026-08-08,USD,AUD,457443.67,1.260496,1.261212,Markets,7.15999999999939e-04,169,90+ Days
SWPJP96MGRP7WVF,2026-01-30,2026-02-23,USD,CHF,1503473.0,0.560479,0.560206,Investment Banking,-2.72999999999968e-04,24,0-30 Days
SWPYKHLWO0X7PL8,2026-01-19,2026-05-19,CHF,JPY,2356588.55,1.305212,1.300696,Treasury,-4.51599999999996e-03,120,90+ Days
SWP40OL75WNSVVF,2026-02-14,2026-04-18,JPY,CHF,911005.32,1.448624,1.449752,Investment Banking,1.12800000000002e-03,63,30-90 Days
SWPP4OW7OQVJRTG,2025-11-03,2025-12-26,EUR,INR,2597523.54,0.758747,0.76014,Investment Banking,1.39300000000009e-03,53,30-90 Days
SWPP72KAW3GY0A6,2025-11-11,2026-01-30,CAD,JPY,3868627.25,1.062833,1.063561,Treasury,7.28000000000062e-04,80,30-90 Days
SWPFI6JFOEZ56DV,2026-02-21,2026-05-11,AUD,USD,3379338.14,1.48161,1.483571,Treasury,1.96099999999988e-03,79,30-90 Days
SWPPD078Q9LKRS4,2026-01-22,2026-05-23,GBP,AUD,6646479.81,1.016174,1.015752,Treasury,-4.21999999999922e-04,121,90+ Days
SWPVTV7QM0QRH0V,2026-01-16,2026-06-02,GBP,CAD,1840525.58,0.655888,0.656144,Markets,2.55999999999923e-04,137,90+ Days
SWP2VGPKZI290DX,2025-12-30,2026-04-28,CAD,USD,3080476.36,0.885871,0.887094,Treasury,1.22300000000009e-03,119,90+ Days
SWP767O2PF316ML,2025-10-26,2025-11-18,GBP,INR,2037178.78,0.63927,0.639159,Investment Banking,-1.10999999999972e-04,23,0-30 Days
SWPE2PEUOV6LR1Q,2025-11-14,2026-04-29,CHF,GBP,4952067.94,1.232052,1.230814,Investment Banking,-1.23799999999985e-03,166,90+ Days
SWP9K7WWX06CCVM,2025-10-28,2025-11-22,CHF,AUD,4024434.31,0.525886,0.526836,Investment Banking,9.50000000000006e-04,25,0-30 Days
SWPS0K4Z8NEPI2O,2025-10-26,2026-04-23,USD,CAD,2640775.97,1.402827,1.407785,Markets,4.95800000000002e-03,179,90+ Days
SWP17Z3ONH5PH58,2025-11-11,2025-12-29,CHF,INR,19340174.64,1.218407,1.214888,Treasury,-3.51900000000005e-03,48,30-90 Days
SWP6JWVP1SJ6J9F,2025-12-04,2026-01-05,JPY,GBP,2473994.75,1.086507,1.086796,Markets,2.89000000000206e-04,32,30-90 Days
SWPU2UC47NCPVHN,2025-11-30,2026-05-26,EUR,JPY,3564596.23,0.935772,0.935497,Treasury,-2.75000000000025e-04,177,90+ Days
SWP7559QJH4SDGP,2025-12-25,2026-01-11,JPY,GBP,4988123.37,0.58517,0.585554,Markets,3.84000000000051e-04,17,0-30 Days
SWPOVOSJUC9YQK8,2026-01-30,2026-03-13,USD,EUR,1390453.13,0.608993,0.609216,Investment Banking,2.22999999999973e-04,42,30-90 Days
SWP73MTBZLX3VL0,2025-11-18,2026-03-07,CAD,USD,1677533.11,1.347481,1.35225,Treasury,4.76900000000002e-03,109,90+ Days
SWPZNDCGKEPQAL1,2025-10-27,2025-12-10,USD,JPY,2492944.49,0.791283,0.789568,Investment Banking,-1.71499999999991e-03,44,30-90 Days
SWP52T4V8T4SMP9,2026-01-10,2026-02-19,AUD,CHF,10544400.6,1.233307,1.234036,Investment Banking,7.2899999999998e-04,40,30-90 Days
SWPOAL3N4SGJOCG,2025-11-29,2026-03-24,USD,INR,686398.09,1.216314,1.21646,Treasury,1.46000000000202e-04,115,90+ Days
SWPIECOV6PR385I,2026-02-07,2026-03-14,CAD,JPY,2009233.78,1.375821,1.377038,Markets,1.21700000000002e-03,35,30-90 Days
SWPIAFY515NC1W0,2025-11-20,2026-04-08,GBP,JPY,386742.92,0.555256,0.556736,Treasury,1.48000000000004e-03,139,90+ Days
SWPB1DKER8K7VB9,2026-02-03,2026-07-26,AUD,JPY,1871205.22,1.255672,1.259474,Treasury,3.80200000000008e-03,173,90+ Days
SWPGCMP5V6S2U8V,2025-10-27,2025-12-29,INR,JPY,1089916.88,0.55809,0.55924,Treasury,1.14999999999998e-03,63,30-90 Days
SWPS4ZON1DK0B1M,2025-12-07,2026-05-10,CHF,INR,6580416.96,0.507587,0.509474,Treasury,1.88699999999997e-03,154,90+ Days
SWP21A0436Y3E6O,2025-11-23,2026-05-11,GBP,CAD,3868201.61,1.342184,1.348029,Investment Banking,5.84499999999988e-03,169,90+ Days
SWP32LH5CV9IZPN,2026-02-01,2026-03-15,EUR,GBP,3811082.7,1.31158,1.314501,Markets,2.92099999999995e-03,42,30-90 Days
SWPXOO91EU5JDBL,2025-10-27,2025-12-08,GBP,USD,1636433.88,0.973162,0.972696,Markets,-4.65999999999966e-04,42,30-90 Days
SWPCDC3RQDOZY01,2025-12-16,2026-04-10,CAD,INR,12247529.15,0.858819,0.860357,Treasury,1.53800000000004e-03,115,90+ Days
SWP8Q4T4BM8IUMK,2025-11-02,2025-11-24,CAD,USD,6909302.96,1.43466,1.435808,Markets,1.14799999999993e-03,22,0-30 Days
SWPR7NFU63JILNG,2025-12-27,2026-03-19,USD,AUD,4837923.35,0.895913,0.896775,Treasury,8.62000000000029e-04,82,30-90 Days
SWP5UXT44I4P4ZL,2026-02-10,2026-08-03,USD,CHF,2626780.85,1.491228,1.493929,Markets,2.70100000000006e-03,174,90+ Days
SWPASCYZCFQWFZR,2026-01-24,2026-02-17,GBP,USD,4072960.47,0.769378,0.77204,Treasury,2.66199999999994e-03,24,0-30 Days
SWPEAWMQ1NH6CPJ,2026-02-17,2026-05-01,CAD,USD,23548394.84,0.748781,0.747617,Markets,-1.16400000000005e-03,73,30-90 Days
SWPLZTFRKXPEIIF,2026-02-03,2026-04-24,EUR,AUD,3963907.88,0.87414,0.875123,Treasury,9.82999999999956e-04,80,30-90 Days
SWPME2DNJRPWLAX,2025-12-03,2026-04-11,AUD,GBP,11169208.15,0.576643,0.576679,Markets,3.6000000000036e-05,129,90+ Days
SWPD80BCLK7N4I5,2026-02-09,2026-03-04,AUD,USD,3708157.8,1.478605,1.480398,Markets,1.79300000000016e-03,23,0-30 Days
SWPP4RE2JRROPDQ,2025-12-28,2026-03-29,AUD,JPY,4636231.42,1.431087,1.430816,Treasury,-2.7099999999991e-04,91,90+ Days
SWPQ5I0EQCBVBSQ,2025-11-26,2026-01-20,INR,JPY,2372308.15,0.599316,0.599229,Markets,-8.69999999999482e-05,55,30-90 Days
SWPD6QSH939GRQ9,2025-12-09,2026-05-03,EUR,AUD,4343694.97,1.06453,1.06383,Markets,-6.99999999999923e-04,145,90+ Days
SWPI5M8SIZ5PBZ6,2026-01-15,2026-05-21,USD,JPY,3561794.27,0.507029,0.507288,Markets,2.59000000000009e-04,126,90+ Days
SWPHONNW3VU3NZ2,2025-12-06,2026-03-21,EUR,AUD,3212784.12,1.221311,1.222441,Treasury,1.13000000000008e-03,105,90+ Days
SWP8DY0IM0AA42C,2025-11-02,2026-04-03,AUD,JPY,3812946.18,1.122021,1.123966,Treasury,1.94500000000009e-03,152,90+ Days
SWPB721U3DEKICU,2026-01-10,2026-04-07,INR,CHF,1954197.46,1.325752,1.324736,Treasury,-1.01600000000013e-03,87,30-90 Days
SWPPZGXSSWMJ9R5,2026-01-05,2026-06-12,EUR,CAD,1531563.84,0.805504,0.807609,Treasury,2.10500000000002e-03,158,90+ Days
SWP5S0KNQQV04JJ,2025-12-08,2026-02-16,GBP,AUD,3552026.84,1.198692,1.198106,Investment Banking,-5.86000000000197e-04,70,30-90 Days
SWPOQ0VK0W9FBKP,2026-02-02,2026-03-02,AUD,CAD,2160386.85,1.453365,1.45797,Treasury,4.60499999999997e-03,28,0-30 Days
SWP26DY12RW2QM0,2026-01-15,2026-06-17,AUD,USD,1684388.73,1.29723,1.295863,Markets,-1.36700000000012e-03,153,90+ Days
SWP3JBYZZ7Y5LUQ,2025-11-24,2026-05-01,GBP,JPY,2735823.6,1.035189,1.037584,Treasury,2.39500000000015e-03,158,90+ Days
SWP9BMS2EEX6QCG,2025-11-17,2026-01-10,USD,CHF,7038020.13,1.412596,1.41523,Investment Banking,2.63400000000003e-03,54,30-90 Days
SWPG09LQE44N5IA,2025-11-20,2026-01-30,CAD,CHF,1013878.31,1.024113,1.028322,Investment Banking,4.20899999999991e-03,71,30-90 Days
SWPNWJ75WE77XHL,2025-12-18,2026-06-03,CAD,EUR,6909423.09,0.756119,0.75969,Investment Banking,3.57099999999999e-03,167,90+ Days
SWPIGI8XR486W77,2026-01-06,2026-03-14,INR,CHF,2940266.05,1.176514,1.175997,Investment Banking,-5.17000000000101e-04,67,30-90 Days
SWPV1KSHK68YES8,2025-12-04,2026-03-05,CHF,AUD,6846959.79,0.918208,0.919283,Investment Banking,1.07499999999994e-03,91,90+ Days
SWPYMQ0UEQ6P2ZT,2025-11-17,2026-04-07,USD,CAD,964962.46,0.539112,0.541161,Treasury,2.04899999999997e-03,141,90+ Days
SWPCYNV3LP37HWR,2025-10-29,2026-04-15,CHF,GBP,1166783.5,0.780213,0.781495,Treasury,1.28200000000001e-03,168,90+ Days
SWPV8MZK107UNCS,2025-12-07,2026-05-04,GBP,JPY,3043634.87,1.10753,1.106669,Treasury,-8.61000000000001e-04,148,90+ Days
SWP6D9J837SSBVS,2025-11-12,2026-04-08,INR,EUR,10092222.94,1.238657,1.238407,Markets,-2.49999999999861e-04,147,90+ Days
SWPA730LYDF1VPN,2025-12-23,2026-03-03,INR,USD,3375284.47,0.508877,0.509527,Treasury,6.49999999999928e-04,70,30-90 Days
SWPRT7RJ6D96GYJ,2025-11-19,2026-02-26,INR,CHF,15539135.05,0.986878,0.988426,Investment Banking,1.54799999999999e-03,99,90+ Days
SWPA82JW8KY81H5,2026-02-17,2026-08-11,USD,CAD,3007067.7,0.737584,0.738766,Markets,1.18200000000002e-03,175,90+ Days
SWPWVCM03QAQ9LC,2026-02-10,2026-04-11,JPY,INR,1910654.77,1.095216,1.096313,Investment Banking,1.09700000000013e-03,60,30-90 Days
SWPF8F21DE030NZ,2025-12-10,2025-12-30,USD,CHF,7276454.16,0.605027,0.605059,Treasury,3.2000000000032e-05,20,0-30 Days
SWPBCAAMT7O4CCD,2025-11-20,2026-01-04,CHF,GBP,616637.91,0.884027,0.88574,Treasury,1.71299999999996e-03,45,30-90 Days
SWPJLFFAAZ05B5E,2025-11-22,2026-02-22,CAD,AUD,4307226.83,1.498192,1.498992,Treasury,8.00000000000134e-04,92,90+ Days
SWP8J8P14T329Q3,2026-02-02,2026-07-05,GBP,JPY,5139307.05,1.397506,1.403346,Investment Banking,5.84000000000007e-03,153,90+ Days
SWPQXSV7GG68MG2,2026-02-20,2026-04-18,INR,CAD,11900546.18,1.020606,1.01941,Treasury,-1.19599999999997e-03,57,30-90 Days
SWPH2IX1ZXWUUUT,2026-01-01,2026-06-19,GBP,CAD,4749530.24,0.782081,0.777492,Markets,-4.58900000000007e-03,169,90+ Days
SWP4U88ZCDIRIJF,2025-10-26,2025-12-15,USD,EUR,6770364.29,0.895385,0.897506,Markets,2.12100000000004e-03,50,30-90 Days
SWPVJ4V6CJK4D1E,2026-01-09,2026-06-26,CAD,AUD,5475284.07,0.787112,0.790137,Investment Banking,3.02499999999994e-03,168,90+ Days
SWP5H43Q9ZDRXV3,2026-01-29,2026-04-05,CHF,USD,4261291.97,0.70588,0.705508,Investment Banking,-3.71999999999928e-04,66,30-90 Days
SWPEYWC4ZBZB4JA,2025-12-02,2026-03-12,AUD,GBP,1280387.72,0.596774,0.596095,Markets,-6.78999999999985e-04,100,90+ Days
SWPCZU587BXDLOV,2025-11-11,2026-01-24,CHF,EUR,1967667.72,0.679856,0.683649,Treasury,3.79299999999994e-03,74,30-90 Days
SWPT4E4ANJ0GXVP,2026-02-08,2026-03-27,AUD,JPY,14770543.61,1.426542,1.428574,Investment Banking,2.03200000000003e-03,47,30-90 Days
SWP9W86Q1ITBAC1,2025-11-25,2026-04-20,JPY,INR,5249699.89,1.039386,1.036918,Investment Banking,-2.46799999999991e-03,146,90+ Days
SWPTACK3JTBW45W,2025-11-03,2026-01-27,JPY,CHF,18470642.34,1.244998,1.245842,Markets,8.43999999999845e-04,85,30-90 Days
SWPOXPLKU5ET4N8,2026-01-13,2026-03-29,AUD,JPY,4586130.72,0.713768,0.713961,Treasury,1.92999999999999e-04,75,30-90 Days
SWPS3U153D90OFE,2026-01-14,2026-05-27,USD,EUR,2295832.92,0.697435,0.698981,Markets,1.54599999999994e-03,133,90+ Days
SWPDXUJFZZAGG02,2025-12-18,2026-01-18,AUD,GBP,5948776.56,0.534719,0.533747,Treasury,-9.72000000000084e-04,31,30-90 Days
SWPNEN4BPTRBT7O,2025-10-26,2026-02-10,CHF,EUR,2422524.21,0.568776,0.568635,Treasury,-1.40999999999947e-04,107,90+ Days
SWPZ2D2UP07V2T0,2025-11-20,2026-01-29,CHF,EUR,4909146.69,0.720031,0.722053,Markets,2.02199999999997e-03,70,30-90 Days
SWPO468KDKI7765,2026-02-20,2026-04-08,GBP,CAD,490519.34,0.938292,0.937187,Investment Banking,-1.10500000000002e-03,47,30-90 Days
SWP4VUNDKBXIJH9,2025-12-14,2026-04-02,CHF,GBP,5707237.57,0.971034,0.974205,Treasury,3.17100000000003e-03,109,90+ Days
SWPMH3MM3KEXALE,2025-12-30,2026-04-21,INR,GBP,7864916.55,0.942318,0.944714,Treasury,2.39600000000006e-03,112,90+ Days
SWPBDGBKXSU3G83,2026-02-11,2026-04-29,GBP,JPY,8012708.96,1.327115,1.323234,Investment Banking,-3.88100000000002e-03,77,30-90 Days
SWPCDBNNBQRGUIV,2026-02-09,2026-08-05,JPY,CHF,1893363.74,1.302618,1.302594,Treasury,-2.4000000000024e-05,177,90+ Days
SWPIK91Q1LHL2Y9,2025-12-07,2026-06-03,CAD,JPY,11837584.27,0.920549,0.922065,Markets,1.51600000000007e-03,178,90+ Days
SWP5M64D22KRO95,2025-12-18,2026-04-14,CAD,AUD,1235507.22,1.058315,1.058906,Treasury,5.91000000000008e-04,117,90+ Days
SWPSRE3U5F05AZA,2025-11-10,2025-12-09,EUR,JPY,3258056.62,1.030245,1.029205,Treasury,-1.04000000000015e-03,29,0-30 Days
SWPPO3RDDMN67VC,2026-02-03,2026-07-11,EUR,USD,863988.06,0.651741,0.652581,Investment Banking,8.39999999999952e-04,158,90+ Days
SWPON9GN8MAJS5E,2025-12-14,2026-04-04,USD,JPY,1182859.72,0.660626,0.660088,Investment Banking,-5.38000000000038e-04,111,90+ Days
SWP92HGL74UWZV4,2025-10-30,2025-11-14,CAD,USD,1414439.71,1.169384,1.173457,Markets,4.07299999999999e-03,15,0-30 Days
SWPLCUBY7MLNBI9,2025-12-08,2026-05-26,CAD,USD,864578.01,0.651002,0.650884,Markets,-1.17999999999951e-04,169,90+ Days
SWPI8EM0I173KGZ,2025-11-09,2026-02-19,GBP,CAD,1403874.03,0.765565,0.767158,Treasury,1.59299999999996e-03,102,90+ Days
SWPE9U4KADJL8ZG,2026-01-09,2026-03-20,CHF,CAD,3387985.72,0.854361,0.857658,Markets,3.29699999999999e-03,70,30-90 Days
SWP375L3QAWGIWB,2026-02-01,2026-03-08,INR,JPY,19633837.56,0.615775,0.616192,Markets,4.17000000000001e-04,35,30-90 Days
SWPVUW5KB65D8C5,2025-11-05,2026-01-16,INR,CHF,11726264.24,0.725764,0.72591,Treasury,1.46000000000091e-04,72,30-90 Days
SWPSD8UOADBVCJG,2025-12-26,2026-02-21,EUR,GBP,3774532.51,0.968091,0.970616,Investment Banking,0.002525,57,30-90 Days
SWP2NAWYJ260KR5,2025-11-03,2025-11-16,INR,USD,4497660.21,1.060639,1.062655,Investment Banking,2.0159999999998e-03,13,0-30 Days
SWPQ0NPLPY8ANBD,2026-01-14,2026-03-30,INR,CAD,4356048.12,1.149398,1.152707,Treasury,3.30900000000001e-03,75,30-90 Days
SWPEW6QP8YMV9BA,2025-12-02,2026-05-27,USD,CAD,19600225.29,0.551175,0.552109,Investment Banking,9.3399999999999e-04,176,90+ Days
SWPYQXASNZEZ7E0,2026-01-01,2026-06-30,JPY,CAD,7160684.32,0.765842,0.765526,Treasury,-3.15999999999983e-04,180,90+ Days
SWPHE3NZ42LKBJ4,2026-01-17,2026-05-16,CAD,CHF,6348077.33,1.279245,1.280896,Treasury,1.65100000000007e-03,119,90+ Days
SWPAGHPEOV7R0BN,2025-12-13,2026-03-11,USD,CHF,2223952.98,1.303687,1.303189,Markets,-4.98000000000109e-04,88,30-90 Days
SWPM6TADAFXQPLE,2026-02-20,2026-07-28,AUD,USD,813188.48,1.067339,1.064597,Markets,-2.74200000000002e-03,158,90+ Days
SWPORO5T3PN885Q,2026-01-11,2026-04-23,JPY,CAD,747363.36,0.627515,0.627836,Investment Banking,3.20999999999905e-04,102,90+ Days
SWP861G7XD3YTZ8,2025-10-26,2026-03-30,JPY,AUD,3812630.93,1.243064,1.242708,Markets,-3.56000000000023e-04,155,90+ Days
SWPJ2GAFBJJOWI6,2025-12-04,2026-05-01,AUD,CHF,3359717.16,0.545365,0.545654,Treasury,2.88999999999984e-04,148,90+ Days
SWPQF7NDVT0U5H4,2026-01-01,2026-06-16,AUD,USD,2202501.75,1.06337,1.063409,Investment Banking,3.90000000001223e-05,166,90+ Days
SWP8ONI6OSNPH6W,2025-11-13,2025-12-17,INR,JPY,11166040.22,0.679164,0.679645,Markets,4.81000000000065e-04,34,30-90 Days
SWPH8O4MVO43QVE,2025-12-08,2026-05-13,CAD,AUD,1858498.08,0.713508,0.714093,Investment Banking,5.84999999999947e-04,156,90+ Days
SWPC2S6HL1MHG56,2026-02-01,2026-05-27,AUD,INR,3774920.89,1.028849,1.02824,Markets,-6.0899999999986e-04,115,90+ Days
SWPVJULYVIWHP4E,2025-12-11,2026-04-26,JPY,GBP,1266836.52,0.874293,0.872892,Treasury,-1.40099999999999e-03,136,90+ Days
SWPYD81WVBSVDD2,2025-12-20,2026-02-19,USD,AUD,1087987.67,1.388563,1.39377,Treasury,5.20699999999996e-03,61,30-90 Days
SWPM7BO3PP91DGC,2025-11-14,2026-03-09,AUD,INR,4003581.96,1.3823,1.385588,Treasury,3.28799999999996e-03,115,90+ Days
SWPPUJQEC47SWBC,2026-02-12,2026-06-08,INR,GBP,5233246.4,0.954587,0.955456,Investment Banking,8.69000000000009e-04,116,90+ Days
SWPFKAJ8F4IKRMJ,2026-01-21,2026-03-08,CHF,GBP,4194332.2,0.565453,0.565337,Investment Banking,-1.16000000000005e-04,46,30-90 Days
SWPYO96VZULQYQM,2025-12-16,2026-05-25,JPY,EUR,1469045.18,1.00338,1.004775,Investment Banking,1.39500000000004e-03,160,90+ Days
SWPOZDJNLUGFAXR,2025-11-13,2026-01-29,CAD,USD,8801375.45,1.058492,1.061583,Treasury,3.09099999999995e-03,77,30-90 Days
SWPBBM30OBNDZZS,2025-12-20,2026-05-17,JPY,USD,1481216.12,0.790035,0.791691,Treasury,1.65599999999999e-03,148,90+ Days
SWPCM9YVJF6AKHM,2026-02-07,2026-02-19,AUD,USD,1489276.62,1.036954,1.041114,Markets,4.16000000000016e-03,12,0-30 Days
SWPEQPYI55055ZJ,2026-01-11,2026-04-26,INR,EUR,4591886.31,1.383739,1.381413,Markets,-2.32600000000005e-03,105,90+ Days
SWPCBAYJED2LOZ0,2025-12-31,2026-02-26,CHF,CAD,2706366.78,1.427156,1.432628,Investment Banking,5.47199999999992e-03,57,30-90 Days
SWPRJIE7VAUQ94J,2025-11-26,2026-05-20,EUR,CHF,700011.92,1.449777,1.450361,Markets,5.83999999999918e-04,175,90+ Days
SWPWF2V251F4ZTB,2026-01-09,2026-05-31,CAD,AUD,2470580.3,0.639751,0.64122,Treasury,1.46900000000005e-03,142,90+ Days
SWPPYVSF13KEIZR,2025-10-30,2026-04-14,JPY,CHF,5589976.66,0.679555,0.680356,Treasury,8.00999999999941e-04,166,90+ Days
SWPG16MN8IOQZ3A,2025-12-05,2026-05-23,GBP,CHF,2092628.69,1.203757,1.201629,Markets,-2.12799999999991e-03,169,90+ Days
SWPXXBPURSCLCJY,2025-11-23,2026-03-27,CHF,AUD,700219.52,0.982315,0.983688,Investment Banking,1.37299999999996e-03,124,90+ Days
SWP8JO0JS67JAPI,2025-12-19,2026-04-24,USD,JPY,4504839.84,0.600498,0.600838,Investment Banking,3.40000000000007e-04,126,90+ Days
SWPSEK1HK4L5452,2025-11-14,2026-01-07,AUD,INR,5962989.47,1.13432,1.132574,Treasury,-1.74600000000003e-03,54,30-90 Days
SWPXL301OGDLJOF,2025-11-03,2025-12-20,CAD,JPY,3005559.67,1.496762,1.503157,Markets,6.39500000000015e-03,47,30-90 Days
SWPCJZP2C0CH9B0,2026-02-13,2026-08-02,USD,GBP,2697718.54,0.531482,0.53164,Treasury,1.57999999999991e-04,170,90+ Days
SWPM53GFPIU3LRR,2026-01-06,2026-03-19,JPY,AUD,4584595.24,0.847755,0.847548,Markets,-2.07000000000068e-04,72,30-90 Days
SWPEXUCJA0QJK9S,2026-01-30,2026-02-24,USD,INR,1915713.49,0.913357,0.913173,Markets,-1.83999999999962e-04,25,0-30 Days
SWPVQ97BJD2RUPV,2026-01-07,2026-01-30,CHF,EUR,3349280.73,0.548823,0.547978,Investment Banking,-8.44999999999985e-04,23,0-30 Days
SWPKPD31KFS7CFA,2026-02-02,2026-07-22,INR,EUR,1950140.26,0.808236,0.807045,Markets,-1.19099999999994e-03,170,90+ Days
SWPC2GON8WZR9X0,2025-12-31,2026-03-29,CAD,CHF,2172637.94,0.978122,0.979603,Investment Banking,1.48099999999995e-03,88,30-90 Days
SWPOKPLRE1MQHY3,2025-12-06,2025-12-29,USD,CAD,3348649.66,0.791659,0.790835,Investment Banking,-8.24000000000047e-04,23,0-30 Days
SWPX4GAPRLGL1L9,2025-11-22,2026-04-05,CAD,CHF,1291472.03,0.525987,0.527915,Markets,1.92800000000004e-03,134,90+ Days
SWPLDEASS30YRB5,2025-11-06,2026-04-20,EUR,USD,9273139.78,0.94954,0.952321,Investment Banking,2.78099999999992e-03,165,90+ Days
SWP5ZRBSZF37KJT,2026-01-26,2026-02-14,INR,JPY,5681041.63,1.21033,1.210449,Markets,1.19000000000202e-04,19,0-30 Days
SWP2TXFM01K2OVD,2025-12-20,2026-04-02,GBP,EUR,2026372.3,0.507322,0.507495,Investment Banking,1.72999999999979e-04,103,90+ Days
SWP3BIN9TIUEI3M,2025-10-28,2025-12-12,JPY,CHF,4715334.8,1.102558,1.102358,Investment Banking,-1.99999999999978e-04,45,30-90 Days
SWPALRLWUSTX3C2,2026-01-10,2026-04-16,CHF,GBP,4716203.67,1.075088,1.076766,Treasury,1.67799999999985e-03,96,90+ Days
SWPF1AFR1PAYBFI,2025-11-25,2025-12-26,JPY,INR,19046555.6,0.655189,0.65541,Treasury,2.21000000000027e-04,31,30-90 Days
SWPOD83KVDJZZR3,2026-02-16,2026-03-04,EUR,AUD,3544469.85,0.75065,0.74954,Treasury,-1.11000000000006e-03,16,0-30 Days
SWP3O18MNLOFXHZ,2026-02-11,2026-04-15,AUD,INR,1260560.04,0.816377,0.814928,Treasury,-1.44900000000003e-03,63,30-90 Days
SWP0MO16TYQ3SXW,2026-01-21,2026-06-07,CHF,GBP,2605647.93,0.59155,0.593497,Markets,1.94700000000003e-03,137,90+ Days
SWPF2G6JQ3W641H,2026-02-08,2026-02-27,CHF,CAD,3176498.61,1.338619,1.339366,Investment Banking,7.47000000000053e-04,19,0-30 Days
SWP6B6WWRQMA8KS,2026-02-02,2026-02-26,USD,GBP,4109719.57,1.079758,1.083136,Treasury,3.3780000000001e-03,24,0-30 Days
SWP5RYYNUMF5EVN,2026-02-10,2026-04-19,EUR,CHF,4482670.42,1.33816,1.340869,Markets,2.70900000000007e-03,68,30-90 Days
SWP5Z7TUQQ91JR1,2025-12-22,2026-04-04,CHF,EUR,3570562.27,0.748802,0.750618,Investment Banking,1.81600000000004e-03,103,90+ Days
SWPETTTS2FP8RSB,2025-12-05,2026-04-26,CHF,JPY,1640555.37,1.030706,1.031301,Treasury,5.95000000000123e-04,142,90+ Days
SWPDRITKKDE3VG6,2025-12-16,2026-01-13,CHF,GBP,1892884.45,1.251925,1.25276,Treasury,8.35000000000141e-04,28,0-30 Days
SWPQIW08OU8X4H5,2026-02-16,2026-07-06,GBP,USD,4500885.3,0.73462,0.736408,Markets,1.7879999999999e-03,140,90+ Days
SWPD6ZWTPAIY76I,2025-11-15,2026-04-28,GBP,INR,3753084.96,1.267498,1.271799,Markets,4.30099999999989e-03,164,90+ Days
SWPNVWKBTHGTL4H,2025-11-28,2025-12-10,INR,CHF,3232439.01,1.35587,1.3604,Investment Banking,4.53000000000015e-03,12,0-30 Days
SWPQH670359L46B,2025-12-30,2026-02-28,EUR,JPY,2597727.45,1.3921,1.393131,Treasury,0.001031,60,30-90 Days
SWP2412LJ25YU72,2025-11-08,2026-03-24,USD,GBP,2475528.65,1.054351,1.056482,Markets,2.13099999999988e-03,136,90+ Days
SWPFHQGCUIP2F4M,2025-12-17,2026-04-09,CHF,INR,3119461.27,1.288263,1.292777,Investment Banking,4.51400000000013e-03,113,90+ Days
SWPHF23YUQ60XL0,2025-12-22,2026-03-21,USD,INR,2810767.8,1.317536,1.317584,Markets,4.8000000000048e-05,89,30-90 Days
SWPYNVBB96PE0J1,2026-01-13,2026-06-04,USD,CAD,2255708.62,1.092227,1.093109,Treasury,8.82000000000049e-04,142,90+ Days
SWP3WEJQMICC0GK,2026-02-19,2026-03-09,JPY,AUD,2718344.4,1.183588,1.181197,Investment Banking,-2.39100000000003e-03,18,0-30 Days
SWPQJDCV3H2KKF1,2026-01-20,2026-03-18,AUD,INR,2098901.67,1.094671,1.097016,Investment Banking,2.34500000000004e-03,57,30-90 Days
SWPHEU6MU3U2AQ8,2025-12-31,2026-02-11,AUD,INR,9322296.54,1.188114,1.187631,Treasury,-4.82999999999789e-04,42,30-90 Days
SWP86KUVU66KTBR,2026-02-03,2026-05-17,JPY,USD,10650491.68,0.723228,0.723531,Markets,3.03000000000053e-04,103,90+ Days
SWPMONX2HDE5FFX,2025-11-30,2026-02-03,USD,AUD,6476071.43,1.188539,1.188879,Investment Banking,3.40000000000007e-04,65,30-90 Days
SWPSXCEYU3SQMZG,2025-11-03,2025-12-05,INR,CAD,1635184.45,1.267767,1.274549,Markets,6.78199999999984e-03,32,30-90 Days
SWP4FPRTWOSY2LH,2025-11-27,2026-02-03,AUD,JPY,2192239.07,1.328251,1.33181,Markets,3.55899999999987e-03,68,30-90 Days
SWPY4JY8KE62S0K,2025-11-18,2026-01-01,CHF,GBP,2085515.96,0.705423,0.703827,Markets,-1.59600000000004e-03,44,30-90 Days
SWPY70YQ7J648AE,2025-11-09,2026-01-12,CHF,GBP,18591444.68,0.516278,0.517182,Investment Banking,9.04000000000016e-04,64,30-90 Days
SWPI7JG6THFYJJH,2026-01-20,2026-05-10,JPY,AUD,2012203.23,0.818642,0.822576,Markets,3.93399999999999e-03,110,90+ Days
SWPJ23U1P1LBM4U,2025-11-20,2026-01-25,AUD,GBP,2476105.21,1.389263,1.392175,Treasury,2.91200000000003e-03,66,30-90 Days
SWPOULRNDCXPUMN,2026-01-14,2026-03-04,AUD,USD,730911.72,0.910624,0.91295,Investment Banking,2.32600000000005e-03,49,30-90 Days
SWPPYIW9VF8DNC7,2025-11-12,2026-04-17,CAD,JPY,2578425.56,0.856002,0.857828,Investment Banking,1.82599999999999e-03,156,90+ Days
SWP5ZWC8WI4CU2P,2025-12-06,2026-05-24,JPY,USD,1303874.67,0.905201,0.905702,Investment Banking,5.00999999999974e-04,169,90+ Days
SWPQT7EQCGRBSRI,2026-01-27,2026-03-26,CAD,CHF,3818526.23,0.789185,0.79349,Markets,0.004305,58,30-90 Days
SWPQKK9FUBVLUMR,2025-11-26,2025-12-27,CHF,AUD,10588131.83,0.515412,0.515758,Investment Banking,3.46000000000068e-04,31,30-90 Days
SWPUXL39PNFPATF,2026-02-08,2026-05-05,EUR,CAD,1365482.58,1.041933,1.042581,Investment Banking,6.47999999999982e-04,86,30-90 Days
SWP7VCT6EFZ4163,2026-01-14,2026-03-05,CHF,INR,2258632.57,0.992209,0.990985,Treasury,-0.001224,50,30-90 Days
SWP00WIP4OWG9HO,2026-01-27,2026-06-07,CAD,CHF,6741829.62,0.820386,0.821695,Treasury,0.001309,131,90+ Days
SWPSJWZ2K2RDUKC,2026-01-05,2026-06-05,INR,GBP,5279128.62,1.04953,1.049618,Treasury,8.7999999999866e-05,151,90+ Days
SWPEYB4AFXIDGYS,2025-12-09,2026-04-20,GBP,CAD,969650.52,1.47609,1.477444,Markets,1.35400000000008e-03,132,90+ Days
SWPLCF80R8FWHER,2025-11-14,2026-05-13,EUR,CHF,2216427.46,1.46373,1.462348,Investment Banking,-1.38199999999999e-03,180,90+ Days
SWP04FMGMLHHYYR,2025-12-05,2025-12-29,CHF,AUD,1693046.28,0.907249,0.909544,Markets,2.29500000000005e-03,24,0-30 Days
SWP15YNZU6KUQZG,2026-02-14,2026-03-20,EUR,USD,11516595.73,1.420359,1.422644,Investment Banking,2.28500000000009e-03,34,30-90 Days
SWPCUQUOHCZ7XSN,2025-12-03,2026-05-12,AUD,INR,869627.31,0.873484,0.874014,Investment Banking,5.29999999999919e-04,160,90+ Days
SWP61JA1WBIKK82,2026-01-12,2026-03-23,AUD,CAD,2510013.54,1.304937,1.30802,Treasury,3.08299999999995e-03,70,30-90 Days
SWP4NO828V2JJPV,2025-11-01,2026-04-25,CHF,CAD,1948390.73,0.646286,0.646937,Treasury,6.50999999999957e-04,175,90+ Days
SWPTZE9WQLBN54E,2026-02-14,2026-06-28,GBP,CAD,3694656.45,1.429163,1.43012,Treasury,9.57000000000097e-04,134,90+ Days
SWP5MG1COSAHYMO,2025-11-28,2026-04-16,CAD,CHF,2919069.43,0.640575,0.641345,Markets,7.70000000000048e-04,139,90+ Days
SWPR3A530AAPZAB,2026-01-15,2026-02-22,CHF,AUD,2741830.87,0.830135,0.831896,Investment Banking,1.76100000000001e-03,38,30-90 Days
SWPX7CGI9GYKRZ9,2025-12-09,2026-05-19,USD,AUD,3967392.46,1.140642,1.140855,Treasury,2.13000000000019e-04,161,90+ Days
SWPOXX22FH18N94,2026-01-20,2026-07-06,AUD,CHF,3095890.35,1.165091,1.165178,Markets,8.69999999999482e-05,167,90+ Days
SWP4SM7B60BR0Y3,2026-01-21,2026-04-03,JPY,INR,753191.46,0.584394,0.584958,Investment Banking,5.64000000000009e-04,72,30-90 Days
SWPL62OHACW5UOD,2026-01-01,2026-06-17,AUD,USD,2475164.61,0.892219,0.893366,Markets,1.14700000000001e-03,167,90+ Days
SWPTA24AP360QXN,2026-01-20,2026-02-27,CAD,INR,925765.31,1.291056,1.290642,Markets,-4.13999999999914e-04,38,30-90 Days
SWP0DQ37K9SN971,2025-11-29,2025-12-11,JPY,AUD,1181742.51,0.583973,0.582945,Investment Banking,-1.02799999999992e-03,12,0-30 Days
SWPX1VRKMWEU721,2025-12-09,2026-05-01,USD,JPY,2904090.46,0.529876,0.53069,Investment Banking,8.13999999999981e-04,143,90+ Days
SWPMTJ53QQ6SXDL,2026-01-10,2026-03-11,INR,GBP,2487635.8,1.176887,1.178094,Markets,1.20699999999996e-03,60,30-90 Days
SWPK3JW6MXHQ4W3,2026-01-21,2026-02-25,AUD,CHF,2047259.73,0.848294,0.849873,Investment Banking,0.001579,35,30-90 Days
SWPY6Y5LUET1N6Q,2025-12-07,2026-04-30,JPY,EUR,2656355.83,1.101716,1.101979,Investment Banking,2.63000000000124e-04,144,90+ Days
SWP6J02G5WF0YQO,2025-12-31,2026-05-10,AUD,INR,7565295.18,0.86626,0.867314,Treasury,0.001054,130,90+ Days
SWPUPB430U49Z7K,2025-12-14,2026-05-07,JPY,EUR,2224535.95,0.791674,0.794828,Markets,3.15399999999999e-03,144,90+ Days
SWPUU39O9LVQCBD,2026-01-15,2026-07-02,CHF,INR,2714477.09,0.985099,0.98258,Treasury,-2.51899999999994e-03,168,90+ Days
SWPDX4VVTF9HIOP,2025-12-22,2026-04-17,JPY,INR,7104910.19,0.750113,0.752675,Markets,2.56199999999995e-03,116,90+ Days
SWP50A2KR8Y2ZAR,2025-12-29,2026-05-20,INR,CHF,6601512.61,1.461719,1.463731,Investment Banking,2.0119999999999e-03,142,90+ Days
SWP0I4LWNDSGIWL,2026-01-06,2026-04-10,CHF,USD,3073778.82,1.111118,1.112975,Investment Banking,0.001857,94,90+ Days
SWP851K31JTGI1Z,2026-02-18,2026-04-22,CHF,CAD,2309548.09,1.416773,1.417846,Markets,1.07299999999988e-03,63,30-90 Days
SWP3THRJDISR0U9,2025-11-23,2026-02-22,EUR,CHF,860956.03,0.901099,0.901228,Markets,1.29000000000046e-04,91,90+ Days
SWPVL707H35JUG4,2025-12-13,2026-03-01,AUD,CHF,3575920.06,0.950755,0.952022,Treasury,1.26700000000002e-03,78,30-90 Days
SWPWW8CC7CFM2RV,2025-11-14,2025-12-31,INR,CHF,860421.04,1.027756,1.02929,Treasury,1.53400000000015e-03,47,30-90 Days
SWPW2Y4BK1SYWGI,2026-02-01,2026-04-20,CHF,AUD,600252.4,0.677931,0.679285,Investment Banking,1.35400000000008e-03,78,30-90 Days
SWPGOE7MT86BEJB,2026-02-18,2026-03-05,USD,INR,3224170.4,1.451743,1.452405,Treasury,6.6199999999994e-04,15,0-30 Days
SWPPIGRLXWNANPG,2025-11-07,2026-03-27,CHF,AUD,2461510.25,0.61015,0.609344,Markets,-8.05999999999973e-04,140,90+ Days
SWPI4LFSC9AQXKC,2025-12-17,2026-02-05,GBP,JPY,6021410.94,0.823234,0.824695,Treasury,1.46099999999993e-03,50,30-90 Days
SWPJ1E4UINNKJJ5,2025-12-03,2026-02-10,CAD,GBP,2125908.97,1.135941,1.140183,Markets,4.24199999999986e-03,69,30-90 Days
SWPPM46DJAY9UNB,2025-12-15,2026-04-07,JPY,INR,1232241.23,1.498461,1.503637,Markets,5.17599999999985e-03,113,90+ Days
SWPGM8CNHOKRW99,2025-12-12,2026-02-09,JPY,CAD,2987583.62,0.701906,0.702396,Markets,4.8999999999999e-04,59,30-90 Days
SWP8GQGDSC85NBS,2026-01-21,2026-03-06,INR,CAD,483412.29,0.982844,0.982402,Investment Banking,-4.42000000000053e-04,44,30-90 Days
SWPJSNQP14ADSGB,2026-02-04,2026-07-14,CAD,EUR,2546347.65,0.993199,0.992008,Treasury,-1.19100000000005e-03,160,90+ Days
SWPZBEJ3SJ9S731,2026-01-06,2026-04-17,EUR,INR,3519684.72,1.212695,1.213147,Investment Banking,4.51999999999897e-04,101,90+ Days
SWP2BKBULRWT5XF,2025-12-27,2026-05-15,GBP,JPY,4353381.64,1.102835,1.102769,Markets,-6.59999999998995e-05,139,90+ Days
SWP46V6RV5OT9Y3,2025-12-22,2026-06-07,USD,GBP,1298951.96,1.262704,1.266123,Treasury,3.41900000000006e-03,167,90+ Days
SWPN0DT7CKHQTW6,2025-12-26,2026-05-24,AUD,EUR,4310723.26,1.169167,1.166924,Investment Banking,-2.24299999999999e-03,149,90+ Days
SWP0B7E05ZR4J21,2025-12-02,2026-04-09,EUR,INR,3200940.15,0.774103,0.774167,Treasury,6.4000000000064e-05,128,90+ Days
SWP4ZYQWLOH4TGV,2026-01-12,2026-05-03,JPY,CAD,11813663.71,0.916569,0.916635,Markets,6.60000000000105e-05,111,90+ Days
SWPK0903ED5RY9Q,2025-12-09,2026-04-11,USD,INR,1061535.49,0.986894,0.987023,Markets,1.28999999999935e-04,123,90+ Days
SWP5TI6VL58T9CO,2026-02-14,2026-04-26,JPY,CHF,3906141.5,1.005929,1.007047,Investment Banking,1.11799999999995e-03,71,30-90 Days
SWP005O6D7HL7ZY,2025-11-11,2025-12-12,CHF,AUD,4430523.9,1.130546,1.13235,Investment Banking,1.80399999999992e-03,31,30-90 Days
SWPSJ858DXRH1GO,2025-11-05,2026-01-17,CAD,JPY,352114.12,0.547176,0.548635,Markets,1.45899999999999e-03,73,30-90 Days
SWPM4TL4161NNCM,2025-11-16,2026-03-14,GBP,INR,2924543.4,0.532824,0.534443,Markets,1.61900000000004e-03,118,90+ Days
SWPP41G3GCFMM0K,2025-12-10,2026-05-29,EUR,CHF,4282288.32,0.528362,0.529259,Treasury,8.97000000000037e-04,170,90+ Days
SWPP2IWLV79VKKT,2026-02-10,2026-05-07,CHF,GBP,4858258.08,0.502795,0.50356,Treasury,7.65000000000016e-04,86,30-90 Days
SWP82I2WIFWUAS8,2025-11-24,2025-12-29,INR,EUR,3604661.08,1.439978,1.441212,Markets,1.23399999999996e-03,35,30-90 Days
SWPUMIT0U16RJEV,2026-01-27,2026-03-07,CAD,INR,3029394.47,1.017618,1.022428,Markets,4.80999999999998e-03,39,30-90 Days
SWPZYWPN65A1X0P,2026-01-25,2026-05-10,CHF,EUR,5061887.13,1.081881,1.082975,Treasury,1.09399999999993e-03,105,90+ Days
SWPG2K3ZTIB92IF,2025-11-05,2025-11-29,CAD,CHF,1368989.91,0.873594,0.871399,Treasury,-2.19499999999995e-03,24,0-30 Days
SWPYFUK6ECN2RB7,2026-01-15,2026-06-30,GBP,JPY,2836536.48,1.207612,1.207359,Markets,-2.52999999999837e-04,166,90+ Days
SWPDTXAXHQO4RSX,2026-02-18,2026-06-18,JPY,EUR,5557249.61,0.774154,0.775285,Treasury,1.13099999999999e-03,120,90+ Days
SWPU99BY5EUWXCQ,2026-02-21,2026-03-13,USD,AUD,3354568.78,1.41208,1.414269,Treasury,0.002189,20,0-30 Days
SWPRYPJOQPE1SFP,2026-01-11,2026-02-26,CAD,CHF,4569804.47,1.135656,1.138354,Treasury,2.69800000000009e-03,46,30-90 Days
SWP8OYM2HQR70TB,2025-11-21,2026-01-21,CHF,GBP,2122483.91,0.854592,0.853965,Treasury,-6.27000000000044e-04,61,30-90 Days
SWPGIPAL80DK017,2026-01-03,2026-06-03,USD,AUD,8430751.58,1.206393,1.206602,Treasury,2.08999999999904e-04,151,90+ Days
SWPXZC8VSEK70MC,2026-01-15,2026-04-07,GBP,AUD,4768585.0,0.500904,0.501664,Investment Banking,7.59999999999983e-04,82,30-90 Days
SWPWRRUND0NFIAA,2025-10-31,2025-11-14,CHF,INR,7626846.13,1.38569,1.38701,Investment Banking,1.31999999999999e-03,14,0-30 Days
SWPSVQV4VMEWEGD,2025-12-16,2026-03-17,USD,JPY,9816497.0,1.25476,1.256019,Investment Banking,1.2589999999999e-03,91,90+ Days
SWPPG0IC5L9KV4L,2026-02-22,2026-03-19,AUD,JPY,2017917.68,0.855515,0.855508,Treasury,-6.99999999997925e-06,25,0-30 Days
SWP6RMO1DTLP1KT,2026-01-24,2026-04-08,USD,CAD,1276899.3,1.295739,1.297167,Investment Banking,1.42799999999998e-03,74,30-90 Days
SWPLCK6TVGHOICS,2026-01-31,2026-04-16,CHF,INR,1766930.82,1.417158,1.416566,Investment Banking,-5.91999999999926e-04,75,30-90 Days
SWPYTARFQWZXIU5,2026-01-24,2026-05-11,CAD,JPY,4167719.93,1.042679,1.04097,Markets,-1.70899999999996e-03,107,90+ Days
SWPYYZHJ86U37AS,2025-11-23,2026-02-20,CAD,AUD,6288471.21,1.019096,1.020456,Markets,1.36000000000003e-03,89,30-90 Days
SWPE45KB1BGXZCE,2025-11-16,2026-01-19,AUD,JPY,9485447.49,1.285199,1.285057,Markets,-1.42000000000087e-04,64,30-90 Days
SWPMR2ZQRNATTM2,2025-12-10,2026-05-15,GBP,CAD,8695877.81,1.287959,1.28852,Treasury,5.61000000000034e-04,156,90+ Days
SWPLH5RGHXEN38J,2026-01-15,2026-01-22,AUD,CAD,2203097.61,1.286343,1.289339,Investment Banking,0.002996,7,0-30 Days
SWP5LF1F0DK3A3X,2025-12-24,2026-04-12,EUR,JPY,3271591.05,0.619967,0.621773,Investment Banking,1.80599999999997e-03,109,90+ Days
SWPBEOP3SKKNQ41,2025-10-29,2026-02-13,USD,CHF,4326095.49,1.148094,1.149059,Investment Banking,9.65000000000105e-04,107,90+ Days
SWPZERTE89FZCZD,2026-01-09,2026-05-08,AUD,CHF,1204701.84,1.027596,1.031536,Treasury,3.94000000000005e-03,119,90+ Days
SWP4ETGE6VCBGYH,2026-02-13,2026-04-30,CAD,CHF,1607386.88,0.804107,0.806404,Investment Banking,2.29699999999999e-03,76,30-90 Days
SWPF854MCL0WC15,2025-11-08,2025-12-22,USD,CAD,3035083.93,1.475525,1.477312,Markets,1.78699999999998e-03,44,30-90 Days
SWPJA2PHP2HFNQK,2026-02-10,2026-03-21,USD,JPY,9829631.45,1.43644,1.436323,Markets,-1.16999999999923e-04,39,30-90 Days
SWPTIGIY2VOLXLV,2025-11-23,2026-04-17,AUD,INR,2373013.31,0.562343,0.562997,Treasury,6.53999999999932e-04,145,90+ Days
SWPYH701HZZRYHB,2026-01-14,2026-04-10,JPY,USD,757033.82,1.288164,1.288125,Treasury,-3.90000000001223e-05,86,30-90 Days
SWPCNCR86G863T6,2026-01-07,2026-01-14,EUR,AUD,5067175.56,0.75068,0.752221,Markets,1.54100000000001e-03,7,0-30 Days
SWP65TQYTJ7CSVD,2026-01-06,2026-04-02,GBP,CAD,3880080.44,1.233699,1.234407,Investment Banking,7.07999999999931e-04,86,30-90 Days
SWP54JZPADHZ9NR,2026-01-17,2026-03-10,EUR,CHF,3459019.11,0.945941,0.947059,Markets,1.11799999999995e-03,52,30-90 Days
SWPNPXEYX3W5RZY,2025-12-28,2026-03-24,USD,JPY,4535056.33,0.519474,0.519401,Markets,-7.29999999999897e-05,86,30-90 Days
SWPXEBYCXBS8VRN,2026-02-03,2026-07-31,GBP,EUR,2353814.9,1.243581,1.244336,Markets,7.55000000000061e-04,178,90+ Days
SWPYC9S2BFRETPL,2025-12-11,2025-12-24,EUR,JPY,1991919.36,1.182801,1.185345,Markets,2.5440000000001e-03,13,0-30 Days
SWPXEB1XMW4UP9J,2025-12-19,2025-12-30,INR,USD,8772949.66,0.588892,0.589791,Markets,8.98999999999983e-04,11,0-30 Days
SWPJPQY1P2VB16K,2026-01-27,2026-05-30,CHF,USD,855221.25,0.518559,0.518954,Investment Banking,3.95000000000034e-04,123,90+ Days
SWP7WD1CNM5VMSB,2026-01-08,2026-03-16,AUD,INR,4186079.77,1.142687,1.145435,Markets,2.74799999999997e-03,67,30-90 Days
SWPY21AMQLVIN7T,2026-01-13,2026-03-22,GBP,CHF,1489933.5,0.938148,0.93834,Investment Banking,1.9199999999997e-04,68,30-90 Days
SWPP9XYLV59CQSD,2025-12-28,2026-02-05,INR,JPY,3474523.19,0.645325,0.644157,Investment Banking,-1.16800000000006e-03,39,30-90 Days
SWPLVCTSRTXE3HC,2025-11-03,2026-04-23,INR,JPY,179554.46,1.263855,1.261075,Investment Banking,-0.00278,171,90+ Days
SWPMNRP46UP1CCQ,2026-02-11,2026-04-06,INR,USD,962162.45,1.451223,1.449714,Markets,-1.50899999999998e-03,54,30-90 Days
SWPY3EAH29X37DR,2025-11-16,2025-12-22,CHF,CAD,2213914.22,1.09196,1.095256,Treasury,3.29599999999997e-03,36,30-90 Days
SWPA76GD4ZO6SSQ,2026-02-12,2026-07-04,GBP,CAD,3256140.19,1.04663,1.050859,Treasury,4.22900000000004e-03,142,90+ Days
SWPBJGWXG1OOT1Q,2025-11-04,2026-04-04,USD,AUD,4828183.64,1.24063,1.244245,Investment Banking,3.61500000000015e-03,151,90+ Days
SWPL0MDV3TP58NH,2025-12-08,2026-01-28,AUD,INR,622998.8,0.714209,0.71791,Investment Banking,3.70100000000007e-03,51,30-90 Days
SWP3UW50NJWN1AB,2025-11-04,2026-03-18,EUR,INR,4650681.76,1.473552,1.475019,Treasury,1.46700000000011e-03,134,90+ Days
SWP7CYXPXFVT6HO,2026-02-20,2026-06-07,USD,INR,283106.2,0.642095,0.642595,Markets,5.00000000000056e-04,107,90+ Days
SWPSVHH2ME3E7CD,2026-01-03,2026-05-05,CHF,EUR,1353066.51,0.646987,0.649541,Treasury,2.55400000000006e-03,122,90+ Days
SWPD4X2QW3RAT6W,2026-02-04,2026-04-12,EUR,CHF,10308296.27,1.198534,1.200638,Markets,2.10400000000011e-03,67,30-90 Days
SWP6JEH6693110S,2025-12-31,2026-02-14,CAD,INR,3057897.43,0.793618,0.794441,Markets,8.22999999999907e-04,45,30-90 Days
SWPJO5KZJS1220N,2025-11-12,2026-04-07,GBP,CHF,3807123.66,1.063102,1.065469,Treasury,2.36700000000001e-03,146,90+ Days
SWPOE8GVW0KNDDO,2025-12-10,2026-05-12,INR,CAD,5453615.78,0.737798,0.737166,Investment Banking,-6.31999999999966e-04,153,90+ Days
SWPPAF5KCA194CO,2026-01-17,2026-05-07,EUR,CHF,2260628.93,1.285867,1.288861,Investment Banking,2.99399999999994e-03,110,90+ Days
SWPHR3TA73OL28O,2026-02-02,2026-03-05,JPY,USD,2184655.06,1.04767,1.045601,Treasury,-2.0690000000001e-03,31,30-90 Days
SWPSVAE6GJ7UUYA,2026-02-21,2026-04-24,CHF,USD,4735607.26,0.822799,0.824827,Treasury,2.02800000000003e-03,62,30-90 Days
SWPTY49O79TYJA9,2025-12-31,2026-04-21,CHF,JPY,2549665.01,0.591984,0.592613,Investment Banking,6.28999999999991e-04,111,90+ Days
SWPUMXKCXENCU2H,2026-01-15,2026-02-09,CAD,INR,2452108.48,1.33768,1.339176,Treasury,1.49599999999994e-03,25,0-30 Days
SWP6SJ0ODF8VIXX,2025-12-03,2026-03-02,GBP,USD,1673986.78,1.314677,1.315206,Treasury,5.29000000000002e-04,89,30-90 Days
SWP8TMVA0V6SKJW,2025-12-18,2026-05-28,JPY,INR,2081815.86,0.600789,0.601381,Markets,5.92000000000037e-04,161,90+ Days
SWPXE2S1NHO4U0R,2026-01-15,2026-04-06,INR,USD,4874315.86,1.164794,1.165431,Markets,6.36999999999999e-04,81,30-90 Days
SWPSSYGSJ3W8EGU,2026-01-22,2026-03-11,AUD,USD,3671797.58,0.760546,0.76211,Investment Banking,1.5639999999999e-03,48,30-90 Days
SWP36K1OEYA4GPS,2025-12-20,2026-03-17,AUD,CHF,1386269.69,0.685719,0.686144,Markets,4.25000000000009e-04,87,30-90 Days
SWPA19BGUWG5ABQ,2026-02-10,2026-02-24,CAD,AUD,1207888.99,1.281401,1.286504,Treasury,5.10300000000008e-03,14,0-30 Days
SWPZ3O1ENSFL2VX,2026-01-03,2026-04-11,GBP,AUD,3795633.04,1.292816,1.290475,Investment Banking,-2.34099999999993e-03,98,90+ Days
SWP18XF8JM3K73C,2025-11-27,2025-12-11,GBP,AUD,2122550.04,0.725294,0.724625,Markets,-6.69000000000031e-04,14,0-30 Days
SWP4TU3TGB9946Z,2026-01-06,2026-03-10,INR,EUR,8630415.09,0.781118,0.782463,Markets,1.34500000000004e-03,63,30-90 Days
SWP79MN1UKTE0R2,2025-11-12,2026-02-26,CAD,AUD,4527758.83,1.190447,1.193834,Treasury,3.38700000000003e-03,106,90+ Days
SWP3KF5OKOFVE8N,2025-11-17,2026-02-05,USD,AUD,12068828.94,1.487969,1.493351,Treasury,0.005382,80,30-90 Days
SWPHW1Y0FUKECGR,2025-12-16,2026-03-29,EUR,CAD,6409962.18,0.612175,0.614195,Treasury,2.02000000000002e-03,103,90+ Days
SWPW97SUJWQODTB,2025-12-02,2025-12-25,GBP,CHF,1578664.9,0.832226,0.832772,Treasury,5.45999999999935e-04,23,0-30 Days
SWPF5II1NJUUUG5,2025-11-06,2026-05-04,CHF,USD,3514766.1,0.739835,0.739911,Markets,7.5999999999965e-05,179,90+ Days
SWPAQT9VKCCGQHG,2026-02-17,2026-02-26,INR,EUR,3889759.79,0.548162,0.547526,Markets,-6.36000000000081e-04,9,0-30 Days
SWPGZH8Q8L8CIRX,2026-02-16,2026-04-20,EUR,INR,1106496.97,0.85931,0.857579,Markets,-1.73100000000004e-03,63,30-90 Days
SWPXJKOT8UTNIRU,2026-01-24,2026-04-28,EUR,CHF,2516346.91,1.053261,1.057439,Treasury,4.17800000000002e-03,94,90+ Days
SWP2G6IFMZCEP8U,2025-12-14,2026-01-02,GBP,EUR,1286566.36,0.781167,0.782233,Treasury,1.06600000000001e-03,19,0-30 Days
SWPMQTNADAOZ1PH,2026-01-05,2026-03-12,USD,EUR,985657.49,0.970723,0.969159,Markets,-1.56400000000001e-03,66,30-90 Days
SWPHN4CA8FCE703,2025-12-06,2026-03-13,CAD,JPY,5220262.42,1.410324,1.410048,Investment Banking,-2.75999999999943e-04,97,90+ Days
SWP6KNV1K9EXBXF,2026-01-06,2026-03-05,USD,JPY,12156519.37,0.943121,0.944294,Markets,1.17299999999998e-03,58,30-90 Days
SWPAIT6PE15P9Y5,2026-01-22,2026-04-01,AUD,JPY,4616924.27,1.433737,1.433067,Markets,-6.69999999999948e-04,69,30-90 Days
SWPUMJIU2TTGRM0,2025-12-01,2026-01-24,CHF,CAD,7600236.51,0.8995,0.899873,Investment Banking,3.73000000000068e-04,54,30-90 Days
SWPQ5QQEAQIOEKM,2025-10-28,2025-11-15,CAD,GBP,2525858.52,1.00966,1.010307,Investment Banking,6.47000000000064e-04,18,0-30 Days
SWPAGUG6FZ5OB0T,2025-12-09,2026-03-02,EUR,CHF,908905.43,1.26609,1.265798,Investment Banking,-2.91999999999959e-04,83,30-90 Days
SWP4MBF9NNNOTC9,2026-01-04,2026-04-26,EUR,GBP,8991234.74,0.844057,0.84566,Investment Banking,1.60300000000002e-03,112,90+ Days
SWPGN9YMEKDH3KK,2025-11-03,2026-03-29,AUD,CHF,2429183.07,0.717348,0.719993,Investment Banking,2.64500000000001e-03,146,90+ Days
SWP247JEQPCVV24,2026-02-04,2026-05-09,EUR,JPY,2739118.66,0.960001,0.961774,Markets,1.77300000000002e-03,94,90+ Days
SWPIQKTFYQ3BT53,2026-01-24,2026-02-03,CHF,AUD,3473752.93,1.168087,1.17107,Investment Banking,2.98299999999996e-03,10,0-30 Days
SWPT0Z4TEEFGIYR,2026-02-17,2026-04-07,INR,EUR,1145034.11,1.40904,1.406838,Treasury,-2.20200000000004e-03,49,30-90 Days
SWP63A39QQLD7AR,2026-02-11,2026-08-02,CHF,CAD,2295683.5,0.794044,0.793683,Treasury,-3.60999999999945e-04,172,90+ Days
SWP01DSTJKN3MRP,2026-02-20,2026-08-06,EUR,GBP,762757.66,1.140754,1.14082,Investment Banking,6.59999999998995e-05,167,90+ Days
SWP12WLGKTKVXDX,2025-12-11,2026-05-19,EUR,USD,4937815.91,0.976632,0.979536,Investment Banking,2.90400000000002e-03,159,90+ Days
SWPBJCEMII2KDV1,2025-11-12,2026-03-21,CAD,GBP,2797479.14,1.468969,1.473771,Treasury,4.80199999999997e-03,129,90+ Days
SWPERVXLUCNFG00,2025-11-29,2026-01-14,EUR,INR,13099572.87,1.033034,1.032479,Markets,-5.55000000000083e-04,46,30-90 Days
SWP4H0OBKU7HRYP,2026-01-10,2026-05-15,USD,CAD,9281001.92,0.803592,0.804946,Treasury,1.35400000000008e-03,125,90+ Days
SWPT7T2ZUR6PYYX,2026-01-27,2026-02-14,JPY,EUR,2773526.05,0.578162,0.577441,Investment Banking,-7.20999999999972e-04,18,0-30 Days
SWPMJATU2ISU6DZ,2025-12-20,2026-04-01,AUD,CHF,3895760.48,0.527581,0.528128,Treasury,5.47000000000075e-04,102,90+ Days
SWPS2K2S35J0KBJ,2025-12-06,2026-01-04,CAD,USD,1765699.42,1.312399,1.319208,Markets,6.80899999999984e-03,29,0-30 Days
SWP7UVJ6ZAX998H,2025-11-20,2026-02-21,EUR,CHF,4705038.34,1.490375,1.488905,Investment Banking,-1.47000000000008e-03,93,90+ Days
SWPZT4GLVIX72VN,2025-12-05,2026-01-06,EUR,USD,4877966.36,1.286567,1.287321,Investment Banking,7.53999999999921e-04,32,30-90 Days
SWPKX8BFEAAHXC8,2025-12-13,2026-04-16,INR,EUR,2154467.61,0.723601,0.723256,Treasury,-3.4500000000004e-04,124,90+ Days
SWPY0IFTUDNHQD3,2025-11-10,2026-04-22,CHF,JPY,10383358.13,0.711622,0.710897,Investment Banking,-7.24999999999976e-04,163,90+ Days
SWP5PV6SS905LFT,2026-01-08,2026-01-22,CHF,GBP,2728663.84,1.386215,1.389454,Investment Banking,3.23899999999999e-03,14,0-30 Days
SWPZNAAB2CNE9J9,2025-11-19,2026-03-11,USD,INR,7421744.35,0.633153,0.634747,Investment Banking,1.59399999999998e-03,112,90+ Days
SWP7JP3QRU99YAZ,2026-01-12,2026-05-09,AUD,USD,1884824.32,0.921432,0.921214,Treasury,-2.18000000000051e-04,117,90+ Days
SWP3V2YGGBBTW58,2025-12-01,2026-04-12,CHF,INR,1223777.0,1.301078,1.30625,Investment Banking,5.17199999999995e-03,132,90+ Days
SWPB45GCG8VFR5E,2025-12-07,2026-01-28,CHF,EUR,7787326.67,0.807846,0.809114,Treasury,1.26800000000005e-03,52,30-90 Days
SWPBLHH5Q62Z7J8,2025-11-13,2025-12-30,CAD,GBP,6299185.68,1.360899,1.359958,Treasury,-9.41000000000081e-04,47,30-90 Days
SWPIPVECW2A76G3,2025-12-07,2026-03-19,CAD,AUD,4304418.15,0.530811,0.531308,Treasury,4.9699999999997e-04,102,90+ Days
SWPKF38M8PC1JO7,2026-01-06,2026-05-15,AUD,INR,4619451.14,0.774637,0.774706,Investment Banking,6.89999999999857e-05,129,90+ Days
SWPN9Q2CQF5VS66,2025-11-14,2026-04-08,JPY,INR,2742957.43,1.007008,1.005973,Markets,-1.0349999999999e-03,145,90+ Days
SWP9REYA1CN4KHL,2025-12-04,2026-03-26,AUD,JPY,3362131.38,1.175221,1.175682,Markets,4.60999999999823e-04,112,90+ Days
SWP46FH0FY8N5ZZ,2025-11-09,2026-02-11,AUD,CHF,3406606.04,0.886518,0.888267,Treasury,0.001749,94,90+ Days
SWPUFW8MY57EQ9T,2026-01-22,2026-06-19,JPY,AUD,2744590.85,0.944098,0.946223,Treasury,2.12500000000004e-03,148,90+ Days
SWPID7ZMQ3ZX0AJ,2025-12-16,2026-02-28,USD,EUR,3987811.17,0.94151,0.942265,Treasury,7.55000000000061e-04,74,30-90 Days
SWP2K97AL5XNEGN,2025-12-25,2026-05-07,CHF,AUD,4729086.26,1.245648,1.245242,Markets,-4.06000000000128e-04,133,90+ Days
SWPREZX0139MVS8,2025-11-28,2026-02-07,CAD,CHF,4548422.01,1.259501,1.25977,Treasury,2.69000000000075e-04,71,30-90 Days
SWP9GAGJ95ERC3F,2026-01-25,2026-05-30,JPY,EUR,1354022.87,0.669975,0.670629,Investment Banking,6.54000000000043e-04,125,90+ Days
SWPJWHL3FB4LS4R,2025-11-17,2025-12-12,INR,GBP,2884883.58,1.216615,1.216443,Investment Banking,-1.72000000000061e-04,25,0-30 Days
SWP3UW1PDHOWXE9,2025-10-31,2025-11-09,USD,AUD,4125417.05,0.859688,0.859551,Markets,-1.37000000000054e-04,9,0-30 Days
SWPZK7KBKRJV35S,2025-12-07,2026-03-01,CHF,JPY,8107581.36,1.05665,1.061196,Treasury,4.54599999999994e-03,84,30-90 Days
SWPH2RKWAAMZU8G,2026-01-11,2026-05-12,EUR,USD,1946830.07,0.845893,0.845328,Markets,-5.65000000000038e-04,121,90+ Days
SWPUC2QIF24JWW8,2025-12-27,2026-05-29,CAD,GBP,1034296.37,0.552911,0.551858,Markets,-1.05300000000008e-03,153,90+ Days
SWPP1OY4ZFX1U19,2025-12-11,2026-03-27,CAD,AUD,1659750.19,1.277186,1.273103,Markets,-4.08299999999984e-03,106,90+ Days
SWP9188XGFZHQEG,2026-01-06,2026-02-14,CAD,EUR,3459277.55,0.765243,0.76446,Treasury,-7.82999999999978e-04,39,30-90 Days
SWPAXT58WAC5I0G,2025-12-22,2026-02-12,USD,EUR,4705235.75,1.117126,1.120737,Treasury,3.61100000000003e-03,52,30-90 Days
SWPGU3QPXHSICN1,2026-01-13,2026-04-28,CAD,JPY,3597891.75,0.726374,0.724448,Treasury,-1.92599999999998e-03,105,90+ Days
SWP7VDMK506X5S8,2025-12-03,2026-02-07,INR,CAD,2058112.35,1.499774,1.497405,Markets,-2.36899999999984e-03,66,30-90 Days
SWPG1QH04QX5N4X,2026-01-20,2026-05-20,CAD,JPY,2978607.95,1.272099,1.270661,Treasury,-1.43800000000005e-03,120,90+ Days
SWPPSLXJ966O14O,2025-12-30,2026-05-08,INR,CAD,3041433.14,1.288431,1.293521,Treasury,5.08999999999982e-03,129,90+ Days
SWP3UL91N47O6QO,2026-01-24,2026-04-22,EUR,USD,5013989.58,1.251205,1.256646,Treasury,5.44100000000003e-03,88,30-90 Days
SWP76DQE9RH9G8Z,2026-02-20,2026-08-11,GBP,AUD,3102696.7,1.356317,1.35925,Markets,2.93300000000007e-03,172,90+ Days
SWPO6HG4BNQMV96,2026-02-21,2026-07-11,EUR,AUD,5982404.75,0.681943,0.678192,Investment Banking,-3.75099999999995e-03,140,90+ Days
SWPJWNDTXKSVX3X,2026-02-21,2026-04-22,CHF,INR,2309886.58,0.560307,0.561386,Markets,1.07900000000005e-03,60,30-90 Days
SWPGNX86CS920QW,2026-02-01,2026-07-06,EUR,JPY,5391736.9,0.775952,0.776797,Investment Banking,8.44999999999985e-04,155,90+ Days
SWP621JGZ3G54L7,2025-11-16,2026-03-28,INR,USD,1028830.66,1.097656,1.099296,Treasury,1.64000000000009e-03,132,90+ Days
SWPW7CSO3827RLF,2026-02-13,2026-04-01,AUD,EUR,2985450.56,1.465087,1.463968,Treasury,-1.11900000000009e-03,47,30-90 Days
SWPBHF672HP6TIQ,2025-12-21,2026-04-05,JPY,USD,1862756.26,0.715232,0.715722,Treasury,4.8999999999999e-04,105,90+ Days
SWPYDRLJEBJUKAE,2025-12-24,2026-03-29,GBP,INR,1930986.27,1.089058,1.085773,Investment Banking,-3.28499999999998e-03,95,90+ Days
SWPUYWT91NQHWZQ,2025-11-19,2026-01-07,AUD,CAD,631121.98,0.666299,0.667304,Investment Banking,1.00500000000003e-03,49,30-90 Days
SWPZQTXNOGVAKQS,2025-11-19,2026-03-25,AUD,INR,1752512.62,0.665109,0.666071,Markets,9.62000000000018e-04,126,90+ Days
SWP494DL3W6DOVZ,2026-02-22,2026-05-24,JPY,INR,2524266.82,1.155202,1.152884,Treasury,-2.31800000000004e-03,91,90+ Days
SWPHBUM1RVHIT0J,2026-01-31,2026-02-09,INR,AUD,5568895.2,0.990588,0.992182,Treasury,1.59399999999998e-03,9,0-30 Days
SWP8ZOZYLXI60XS,2025-10-28,2026-01-06,CAD,USD,4750885.04,1.119046,1.118309,Investment Banking,-7.36999999999988e-04,70,30-90 Days
SWPVO4W3ZC73MD1,2025-11-28,2026-04-21,GBP,CAD,2209181.1,0.881277,0.881258,Markets,-1.89999999999912e-05,144,90+ Days
SWPRYGAX4GVIYUI,2025-12-01,2026-02-20,CHF,CAD,3675170.01,1.406329,1.407929,Treasury,1.60000000000005e-03,81,30-90 Days
SWPBJJ9P0GYN7SU,2026-01-06,2026-06-17,EUR,INR,1280199.35,1.498484,1.498594,Investment Banking,1.10000000000054e-04,162,90+ Days
SWPD7UVX4X0GY3Q,2025-11-28,2026-03-05,USD,JPY,1725432.07,0.794034,0.796531,Treasury,2.49699999999997e-03,97,90+ Days
SWP30JJQ5UO2BH4,2025-11-04,2025-12-14,CAD,CHF,3767023.69,1.248265,1.252871,Investment Banking,4.60600000000011e-03,40,30-90 Days
SWPO57CWZ1GIU0W,2025-11-09,2026-04-13,INR,USD,9578641.9,0.584907,0.585471,Markets,5.64000000000009e-04,155,90+ Days
SWPKD1I32ASAWP3,2025-12-26,2026-03-05,JPY,CAD,2459814.94,0.884306,0.884314,Investment Banking,8.000000000008e-06,69,30-90 Days
SWP2B6VTWM2RLBK,2025-11-20,2026-03-29,AUD,CAD,3669622.99,1.07932,1.0794,Investment Banking,7.9999999999858e-05,129,90+ Days
SWP74GYM5SO1SZQ,2025-10-30,2026-03-30,AUD,GBP,12334350.9,0.572836,0.57287,Markets,3.39999999999785e-05,151,90+ Days
SWP4I834OIEI62V,2025-12-27,2026-06-10,GBP,INR,3077474.24,0.816464,0.814991,Markets,-1.47299999999995e-03,165,90+ Days
SWPRY8LNOZCTK69,2025-12-07,2026-05-20,EUR,AUD,1290946.58,0.525987,0.525121,Treasury,-8.66000000000033e-04,164,90+ Days
SWPOCQQB21B94Z4,2026-01-16,2026-03-12,CHF,GBP,3320191.79,0.902385,0.905866,Investment Banking,3.48099999999996e-03,55,30-90 Days
SWPHSXWANN3JFG4,2025-12-24,2026-01-05,GBP,CHF,1259479.02,1.405058,1.405398,Investment Banking,3.40000000000007e-04,12,0-30 Days
SWP9OJSQVYNT1OT,2025-11-28,2025-12-19,INR,CAD,9162822.15,0.523528,0.522648,Treasury,-8.79999999999992e-04,21,0-30 Days
SWP090RW0GKQN9B,2026-02-13,2026-07-03,GBP,CAD,4893573.87,0.931554,0.931119,Treasury,-4.34999999999963e-04,140,90+ Days
SWPIHL55OI2TS4M,2025-12-13,2026-02-05,AUD,CHF,1433045.88,0.50578,0.506262,Investment Banking,4.81999999999982e-04,54,30-90 Days
SWPPQE3NA4WAIMW,2025-11-29,2026-03-08,JPY,USD,9782006.76,1.31202,1.315596,Treasury,3.57600000000002e-03,99,90+ Days
SWPICRG66Z05RPP,2025-11-26,2026-03-14,GBP,CHF,3682361.9,1.298884,1.305626,Investment Banking,6.74200000000003e-03,108,90+ Days
SWP5VIXQ8394F7G,2025-12-09,2026-05-02,CHF,JPY,7885453.93,1.334862,1.341888,Markets,7.02599999999998e-03,144,90+ Days
SWPZO23QAYVHHMJ,2026-01-24,2026-03-26,GBP,CHF,6020658.35,1.122237,1.123179,Treasury,9.41999999999998e-04,61,30-90 Days
SWPPRTIE1O69IUZ,2025-12-16,2026-01-09,JPY,EUR,1733825.44,0.590548,0.591186,Markets,6.38000000000027e-04,24,0-30 Days
SWPF9PYY26FN742,2025-11-16,2026-01-15,AUD,USD,1465239.34,1.376009,1.375051,Investment Banking,-9.58000000000014e-04,60,30-90 Days
SWP3I7Y882JW1M9,2026-01-26,2026-07-23,INR,CHF,4563791.11,1.365849,1.364667,Treasury,-1.18200000000002e-03,178,90+ Days
SWP8N3CWEIME2P0,2025-10-29,2026-01-29,INR,CAD,3685534.63,0.789489,0.789465,Treasury,-2.4000000000024e-05,92,90+ Days
SWPDJI2R18QXS81,2026-01-26,2026-05-06,JPY,CAD,139779696.05,1.179047,1.182796,Treasury,0.003749,100,90+ Days
SWPMOFKBJ2JOE96,2026-01-18,2026-04-15,USD,INR,1886454.82,1.078306,1.082851,Markets,4.54500000000002e-03,87,30-90 Days
SWPVMNPX17RKFNG,2025-10-31,2026-03-08,GBP,CAD,3603497.95,0.822133,0.823301,Investment Banking,1.16799999999995e-03,128,90+ Days
SWP47105GYM81YI,2025-12-23,2026-04-21,GBP,CHF,3165167.46,0.628188,0.628372,Markets,1.84000000000073e-04,119,90+ Days
SWP6DUH2WWC04LT,2025-12-02,2026-01-20,GBP,CHF,2255152.07,0.940499,0.944589,Treasury,4.09000000000004e-03,49,30-90 Days
SWPOX16ATHW30CB,2025-11-29,2026-05-09,CHF,CAD,6798636.23,0.854451,0.854896,Treasury,4.45000000000029e-04,161,90+ Days
SWPBDT52I1Y88UZ,2025-12-13,2025-12-26,AUD,EUR,2227386.97,1.052601,1.052209,Treasury,-3.91999999999948e-04,13,0-30 Days
SWPB6D1LZAIYSYG,2025-11-07,2025-11-27,USD,JPY,1196183.46,1.157659,1.163127,Markets,5.46800000000003e-03,20,0-30 Days
SWPGD63BKMLYSUB,2026-02-21,2026-03-03,USD,CHF,3007379.22,1.108638,1.105488,Treasury,-3.14999999999999e-03,10,0-30 Days
SWPA14EWED3STKT,2025-12-16,2026-04-28,CHF,CAD,1130245.9,0.696853,0.697766,Treasury,9.13000000000053e-04,133,90+ Days
SWPF3Q2CC8BOHHL,2025-11-15,2026-03-01,CHF,EUR,4080374.61,0.796691,0.799706,Markets,3.01499999999999e-03,106,90+ Days
SWPPEYK6IKTKWS9,2026-02-21,2026-07-09,EUR,USD,3163538.53,1.000198,1.002479,Investment Banking,2.28099999999998e-03,138,90+ Days
SWPPMY22V5NKUT0,2025-11-03,2025-11-30,JPY,AUD,1082344.39,0.875942,0.877674,Treasury,1.73199999999996e-03,27,0-30 Days
SWP4TIIIAWJEME0,2025-12-12,2026-01-05,JPY,GBP,4931284.31,1.437613,1.441066,Markets,3.45299999999993e-03,24,0-30 Days
SWP8WC5FM48I6R8,2025-11-08,2026-03-03,JPY,INR,3104537.83,0.923475,0.923112,Treasury,-3.63000000000002e-04,115,90+ Days
SWPF7GUBYICSBCH,2025-10-26,2025-12-27,EUR,INR,12453118.5,1.168695,1.170338,Investment Banking,1.64300000000006e-03,62,30-90 Days
SWPGYTLSPBVMDW1,2025-11-19,2026-01-20,AUD,INR,7129113.75,1.352778,1.355909,Investment Banking,3.13099999999999e-03,62,30-90 Days
SWPBVU29WBFMJM1,2026-02-15,2026-05-24,EUR,INR,7280131.04,0.659726,0.659355,Markets,-3.7100000000001e-04,98,90+ Days
SWPVYR18MDTXGKB,2025-11-27,2026-03-05,CHF,USD,8560313.3,0.529324,0.529445,Markets,1.21000000000038e-04,98,90+ Days
SWP4A6NRFBTHR2E,2025-11-04,2026-04-13,INR,CAD,8289262.47,0.877676,0.879572,Investment Banking,1.89600000000001e-03,160,90+ Days
SWP1D1ZYPWU1GZN,2025-11-12,2026-04-16,CAD,EUR,6119058.48,1.382319,1.380316,Treasury,-2.00299999999998e-03,155,90+ Days
SWP5XSYQA51KQQ9,2025-10-27,2026-02-16,USD,CHF,1886557.57,0.870744,0.869279,Markets,-1.46499999999994e-03,112,90+ Days
SWP9VCT4EFOFHMU,2025-11-06,2026-03-11,INR,EUR,3373630.72,0.679882,0.679525,Markets,-3.56999999999941e-04,125,90+ Days
SWPFOG1QHA6U3RM,2026-01-26,2026-07-17,EUR,GBP,1955489.27,0.957915,0.955671,Treasury,-2.24399999999991e-03,172,90+ Days
SWPFTVEC5UFQIMZ,2025-12-11,2026-02-12,CAD,GBP,12342313.75,0.582105,0.583948,Treasury,1.84300000000004e-03,63,30-90 Days
SWPBZR0ZXKBIM43,2025-12-04,2026-05-15,GBP,AUD,39238764.14,1.242186,1.246048,Markets,3.86200000000003e-03,162,90+ Days
SWPZUTR9IZ01D9D,2025-11-25,2026-02-10,INR,USD,506090.34,0.743985,0.745954,Markets,0.001969,77,30-90 Days
SWPBC8PWX1LN71U,2025-12-11,2026-02-01,AUD,CHF,3791560.69,0.573365,0.574388,Markets,0.001023,52,30-90 Days
SWPDBWC6EKNCMZZ,2026-02-09,2026-03-09,EUR,USD,4919317.38,1.469567,1.472525,Treasury,2.95800000000002e-03,28,0-30 Days
SWPRB5OIWP9VHSA,2025-12-17,2026-06-05,EUR,CAD,1790243.11,0.665277,0.667462,Treasury,2.18499999999999e-03,170,90+ Days
SWP30KZC2EE3L2Y,2025-12-14,2026-04-15,CAD,INR,1899205.52,0.537268,0.538047,Investment Banking,7.79000000000085e-04,122,90+ Days
SWP0KE2GOZ4Y19F,2025-12-04,2026-03-19,CAD,GBP,6436843.98,0.934301,0.933132,Markets,-1.16900000000009e-03,105,90+ Days
SWPDYB3LMWZ9DME,2026-01-28,2026-07-02,JPY,AUD,5161086.26,0.581064,0.582214,Markets,1.14999999999998e-03,155,90+ Days
SWPMP5B5JMA2S9K,2025-12-28,2026-03-18,EUR,USD,4492865.53,0.962586,0.962991,Investment Banking,4.04999999999989e-04,80,30-90 Days
SWPC599Z51H51V1,2026-01-01,2026-04-21,CAD,USD,2848773.89,0.867154,0.867542,Treasury,3.88000000000055e-04,110,90+ Days
SWPEB6TZJTZ1AOL,2025-12-21,2026-03-22,USD,AUD,17885264.43,1.152794,1.150982,Markets,-1.81200000000015e-03,91,90+ Days
SWPS90T29BWNX1E,2025-11-08,2026-04-29,CHF,EUR,2405428.01,1.359978,1.353154,Treasury,-6.82399999999994e-03,172,90+ Days
SWPQY5GRHWS4HWC,2026-01-16,2026-04-22,GBP,JPY,3476466.21,1.181471,1.18245,Markets,9.79000000000063e-04,96,90+ Days
SWPNHISEWJRTG9Z,2026-02-05,2026-03-18,INR,USD,4980123.14,1.319014,1.32344,Treasury,4.42600000000004e-03,41,30-90 Days
SWPXLTA72BS4TC2,2025-11-28,2026-03-22,CHF,USD,5813366.05,0.578067,0.579773,Treasury,1.70599999999999e-03,114,90+ Days
SWPI7HHJLIOKSOG,2025-10-29,2026-01-14,CHF,USD,13481557.98,0.52519,0.525616,Markets,4.25999999999926e-04,77,30-90 Days
SWPSXC6ADKLA35S,2026-01-25,2026-04-20,CHF,GBP,5780750.55,0.512901,0.512128,Treasury,-7.73000000000024e-04,85,30-90 Days
SWPAABUFJNHZ8GY,2025-12-13,2026-06-05,JPY,AUD,1338544.49,1.465045,1.46664,Markets,1.59500000000001e-03,174,90+ Days
SWPKSDF7Y0HDIWT,2026-01-02,2026-05-19,JPY,INR,6391923.16,1.128469,1.13275,Treasury,4.28099999999998e-03,137,90+ Days
SWPNLF09ERPLZW0,2025-11-04,2026-04-10,CAD,INR,737164.8,0.674972,0.676125,Markets,1.15299999999996e-03,157,90+ Days
SWP2YMIE71F6797,2026-01-05,2026-04-03,JPY,USD,5320232.75,0.641631,0.642987,Investment Banking,1.35600000000002e-03,88,30-90 Days
SWPMBD9S2OPIQQ7,2025-12-04,2026-01-03,JPY,CAD,783340.26,1.182076,1.185312,Markets,3.23600000000002e-03,30,0-30 Days
SWP4ZA403N4N6V9,2026-02-14,2026-05-26,GBP,INR,3607347.26,0.50526,0.505205,Markets,-5.50000000000272e-05,101,90+ Days
SWPWPK6CMA7Q17H,2026-02-15,2026-07-22,CAD,CHF,1115835.63,0.720706,0.723285,Investment Banking,0.002579,157,90+ Days
SWPHU843TTDA0NX,2026-02-08,2026-04-14,CHF,INR,1355891.07,0.741998,0.742724,Investment Banking,7.26000000000004e-04,65,30-90 Days
SWPAGD7GN9ZV03I,2026-01-10,2026-06-13,USD,AUD,2543482.34,1.250832,1.254653,Treasury,3.82100000000007e-03,154,90+ Days
SWP16G1BDP24EGK,2026-02-04,2026-03-10,USD,INR,5341332.38,1.44126,1.445243,Investment Banking,3.98300000000007e-03,34,30-90 Days
SWP5GPBKK1DHWOO,2025-11-23,2026-04-20,USD,GBP,3488572.8,1.054175,1.054186,Investment Banking,1.09999999999832e-05,148,90+ Days
SWPU5M1WYZ6IXR9,2026-01-25,2026-03-15,EUR,CHF,8577407.72,1.030834,1.037195,Investment Banking,6.36100000000006e-03,49,30-90 Days
SWP4O2EJROREFQQ,2025-12-26,2026-02-15,INR,CAD,2933696.72,0.724179,0.725683,Investment Banking,1.50399999999995e-03,51,30-90 Days
SWPAL6WG06W3BMP,2025-11-17,2026-02-06,INR,GBP,1174497.84,1.352043,1.34732,Investment Banking,-4.72300000000003e-03,81,30-90 Days
SWPXCIRB5R0UUMG,2025-11-08,2026-02-24,JPY,CAD,915288.11,1.283653,1.28897,Markets,5.31700000000002e-03,108,90+ Days
SWPBVSNPJ5Q7HBP,2026-02-10,2026-04-13,CAD,EUR,1749717.17,1.371011,1.374069,Investment Banking,3.05800000000001e-03,62,30-90 Days
SWPHQEY7CF3OJWO,2026-01-01,2026-05-14,EUR,CAD,13980406.14,1.497465,1.497417,Markets,-4.8000000000048e-05,133,90+ Days
SWPW939M6J446K0,2026-01-12,2026-04-09,CHF,JPY,3389733.56,0.683166,0.685198,Investment Banking,2.03199999999992e-03,87,30-90 Days
SWPR61ORVOTAKWF,2025-12-28,2026-05-03,CAD,EUR,5588186.13,1.022792,1.024032,Investment Banking,1.24000000000013e-03,126,90+ Days
SWPVZBI1N8TYGKY,2026-01-09,2026-02-20,AUD,GBP,7784178.89,0.686225,0.686384,Investment Banking,1.5900000000002e-04,42,30-90 Days
SWP8YQZND271RQL,2025-11-10,2026-04-13,AUD,CHF,716980.91,1.103622,1.101786,Investment Banking,-1.83600000000017e-03,154,90+ Days
SWPVSQK0BFXBV7Q,2025-11-02,2026-02-11,AUD,CAD,7360027.88,0.673288,0.671962,Markets,-1.32600000000005e-03,101,90+ Days
SWP995603ZD9CN7,2026-01-31,2026-07-01,INR,CHF,1369595.98,0.850692,0.850591,Treasury,-1.01000000000018e-04,151,90+ Days
SWPO1I80L663B1Y,2026-01-20,2026-02-10,CHF,GBP,5216750.15,1.321342,1.322458,Treasury,1.11599999999989e-03,21,0-30 Days
SWPT6ORSLO60PS4,2025-10-28,2026-04-15,CAD,JPY,4370066.09,1.248872,1.249575,Markets,7.0300000000012e-04,169,90+ Days
SWPY7YQ7M1N4PUS,2026-02-11,2026-03-06,EUR,CAD,2599921.87,0.633575,0.634761,Treasury,1.18600000000002e-03,23,0-30 Days
SWPD42M25K86084,2025-11-03,2026-03-23,GBP,CHF,3347031.36,0.806029,0.807694,Treasury,1.66500000000003e-03,140,90+ Days
SWPCHT0UXJJEMOW,2025-12-12,2026-04-08,JPY,USD,2763729.82,0.976183,0.978453,Markets,2.26999999999999e-03,117,90+ Days
SWPC3WVWHUJV6ME,2026-02-18,2026-05-13,CAD,EUR,12984455.52,0.606615,0.606528,Investment Banking,-8.70000000000593e-05,84,30-90 Days
SWPQB8BGYSDV08I,2026-02-07,2026-05-26,USD,CAD,2993563.3,1.286449,1.291017,Treasury,4.56800000000013e-03,108,90+ Days
SWPME7GU1AHCLPW,2025-12-20,2026-05-05,JPY,CAD,1352746.84,0.93081,0.931139,Treasury,3.29000000000024e-04,136,90+ Days
SWPX2VWMMIQU0CR,2025-12-29,2026-01-08,EUR,USD,2723617.18,0.630963,0.630296,Treasury,-6.67000000000084e-04,10,0-30 Days
SWP6VXPV9688KV0,2025-11-11,2025-12-07,EUR,AUD,4926342.61,1.193839,1.19783,Treasury,3.99099999999986e-03,26,0-30 Days
SWPXDAGEGD5IFQM,2025-12-13,2026-04-05,CAD,JPY,1288704.01,0.741902,0.744898,Markets,0.002996,113,90+ Days
SWP491D4GY0263R,2026-01-22,2026-02-04,INR,USD,1270658.97,0.906462,0.904541,Treasury,-1.92099999999995e-03,13,0-30 Days
SWP36S3IDPBODSC,2025-11-26,2026-05-18,EUR,INR,547459.29,0.996645,0.999929,Investment Banking,3.28399999999995e-03,173,90+ Days
SWPIVOIJYQT67P4,2026-01-20,2026-05-20,CHF,EUR,3062011.94,1.487092,1.493166,Markets,6.07399999999991e-03,120,90+ Days
SWP387XI78PBTO6,2026-02-19,2026-06-10,CHF,INR,4475291.37,1.168487,1.17349,Investment Banking,5.00299999999987e-03,111,90+ Days
SWPDYG5635JC2IR,2025-11-19,2026-02-08,USD,CHF,2956489.2,1.137336,1.138636,Investment Banking,1.30000000000008e-03,81,30-90 Days
SWPIH2A84PXXNIE,2025-12-09,2026-04-19,AUD,JPY,8592205.99,1.405118,1.405181,Markets,6.29999999999242e-05,131,90+ Days
SWPT5XP87L05JGO,2026-02-10,2026-03-02,INR,EUR,1692964.19,1.402485,1.403198,Markets,7.12999999999964e-04,20,0-30 Days
SWPHV62ZE8QG9EH,2025-12-30,2026-03-01,CAD,AUD,2972267.83,0.504959,0.505072,Treasury,1.12999999999919e-04,61,30-90 Days
SWPR0ZKIUPBUKZL,2025-12-17,2026-02-25,CHF,INR,832994.66,1.250389,1.252585,Investment Banking,2.19600000000009e-03,70,30-90 Days
SWPOGQ1PAUU96ZJ,2025-12-02,2026-03-27,CHF,GBP,1712667.68,1.091784,1.090531,Treasury,-1.25300000000017e-03,115,90+ Days
SWPT5PLC0EOA54W,2025-12-10,2026-04-19,CHF,JPY,2248812.85,1.050985,1.050743,Treasury,-2.42000000000075e-04,130,90+ Days
SWPJ2X9EJ8D55DP,2026-01-27,2026-03-15,CHF,GBP,713558.84,1.244435,1.244303,Markets,-1.32000000000021e-04,47,30-90 Days
SWP4CJ43JY24FGH,2025-12-25,2026-04-29,AUD,INR,1256031.44,1.412326,1.419257,Treasury,6.93100000000002e-03,125,90+ Days
SWP3UH69G4RCGVV,2026-01-26,2026-07-20,CAD,GBP,3195557.85,0.9655,0.967755,Markets,2.25500000000001e-03,175,90+ Days
SWPA0TXFFZ3U8EA,2026-01-18,2026-02-11,USD,GBP,11759125.46,0.576489,0.576032,Treasury,-4.57000000000041e-04,24,0-30 Days
SWPHNFF6LLG4WAI,2025-12-02,2026-05-07,CAD,EUR,12049856.83,1.373512,1.371903,Markets,-1.60899999999997e-03,156,90+ Days
SWPXRE2C4H71HBE,2026-01-11,2026-03-16,CAD,AUD,2319762.52,1.139598,1.144705,Treasury,5.10699999999997e-03,64,30-90 Days
SWPHSM9EF26EVKX,2025-12-07,2026-04-06,USD,CHF,10601377.29,1.290165,1.288976,Treasury,-1.18900000000011e-03,120,90+ Days
SWPXNEJHB9A2D6R,2026-01-17,2026-06-12,USD,EUR,1330502.4,0.534827,0.535242,Markets,4.14999999999943e-04,146,90+ Days
SWP8EGTBZ7Z7FFM,2025-12-09,2026-01-09,CHF,INR,1595301.36,1.085211,1.086119,Investment Banking,9.08000000000131e-04,31,30-90 Days
SWPEEGZ46RH6A6C,2026-02-21,2026-07-27,JPY,GBP,2063466.25,0.786137,0.786617,Markets,4.80000000000036e-04,156,90+ Days
SWPKKSAB9ROFX0M,2025-12-24,2026-06-14,AUD,EUR,6000707.35,1.133206,1.13597,Markets,2.76399999999999e-03,172,90+ Days
SWPL8H4X91A87J9,2025-12-25,2026-04-03,GBP,AUD,1678097.06,1.010571,1.011979,Treasury,1.40799999999985e-03,99,90+ Days
SWPQF8T1EQNGBZ6,2025-12-01,2026-02-11,AUD,CHF,1627082.59,0.551272,0.553862,Investment Banking,2.58999999999998e-03,72,30-90 Days
SWPHWSHBKSJUVR9,2026-01-18,2026-04-15,AUD,CHF,7673942.95,0.623416,0.625933,Investment Banking,2.51699999999999e-03,87,30-90 Days
SWPXMW4DP3HUVIV,2025-12-06,2026-02-17,CAD,INR,2142906.37,1.390495,1.393541,Treasury,3.04599999999988e-03,73,30-90 Days
SWPFL2LBWG2UDO1,2025-11-24,2026-02-21,CAD,CHF,3021677.83,0.844012,0.845545,Treasury,1.53300000000001e-03,89,30-90 Days
SWPXFCLEQEA71H8,2026-02-18,2026-07-12,GBP,JPY,5890417.3,1.008162,1.009967,Investment Banking,1.80500000000006e-03,144,90+ Days
SWPQ837LB6MW53A,2025-12-26,2026-01-09,USD,EUR,2021650.09,0.919021,0.919922,Markets,9.01000000000041e-04,14,0-30 Days
SWPCYXR0ZZ1KUIF,2025-10-28,2026-03-13,USD,CAD,3792458.95,0.874463,0.878382,Treasury,3.91900000000001e-03,136,90+ Days
SWPQOX12GDOHHBY,2025-11-07,2026-02-20,INR,GBP,7538752.24,1.037179,1.040741,Treasury,3.56199999999984e-03,105,90+ Days
SWP4ZACGP7MM0PE,2026-01-22,2026-01-30,JPY,AUD,4249590.07,1.279447,1.282859,Markets,3.41199999999997e-03,8,0-30 Days
SWP127KLLBAT4CY,2026-02-14,2026-05-07,JPY,EUR,7658269.13,0.799997,0.801465,Investment Banking,1.46800000000002e-03,82,30-90 Days
SWPDW8BZERNAX76,2026-02-16,2026-05-06,USD,EUR,2451038.62,1.113315,1.115307,Investment Banking,1.99199999999999e-03,79,30-90 Days
SWPCLHPA84ZQFFX,2026-02-13,2026-04-13,EUR,AUD,2987626.73,1.10158,1.098672,Markets,-2.90799999999991e-03,59,30-90 Days
SWPNXL8RSWVIQF0,2025-12-24,2026-05-26,JPY,AUD,4812020.82,0.796665,0.79756,Treasury,8.9500000000009e-04,153,90+ Days
SWP1ZC61TE2AAZ7,2025-12-30,2026-02-16,AUD,CHF,3357926.78,1.03513,1.039425,Treasury,4.29499999999994e-03,48,30-90 Days
SWP9VW177T6VW03,2026-02-07,2026-04-03,USD,EUR,1074556.57,1.176004,1.177193,Markets,1.18899999999988e-03,55,30-90 Days
SWP3KHQ0G5IRAJV,2026-01-13,2026-05-05,JPY,GBP,573772.75,1.208922,1.214619,Treasury,5.69699999999984e-03,112,90+ Days
SWP3XEFREUUOYJX,2025-11-20,2026-04-07,INR,CHF,11249137.42,0.581224,0.581862,Treasury,6.38000000000027e-04,138,90+ Days
SWPUO3P9GTGK0AI,2026-02-19,2026-04-06,INR,GBP,8611890.87,1.315281,1.314989,Markets,-2.91999999999959e-04,46,30-90 Days
SWP0XVDV5PO4PNH,2025-11-30,2025-12-22,INR,USD,3214756.83,0.990728,0.990942,Markets,2.13999999999936e-04,22,0-30 Days
SWPTGR1IY8Z1K1W,2026-02-09,2026-06-05,AUD,CAD,3379652.69,0.500216,0.500647,Investment Banking,4.30999999999959e-04,116,90+ Days
SWPWIM3KZWALQ7U,2026-01-24,2026-06-01,CAD,INR,6039642.91,1.108685,1.106674,Investment Banking,-2.01099999999999e-03,128,90+ Days
SWPZSB7PJRD6R4F,2025-12-30,2026-05-29,CHF,CAD,2556070.21,0.987366,0.988314,Markets,9.4800000000006e-04,150,90+ Days
SWPADOR9SS2MEVF,2025-11-13,2026-02-13,INR,CAD,4208668.57,0.769594,0.771466,Markets,1.87199999999998e-03,92,90+ Days
SWPPKUWZTWW5ZYD,2026-02-01,2026-02-27,USD,CAD,2443098.99,0.645534,0.646994,Markets,1.45999999999991e-03,26,0-30 Days
SWPTB1JF6SBMYJ4,2025-11-29,2026-01-31,CAD,EUR,3580034.94,1.239148,1.242423,Treasury,3.27500000000014e-03,63,30-90 Days
SWPPPR3FVA7TO0D,2025-12-23,2026-01-31,EUR,JPY,8556944.75,1.076168,1.07951,Treasury,3.34199999999996e-03,39,30-90 Days
SWPTUR1RP3DPUXY,2025-11-02,2025-12-21,INR,JPY,6003611.99,0.613903,0.615174,Investment Banking,1.27100000000002e-03,49,30-90 Days
SWP422K7LTYASBF,2026-01-02,2026-02-02,INR,USD,354799.69,0.820105,0.818605,Markets,-1.49999999999995e-03,31,30-90 Days
SWPIGYS68KTY3ZZ,2026-01-27,2026-04-27,JPY,CHF,2621512.6,1.294264,1.290129,Markets,-0.004135,90,30-90 Days
SWPMAPKOFMJX3BX,2026-01-18,2026-04-05,AUD,JPY,13074009.13,0.731054,0.730666,Treasury,-3.87999999999944e-04,77,30-90 Days
SWPTVYE5UWA6N6G,2025-11-27,2026-03-31,JPY,GBP,2053611.88,0.642287,0.643066,Investment Banking,7.78999999999974e-04,124,90+ Days
SWPANLMF66JVD4B,2025-12-03,2026-03-25,USD,GBP,1956837.26,1.373417,1.371786,Markets,-1.63100000000016e-03,112,90+ Days
SWPVBBI7QUWAH9D,2025-12-04,2026-05-23,CAD,JPY,2819805.65,1.002804,1.006187,Markets,3.38299999999991e-03,170,90+ Days
SWP6P0FB0U53BEA,2025-12-05,2026-04-02,CHF,JPY,1502435.82,0.918343,0.919272,Investment Banking,9.28999999999958e-04,118,90+ Days
SWP3G5RTH3QF51T,2025-12-04,2026-04-08,INR,CAD,2066722.18,0.677541,0.678961,Markets,1.42000000000009e-03,125,90+ Days
SWPDC6GV2B5EP8I,2026-01-05,2026-04-27,CHF,GBP,1072677.67,0.602953,0.602434,Treasury,-5.18999999999936e-04,112,90+ Days
SWPEYIKTA1TQBKA,2026-01-31,2026-06-11,AUD,INR,3670220.35,1.409257,1.409023,Treasury,-2.34000000000067e-04,131,90+ Days
SWPEZFOYT4RX17X,2025-12-15,2026-02-15,CAD,USD,2876085.84,0.781078,0.781994,Investment Banking,9.15999999999917e-04,62,30-90 Days
SWPAZQQXXDCSVZL,2025-11-12,2026-03-07,GBP,CHF,2581375.6,0.694276,0.694409,Markets,1.3300000000005e-04,115,90+ Days
SWPZH5I0KJAP479,2026-01-23,2026-07-03,CAD,USD,3633767.6,1.188561,1.18564,Investment Banking,-2.92099999999995e-03,161,90+ Days
SWPM2MART967JEA,2025-12-07,2026-03-22,GBP,CAD,4234174.83,1.292568,1.290619,Investment Banking,-1.94899999999998e-03,105,90+ Days
SWPF6ZUP43QC76O,2025-12-15,2026-06-09,INR,EUR,1941653.16,0.518483,0.518729,Markets,2.45999999999968e-04,176,90+ Days
SWPMZ4R9EPIFHII,2025-10-30,2026-03-08,GBP,CHF,2991026.99,0.578488,0.578855,Treasury,3.67000000000006e-04,129,90+ Days
SWPALOYTMPXPAYZ,2026-01-28,2026-04-20,INR,GBP,686790.39,0.574465,0.575198,Investment Banking,7.32999999999984e-04,82,30-90 Days
SWPS7PG91KS57OZ,2025-12-12,2026-04-28,USD,CHF,1537940.65,0.843383,0.845271,Treasury,0.001888,137,90+ Days
SWPCBDD8M7CHCI5,2026-02-06,2026-03-31,GBP,EUR,2195023.48,1.168321,1.170201,Treasury,1.8800000000001e-03,53,30-90 Days
SWP2KS60X6F9WDB,2026-02-20,2026-03-05,JPY,EUR,9213634.96,1.326373,1.323511,Treasury,-2.86199999999992e-03,13,0-30 Days
SWPL9M7B4MI8N4G,2026-02-03,2026-06-08,GBP,JPY,13049314.54,0.684116,0.683628,Markets,-4.87999999999933e-04,125,90+ Days
SWPU1LVUEWJYDMN,2026-01-12,2026-06-22,AUD,CHF,2989590.76,0.870894,0.873938,Investment Banking,3.04400000000005e-03,161,90+ Days
SWPKFMJG5A2OSYU,2025-11-28,2026-05-15,JPY,AUD,5195904.11,1.142686,1.139515,Investment Banking,-3.17100000000003e-03,168,90+ Days
SWPIBIONVEYE5P7,2025-12-22,2026-03-12,INR,AUD,4149750.04,0.825613,0.82641,Markets,7.96999999999937e-04,80,30-90 Days
SWP0HIKI6ACYGIG,2026-01-24,2026-04-23,AUD,USD,6400501.0,0.731632,0.733754,Investment Banking,2.12200000000007e-03,89,30-90 Days
SWPPZMH1JWXTR81,2026-02-21,2026-06-11,JPY,AUD,4203553.99,0.879594,0.881186,Treasury,1.59200000000004e-03,110,90+ Days
SWPK2FZ4TK0SPE6,2026-01-27,2026-05-07,AUD,EUR,2735027.5,1.329662,1.328631,Markets,-0.001031,100,90+ Days
SWPQ2RXINL2C1Y2,2026-01-15,2026-03-18,AUD,JPY,3191345.85,1.392227,1.396575,Treasury,4.3479999999998e-03,62,30-90 Days
SWP3VP3G5R0Y23J,2025-10-31,2026-01-19,CHF,USD,780478.93,1.098598,1.101453,Markets,2.85500000000005e-03,80,30-90 Days
SWPVLZYXLBTKEEV,2026-01-02,2026-04-15,JPY,EUR,4705104.88,1.457987,1.462858,Investment Banking,4.87100000000007e-03,103,90+ Days
SWPGUNDNKGNA6XG,2026-01-24,2026-05-09,INR,GBP,2479384.08,1.364799,1.363183,Markets,-1.61600000000006e-03,105,90+ Days
SWP41ZDNQMEAJU0,2025-12-19,2026-06-08,CAD,USD,6833290.12,1.4756,1.477725,Markets,2.12499999999993e-03,171,90+ Days
SWP4RZLPDFQWAPX,2025-11-04,2026-02-24,CAD,USD,10197063.68,1.446003,1.451922,Markets,5.91900000000001e-03,112,90+ Days
SWP1QTQ5XN5SQOR,2025-10-27,2026-01-15,JPY,USD,6870333.61,1.129183,1.129106,Investment Banking,-7.70000000001048e-05,80,30-90 Days
SWPJPQ8AH9FULAR,2026-01-21,2026-04-04,JPY,CHF,1843373.2,0.810305,0.809738,Treasury,-5.67000000000095e-04,73,30-90 Days
SWP9AYL9YCPWRHH,2026-01-29,2026-07-21,EUR,CAD,7575822.66,0.975324,0.976864,Investment Banking,1.53999999999999e-03,173,90+ Days
SWPKD5TB94BWDFE,2025-12-03,2026-01-19,AUD,EUR,7226727.02,1.342589,1.341279,Markets,-1.30999999999992e-03,47,30-90 Days
SWPT4APSYQTKVBI,2025-12-30,2026-06-18,USD,EUR,7476916.72,1.438429,1.442202,Treasury,3.77300000000003e-03,170,90+ Days
SWPJFX9UWBOCRV7,2026-01-01,2026-02-12,CAD,INR,15361480.18,0.516443,0.517218,Markets,7.7499999999997e-04,42,30-90 Days
SWPQNAPFWVP9R0C,2026-02-20,2026-07-08,USD,JPY,3831879.89,0.672932,0.672391,Investment Banking,-5.41000000000014e-04,138,90+ Days
SWPO5C9LT6ERVEI,2026-02-11,2026-02-19,JPY,CHF,1065164.63,0.986375,0.984555,Markets,-1.82000000000004e-03,8,0-30 Days
SWPX1Y4OMDDSJTI,2026-02-10,2026-05-10,EUR,CHF,986935.13,1.016278,1.016749,Markets,4.70999999999888e-04,89,30-90 Days
SWPRRPRVMQ6O2MD,2026-01-25,2026-05-31,CHF,CAD,4109380.33,0.8493,0.852442,Markets,3.14199999999998e-03,126,90+ Days
SWPJKXTF6VRM04Q,2026-02-11,2026-03-09,GBP,USD,1817141.14,0.918246,0.917242,Treasury,-0.001004,26,0-30 Days
SWPYTHR2JDFNSOB,2026-02-14,2026-06-28,CAD,AUD,1587591.84,1.287948,1.289154,Investment Banking,1.20599999999982e-03,134,90+ Days
SWPNESHCBQGOT67,2025-11-05,2026-02-02,JPY,CHF,18275126.31,0.873344,0.875429,Investment Banking,0.002085,89,30-90 Days
SWP0XLCFJEVBS05,2025-11-25,2026-05-04,CHF,GBP,16350895.19,0.846685,0.847401,Treasury,7.15999999999939e-04,160,90+ Days
SWP8VDURKKMSZZU,2026-02-10,2026-03-14,AUD,USD,5020906.81,1.288607,1.290464,Investment Banking,0.001857,32,30-90 Days
SWP68LPF0SVKEXN,2026-01-04,2026-05-19,USD,CHF,2259366.98,1.412106,1.413621,Investment Banking,1.51499999999993e-03,135,90+ Days
SWPL8B91HPNRLUQ,2025-10-26,2026-03-31,CHF,INR,1628766.9,0.767017,0.766816,Investment Banking,-2.00999999999896e-04,156,90+ Days
SWPP3G388JJ43SD,2026-02-12,2026-08-10,CAD,AUD,5260670.76,1.319467,1.324134,Markets,4.66699999999998e-03,179,90+ Days
SWPW5ERSQXJ6KUP,2026-01-20,2026-03-06,GBP,INR,824322.92,0.99983,1.000359,Treasury,5.29000000000002e-04,45,30-90 Days
SWP4CBHL49ITEFX,2025-11-26,2025-12-20,CHF,GBP,1546802.66,0.714805,0.716124,Treasury,1.31899999999996e-03,24,0-30 Days
SWPRTG044RG3YC4,2026-01-22,2026-07-11,INR,JPY,4370368.08,0.879211,0.883224,Markets,4.01300000000004e-03,170,90+ Days
SWPM1XEPDWG7Q4Z,2026-02-12,2026-05-02,CHF,EUR,1814148.99,0.80233,0.803599,Markets,1.26899999999996e-03,79,30-90 Days
SWPA7VAPB8SIOCN,2026-01-21,2026-03-13,CHF,USD,4301674.17,0.525558,0.52667,Markets,0.001112,51,30-90 Days
SWPTUVVCL12OPH2,2025-12-31,2026-01-16,CHF,EUR,2591177.19,0.824703,0.824487,Markets,-2.15999999999994e-04,16,0-30 Days
SWPXEAG6RRJKT3I,2026-01-05,2026-06-15,USD,JPY,2374155.95,0.542487,0.54362,Markets,1.13299999999994e-03,161,90+ Days
SWPRBRFIO634I4H,2025-12-24,2026-02-24,USD,GBP,2036380.15,1.101931,1.102797,Investment Banking,8.66000000000033e-04,62,30-90 Days
SWPJ5B6DSKDJLAA,2025-12-30,2026-06-10,EUR,GBP,11411744.94,1.434491,1.439861,Treasury,5.3700000000001e-03,162,90+ Days
SWP7DG8TH5HUYMZ,2025-11-24,2025-12-18,CHF,USD,2226723.35,1.174605,1.173035,Investment Banking,-1.56999999999985e-03,24,0-30 Days
SWPCP6NBMATUNOP,2025-12-18,2026-01-20,EUR,JPY,592195.14,0.523148,0.523632,Treasury,4.8400000000004e-04,33,30-90 Days
SWP79B2X0E24F94,2026-02-17,2026-03-31,JPY,CHF,4325966.49,0.55037,0.551536,Markets,0.001166,42,30-90 Days
SWP06KRRF5KOBQ3,2026-01-23,2026-02-14,CHF,EUR,352445.3,1.090298,1.089865,Treasury,-4.32999999999906e-04,22,0-30 Days
SWPU2PUMV8E05ZD,2025-11-07,2026-04-18,CAD,INR,2195887.81,0.697059,0.699479,Markets,2.41999999999998e-03,162,90+ Days
SWPZAFL9WHJ2FE9,2025-11-03,2026-04-12,USD,AUD,2659241.65,1.002195,1.003789,Investment Banking,1.5940000000001e-03,160,90+ Days
SWPZ4S864Y673UJ,2025-12-17,2026-01-22,USD,EUR,3496316.55,1.150058,1.152128,Investment Banking,2.07000000000002e-03,36,30-90 Days
SWPCFE83QAPN350,2025-12-15,2026-04-01,JPY,INR,1947324.98,1.425223,1.427914,Treasury,0.002691,107,90+ Days
SWPEZD8B94U5DLG,2026-01-01,2026-06-07,INR,USD,2199643.62,1.403599,1.402918,Investment Banking,-6.80999999999932e-04,157,90+ Days
SWPT4H9ZMJC9BNM,2025-11-16,2026-03-02,AUD,EUR,9168726.87,0.575815,0.576174,Markets,3.58999999999998e-04,106,90+ Days
SWPIA7O2NBKPWWF,2025-11-02,2026-01-02,CHF,USD,1241042.37,0.758076,0.758099,Investment Banking,2.29999999999952e-05,61,30-90 Days
SWPGX2Q597Q1QD0,2025-11-14,2025-12-08,AUD,JPY,2248759.73,0.712248,0.711544,Investment Banking,-7.04000000000038e-04,24,0-30 Days
SWPNP44J0784F6P,2026-01-12,2026-05-26,AUD,GBP,3251643.01,0.503978,0.503696,Markets,-2.82000000000004e-04,134,90+ Days
SWPB1BC7MZIA4G6,2026-01-23,2026-03-26,GBP,USD,1508900.68,1.22033,1.218143,Markets,-2.18699999999994e-03,62,30-90 Days
SWP3G39LQVGTF2C,2025-11-04,2026-02-25,JPY,CAD,2113887.19,0.805427,0.805136,Treasury,-2.91000000000041e-04,113,90+ Days
SWPODC3RH6DG0F5,2026-02-08,2026-05-01,AUD,INR,3042127.03,1.32945,1.328308,Markets,-1.14199999999998e-03,82,30-90 Days
SWPPLS18EVSIXW5,2025-11-22,2025-12-12,GBP,AUD,1990713.22,1.318865,1.320091,Investment Banking,1.22599999999995e-03,20,0-30 Days
SWPKI1U3H3HZXDJ,2025-11-18,2026-01-01,INR,CAD,7678657.15,1.104509,1.106441,Treasury,1.93200000000004e-03,44,30-90 Days
SWPJV2W42KVX1FV,2025-12-19,2026-03-02,INR,CAD,11508927.11,0.957772,0.95831,Markets,5.38000000000038e-04,73,30-90 Days
SWP8CK6HL2BW617,2025-11-22,2026-04-23,EUR,AUD,27089223.32,0.785596,0.786939,Investment Banking,1.34300000000009e-03,152,90+ Days
SWP5YKB11GFZ8XZ,2026-01-09,2026-04-22,INR,CAD,2433317.84,0.987852,0.989657,Investment Banking,1.80500000000006e-03,103,90+ Days
SWPV6G958KLHMN1,2026-01-16,2026-03-19,AUD,EUR,6798102.28,0.557057,0.556858,Investment Banking,-1.9900000000006e-04,62,30-90 Days
SWPOM519RI7PS78,2025-11-28,2026-05-10,CAD,JPY,442434.5,0.765589,0.767217,Investment Banking,1.62800000000007e-03,163,90+ Days
SWPU2ZWVGHW7LCB,2025-11-22,2026-03-04,GBP,CAD,4959324.95,0.830739,0.8317,Markets,9.6099999999999e-04,102,90+ Days
SWPHLJ8S1QEOPHD,2026-02-15,2026-04-03,USD,CAD,4737728.72,1.44506,1.444119,Treasury,-9.41000000000081e-04,47,30-90 Days
SWP9O33EAJX2VO8,2026-01-18,2026-07-11,INR,EUR,4909747.83,1.193454,1.194647,Investment Banking,0.001193,174,90+ Days
SWPJDMYM9TN9PQI,2026-02-09,2026-03-24,EUR,JPY,1993674.69,1.37776,1.374756,Investment Banking,-3.00400000000001e-03,43,30-90 Days
SWP6G6CB2HA63DJ,2025-11-24,2026-02-01,AUD,CAD,5534755.53,1.425134,1.430375,Treasury,5.24100000000005e-03,69,30-90 Days
SWPSIZWR7052S93,2025-12-01,2026-04-27,AUD,GBP,1475287.54,0.699238,0.702634,Investment Banking,3.39599999999995e-03,147,90+ Days
SWP4PFR2O38U58C,2025-10-29,2025-11-25,CAD,CHF,7067966.74,1.235886,1.240305,Treasury,4.41899999999995e-03,27,0-30 Days
SWPD5OLKT6IVZ4O,2026-01-28,2026-04-22,AUD,CAD,1091666.03,1.115763,1.117337,Treasury,1.57399999999996e-03,84,30-90 Days
SWPEF2AU9ZYFAOK,2025-12-04,2026-01-17,AUD,CHF,2253010.47,1.394541,1.395033,Treasury,4.91999999999937e-04,44,30-90 Days
SWP8FERITIZ2W97,2025-11-07,2026-02-20,JPY,USD,1918740.7,0.940479,0.941064,Treasury,5.85000000000058e-04,105,90+ Days
SWPW9GWRFWE59FM,2026-01-24,2026-02-03,CAD,INR,2046992.59,0.917009,0.916917,Investment Banking,-9.1999999999981e-05,10,0-30 Days
SWPAYY3J3E8J30V,2026-01-23,2026-04-07,USD,AUD,8619715.65,1.411649,1.41353,Markets,1.88100000000002e-03,74,30-90 Days
SWP8PA5PNVINPUP,2026-01-03,2026-04-10,JPY,GBP,3190745.77,1.076645,1.077282,Investment Banking,6.36999999999999e-04,97,90+ Days
SWP8EA2W59G0FG3,2026-02-20,2026-07-03,CAD,AUD,2210929.04,0.994979,0.994885,Treasury,-9.39999999999275e-05,133,90+ Days
SWPEQYB4O6GQMHA,2026-02-13,2026-07-20,JPY,INR,1337655.87,0.511897,0.512261,Markets,3.6399999999992e-04,157,90+ Days
SWPSLTA57VHGMLH,2026-01-30,2026-07-06,USD,AUD,2158306.75,1.304931,1.306004,Treasury,1.07299999999988e-03,157,90+ Days
SWPB6CB6H4T5J3I,2025-10-29,2026-01-09,GBP,CHF,7757357.56,1.34474,1.34947,Treasury,4.7299999999999e-03,72,30-90 Days
SWP4EM3LS047TR9,2025-11-02,2026-01-15,GBP,INR,3769876.78,1.468276,1.467795,Treasury,-4.80999999999954e-04,74,30-90 Days
SWP7EV0FSYJ1WJI,2026-02-05,2026-03-11,INR,EUR,3461880.07,0.840233,0.839984,Treasury,-2.49000000000055e-04,34,30-90 Days
SWP8XPCU5XWV7XF,2026-01-17,2026-05-08,CAD,EUR,7598110.61,1.205674,1.207204,Markets,1.53000000000003e-03,111,90+ Days
SWPSTJ3Z5FAXUJX,2026-01-04,2026-04-27,EUR,USD,3719407.27,1.180874,1.180754,Investment Banking,-1.19999999999898e-04,113,90+ Days
SWP9LHCINFXHPYV,2026-02-20,2026-04-09,GBP,AUD,4974669.6,0.820546,0.822085,Treasury,1.53899999999996e-03,48,30-90 Days
SWPOZGU8BVJ9GME,2025-11-05,2026-04-19,JPY,CAD,3368627.43,0.84291,0.84506,Treasury,2.14999999999999e-03,165,90+ Days
SWP9M8RMMOQ1LRO,2026-02-06,2026-06-15,CAD,USD,6477393.09,1.479777,1.479402,Investment Banking,-3.74999999999792e-04,129,90+ Days
SWPND32ZTM65S3U,2026-01-20,2026-05-11,CAD,USD,5873563.27,0.59989,0.600847,Treasury,9.56999999999986e-04,111,90+ Days
SWPR3ZGGO06Q5LL,2025-12-25,2026-06-21,AUD,JPY,1747034.51,1.336021,1.337669,Investment Banking,1.64800000000009e-03,178,90+ Days
SWP25HYBVLX9YS6,2026-01-16,2026-05-26,GBP,INR,10405320.4,1.373969,1.372028,Investment Banking,-1.94099999999997e-03,130,90+ Days
SWPY7QWIWYSBBEU,2026-02-15,2026-07-11,GBP,AUD,9934902.05,1.176835,1.18009,Markets,3.25500000000001e-03,146,90+ Days
SWPT1M8J2S8UB0R,2026-01-09,2026-03-02,INR,CAD,1359413.79,1.226675,1.228186,Markets,1.51100000000004e-03,52,30-90 Days
SWPIEYEMY7IIZ3K,2026-01-11,2026-06-08,JPY,AUD,1850685.16,0.815784,0.817242,Markets,1.45800000000007e-03,148,90+ Days
SWPT616F45X968L,2025-12-28,2026-03-29,USD,CHF,2274296.98,1.100677,1.104826,Markets,4.14900000000018e-03,91,90+ Days
SWP9CHBTZENOYBT,2026-01-13,2026-05-29,GBP,AUD,1805171.46,0.686015,0.683383,Treasury,-2.63200000000008e-03,136,90+ Days
SWP1FZHY4NGDHHX,2026-01-05,2026-01-30,CHF,EUR,9901387.75,1.110683,1.111407,Treasury,7.23999999999947e-04,25,0-30 Days
SWPFZKKMFKIMNDM,2025-11-16,2026-01-26,CAD,EUR,6785781.95,1.364793,1.363895,Markets,-8.97999999999843e-04,71,30-90 Days
SWPHKVT6KFP7YMI,2025-12-27,2026-06-05,INR,GBP,5356417.57,1.032836,1.03479,Investment Banking,1.95400000000001e-03,160,90+ Days
SWPZKRJUT4YC7FT,2025-11-19,2026-03-10,INR,AUD,1841284.5,1.320873,1.324388,Markets,3.51499999999993e-03,111,90+ Days
SWPON066KJ8L4QC,2025-11-25,2025-12-24,CAD,CHF,5142482.78,0.905721,0.906551,Investment Banking,8.29999999999997e-04,29,0-30 Days
SWPFZO1EASXTBZ1,2026-01-11,2026-03-01,AUD,CHF,3821744.14,1.396952,1.399798,Treasury,2.84600000000013e-03,49,30-90 Days
SWPCGWA6T5GD1U5,2025-11-30,2025-12-31,GBP,INR,1229330.63,1.065814,1.06839,Markets,2.57599999999991e-03,31,30-90 Days
SWPN5CT5VWEFQCB,2025-11-02,2026-01-25,EUR,CHF,1879383.27,0.756718,0.758616,Treasury,1.89799999999996e-03,84,30-90 Days
SWPBLEH7MX5JIBX,2025-12-09,2026-02-01,JPY,EUR,369419.2,0.91757,0.915967,Treasury,-1.60300000000002e-03,54,30-90 Days
SWPIW7OMSHXJEMO,2025-11-28,2026-05-07,GBP,CHF,857893.98,0.852806,0.854582,Treasury,0.001776,160,90+ Days
SWP4AX66PA3MJ71,2026-01-01,2026-04-05,CAD,CHF,1739188.72,1.436212,1.4449,Markets,8.68800000000003e-03,94,90+ Days
SWPKZX3L8YTDGK5,2026-02-14,2026-05-26,INR,CHF,4613078.95,0.535005,0.534895,Investment Banking,-1.09999999999943e-04,101,90+ Days
SWPSBXCOHSKRLRI,2026-02-13,2026-07-03,USD,EUR,5090542.38,0.904565,0.905298,Treasury,7.33000000000095e-04,140,90+ Days
SWPVN4KAQXMKDOQ,2026-02-10,2026-08-02,CAD,GBP,505497.33,0.848698,0.851921,Markets,3.22300000000009e-03,173,90+ Days
SWPKCZ1EOU9AFL5,2025-11-27,2026-03-16,CHF,JPY,6273236.48,1.3248,1.325593,Investment Banking,7.93000000000044e-04,109,90+ Days
SWPQOT1W1H8AZJ7,2025-11-18,2026-02-19,GBP,EUR,3380635.2,1.343452,1.346016,Treasury,2.56400000000001e-03,93,90+ Days
SWPY8DPT51V8WDP,2025-12-26,2026-06-04,GBP,CHF,5289429.84,1.42919,1.428112,Investment Banking,-1.07799999999991e-03,160,90+ Days
SWP41CHB04IFAA8,2026-02-05,2026-05-23,USD,GBP,3036269.55,1.42463,1.426273,Markets,1.64299999999984e-03,107,90+ Days
SWPBB1AILT4YR2C,2026-02-10,2026-04-30,GBP,JPY,4123023.84,0.994284,0.9972,Treasury,2.91600000000003e-03,79,30-90 Days
SWP3YON4MKS8RSX,2025-12-10,2026-05-10,GBP,JPY,2102016.98,1.293013,1.293886,Investment Banking,8.73000000000124e-04,151,90+ Days
SWPJUIPQBG16OBZ,2025-12-22,2026-02-04,EUR,AUD,2131996.21,1.470459,1.475261,Markets,4.80199999999997e-03,44,30-90 Days
SWPBVXET1RTBYB7,2025-11-01,2025-11-15,AUD,CAD,2699511.59,1.228482,1.225962,Treasury,-2.52000000000008e-03,14,0-30 Days
SWPHJ2IAFKHIJS5,2025-10-30,2026-03-17,USD,CAD,1036573.26,0.801117,0.803373,Treasury,2.25600000000004e-03,138,90+ Days
SWPR22UCLP6X83K,2025-10-31,2026-02-24,JPY,USD,5931305.73,0.866977,0.867148,Treasury,1.71000000000032e-04,116,90+ Days
SWPPI8UPLJ79JRB,2025-12-14,2026-01-16,AUD,INR,9746706.03,1.49012,1.488001,Investment Banking,-2.11899999999998e-03,33,30-90 Days
SWPS5QUK7QT00XV,2026-01-20,2026-05-17,CHF,USD,541235.62,1.085963,1.087588,Investment Banking,1.62499999999999e-03,117,90+ Days
SWPUGLVOGUOIEN2,2025-12-04,2026-05-24,USD,CAD,11176757.33,1.025915,1.026308,Treasury,3.93000000000088e-04,171,90+ Days
SWPVG0I6631N6AU,2025-11-07,2026-01-03,CHF,INR,1935505.14,1.44865,1.449252,Markets,6.01999999999991e-04,57,30-90 Days
SWPH5XRXZHOPK22,2025-10-26,2026-01-02,USD,CHF,3991648.89,1.246993,1.245808,Markets,-1.18499999999999e-03,68,30-90 Days
SWPI9SDWJ7Q5VOY,2026-01-04,2026-07-01,JPY,EUR,13563542.5,1.31377,1.317475,Investment Banking,3.70499999999985e-03,178,90+ Days
SWPFCHKJWQ6AEGO,2025-12-12,2026-03-22,CAD,GBP,6775924.93,1.376098,1.376095,Treasury,-2.99999999997524e-06,100,90+ Days
SWP5H27DZDG55H0,2026-02-06,2026-07-22,CAD,GBP,919302.48,1.044802,1.043693,Investment Banking,-1.10900000000003e-03,166,90+ Days
SWPGXRBWJSF3W6E,2025-11-12,2026-02-22,AUD,INR,3378135.32,0.77234,0.775346,Treasury,3.00599999999995e-03,102,90+ Days
SWP2EAB58OQQHK0,2026-02-04,2026-06-22,INR,GBP,1084156.02,0.979583,0.979935,Markets,3.52000000000019e-04,138,90+ Days
SWP3WYIPMW19YTH,2026-02-02,2026-06-03,USD,JPY,1488531.59,0.520588,0.518988,Investment Banking,-1.60000000000005e-03,121,90+ Days
SWP9ID5O64JL9HA,2026-01-25,2026-06-07,INR,EUR,4658777.61,0.789124,0.790198,Markets,1.07399999999991e-03,133,90+ Days
SWPWTY8J5WA54LT,2025-12-15,2026-01-23,CHF,EUR,319905.21,1.415454,1.420843,Investment Banking,5.38900000000009e-03,39,30-90 Days
SWP3MIDQFRA9BN2,2026-01-21,2026-02-22,AUD,USD,3155921.52,1.448858,1.448891,Markets,3.29999999999497e-05,32,30-90 Days
SWPELKA17Y3I67T,2026-02-04,2026-07-04,AUD,CAD,1953556.79,1.14517,1.14531,Investment Banking,1.40000000000029e-04,150,90+ Days
SWP3ZKQXM09MLRB,2026-01-28,2026-06-21,JPY,GBP,2551537.83,0.652039,0.651739,Investment Banking,-3.00000000000078e-04,144,90+ Days
SWPAA5E4E4D4FJW,2025-11-29,2026-04-25,CHF,EUR,1642020.81,0.874362,0.877154,Markets,2.79200000000002e-03,147,90+ Days
SWP20EHR8715ACP,2025-11-05,2026-01-03,AUD,USD,16177222.26,1.111251,1.112135,Investment Banking,8.84000000000107e-04,59,30-90 Days
SWP3X3UH0KM0R61,2025-10-30,2025-12-08,GBP,INR,838848.63,1.353056,1.351337,Markets,-1.71900000000003e-03,39,30-90 Days
SWP1WZZ8NEODH1P,2025-10-27,2026-01-12,CHF,GBP,832193.17,0.596655,0.597263,Treasury,6.07999999999942e-04,77,30-90 Days
SWPEWRX78F7W73R,2025-11-19,2026-03-04,INR,JPY,2884546.54,1.088155,1.091652,Markets,3.49700000000008e-03,105,90+ Days
SWPXT3M7KJ8W5O7,2025-11-07,2026-03-16,CHF,JPY,1107309.97,0.733645,0.73464,Investment Banking,9.94999999999968e-04,129,90+ Days
SWPE75EGR1NO14R,2026-01-26,2026-04-15,EUR,GBP,5373691.58,1.392874,1.396793,Investment Banking,3.91900000000001e-03,79,30-90 Days
SWPEQPV469OTA8Z,2026-01-02,2026-05-21,INR,CAD,503041.96,0.746609,0.748079,Markets,1.47000000000008e-03,139,90+ Days
SWPEZ92O49K2USX,2026-01-20,2026-04-14,CHF,JPY,5235452.19,0.867635,0.870846,Investment Banking,3.21099999999996e-03,84,30-90 Days
SWP06L9VVIV5JN5,2026-02-16,2026-03-25,GBP,AUD,8974225.88,1.118994,1.11633,Treasury,-0.002664,37,30-90 Days
SWP4HG3L3QZJ154,2026-01-20,2026-02-23,GBP,EUR,1900860.84,1.030149,1.028774,Treasury,-1.3749999999999e-03,34,30-90 Days
SWPHSKNYQR6QBB7,2026-02-11,2026-08-06,EUR,CHF,2573213.26,0.880078,0.879096,Investment Banking,-9.82000000000038e-04,176,90+ Days
SWP06K5HT8R8F86,2025-11-23,2026-04-05,INR,CAD,4073422.82,0.988547,0.987964,Treasury,-0.000583,133,90+ Days
SWPL8155YI6W2FC,2025-11-04,2026-01-18,USD,EUR,2153972.13,1.031116,1.02912,Markets,-1.99599999999989e-03,75,30-90 Days
SWPSVR6IMK5N46P,2026-02-08,2026-05-13,CHF,EUR,18260875.26,0.877455,0.877777,Markets,3.22000000000044e-04,94,90+ Days
SWPXDK3XLO3SS4T,2026-01-10,2026-05-09,EUR,CAD,6218847.07,1.102884,1.107598,Markets,4.71400000000011e-03,119,90+ Days
SWP4QMEL15M09WG,2026-01-03,2026-03-14,GBP,AUD,4719177.45,1.43202,1.430572,Markets,-1.44800000000012e-03,70,30-90 Days
SWPT0KN1I1SXACK,2026-01-30,2026-04-03,EUR,USD,2614521.2,0.956307,0.956635,Investment Banking,3.27999999999995e-04,63,30-90 Days
SWPQIXKUZUHZSHM,2025-11-26,2026-02-21,AUD,USD,2137565.48,1.244526,1.246847,Investment Banking,2.32100000000002e-03,87,30-90 Days
SWPQGN1HR6WNR6G,2025-12-29,2026-05-18,AUD,JPY,2767574.34,1.022413,1.025524,Treasury,3.11100000000009e-03,140,90+ Days
SWPD24Y1PRQ29ZT,2025-10-26,2025-12-10,CAD,USD,2023318.79,1.400064,1.403235,Markets,3.17100000000003e-03,45,30-90 Days
SWPHFF7N03MFEM9,2026-02-12,2026-06-20,GBP,CHF,3209780.74,1.105941,1.103493,Investment Banking,-2.44800000000001e-03,128,90+ Days
SWPZO73CSC69IT4,2026-01-17,2026-01-30,GBP,JPY,5211825.63,1.302573,1.304791,Treasury,2.21800000000005e-03,13,0-30 Days
SWPS33G6T2ODRJ1,2025-11-02,2025-12-22,CAD,GBP,1753310.48,0.775947,0.776664,Treasury,7.16999999999968e-04,50,30-90 Days
SWPIQ7E5Z8U800S,2025-11-16,2025-12-20,AUD,CHF,1258833.5,0.768325,0.767118,Markets,-1.20700000000007e-03,34,30-90 Days
SWPX3AHZU1F04CE,2026-02-12,2026-07-20,USD,EUR,1074862.92,0.71097,0.71148,Investment Banking,5.1000000000001e-04,158,90+ Days
SWPCGFIYVLXI7VS,2025-11-23,2026-05-19,CHF,USD,17909914.72,0.81872,0.817148,Investment Banking,-1.57200000000002e-03,177,90+ Days
SWPPLY692MEM5AQ,2026-01-07,2026-05-09,INR,CAD,12255655.77,0.53557,0.535976,Treasury,4.06000000000017e-04,122,90+ Days
SWPGBXEM28SJD0U,2026-02-08,2026-04-25,INR,CHF,4399795.18,0.709994,0.708955,Treasury,-1.03900000000001e-03,76,30-90 Days
SWPL2FVQYWJHXSQ,2025-11-07,2026-03-12,CHF,GBP,462852.89,1.043529,1.047088,Markets,3.55900000000009e-03,125,90+ Days
SWPW4IH8ZNZSRE5,2026-01-18,2026-02-11,USD,CAD,2372303.23,1.073727,1.075058,Markets,1.33099999999997e-03,24,0-30 Days
SWPKS5GU9DOUCHL,2026-02-05,2026-07-19,CHF,INR,1893973.35,0.799562,0.802222,Markets,0.00266,164,90+ Days
SWPSKDH2YX8VRPF,2025-11-22,2026-05-06,JPY,GBP,2787589.89,0.681393,0.68135,Investment Banking,-4.30000000000152e-05,165,90+ Days
SWPR8GN8I15QL41,2026-02-03,2026-06-24,INR,CAD,2539259.01,1.46572,1.468462,Markets,2.74200000000002e-03,141,90+ Days
SWP6GTG9HS3NY90,2025-11-04,2026-01-11,AUD,CAD,890825.43,1.102563,1.1078,Markets,5.23699999999994e-03,68,30-90 Days
SWP97Q4LSBQLGH2,2025-11-15,2025-12-01,CHF,EUR,7385652.32,1.067482,1.064932,Markets,-2.55000000000005e-03,16,0-30 Days
SWPUOV8KXUEGRTT,2025-11-11,2026-04-21,CHF,AUD,7602479.22,1.385152,1.385336,Treasury,1.83999999999962e-04,161,90+ Days
SWP0N9BKA1ZHAVR,2026-01-28,2026-06-10,CHF,EUR,3132729.08,0.817975,0.817642,Markets,-3.33000000000028e-04,133,90+ Days
SWPWTWAGCCAQ8YE,2026-01-27,2026-05-04,AUD,GBP,1087196.29,0.893323,0.896112,Investment Banking,2.78900000000004e-03,97,90+ Days
SWPD07JDBAWZ81R,2026-01-27,2026-05-25,JPY,USD,6233220.71,1.474085,1.475542,Treasury,1.45699999999982e-03,118,90+ Days
SWPHU7PJPES5X34,2025-11-26,2025-12-18,INR,GBP,3362719.54,1.112188,1.109494,Treasury,-2.69399999999997e-03,22,0-30 Days
SWPC8FW15P2WPVQ,2025-11-20,2026-04-08,GBP,INR,3592632.22,1.305549,1.308169,Investment Banking,2.61999999999984e-03,139,90+ Days
SWPJT9E0DGAKPA9,2025-11-03,2026-03-25,EUR,CHF,1245789.52,1.197352,1.198737,Investment Banking,1.38499999999997e-03,142,90+ Days
SWPB1AF142N5GUZ,2025-11-21,2026-03-31,INR,CHF,6513389.09,0.654238,0.654363,Treasury,1.25000000000042e-04,130,90+ Days
SWPCF6488WEOO1C,2026-02-13,2026-07-30,USD,JPY,5311690.55,0.937386,0.937602,Investment Banking,2.15999999999994e-04,167,90+ Days
SWPD9G53POCVR36,2025-12-27,2026-01-18,JPY,AUD,2516175.01,0.959859,0.95972,Markets,-0.000139,22,0-30 Days
SWP09KK5WP6VXF1,2025-11-28,2026-01-26,CHF,EUR,518828.06,1.245061,1.247704,Markets,2.64299999999995e-03,59,30-90 Days
SWPWWVEO9GB4HPO,2025-12-17,2026-05-29,CAD,USD,5332134.5,0.722569,0.722619,Markets,4.99999999999945e-05,163,90+ Days
SWPKIAHNERTPS65,2026-02-05,2026-06-10,CHF,JPY,4973858.56,0.980059,0.980979,Investment Banking,9.20000000000032e-04,125,90+ Days
SWPO7MHQV0U1VZA,2026-01-24,2026-03-23,EUR,GBP,6488725.25,1.003594,1.006492,Investment Banking,2.89799999999985e-03,58,30-90 Days
SWPLADZMZICQL0R,2025-11-17,2026-03-08,INR,EUR,6258721.58,0.85522,0.853754,Investment Banking,-1.46599999999997e-03,111,90+ Days
SWP29TVFUL89OD7,2026-01-13,2026-05-20,CAD,CHF,2476777.48,0.826125,0.828442,Treasury,2.31700000000001e-03,127,90+ Days
SWP6NNW42K6V7V6,2025-11-24,2025-12-19,JPY,EUR,5261582.27,1.429246,1.428276,Markets,-9.69999999999915e-04,25,0-30 Days
SWP67OV982JNQXD,2026-02-14,2026-06-23,GBP,USD,2320287.27,1.201619,1.201315,Investment Banking,-3.04000000000082e-04,129,90+ Days
SWP375KJKK07V35,2026-01-19,2026-04-14,GBP,CAD,6083948.28,1.010482,1.010984,Investment Banking,5.02000000000002e-04,85,30-90 Days
SWPO6ZJ67HU9NQT,2026-01-11,2026-02-21,INR,CAD,4719825.19,1.142526,1.145128,Investment Banking,2.60199999999999e-03,41,30-90 Days
SWP9RKA9QILERP7,2026-02-05,2026-04-20,GBP,EUR,3297398.9,0.541694,0.543273,Treasury,0.001579,74,30-90 Days
SWPVSAOZZBXFZFR,2026-02-22,2026-05-02,USD,JPY,1934052.79,0.793397,0.793876,Treasury,4.79000000000007e-04,69,30-90 Days
SWPXYKUORZK9UXH,2026-02-07,2026-04-21,CHF,CAD,4466743.62,1.215434,1.216776,Treasury,1.34200000000018e-03,73,30-90 Days
SWP9O39X34WPYHA,2026-01-28,2026-05-22,AUD,INR,2370493.45,1.430839,1.437081,Treasury,6.24200000000008e-03,114,90+ Days
SWPXEEE53U9AHLM,2025-12-01,2025-12-24,CHF,AUD,8146623.65,1.419092,1.421101,Markets,2.00899999999993e-03,23,0-30 Days
SWPB9F45YVBTMDR,2026-01-25,2026-06-18,JPY,GBP,2199568.3,1.382434,1.38596,Markets,3.52600000000014e-03,144,90+ Days
SWP6NDAEGV6I549,2026-01-29,2026-05-06,AUD,EUR,508503.4,1.264959,1.267626,Treasury,2.66699999999997e-03,97,90+ Days
SWP58BHFBJAER3P,2026-02-07,2026-07-04,EUR,CAD,2104985.66,1.485597,1.483183,Treasury,-2.41400000000014e-03,147,90+ Days
SWPW61WT3KW18UO,2026-02-02,2026-07-04,INR,USD,1997315.28,1.178558,1.181186,Markets,2.62800000000007e-03,152,90+ Days
SWP6MM3ZN0YBFOF,2025-11-03,2026-03-04,EUR,AUD,3126616.2,1.306941,1.311511,Investment Banking,4.57000000000019e-03,121,90+ Days
SWPS43D2FMM9J7B,2026-01-18,2026-02-04,INR,JPY,5748100.21,1.354378,1.357296,Markets,2.91799999999998e-03,17,0-30 Days
SWPY2O3Q8FB63TK,2025-11-15,2025-12-17,GBP,AUD,1439290.35,1.323511,1.324972,Treasury,1.46099999999993e-03,32,30-90 Days
SWP8PBYBEA1I29T,2025-10-31,2026-02-15,GBP,CHF,3619666.75,0.938454,0.941758,Investment Banking,3.30399999999997e-03,107,90+ Days
SWP348NSLVSK4C7,2025-10-26,2026-01-27,AUD,CAD,658517.05,0.929087,0.930358,Investment Banking,1.27100000000002e-03,93,90+ Days
SWPO0TGHU34C0I3,2025-12-14,2026-05-06,JPY,GBP,8092991.94,0.645111,0.645933,Treasury,8.21999999999989e-04,143,90+ Days
SWPG14CY75RW5A2,2026-02-17,2026-04-09,JPY,CAD,8989696.72,1.486309,1.488406,Markets,2.09699999999979e-03,51,30-90 Days
SWPW0A5RU285AOY,2026-02-19,2026-03-19,CHF,CAD,3280276.97,1.029443,1.029049,Markets,-3.94000000000005e-04,28,0-30 Days
SWPHPNZ6DODL4EL,2026-01-30,2026-04-25,CAD,USD,3204688.17,0.553875,0.555476,Markets,1.60099999999996e-03,85,30-90 Days
SWPN9G4Y1XPVRFJ,2025-10-30,2025-11-27,CAD,CHF,5411688.02,1.149692,1.15615,Investment Banking,6.45800000000007e-03,28,0-30 Days
SWPIU80US315LCG,2026-01-15,2026-05-29,CHF,CAD,1724055.25,0.813396,0.816287,Treasury,2.89099999999998e-03,134,90+ Days
SWP3IK6ZHHJPRVJ,2026-01-07,2026-04-17,USD,CHF,1165058.21,0.708724,0.709538,Markets,8.13999999999981e-04,100,90+ Days
SWPQS04C6FPDW6B,2026-01-10,2026-04-17,CAD,USD,839003.6,1.241209,1.240599,Treasury,-6.09999999999999e-04,97,90+ Days
SWP9FE2E663QLHO,2025-12-16,2026-02-16,CHF,INR,6490513.04,1.049553,1.051185,Markets,1.63200000000008e-03,62,30-90 Days
SWPYE9EZJEBJM93,2026-01-24,2026-05-13,GBP,CHF,794349.22,1.35427,1.359329,Markets,5.05899999999992e-03,109,90+ Days
SWPNSI210XRKQB7,2026-02-04,2026-05-10,JPY,AUD,1616974.95,1.15071,1.152847,Treasury,2.13700000000006e-03,95,90+ Days
SWPG2Q20NDMDKKW,2026-02-03,2026-06-25,CAD,INR,5099101.26,0.552122,0.551535,Investment Banking,-5.87000000000004e-04,142,90+ Days
SWPZLIBXEZKPI6N,2025-10-31,2026-01-29,USD,JPY,9518216.91,1.281839,1.280491,Investment Banking,-1.3479999999999e-03,90,30-90 Days
SWPM82UP9NTJ3XH,2025-11-08,2026-03-17,JPY,CHF,10420540.86,0.859973,0.859019,Investment Banking,-9.5400000000001e-04,129,90+ Days
SWPM6XKPKY5XWVS,2025-11-18,2026-03-15,USD,GBP,1613340.01,1.449717,1.447764,Investment Banking,-1.95299999999987e-03,117,90+ Days
SWP0ENH4HISIOVJ,2025-11-09,2026-02-15,INR,CAD,1554115.3,1.260857,1.262491,Markets,1.63400000000014e-03,98,90+ Days
SWP2ZB4KR2TOSGH,2025-12-06,2026-02-05,GBP,JPY,2993018.21,1.123445,1.12515,Treasury,1.70500000000007e-03,61,30-90 Days
SWPLAH1ALUVLT11,2025-11-01,2026-03-17,EUR,JPY,1311122.27,0.916061,0.918732,Treasury,2.67099999999998e-03,136,90+ Days
SWP30RI4IEPDLBH,2025-10-27,2026-01-17,CAD,CHF,2589283.28,1.221227,1.219345,Markets,-1.88200000000016e-03,82,30-90 Days
SWPZJD2EABA8S1B,2026-01-05,2026-06-11,GBP,USD,1834198.62,1.131817,1.131144,Treasury,-6.73000000000146e-04,157,90+ Days
SWP12QFUA51AOIO,2025-11-30,2026-02-16,CHF,EUR,6602647.02,1.077896,1.080275,Treasury,2.37900000000013e-03,78,30-90 Days
SWP1H297KG14C5Z,2025-12-19,2026-04-16,JPY,CHF,14884877.77,0.872488,0.874077,Markets,1.58899999999995e-03,118,90+ Days
SWPJPE9Q6ST3OJ6,2026-02-02,2026-05-30,CAD,JPY,2195802.1,0.861754,0.859393,Investment Banking,-2.36100000000006e-03,117,90+ Days
SWP37ODI274MUCJ,2025-12-08,2026-04-01,USD,JPY,2826893.82,1.420137,1.422875,Markets,2.73799999999991e-03,114,90+ Days
SWP8UOZKK0USB0F,2025-11-01,2026-01-12,CAD,AUD,5616335.53,0.943127,0.94313,Treasury,2.99999999997524e-06,72,30-90 Days
SWPBXGKE2WPDJ01,2026-01-04,2026-05-13,CHF,GBP,5343167.29,1.465162,1.467531,Markets,2.36899999999984e-03,129,90+ Days
SWPM17GZ5WTRADO,2026-02-11,2026-06-11,EUR,AUD,2765198.68,1.419313,1.419752,Investment Banking,4.38999999999856e-04,120,90+ Days
SWPOSXIGIPJVK0T,2025-12-13,2026-05-04,USD,CHF,3201399.4,0.565682,0.566728,Investment Banking,1.04599999999999e-03,142,90+ Days
SWP98ENRDG1S70K,2025-12-18,2026-04-30,AUD,EUR,1416590.71,0.893878,0.894852,Treasury,9.7400000000003e-04,133,90+ Days
SWPP6GRO10Z5ZDE,2025-11-13,2026-03-14,CAD,JPY,2022586.41,1.123756,1.125355,Treasury,1.59900000000013e-03,121,90+ Days
SWPQARZI6LKK87X,2025-12-25,2026-02-09,EUR,GBP,2469414.83,0.559733,0.561043,Investment Banking,1.30999999999992e-03,46,30-90 Days
SWPWVL1BMDUDFL1,2025-11-24,2026-03-12,CAD,INR,3693890.82,1.460124,1.463508,Investment Banking,3.38400000000005e-03,108,90+ Days
SWPA2OPM2MPOFPC,2026-01-20,2026-07-06,JPY,INR,3994568.31,0.887919,0.887811,Markets,-1.07999999999997e-04,167,90+ Days
SWPTADBTN41BAC8,2026-01-08,2026-06-28,USD,CHF,1176574.68,0.802877,0.799783,Investment Banking,-3.09399999999993e-03,171,90+ Days
SWP95PPPGBA7XXV,2025-12-09,2026-02-20,GBP,CHF,2706619.6,1.275557,1.278057,Investment Banking,2.49999999999995e-03,73,30-90 Days
SWP2HLCLWG738FR,2025-10-29,2026-02-25,AUD,INR,2005314.39,1.195978,1.194548,Treasury,-1.43000000000004e-03,119,90+ Days
SWP8DUK2G5AWFGF,2026-02-16,2026-04-25,CAD,CHF,11874689.11,1.22749,1.230748,Investment Banking,3.25799999999998e-03,68,30-90 Days
SWPFPQ2UA50AINW,2026-01-26,2026-05-31,GBP,USD,9178889.26,1.373296,1.37035,Markets,-2.94600000000012e-03,125,90+ Days
SWPK3Z64FP5CIAB,2025-11-06,2026-03-05,EUR,CHF,1097526.77,1.235686,1.238402,Treasury,2.71599999999994e-03,119,90+ Days
SWPQW9376G3JMGQ,2026-01-18,2026-02-19,JPY,CAD,2925589.87,0.53762,0.537302,Treasury,-3.1800000000004e-04,32,30-90 Days
SWPPIK2B0KS9RJA,2025-12-15,2026-06-08,USD,JPY,1699442.83,1.463665,1.463787,Treasury,1.21999999999955e-04,175,90+ Days
SWPGZ60L6B8EWCT,2025-12-06,2026-05-13,GBP,EUR,736915.32,0.763486,0.763385,Treasury,-1.01000000000018e-04,158,90+ Days
SWPQ16SRB4BSU9X,2025-12-04,2026-02-11,USD,GBP,1797650.02,0.76492,0.763523,Markets,-1.39700000000009e-03,69,30-90 Days
SWPXCRJR4P10CQG,2025-12-17,2026-05-03,CAD,INR,1374329.74,1.476459,1.47496,Markets,-1.49899999999992e-03,137,90+ Days
SWPAD7G712G58VL,2025-12-13,2026-02-28,AUD,CAD,3496521.71,0.870366,0.871768,Investment Banking,1.40200000000001e-03,77,30-90 Days
SWPDCU7GZB5UURL,2026-01-19,2026-06-30,CHF,INR,5829938.29,1.088204,1.088877,Investment Banking,6.73000000000146e-04,162,90+ Days
SWP5G8YOT7KUWSP,2026-01-12,2026-02-26,JPY,USD,597646.81,1.128697,1.126468,Markets,-2.22900000000004e-03,45,30-90 Days
SWPYSIU4WQOGWWM,2025-11-04,2025-11-11,EUR,AUD,1178498.91,1.454884,1.455802,Investment Banking,9.17999999999974e-04,7,0-30 Days
SWPDP760G8XJBXA,2025-12-12,2026-05-23,JPY,INR,7028118.57,0.807839,0.808226,Investment Banking,3.87000000000026e-04,162,90+ Days
SWPACKOSBJ7TFWC,2025-12-07,2026-02-06,USD,CHF,3004276.96,1.265621,1.269039,Investment Banking,3.41799999999992e-03,61,30-90 Days
SWPCWQLA9HGVUMG,2026-02-16,2026-05-06,CAD,INR,2397604.02,1.202169,1.205498,Investment Banking,3.32899999999992e-03,79,30-90 Days
SWP3D6IC0UC7Q6E,2025-11-09,2025-12-26,JPY,EUR,1744373.98,0.586976,0.587682,Treasury,7.05999999999984e-04,47,30-90 Days
SWPINUAAY8Y9U83,2026-02-04,2026-06-24,CAD,JPY,7472219.05,1.231308,1.236639,Investment Banking,5.33099999999997e-03,140,90+ Days
SWPH7GJ1QZH6LM1,2025-12-25,2026-05-28,INR,CAD,820085.62,0.760622,0.759237,Markets,-1.38499999999997e-03,154,90+ Days
SWPN3V9HRY9K07P,2026-01-05,2026-03-10,CAD,GBP,2508052.17,0.953771,0.953969,Markets,1.9799999999992e-04,64,30-90 Days
SWP9WPI6CZNJ9QZ,2025-12-01,2026-04-24,EUR,INR,4242056.58,1.276922,1.275464,Treasury,-1.45799999999996e-03,144,90+ Days
SWPV0O5K9MXRXNT,2025-11-13,2026-02-14,JPY,AUD,3718037.06,0.995993,0.997006,Investment Banking,1.01299999999993e-03,93,90+ Days
SWPPNFE80502ZU7,2025-12-02,2026-04-17,GBP,AUD,623994.08,1.412242,1.417315,Treasury,5.07300000000011e-03,136,90+ Days
SWPFHB8BCJY8EJW,2025-12-24,2026-01-20,INR,EUR,775022.54,1.149299,1.151893,Markets,2.59399999999999e-03,27,0-30 Days
SWPSUPHXCZGFCOL,2025-12-30,2026-03-28,GBP,INR,2398075.52,0.850578,0.853289,Treasury,2.71100000000002e-03,88,30-90 Days
SWPAI6LCCI9TNIM,2025-12-04,2026-02-25,GBP,CHF,2520487.26,0.916926,0.91748,Treasury,5.53999999999943e-04,83,30-90 Days
SWP3NZEW35KZDTF,2025-12-09,2026-05-12,EUR,AUD,2066360.98,1.043776,1.046398,Investment Banking,2.6219999999999e-03,154,90+ Days
SWPPZJZCZLROXID,2025-12-08,2026-04-08,GBP,INR,2821970.55,0.858757,0.85826,Markets,-4.9699999999997e-04,121,90+ Days
SWP2KP0LRKJEXIL,2026-01-13,2026-02-27,JPY,CAD,2289264.65,0.770545,0.770832,Markets,2.86999999999926e-04,45,30-90 Days
SWPK8FMLFRRI897,2026-02-01,2026-07-02,INR,GBP,3148683.82,1.158558,1.159275,Treasury,7.17000000000079e-04,151,90+ Days
SWPT4EYPMH35F4Y,2025-12-08,2026-02-10,JPY,CAD,6945590.83,0.767404,0.767696,Treasury,2.9200000000007e-04,64,30-90 Days
SWPWE7P4HAI7YQC,2026-02-17,2026-07-13,GBP,EUR,3215428.09,1.062844,1.064886,Investment Banking,2.0420000000001e-03,146,90+ Days
SWPCKTL0ERCQKDF,2025-11-05,2026-03-23,JPY,GBP,11804000.29,0.778783,0.780725,Treasury,0.001942,138,90+ Days
SWPP6OVT13CKIOX,2026-01-08,2026-04-16,EUR,CHF,4600113.54,1.119515,1.119595,Treasury,7.9999999999858e-05,98,90+ Days
SWPUVDM9SSSQSMC,2025-11-28,2026-04-17,INR,EUR,1837400.48,1.344106,1.346254,Investment Banking,2.14800000000004e-03,140,90+ Days
SWPBHSE6FQB5DSG,2025-11-03,2026-04-17,AUD,CAD,4184900.32,0.707174,0.706699,Investment Banking,-4.75000000000003e-04,165,90+ Days
SWPZN46DEZGMFHA,2025-11-08,2025-11-30,EUR,JPY,1206296.85,1.209585,1.21359,Investment Banking,4.00500000000004e-03,22,0-30 Days
SWP1CAKVQKYDBX1,2026-02-05,2026-06-12,AUD,USD,964169.08,1.047418,1.048833,Markets,1.41499999999994e-03,127,90+ Days
SWP082TP38JS8WK,2025-12-20,2026-02-17,USD,JPY,3325571.48,0.659026,0.660795,Treasury,1.76900000000002e-03,59,30-90 Days
SWP4M1RBJG0EWEW,2025-12-09,2026-03-24,USD,EUR,1193017.02,0.800232,0.802045,Markets,1.81299999999995e-03,105,90+ Days
SWPTG67WY4N2Q0R,2026-02-11,2026-04-14,GBP,CHF,5964923.64,1.407524,1.407749,Investment Banking,2.2499999999992e-04,62,30-90 Days
SWP9919XNT5XJQ0,2026-01-21,2026-03-27,EUR,USD,1804289.71,1.369132,1.367958,Markets,-1.17400000000001e-03,65,30-90 Days
SWPCZDNRG9ADFMT,2025-12-16,2026-03-22,CAD,JPY,2253885.76,1.204508,1.20609,Markets,1.58200000000019e-03,96,90+ Days
SWPF0WWE6143W80,2026-01-25,2026-07-02,JPY,GBP,24089323.01,0.809238,0.811467,Investment Banking,2.22900000000004e-03,158,90+ Days
SWPEPB01CS22L3S,2025-12-31,2026-03-12,GBP,JPY,1613540.96,0.748672,0.749043,Treasury,3.7100000000001e-04,71,30-90 Days
SWPCJF39TCKABFE,2026-02-11,2026-06-24,INR,CAD,1169450.04,0.888791,0.887826,Investment Banking,-9.64999999999994e-04,133,90+ Days
SWPL3EQ1PWMSO54,2026-01-15,2026-05-12,CAD,JPY,2373308.15,1.391869,1.393625,Markets,1.75599999999987e-03,117,90+ Days
SWPQTKMLVH3F736,2026-02-01,2026-04-26,JPY,AUD,902876.58,1.30956,1.312553,Markets,2.99300000000002e-03,84,30-90 Days
SWPBJ0ZAJT94UST,2025-11-03,2026-02-28,CAD,INR,3331026.76,0.745801,0.744494,Markets,-1.30700000000006e-03,117,90+ Days
SWPQ6MMJI83NQE4,2025-11-14,2026-02-14,USD,EUR,2309543.61,1.251484,1.249411,Treasury,-2.07299999999999e-03,92,90+ Days
SWPQWLGR7Z4KL2Z,2025-11-23,2026-03-11,CAD,CHF,901313.68,1.297312,1.298923,Markets,1.61100000000003e-03,108,90+ Days
SWPQ8QV2YAITMA7,2025-12-01,2026-03-05,CHF,GBP,2137590.89,0.536532,0.536086,Markets,-4.46000000000057e-04,94,90+ Days
SWP4IEGJ5HKQKG8,2025-10-30,2026-01-07,JPY,GBP,1629715.94,0.755681,0.758026,Markets,2.34499999999993e-03,69,30-90 Days
SWPA2HX3GJF39OD,2026-01-03,2026-03-19,EUR,CAD,1119675.36,1.385197,1.390231,Treasury,5.03399999999998e-03,75,30-90 Days
SWP4VC13OUXZZ0G,2025-11-17,2025-12-12,EUR,CAD,2715701.86,0.553005,0.554511,Investment Banking,1.50600000000001e-03,25,0-30 Days
SWPF3BHU0F8BPDZ,2026-01-02,2026-03-05,JPY,GBP,4104347.26,1.301345,1.300277,Markets,-1.06800000000007e-03,62,30-90 Days
SWP3XTS8RPQVCLF,2026-01-29,2026-04-08,CAD,USD,1760902.06,1.314586,1.309718,Treasury,-4.86800000000009e-03,69,30-90 Days
SWPJ38M17SM552C,2025-11-04,2025-12-26,AUD,USD,3837821.98,0.747148,0.749842,Treasury,2.69399999999997e-03,52,30-90 Days
SWPWLND1WBAPBYY,2025-11-25,2026-02-01,EUR,USD,1592709.52,0.971695,0.972914,Treasury,1.21899999999997e-03,68,30-90 Days
SWPIT8UYDT7Q6W0,2025-12-23,2025-12-30,CHF,INR,3360187.64,0.82682,0.826214,Treasury,-6.05999999999995e-04,7,0-30 Days
SWPV6NU6O5S5S15,2026-01-27,2026-02-24,AUD,CHF,13083514.97,0.574386,0.574864,Treasury,4.78000000000089e-04,28,0-30 Days
SWP7WLA8UYFW12P,2026-02-11,2026-03-17,JPY,CHF,11425497.6,0.90745,0.90382,Treasury,-3.63000000000002e-03,34,30-90 Days
SWP7BY5MC45J0ZA,2025-12-18,2026-01-10,INR,CAD,573161.22,0.624579,0.626072,Treasury,1.49299999999997e-03,23,0-30 Days
SWPQQJS9M2ZG3O1,2025-12-03,2025-12-19,USD,JPY,2798089.09,0.852999,0.854572,Markets,1.57300000000005e-03,16,0-30 Days
SWPUJFTHE7DWBND,2025-11-12,2026-02-14,USD,CAD,2726505.48,0.581714,0.584213,Markets,2.49900000000003e-03,94,90+ Days
SWPGHBRTIIPC6BW,2025-12-27,2026-05-28,CAD,INR,4296589.7,0.838177,0.838365,Markets,1.88000000000077e-04,152,90+ Days
SWP17OCG6PWOJ4G,2026-01-29,2026-05-08,JPY,EUR,6975611.38,1.48642,1.483854,Markets,-2.56600000000007e-03,99,90+ Days
SWPW7X4GE929IBF,2026-01-10,2026-05-27,CHF,CAD,9670126.06,0.570243,0.573204,Investment Banking,2.96099999999999e-03,137,90+ Days
SWP9ZPXO6ENTZSF,2025-12-18,2026-01-23,USD,EUR,4642283.85,0.942116,0.942723,Treasury,6.07000000000024e-04,36,30-90 Days
SWPV3VCVQ4M91QQ,2026-02-14,2026-04-02,CAD,AUD,1793343.6,1.079545,1.080464,Treasury,9.19000000000114e-04,47,30-90 Days
SWPO8J2S1GIWX42,2025-12-08,2025-12-15,JPY,USD,12395232.37,1.285086,1.285988,Investment Banking,9.01999999999958e-04,7,0-30 Days
SWPD4BXLKT8XWDK,2025-11-02,2026-03-14,CHF,AUD,5325703.65,1.357011,1.358126,Investment Banking,1.11499999999998e-03,132,90+ Days
SWP0878ENMCQW6C,2025-11-28,2026-02-17,CHF,CAD,2379912.38,0.850361,0.851015,Investment Banking,6.53999999999932e-04,81,30-90 Days
SWPJER70HLRQBSU,2026-02-05,2026-07-16,USD,CHF,1865190.28,0.990578,0.993507,Treasury,2.92900000000007e-03,161,90+ Days
SWP64DDNL36W4K7,2025-12-18,2026-04-09,CAD,JPY,3534699.32,0.708349,0.708351,Treasury,1.99999999994649e-06,112,90+ Days
SWPR0TF5YV3MW16,2026-01-07,2026-03-06,JPY,CAD,7073201.22,0.924379,0.923876,Investment Banking,-5.0299999999992e-04,58,30-90 Days
SWPGM1P3QFJD0U5,2025-11-27,2026-04-27,CAD,GBP,2759086.04,1.228733,1.22867,Markets,-6.30000000001463e-05,151,90+ Days
SWP43TMKGZS824Q,2025-12-10,2026-02-14,AUD,GBP,2153050.38,1.401298,1.407096,Treasury,5.79799999999997e-03,66,30-90 Days
SWPM9E6E9HMGBAM,2025-12-11,2026-05-05,EUR,AUD,15987117.25,1.09405,1.096097,Markets,2.04700000000013e-03,145,90+ Days
SWPR0UGJKNAW23Q,2025-12-22,2026-06-02,INR,USD,7658602.9,1.04811,1.049561,Investment Banking,1.45099999999987e-03,162,90+ Days
SWP723T1QPUFBMB,2025-12-10,2026-03-10,GBP,EUR,3142077.82,1.308911,1.311376,Treasury,2.46500000000016e-03,90,30-90 Days
SWPGPCNOEV82ZWF,2026-02-18,2026-05-01,INR,AUD,2313844.51,0.562142,0.561415,Treasury,-7.27000000000033e-04,72,30-90 Days
SWPAMVTHUIAO14E,2026-01-25,2026-03-23,CHF,USD,1403852.35,0.797077,0.79787,Treasury,7.92999999999933e-04,57,30-90 Days
SWPVI7516Y98ZL9,2025-12-04,2026-04-27,CHF,EUR,3617436.2,0.513336,0.514524,Markets,1.18799999999997e-03,144,90+ Days
SWP5YLB3KXQZPAX,2025-11-28,2026-03-08,AUD,EUR,6275560.83,0.661974,0.660992,Treasury,-9.81999999999927e-04,100,90+ Days
SWPOSVMYYE240WE,2025-11-25,2026-04-17,USD,CAD,8843201.02,0.645473,0.645989,Investment Banking,5.16000000000072e-04,143,90+ Days
SWP60C9BPY16GC5,2025-12-02,2026-01-06,EUR,GBP,3361482.35,0.566729,0.567746,Investment Banking,1.01699999999993e-03,35,30-90 Days
SWP8NOEUJ31A56W,2025-11-30,2026-03-04,JPY,INR,3475783.47,1.304563,1.30747,Investment Banking,2.90699999999999e-03,94,90+ Days
SWPWXSVZGAIVG58,2026-01-06,2026-04-06,JPY,EUR,432231.38,1.30221,1.29977,Investment Banking,-0.00244,90,30-90 Days
SWP50RPIYW0DRI2,2026-01-10,2026-03-31,CAD,USD,2541949.81,1.427142,1.42823,Investment Banking,1.0880000000002e-03,80,30-90 Days
SWPWE175FTKAYZV,2025-11-20,2026-04-04,CHF,EUR,2211107.48,0.93884,0.938787,Treasury,-5.29999999999697e-05,135,90+ Days
SWPYABLMTCH03W1,2026-01-18,2026-03-29,GBP,INR,21031115.82,1.001499,1.000294,Investment Banking,-1.2049999999999e-03,70,30-90 Days
SWP0R98N90OSXRO,2026-02-12,2026-04-28,GBP,USD,6592792.18,0.906924,0.909694,Investment Banking,2.77000000000005e-03,75,30-90 Days
SWP1S2G9OISWPA4,2026-01-28,2026-02-23,GBP,EUR,3502084.31,0.674017,0.674131,Investment Banking,1.14000000000058e-04,26,0-30 Days
SWP097XXH05RZS6,2025-12-29,2026-05-04,JPY,USD,1690266.13,0.531878,0.530058,Treasury,-1.81999999999993e-03,126,90+ Days
SWP5THPTIB2WBA5,2025-12-20,2026-05-17,CAD,EUR,1964711.5,0.789442,0.789614,Markets,1.72000000000061e-04,148,90+ Days
SWPZA0GDGMJBUSL,2025-11-18,2026-03-03,JPY,CAD,1620039.88,1.134859,1.132311,Investment Banking,-2.54799999999999e-03,105,90+ Days
SWPLB2AJMRX30UB,2025-11-18,2026-05-03,USD,JPY,2651831.34,1.424744,1.427991,Markets,0.003247,166,90+ Days
SWPEWW9PFYR6U24,2026-01-25,2026-04-13,INR,CHF,9281701.2,0.580951,0.581585,Investment Banking,6.34000000000023e-04,78,30-90 Days
SWPQ8FMA9IWKPUW,2025-12-03,2025-12-31,EUR,AUD,7282539.13,1.009494,1.013925,Treasury,4.43100000000007e-03,28,0-30 Days
SWP4PICSQJYFO33,2025-11-02,2026-01-02,INR,CHF,2502742.68,1.318234,1.319184,Treasury,9.50000000000006e-04,61,30-90 Days
SWPVXX1YQV68LHC,2025-12-03,2026-05-24,AUD,USD,2198691.33,0.963259,0.966791,Markets,3.53199999999998e-03,172,90+ Days
SWPWBVS1AHQVWQO,2025-12-10,2026-06-02,INR,AUD,3863466.37,1.430448,1.436887,Treasury,6.43900000000008e-03,174,90+ Days
SWP2HD9U7PLJ7JH,2026-02-20,2026-05-09,CAD,INR,2879680.94,1.381236,1.380476,Markets,-7.59999999999872e-04,78,30-90 Days
SWP042WBFI1PG2U,2025-11-01,2026-02-05,GBP,EUR,2284257.87,0.555311,0.556821,Markets,1.51000000000001e-03,96,90+ Days
SWPO66PHFP37QRX,2025-12-23,2026-05-21,CAD,GBP,2633585.3,0.897471,0.897778,Markets,3.06999999999946e-04,149,90+ Days
SWPUXOVPIV7GPUR,2026-01-25,2026-02-18,EUR,AUD,8154019.74,0.534701,0.53379,Treasury,-9.10999999999995e-04,24,0-30 Days
SWPC6FZ92PC957L,2025-12-11,2025-12-30,AUD,EUR,1394942.76,0.511977,0.512483,Markets,5.06000000000006e-04,19,0-30 Days
SWPQVT44MIKJC04,2025-12-08,2026-04-03,INR,GBP,2656685.6,0.846925,0.847218,Markets,2.92999999999988e-04,116,90+ Days
SWP3ZFO7CO7WOH6,2026-02-18,2026-07-25,USD,AUD,7090879.51,1.138929,1.140663,Treasury,1.7339999999999e-03,157,90+ Days
SWPKPKYZEI1OSY8,2026-01-23,2026-05-05,USD,INR,1059021.97,0.876001,0.875127,Markets,-8.74000000000041e-04,102,90+ Days
SWPGGXVIM4OP8FR,2025-11-03,2026-04-20,INR,USD,3787426.6,0.86635,0.863237,Markets,-3.11299999999992e-03,168,90+ Days
SWPYY7ETQYJHHGD,2026-01-16,2026-03-11,USD,EUR,2133139.61,1.086397,1.086824,Treasury,4.26999999999955e-04,54,30-90 Days
SWPJ4KP7G535DCW,2026-01-10,2026-06-28,USD,INR,8092124.93,1.221642,1.224753,Markets,3.11100000000009e-03,169,90+ Days
SWPYRN5TXUE9U5G,2025-11-14,2026-04-27,USD,EUR,2739183.3,0.840976,0.83962,Markets,-1.35599999999991e-03,164,90+ Days
SWPWTGUSOXS3WHO,2026-02-14,2026-03-24,CHF,AUD,23189882.61,1.46614,1.464064,Treasury,-2.07599999999997e-03,38,30-90 Days
SWPUM2FQMW47RPB,2026-01-08,2026-03-20,INR,CHF,2000739.5,1.368861,1.365982,Treasury,-2.87900000000008e-03,71,30-90 Days
SWP0FUVCZTDWQLW,2025-12-13,2026-06-08,GBP,CHF,1990602.72,1.002445,1.00446,Markets,2.01499999999988e-03,177,90+ Days
SWPQ8LA7L74M3ZF,2026-01-01,2026-06-15,CHF,AUD,13743453.82,0.941446,0.944221,Investment Banking,2.77499999999997e-03,165,90+ Days
SWPRQRY19R9EDXM,2025-11-04,2026-04-10,USD,CAD,5683639.01,1.084967,1.082917,Treasury,-2.05000000000011e-03,157,90+ Days
SWPJIAJJ6KC42RT,2025-12-27,2026-06-19,USD,EUR,1703717.79,0.624719,0.627344,Investment Banking,2.62499999999999e-03,174,90+ Days
SWPMU5SWIUGAD29,2026-01-10,2026-03-08,EUR,CAD,5224098.85,1.43219,1.432403,Markets,2.13000000000019e-04,57,30-90 Days
SWPY28D7CAC0T1Q,2026-02-17,2026-05-12,JPY,INR,3044633.63,1.135323,1.136007,Treasury,6.83999999999907e-04,84,30-90 Days
SWPBQ8K3GYHIN2Q,2025-12-20,2026-02-12,JPY,GBP,4926484.06,1.407965,1.411734,Markets,3.76900000000013e-03,54,30-90 Days
SWPMW3WF1F1WEPG,2026-02-14,2026-02-27,INR,USD,1927949.24,0.772986,0.772394,Markets,-5.91999999999926e-04,13,0-30 Days
SWPHU0P0N0UZAQ2,2026-01-18,2026-05-01,USD,CHF,2167827.74,0.784867,0.786127,Investment Banking,1.26000000000004e-03,103,90+ Days
SWPG0QL304CXYWV,2026-02-15,2026-03-23,AUD,INR,1252415.11,1.470932,1.470699,Markets,-2.32999999999928e-04,36,30-90 Days
SWPWESABQ0GA3PA,2026-01-30,2026-05-24,CAD,AUD,6370348.44,0.699596,0.701842,Treasury,2.24599999999997e-03,114,90+ Days
SWPSITLRJKQZTEX,2025-11-27,2026-04-07,EUR,GBP,4953269.83,1.256373,1.253782,Investment Banking,-2.59100000000001e-03,131,90+ Days
SWPV56DSOQ9XE6E,2026-01-30,2026-04-11,CAD,EUR,3189412.33,0.620844,0.622707,Markets,1.86300000000006e-03,71,30-90 Days
SWPO1FFA84H08ZE,2025-12-31,2026-04-14,JPY,EUR,1522987.67,0.774457,0.777084,Markets,2.62700000000005e-03,104,90+ Days
SWP39LZ1HQ13VCT,2026-01-15,2026-02-21,USD,GBP,4197537.17,0.842546,0.843744,Markets,1.19800000000003e-03,37,30-90 Days
SWPHERJLKX4JZ7J,2025-11-08,2026-02-13,INR,AUD,24685115.48,0.559063,0.557431,Investment Banking,-1.63199999999997e-03,97,90+ Days
SWPCBNRBPHA0UAJ,2026-01-10,2026-02-21,USD,GBP,6001103.9,0.961963,0.965299,Markets,3.33600000000001e-03,42,30-90 Days
SWP3CXH7LTI42W8,2026-01-07,2026-04-14,INR,CHF,6204523.6,1.041373,1.040726,Treasury,-6.47000000000064e-04,97,90+ Days
SWPH9XQPCOAIACN,2026-01-17,2026-02-05,GBP,CAD,7711839.23,1.140564,1.138081,Markets,-2.48300000000001e-03,19,0-30 Days
SWPLCZSKB28N2HV,2026-01-02,2026-03-20,CHF,EUR,2239954.38,1.003925,1.008492,Treasury,4.56699999999999e-03,77,30-90 Days
SWP6QIRN257IVAM,2026-02-09,2026-05-29,CHF,JPY,656293.22,0.882968,0.883896,Investment Banking,9.2800000000004e-04,109,90+ Days
SWPULB9W7YRWINX,2026-01-23,2026-03-05,USD,INR,2798423.4,0.948843,0.948884,Treasury,4.09999999999577e-05,41,30-90 Days
SWPODBBIEKNBSPP,2026-02-01,2026-03-27,USD,GBP,3570990.04,0.70193,0.702025,Markets,9.49999999999562e-05,54,30-90 Days
SWPMBIOG9M8GL1O,2026-01-07,2026-03-06,EUR,USD,1849541.35,1.006967,1.011219,Investment Banking,4.25200000000014e-03,58,30-90 Days
SWP8DTMHQ799YOI,2025-11-10,2026-03-20,GBP,CAD,2613816.5,1.011173,1.016906,Markets,5.73299999999999e-03,130,90+ Days
SWP6MV5M1OTCYKV,2026-02-15,2026-07-30,CAD,GBP,4216650.99,1.201157,1.204343,Investment Banking,3.18599999999991e-03,165,90+ Days
SWPVTESM5DG8H35,2025-12-19,2026-01-10,CHF,GBP,3986842.55,0.614307,0.615039,Investment Banking,7.31999999999955e-04,22,0-30 Days
SWPVRNC6YTB55QD,2025-11-11,2026-01-25,CHF,USD,1765854.5,0.697788,0.696116,Markets,-1.67200000000001e-03,75,30-90 Days
SWPX7Y044QXGB3Y,2025-11-25,2026-04-24,GBP,USD,7598166.91,1.216911,1.217504,Markets,5.92999999999844e-04,150,90+ Days
SWPOYEDO7YYV14I,2025-11-27,2026-03-14,CAD,INR,1238832.87,0.935908,0.935859,Treasury,-4.89999999999657e-05,107,90+ Days
SWPF5OFSGEUGEVQ,2025-11-01,2026-04-11,CAD,GBP,1174521.62,1.128945,1.12909,Treasury,1.4499999999984e-04,161,90+ Days
SWPN3OWV30020ZZ,2025-12-25,2026-05-09,EUR,CHF,4643666.04,1.137166,1.134731,Treasury,-2.43499999999996e-03,135,90+ Days
SWPXSEA53PFS5FP,2026-01-26,2026-04-17,CAD,USD,4384071.18,1.458381,1.463355,Treasury,4.97400000000003e-03,81,30-90 Days
SWP2S4MDFNSLLGX,2026-02-17,2026-08-06,AUD,CAD,2157727.97,1.414908,1.412366,Markets,-2.54200000000004e-03,170,90+ Days
SWPH7L36CLKAK82,2025-12-26,2026-04-08,GBP,USD,936527.45,1.140036,1.138658,Investment Banking,-1.3780000000001e-03,103,90+ Days
SWPLYBJJ9II5WNM,2026-01-16,2026-07-05,USD,JPY,5305749.51,0.637514,0.638827,Investment Banking,1.31300000000001e-03,170,90+ Days
SWPGQVJT8JJ1ID7,2025-12-27,2026-06-15,JPY,INR,3048822.11,1.137658,1.139577,Treasury,0.001919,170,90+ Days
SWPVXJ1IIVHSBO8,2026-02-16,2026-07-21,CHF,INR,4326624.1,0.859005,0.858084,Markets,-9.21000000000061e-04,155,90+ Days
SWPU6FSI9007J2M,2025-11-23,2026-04-15,GBP,CAD,2754247.99,0.640698,0.641419,Markets,7.20999999999972e-04,143,90+ Days
SWPAEFIQ7MNKDX1,2025-12-17,2026-04-12,AUD,USD,1000473.4,0.547319,0.546361,Investment Banking,-9.58000000000014e-04,116,90+ Days
SWPA3Z9UZOFW1GI,2026-01-06,2026-02-18,EUR,USD,1460907.56,1.091822,1.094388,Treasury,2.56599999999985e-03,43,30-90 Days
SWP8RA3EGI2UREY,2025-12-11,2026-02-09,CAD,EUR,1879854.12,1.03577,1.039182,Treasury,3.41199999999997e-03,60,30-90 Days
SWPW1FBOIUJ08Y1,2026-01-02,2026-01-22,EUR,JPY,7000125.04,1.103271,1.104479,Treasury,1.2080000000001e-03,20,0-30 Days
SWPKKRORL15B1QE,2026-01-26,2026-04-24,EUR,AUD,3113766.59,0.816713,0.817544,Investment Banking,8.31000000000026e-04,88,30-90 Days
SWP1V42SCEWAK4K,2026-01-09,2026-02-02,JPY,CAD,5815042.77,1.40253,1.400345,Treasury,-2.1850000000001e-03,24,0-30 Days
SWPFFX2I7OAIE8N,2026-02-21,2026-05-08,JPY,GBP,7118461.09,1.446293,1.445126,Investment Banking,-1.16700000000014e-03,76,30-90 Days
SWP43T4MDIMITF6,2026-01-22,2026-06-11,GBP,JPY,1505600.76,0.955006,0.957733,Investment Banking,2.72699999999992e-03,140,90+ Days
SWP351M8LH6CB16,2025-11-15,2025-12-27,GBP,CAD,1361213.88,1.303491,1.305418,Treasury,1.92700000000001e-03,42,30-90 Days
SWPYQVS2OMX9D9A,2025-12-07,2026-01-02,INR,CAD,3035310.54,1.445706,1.450021,Investment Banking,4.31500000000007e-03,26,0-30 Days
SWPWL367N5Y1GW5,2026-01-03,2026-02-24,USD,CHF,2136289.48,0.510548,0.510888,Markets,3.40000000000007e-04,52,30-90 Days
SWPWJYR7IWKTKTL,2026-01-22,2026-02-02,EUR,INR,3960815.94,1.336838,1.341492,Investment Banking,4.65399999999994e-03,11,0-30 Days
SWPHVKH6X8QREB9,2026-02-18,2026-03-24,CHF,GBP,2293255.33,1.472339,1.475541,Investment Banking,3.20199999999993e-03,34,30-90 Days
SWP869ZQ317UQ2J,2025-11-05,2026-02-23,USD,AUD,2309139.19,0.641796,0.643989,Markets,0.002193,110,90+ Days
SWPZQ7MYJ4JIH0R,2026-01-18,2026-02-25,CAD,AUD,4350171.55,0.628719,0.630814,Investment Banking,2.09499999999996e-03,38,30-90 Days
SWPNYC1N25FPKWF,2025-11-07,2026-02-09,USD,EUR,7094140.12,0.707171,0.707001,Markets,-1.70000000000003e-04,94,90+ Days
SWP09AAUU3UN4L4,2025-11-14,2026-05-02,CHF,CAD,5071665.14,0.902154,0.90433,Investment Banking,2.17599999999996e-03,169,90+ Days
SWP547OW56H7FAB,2025-10-26,2026-03-09,EUR,USD,1014031.39,0.802335,0.803635,Markets,1.29999999999997e-03,134,90+ Days
SWPF2GLP5PZYQXV,2026-01-21,2026-06-07,JPY,CAD,1670075.85,1.076044,1.077415,Treasury,1.37100000000001e-03,137,90+ Days
SWPEZ4XJL0TZYYX,2025-11-19,2025-12-19,CHF,INR,3340799.32,1.136171,1.143054,Treasury,6.88299999999997e-03,30,0-30 Days
SWPBC2B2FMXWE8Q,2026-01-25,2026-05-19,USD,JPY,2856292.75,1.018807,1.015961,Treasury,-2.84600000000013e-03,114,90+ Days
SWPJMWJKV3L0PSQ,2025-11-25,2025-12-31,EUR,CHF,10160705.11,0.86582,0.868212,Markets,2.39199999999995e-03,36,30-90 Days
SWPFOAZBDJVWVU5,2025-11-02,2026-02-04,AUD,EUR,9962118.38,1.106613,1.1081,Investment Banking,1.48700000000002e-03,94,90+ Days
SWPDIL5FZ8QD3NO,2026-01-30,2026-03-23,AUD,JPY,4745730.01,0.801365,0.804379,Investment Banking,3.01399999999996e-03,52,30-90 Days
SWPQFOE0C5E1ASH,2025-11-05,2025-12-16,CHF,CAD,3011357.91,1.382133,1.37733,Treasury,-4.80300000000011e-03,41,30-90 Days
SWPNP5HCMMJNDPQ,2025-12-31,2026-05-24,USD,AUD,3064966.23,1.349467,1.352116,Investment Banking,2.64900000000012e-03,144,90+ Days
SWPC9EGKSYEYM5Z,2025-12-14,2025-12-30,INR,EUR,1597314.32,0.931945,0.930484,Treasury,-1.46100000000005e-03,16,0-30 Days
SWP7IUF4S4JLHIT,2025-12-16,2026-03-18,CAD,CHF,5473022.26,1.493788,1.49656,Investment Banking,0.002772,92,90+ Days
SWPD3R81VYGZIOB,2025-12-28,2026-04-05,CAD,USD,2927794.03,1.417685,1.417991,Treasury,3.05999999999917e-04,98,90+ Days
SWPB3UYS5HDUHCT,2026-01-19,2026-05-08,CAD,JPY,7314911.76,0.808537,0.810968,Treasury,2.43100000000007e-03,109,90+ Days
SWPC0PZ4OKQRXXM,2025-11-20,2026-02-22,CAD,GBP,2855322.6,0.944751,0.945164,Investment Banking,4.12999999999997e-04,94,90+ Days
SWP5R6INRNAJRIC,2025-11-21,2026-02-02,JPY,GBP,2445257.2,1.490368,1.492813,Investment Banking,2.44500000000003e-03,73,30-90 Days
SWPU56YV18K6C5L,2025-11-07,2026-04-03,CHF,CAD,19713141.29,0.872652,0.87476,Markets,0.002108,147,90+ Days
SWPBCPWLKL42VKX,2026-02-08,2026-08-02,GBP,AUD,2360411.28,0.556203,0.555938,Markets,-2.6499999999996e-04,175,90+ Days
SWP5P44Q6EGZU6E,2026-01-16,2026-02-25,JPY,CAD,8132382.87,0.601492,0.602426,Treasury,9.3399999999999e-04,40,30-90 Days
SWP92JANPNQN10C,2025-12-24,2026-03-06,CHF,JPY,650800.96,0.874447,0.87635,Investment Banking,1.90299999999999e-03,72,30-90 Days
SWPA24990BJ3EJ5,2026-02-10,2026-03-10,CHF,GBP,2553641.75,0.771997,0.772685,Investment Banking,6.87999999999911e-04,28,0-30 Days
SWPRQY6A47BZWG4,2026-01-23,2026-04-01,GBP,AUD,3660057.0,1.376075,1.376386,Investment Banking,3.11000000000172e-04,68,30-90 Days
SWP8QJRGNMV6PHK,2026-01-30,2026-07-15,JPY,GBP,4479023.03,0.966579,0.967336,Investment Banking,7.57000000000008e-04,166,90+ Days
SWPV41O6OGPJFVY,2026-01-20,2026-06-14,CHF,INR,4771128.48,0.649048,0.648764,Treasury,-2.83999999999951e-04,145,90+ Days
SWPAGI8VQPHJL5M,2025-11-28,2025-12-11,EUR,AUD,2149815.15,0.721694,0.722785,Treasury,1.09100000000006e-03,13,0-30 Days
SWPIS8QZW5JWC2Q,2025-12-19,2026-03-15,AUD,CHF,8338561.96,0.712295,0.713641,Markets,1.34599999999996e-03,86,30-90 Days
SWP3J3GPLFZRZY6,2026-01-13,2026-03-06,CAD,EUR,4691486.22,0.889467,0.889292,Markets,-1.75000000000036e-04,52,30-90 Days
SWPMRHZ64UFEGIH,2026-02-19,2026-04-13,JPY,EUR,3033247.57,0.722965,0.725489,Treasury,2.52400000000008e-03,53,30-90 Days
SWPNMYI9ISP3Q91,2025-12-13,2026-02-17,AUD,CHF,19061866.0,0.556208,0.555323,Markets,-8.85000000000025e-04,66,30-90 Days
SWP7Q458HGGWL85,2025-12-28,2026-05-30,USD,CAD,2986972.58,1.487361,1.492922,Treasury,5.56100000000015e-03,153,90+ Days
SWPG7MSN4NXE9LE,2025-12-30,2026-01-20,CHF,GBP,3436497.34,0.707909,0.708235,Markets,3.25999999999937e-04,21,0-30 Days
SWPOJSZVBKKY8ZH,2026-02-19,2026-03-24,INR,JPY,3944381.05,0.84517,0.844431,Treasury,-7.38999999999934e-04,33,30-90 Days
SWPOO5K0AZ7T580,2025-12-02,2026-05-17,CAD,CHF,2939919.85,0.901781,0.904533,Investment Banking,2.75199999999998e-03,166,90+ Days
SWPP08HXCCYTCX5,2026-02-16,2026-08-01,GBP,CAD,5936665.84,1.070439,1.066991,Treasury,-3.4479999999999e-03,166,90+ Days
SWPD9YZUFYRT8BV,2026-01-01,2026-05-31,CAD,CHF,3922303.96,0.883983,0.882729,Markets,-1.25399999999998e-03,150,90+ Days
SWPZC4HJWCN9S9Y,2026-01-25,2026-03-13,USD,CHF,3480752.8,0.96861,0.97342,Markets,4.80999999999998e-03,47,30-90 Days
SWP1ILCMFQ4K0R4,2026-02-18,2026-08-14,CAD,AUD,652533.87,1.094839,1.096717,Markets,1.87800000000005e-03,177,90+ Days
SWPANJYYQ7A0VT7,2025-12-11,2026-02-21,USD,GBP,5946553.28,0.519538,0.518947,Treasury,-5.91000000000008e-04,72,30-90 Days
SWPPTTZSGFEQR7N,2025-11-22,2026-02-12,INR,USD,4868823.49,1.33274,1.332051,Investment Banking,-6.8899999999994e-04,82,30-90 Days
SWPQENVEUECYSTP,2025-12-05,2026-04-01,AUD,GBP,7419611.39,0.822008,0.824224,Treasury,0.002216,117,90+ Days
SWPLPD8HWRDRIZ1,2026-02-14,2026-07-16,USD,AUD,732497.72,1.038398,1.03986,Treasury,1.46200000000007e-03,152,90+ Days
SWPAE2PDN2YOB2T,2025-11-02,2025-11-25,USD,CHF,458249.53,1.491485,1.494865,Treasury,3.38000000000016e-03,23,0-30 Days
SWPT6UFFB32UA3K,2026-02-02,2026-06-04,AUD,INR,8383011.73,1.3028,1.304535,Investment Banking,1.73500000000004e-03,122,90+ Days
SWP44FVTLE9HZEX,2026-01-30,2026-07-05,EUR,INR,4917697.79,1.035436,1.036997,Investment Banking,1.56099999999992e-03,156,90+ Days
SWP695PDRMAV6X7,2026-01-09,2026-01-28,GBP,CAD,2905280.42,1.265663,1.264517,Treasury,-1.14600000000009e-03,19,0-30 Days
SWPF0FPS6U8JT4S,2026-01-28,2026-05-14,INR,USD,12036449.78,0.915181,0.918481,Treasury,3.29999999999997e-03,106,90+ Days
SWPWZW1QLHQQVZ1,2025-12-27,2026-03-04,CAD,USD,2058889.24,1.189577,1.189783,Treasury,2.05999999999928e-04,67,30-90 Days
SWPT8ABNOMA3AYH,2026-01-21,2026-03-24,AUD,GBP,2025025.21,1.196802,1.196709,Investment Banking,-9.29999999998987e-05,62,30-90 Days
SWPLKFVE2C2SDUF,2026-01-05,2026-07-04,USD,GBP,7431121.0,1.174953,1.173919,Treasury,-1.03399999999998e-03,180,90+ Days
SWP0VYQXUL0JHR3,2025-12-14,2025-12-26,CAD,JPY,8192138.27,1.371817,1.374126,Investment Banking,2.30899999999989e-03,12,0-30 Days
SWPKIT57EO4NL5O,2026-02-01,2026-06-12,JPY,CHF,1538027.44,1.326412,1.326931,Investment Banking,5.19000000000158e-04,131,90+ Days
SWPFDJP8TP1DN9Y,2025-10-28,2026-03-22,CAD,JPY,1309859.71,1.223363,1.219499,Markets,-3.86399999999987e-03,145,90+ Days
SWPTHFYKQGBQDH0,2026-02-15,2026-05-18,CAD,GBP,1640270.96,1.208103,1.209017,Investment Banking,9.14000000000081e-04,92,90+ Days
SWPQ77JOO93AUIQ,2026-01-23,2026-05-05,EUR,INR,5510963.9,1.462569,1.465118,Markets,2.54899999999991e-03,102,90+ Days
SWPTGOCJFZ88SJZ,2025-12-02,2026-05-02,INR,GBP,2447290.88,1.478025,1.47885,Markets,8.25000000000076e-04,151,90+ Days
SWPEZI3XR6O8S4C,2026-01-01,2026-03-08,JPY,AUD,4525284.07,0.640597,0.641945,Treasury,1.34800000000002e-03,66,30-90 Days
SWP7FQ0AAMPMRP7,2025-11-23,2025-12-31,CAD,JPY,2456195.72,1.141193,1.141062,Treasury,-1.30999999999881e-04,38,30-90 Days
SWP0EXNJJTP5BH1,2026-02-09,2026-05-12,GBP,JPY,2729386.94,1.044607,1.045199,Investment Banking,5.91999999999926e-04,92,90+ Days
SWP0IP3N3ZDZXQ7,2025-11-24,2026-03-14,AUD,EUR,2224995.8,1.057627,1.059815,Treasury,2.18799999999986e-03,110,90+ Days
SWP4QAFUW7P2SAK,2025-11-22,2026-03-21,GBP,CHF,3616154.65,1.074542,1.072102,Markets,-0.00244,119,90+ Days
SWPYCN3VDMN1A7M,2026-01-18,2026-02-08,USD,CAD,1403251.78,0.726918,0.727898,Treasury,9.80000000000092e-04,21,0-30 Days
SWPZ1Z0EP22OK7Y,2026-01-01,2026-04-16,JPY,GBP,4064959.89,1.120132,1.123847,Investment Banking,3.71500000000013e-03,105,90+ Days
SWP49U6G2Z6NT1L,2026-02-10,2026-04-10,INR,CAD,7053128.71,0.569193,0.567097,Investment Banking,-2.09599999999999e-03,59,30-90 Days
SWPQXSVWJRRN6WB,2026-01-02,2026-03-02,AUD,JPY,2399336.93,1.166605,1.168763,Markets,2.1580000000001e-03,59,30-90 Days
SWPL4UFMI6LC83S,2025-11-06,2026-02-07,JPY,USD,3132294.81,0.717116,0.717298,Markets,1.82000000000015e-04,93,90+ Days
SWPEC5O4QNA0SLA,2026-02-05,2026-05-07,AUD,GBP,755807.63,1.464134,1.466433,Markets,2.29900000000005e-03,91,90+ Days
SWPJOWJDAHW6LH7,2026-01-04,2026-01-26,AUD,CAD,2422241.01,0.977232,0.975837,Investment Banking,-1.39500000000004e-03,22,0-30 Days
SWPU542DTYRVZVQ,2026-01-12,2026-01-20,CAD,AUD,14151125.96,1.119307,1.116011,Treasury,-3.29599999999997e-03,8,0-30 Days
SWPTV1BAHB0CH9A,2026-01-29,2026-06-21,INR,EUR,4440257.26,1.049374,1.052349,Treasury,2.97499999999995e-03,143,90+ Days
SWP7I7XX5BZTZOV,2025-11-03,2026-01-26,JPY,AUD,5111370.4,0.729438,0.731117,Treasury,1.67899999999999e-03,84,30-90 Days
SWP51L1KG8IDOXD,2026-01-13,2026-02-26,GBP,INR,8977698.62,1.244537,1.246554,Treasury,2.01699999999994e-03,44,30-90 Days
SWPUUMSZO9SUCPU,2026-01-30,2026-04-19,JPY,AUD,4572540.71,0.521941,0.523273,Investment Banking,0.001332,79,30-90 Days
SWPTGMAA0AGY8MW,2025-12-29,2026-05-29,AUD,GBP,4199154.06,0.763694,0.763698,Markets,4.000000000004e-06,151,90+ Days
SWP5L1LYT5JGYO3,2026-01-19,2026-05-13,USD,JPY,1903066.64,1.146178,1.147491,Investment Banking,1.31300000000012e-03,114,90+ Days
SWPO72L6A986T2F,2025-11-07,2026-03-13,CHF,GBP,2270645.67,1.376966,1.375101,Treasury,-1.86500000000001e-03,126,90+ Days
SWPEK6BY5IIXX56,2026-02-07,2026-03-20,JPY,AUD,6348067.45,1.178429,1.17849,Investment Banking,6.10000000000888e-05,41,30-90 Days
SWPI2WV7L02W6YE,2026-02-10,2026-06-22,CAD,EUR,11808499.03,1.072663,1.071375,Markets,-1.28799999999996e-03,132,90+ Days
SWPUBW1DPSZX4NT,2025-11-01,2026-02-08,USD,INR,4268949.61,0.567443,0.568398,Investment Banking,9.54999999999928e-04,99,90+ Days
SWPOIP62J5VP7M2,2025-11-13,2026-01-06,JPY,CAD,5256316.67,0.602137,0.604624,Treasury,2.48700000000002e-03,54,30-90 Days
SWP944ZC6KQVKYJ,2025-10-30,2026-01-22,EUR,GBP,7190542.62,0.592831,0.592933,Investment Banking,1.02000000000046e-04,84,30-90 Days
SWP900FHQ0FPXH3,2026-02-14,2026-07-21,USD,CAD,525855.03,1.088443,1.090673,Markets,2.22999999999995e-03,157,90+ Days
SWPDI6XG9A4PTLU,2026-01-05,2026-02-07,JPY,INR,11720783.85,1.158018,1.157443,Investment Banking,-5.74999999999992e-04,33,30-90 Days
SWPHBYTALPE2RDL,2025-11-05,2026-04-30,CHF,INR,2251020.06,0.61133,0.613159,Treasury,1.82899999999997e-03,176,90+ Days
SWPZ1CF8LTM59Z5,2026-01-09,2026-03-21,AUD,GBP,2026047.8,1.089854,1.095179,Markets,5.3249999999998e-03,71,30-90 Days
SWPTKVTPE4GK5CF,2025-11-26,2026-01-07,INR,EUR,5327486.6,1.317526,1.319778,Markets,2.25199999999992e-03,42,30-90 Days
SWPRA2GV1ZNA49V,2026-02-10,2026-06-23,INR,GBP,4217096.17,0.59005,0.591299,Treasury,1.24900000000006e-03,133,90+ Days
SWPQUU383GZ7MFE,2025-11-04,2026-02-17,CHF,GBP,4275987.97,1.030551,1.031343,Markets,7.91999999999904e-04,105,90+ Days
SWPBQD0H0HQYHRJ,2025-10-29,2026-01-09,GBP,CHF,4699992.65,0.887483,0.88833,Treasury,8.46999999999931e-04,72,30-90 Days
SWPVASKVA32KINJ,2025-12-23,2026-04-15,EUR,USD,4294989.86,0.513815,0.516081,Investment Banking,2.26599999999999e-03,113,90+ Days
SWP36A4ATSH3LLF,2025-11-23,2026-02-23,USD,GBP,18882164.7,1.041556,1.043076,Treasury,1.51999999999997e-03,92,90+ Days
SWPXSJC6H0P00E3,2026-02-05,2026-03-10,AUD,USD,11404855.55,0.725318,0.724681,Treasury,-6.36999999999999e-04,33,30-90 Days
SWPFD90115DQ04C,2025-12-17,2026-03-03,GBP,INR,1464116.12,1.011804,1.013106,Treasury,1.30200000000014e-03,76,30-90 Days
SWPONFIXSOWY1G7,2025-12-06,2026-03-17,CAD,GBP,8759142.76,0.747691,0.749007,Markets,1.31599999999998e-03,101,90+ Days
SWP9G5MLZTFVBVY,2025-12-20,2026-01-14,GBP,USD,1822394.41,0.562742,0.562539,Markets,-2.02999999999953e-04,25,0-30 Days
SWP90ZU7VHZ2VV1,2026-01-25,2026-03-06,CHF,INR,2844770.09,1.303305,1.310406,Investment Banking,7.10100000000002e-03,40,30-90 Days
SWPLHJ6XASK6TKW,2026-01-18,2026-01-25,INR,CAD,2470580.93,0.987178,0.99055,Markets,3.37200000000004e-03,7,0-30 Days
SWP81NEFFXS136Z,2025-11-19,2025-12-22,USD,CAD,1464298.15,1.322665,1.32723,Markets,4.56499999999993e-03,33,30-90 Days
SWPTU43HK5V6554,2026-01-08,2026-06-16,USD,GBP,7131348.13,0.837953,0.838911,Markets,9.58000000000014e-04,159,90+ Days
SWPHZBY8AMTASG1,2026-01-07,2026-02-19,CAD,EUR,3016827.28,0.871943,0.871242,Markets,-7.01000000000063e-04,43,30-90 Days
SWPB52WYYLSLOXO,2025-12-01,2026-01-04,EUR,GBP,3722271.61,0.881393,0.878613,Treasury,-0.00278,34,30-90 Days
SWPJ8CZAOTDEPCZ,2025-11-06,2026-03-16,GBP,INR,4287092.47,1.269946,1.269815,Markets,-1.31000000000103e-04,130,90+ Days
SWPNUQT6TZ5G3FH,2026-01-17,2026-07-14,EUR,CAD,2659900.48,1.013704,1.017992,Investment Banking,4.28800000000007e-03,178,90+ Days
SWPBYG39AYTDKY6,2025-12-10,2026-02-25,INR,GBP,677668.59,0.98638,0.986709,Investment Banking,3.28999999999913e-04,77,30-90 Days
SWPNLGBCET6R9AS,2025-12-14,2026-03-04,USD,GBP,1359703.23,0.975377,0.975394,Treasury,1.69999999999337e-05,80,30-90 Days
SWPTHDP488Z8ZCQ,2025-11-04,2026-05-01,JPY,INR,2137829.52,0.913897,0.915094,Treasury,0.001197,178,90+ Days
SWP2CK4W7FJJLDE,2026-01-09,2026-03-21,EUR,USD,2161824.37,0.711043,0.710287,Markets,-7.55999999999979e-04,71,30-90 Days
SWPGDC484K01H6O,2025-11-10,2026-04-25,CAD,EUR,3967343.27,1.242981,1.240795,Markets,-2.1859999999998e-03,166,90+ Days
SWPCJYD9PWYM1JP,2025-11-12,2026-03-07,CHF,JPY,3150468.72,0.697244,0.699021,Markets,1.77700000000003e-03,115,90+ Days
SWPBLWPEA0K9DU1,2026-01-03,2026-05-29,CHF,GBP,3323574.37,1.49146,1.490376,Investment Banking,-1.08400000000008e-03,146,90+ Days
SWP0Q52BFNQL481,2026-01-14,2026-02-27,JPY,AUD,3770725.4,1.311162,1.310666,Investment Banking,-4.9599999999983e-04,44,30-90 Days
SWP2CRXNLASGQ51,2026-02-20,2026-06-10,GBP,EUR,15563413.22,0.989355,0.988998,Markets,-3.56999999999941e-04,110,90+ Days
SWP0D2SRHV4RQNC,2025-12-20,2026-06-11,AUD,EUR,3247767.46,1.076801,1.077325,Markets,5.24000000000191e-04,173,90+ Days
SWPTZ7KFOKEYTHY,2025-12-25,2026-01-19,GBP,CAD,1882618.23,0.936842,0.936575,Investment Banking,-2.66999999999906e-04,25,0-30 Days
SWPXPOJOMRF5B6E,2025-12-19,2026-03-01,EUR,INR,11936409.27,0.731061,0.731866,Markets,8.05000000000056e-04,72,30-90 Days
SWPYNV4OA9DX8EX,2025-10-31,2026-03-08,USD,CHF,4365240.55,0.880416,0.880235,Investment Banking,-1.80999999999987e-04,128,90+ Days
SWP7VGITGDQ46OZ,2025-10-30,2025-12-13,USD,AUD,3335846.28,1.120387,1.121114,Treasury,7.26999999999922e-04,44,30-90 Days
SWPKDQ7KH82POZD,2025-12-05,2026-03-02,AUD,GBP,2245664.45,0.628842,0.630087,Treasury,1.24499999999994e-03,87,30-90 Days
SWPU8IWHFBST5DS,2025-12-04,2026-02-09,JPY,AUD,3079425.97,1.178702,1.183122,Markets,4.42000000000009e-03,67,30-90 Days
SWP9TLPFETIXAZZ,2025-11-27,2026-03-09,INR,EUR,5336882.94,0.973997,0.97391,Markets,-8.69999999999482e-05,102,90+ Days
SWP2HEQJJ1HBT18,2025-11-07,2026-04-24,USD,GBP,4538531.07,1.429225,1.431007,Markets,1.78199999999995e-03,168,90+ Days
SWPJD0I273HSNW0,2025-12-27,2026-02-19,AUD,CHF,13826463.45,1.133893,1.130815,Investment Banking,-3.07800000000014e-03,54,30-90 Days
SWP1JNTS7SL4E6F,2026-01-06,2026-04-22,JPY,GBP,1356156.66,0.678734,0.680154,Investment Banking,1.42000000000009e-03,106,90+ Days
SWPWSHBW9R4D1OB,2025-12-22,2026-01-09,CAD,JPY,2910885.14,0.967189,0.967739,Treasury,5.5000000000005e-04,18,0-30 Days
SWPDF3X9Y1ZFJS8,2026-02-18,2026-03-02,CHF,USD,5245147.5,1.459165,1.457794,Markets,-1.37100000000001e-03,12,0-30 Days
SWP1449R32PFR83,2025-12-09,2025-12-31,USD,EUR,1264727.41,1.249584,1.251633,Treasury,2.04899999999997e-03,22,0-30 Days
SWP26DZYZL0ABIQ,2026-02-02,2026-04-20,JPY,CHF,1799935.48,1.067242,1.068975,Treasury,1.73299999999998e-03,77,30-90 Days
SWPKP3CP20S1GT4,2026-02-16,2026-06-02,CAD,EUR,7791809.8,1.057281,1.056161,Investment Banking,-1.12000000000001e-03,106,90+ Days
SWPI7P9G1GRGTTJ,2026-01-07,2026-06-17,EUR,CAD,2353237.54,0.82729,0.829431,Investment Banking,2.14100000000006e-03,161,90+ Days
SWP7VREOP1G6ZGJ,2025-12-05,2026-01-06,INR,USD,4295211.66,0.983188,0.984398,Investment Banking,1.21000000000004e-03,32,30-90 Days
SWPNAPHONTBH4FH,2025-12-07,2026-01-28,INR,GBP,6585611.11,1.102894,1.104431,Markets,1.5369999999999e-03,52,30-90 Days
SWP8C3FZWWT8WHZ,2025-11-26,2026-02-17,INR,AUD,3190317.31,1.322842,1.330906,Treasury,8.06399999999985e-03,83,30-90 Days
SWP9JUK6BYIODPM,2026-01-11,2026-04-25,CAD,INR,5422440.67,0.759215,0.759408,Investment Banking,1.92999999999999e-04,104,90+ Days
SWP35HV4FIFTSY5,2025-11-01,2026-04-28,CAD,EUR,653690.8,1.4634,1.461529,Treasury,-1.87099999999996e-03,178,90+ Days
SWPQ7F17778UN1Y,2025-11-16,2026-02-03,JPY,GBP,712480.93,0.991979,0.995405,Markets,3.42599999999993e-03,79,30-90 Days
SWPRJA07GG2M15S,2026-01-02,2026-05-07,EUR,INR,2419090.79,1.149967,1.15199,Investment Banking,2.02300000000011e-03,125,90+ Days
SWP12T7HYIMP2EA,2026-02-16,2026-05-26,EUR,INR,8551819.54,1.161083,1.1633,Markets,2.21699999999991e-03,99,90+ Days
SWPVM4707N3VE0B,2025-12-18,2026-05-10,INR,AUD,3651658.32,0.803589,0.803383,Markets,-2.06000000000039e-04,143,90+ Days
SWPWYI3T27KM44D,2025-11-14,2026-01-06,GBP,USD,1984549.4,1.120826,1.125936,Markets,5.10999999999995e-03,53,30-90 Days
SWPDP4XJZR8ZHIL,2025-11-18,2026-04-06,INR,GBP,4867316.73,0.782362,0.785084,Investment Banking,0.002722,139,90+ Days
SWPQU9808LKIXBI,2025-12-05,2026-03-17,EUR,JPY,2540615.53,0.603646,0.602372,Treasury,-0.001274,102,90+ Days
SWP76BDRIN764LV,2026-02-09,2026-04-24,GBP,EUR,4766170.97,0.571813,0.573,Markets,1.18699999999994e-03,74,30-90 Days
SWPW40CM1X67845,2026-01-17,2026-06-13,USD,CHF,3631981.14,1.155499,1.158737,Investment Banking,3.23799999999985e-03,147,90+ Days
SWPWQTQ0AWRZ9E6,2026-01-07,2026-04-04,EUR,AUD,20785959.76,0.675753,0.676415,Markets,6.6199999999994e-04,87,30-90 Days
SWPX9B61EPK3POR,2026-01-20,2026-03-23,EUR,GBP,547974.28,0.757071,0.755808,Markets,-1.26300000000001e-03,62,30-90 Days
SWPW2DF3OEEGG4C,2026-01-15,2026-04-23,GBP,CAD,1488758.22,0.650456,0.65178,Treasury,1.32399999999999e-03,98,90+ Days
SWPF5VMJ7PB5NX9,2025-12-15,2026-05-01,CHF,EUR,4584408.91,0.627283,0.628568,Markets,1.28499999999998e-03,137,90+ Days
SWPQ01YSVPXGQJ8,2026-01-27,2026-07-05,INR,AUD,812698.72,0.613852,0.614229,Markets,3.77000000000072e-04,159,90+ Days
SWPRKG7XVKT5BW4,2025-11-26,2026-03-09,CAD,AUD,2912781.92,0.658314,0.659932,Markets,1.61800000000001e-03,103,90+ Days
SWPI1Z1ELX49TPW,2026-01-30,2026-07-19,JPY,EUR,3191755.75,1.387197,1.389062,Investment Banking,1.86500000000001e-03,170,90+ Days
SWP6GTILPIPOG76,2025-12-16,2026-06-01,GBP,EUR,17890037.91,0.955604,0.957615,Investment Banking,2.01099999999999e-03,167,90+ Days
SWPQ4T4RPJZ66HO,2026-02-05,2026-02-27,EUR,GBP,16865793.39,1.39566,1.400249,Markets,4.58900000000018e-03,22,0-30 Days
SWPRCR26JKQC9OK,2026-01-26,2026-04-27,CHF,AUD,1072874.17,0.563507,0.562921,Markets,-5.85999999999975e-04,91,90+ Days
SWPTY0WRFJ111TQ,2026-01-10,2026-02-06,AUD,CAD,1411878.14,1.003887,1.005092,Markets,1.20500000000012e-03,27,0-30 Days
SWPZYKEOS92CDB6,2026-01-12,2026-03-01,AUD,JPY,1150402.71,0.763602,0.764453,Treasury,8.51000000000046e-04,48,30-90 Days
SWPI0JIKWS17PIX,2026-01-01,2026-02-11,GBP,JPY,2047935.09,1.425626,1.425735,Markets,1.08999999999915e-04,41,30-90 Days
SWP4TF03IF7EURF,2026-01-09,2026-04-23,EUR,AUD,2543965.01,1.251142,1.255638,Markets,4.49600000000006e-03,104,90+ Days
SWPRDVRKG6BALBB,2025-11-17,2026-03-18,CAD,EUR,234170.06,0.828228,0.82823,Markets,2.00000000005751e-06,121,90+ Days
SWP9OP8H7CIVT67,2026-01-10,2026-04-15,CHF,USD,1321546.83,0.965598,0.963344,Treasury,-2.25399999999998e-03,95,90+ Days
SWP99BYZUJZOZZT,2026-01-26,2026-05-16,GBP,JPY,2664231.72,1.346605,1.345213,Treasury,-1.39200000000006e-03,110,90+ Days
SWPCK1AAC7XYI27,2025-11-01,2026-03-17,EUR,INR,4001842.97,0.693881,0.693763,Investment Banking,-1.17999999999951e-04,136,90+ Days
SWPPGI4ROY2VBQ8,2026-01-14,2026-02-21,JPY,GBP,15352202.72,1.023318,1.026929,Markets,3.61100000000003e-03,38,30-90 Days
SWPYWTHHXW3BI8H,2026-01-15,2026-06-09,CAD,CHF,6628439.63,0.66242,0.662012,Investment Banking,-4.07999999999964e-04,145,90+ Days
SWPYBW66FPHGFJE,2025-12-02,2026-05-29,USD,EUR,2827136.6,1.463659,1.463242,Investment Banking,-4.17000000000112e-04,178,90+ Days
SWP6ISJJ0GU6HYR,2025-12-20,2026-02-27,CAD,CHF,16026958.08,1.490539,1.494845,Markets,4.30599999999992e-03,69,30-90 Days
SWP88Y24DHI01RV,2025-11-17,2026-01-10,INR,USD,762077.06,0.855349,0.852588,Treasury,-2.76100000000001e-03,54,30-90 Days
SWP2WHRBKKCDLNQ,2026-01-31,2026-04-08,CHF,GBP,2833478.59,0.770512,0.772059,Treasury,1.54700000000008e-03,67,30-90 Days
SWPFO9S4U1UXOBH,2025-12-21,2026-04-21,INR,USD,3230671.67,0.670922,0.672826,Investment Banking,1.90400000000002e-03,121,90+ Days
SWPMAUYK9DO3ULR,2025-12-10,2026-02-08,EUR,INR,15970661.56,1.268301,1.264545,Markets,-3.75599999999987e-03,60,30-90 Days
SWPFFPJWALWGOI3,2025-11-16,2025-12-09,JPY,AUD,6905649.11,1.124175,1.125128,Investment Banking,9.52999999999982e-04,23,0-30 Days
SWPR6X7IB78UR19,2025-11-28,2026-03-26,INR,GBP,970239.45,1.140433,1.14223,Treasury,1.79700000000005e-03,118,90+ Days
SWPLBKA4HQ54AUO,2025-12-31,2026-02-28,AUD,CAD,2577936.31,0.635001,0.635695,Markets,6.93999999999972e-04,59,30-90 Days
SWPFCLSL702OZW6,2026-01-06,2026-06-30,CHF,USD,1982323.21,1.197124,1.196644,Treasury,-4.80000000000036e-04,175,90+ Days
SWPXRTRYGMN26ZZ,2026-02-02,2026-06-23,EUR,GBP,4557040.41,1.183943,1.187881,Treasury,0.003938,141,90+ Days
SWPPRVMA8O444EK,2025-12-31,2026-02-28,CHF,INR,5279481.32,0.770347,0.7697,Treasury,-6.46999999999953e-04,59,30-90 Days
SWPHLY3F7CZISGT,2025-11-06,2026-03-12,JPY,AUD,3325092.93,0.74813,0.75078,Markets,2.65000000000004e-03,126,90+ Days
SWPQROHIWJ7HJCL,2026-01-22,2026-04-08,USD,EUR,1235876.6,0.792519,0.794066,Markets,1.54700000000008e-03,76,30-90 Days
SWP8QLLVWFQKUGJ,2025-12-01,2026-04-03,AUD,CAD,849093.58,0.843553,0.847042,Markets,3.48899999999996e-03,123,90+ Days
SWPDS68024WWE4L,2025-12-12,2026-04-05,USD,JPY,824615.0,0.590883,0.592358,Markets,0.001475,114,90+ Days
SWPSHQ9O8P7KPPL,2025-12-05,2025-12-19,JPY,CHF,4351549.49,0.637977,0.640868,Investment Banking,2.89099999999998e-03,14,0-30 Days
SWPZ1FBWTGMJD1Z,2025-11-18,2026-03-07,CHF,USD,3309149.67,1.000443,0.999014,Markets,-1.42900000000001e-03,109,90+ Days
SWP2IZPCCJ5TN21,2025-12-31,2026-05-02,CAD,EUR,1740956.93,0.529848,0.530396,Investment Banking,5.47999999999993e-04,122,90+ Days
SWPGRSORKZJJ04U,2026-01-10,2026-04-19,CAD,EUR,8361284.28,0.948821,0.948897,Investment Banking,7.5999999999965e-05,99,90+ Days
SWPLWO7I95BAYNZ,2026-01-31,2026-05-25,EUR,INR,687556.01,1.432262,1.435612,Investment Banking,3.35000000000019e-03,114,90+ Days
SWP1AISLZ4KFHW4,2025-11-21,2025-12-27,USD,CHF,8556065.23,1.172161,1.174944,Markets,2.78299999999998e-03,36,30-90 Days
SWP5NSU5S14SHV5,2026-02-21,2026-07-01,AUD,EUR,616380.86,0.625742,0.626026,Markets,2.83999999999951e-04,130,90+ Days
SWPXLIQRHZCNNRT,2026-02-19,2026-05-25,USD,INR,2321144.46,0.912268,0.914364,Investment Banking,2.09599999999999e-03,95,90+ Days
SWPNIPELQLFJ4GK,2025-11-25,2026-03-08,CAD,GBP,4332262.85,1.493105,1.492129,Markets,-9.75999999999866e-04,103,90+ Days
SWPRZYYD6JO7HMG,2026-02-18,2026-06-30,GBP,EUR,5554428.21,0.686496,0.68643,Treasury,-6.60000000000105e-05,132,90+ Days
SWP9TA7XUA9BQFH,2026-02-15,2026-05-14,CHF,JPY,5451291.93,0.903987,0.904971,Treasury,9.83999999999985e-04,88,30-90 Days
SWPAY8QT56BL60C,2025-11-16,2025-12-04,AUD,JPY,2467041.88,1.439966,1.441798,Markets,1.83199999999983e-03,18,0-30 Days
SWPTQNF0SBSXAUO,2026-01-01,2026-05-12,CAD,CHF,554994.31,0.631041,0.632701,Treasury,1.65999999999999e-03,131,90+ Days
SWPFB8R45M1EKGQ,2026-01-01,2026-03-19,USD,AUD,7825981.81,0.533515,0.535257,Investment Banking,1.74200000000002e-03,77,30-90 Days
SWPG49O31AD56F3,2026-01-07,2026-05-31,CHF,JPY,2731013.53,1.085423,1.083056,Treasury,-2.36700000000001e-03,144,90+ Days
SWPLAOQH2GZH69R,2026-01-06,2026-06-03,INR,USD,6579833.58,1.337255,1.333597,Investment Banking,-3.65800000000016e-03,148,90+ Days
SWPOCX0QUJL1LD5,2026-02-13,2026-05-13,CAD,INR,5148633.51,0.648127,0.647369,Markets,-7.58000000000036e-04,89,30-90 Days
SWP0WPHJ2DC5W6T,2026-02-02,2026-07-31,GBP,CAD,2578021.24,1.023717,1.021941,Treasury,-0.001776,179,90+ Days
SWP2IC1NAZKT8R2,2025-10-30,2025-11-30,JPY,AUD,3169850.36,1.279811,1.279971,Markets,1.59999999999938e-04,31,30-90 Days
SWP3I1IWPZ0R3FJ,2025-11-30,2026-03-13,GBP,USD,4051314.25,1.003449,1.002981,Treasury,-4.68000000000135e-04,103,90+ Days
SWPWUXDDM9L9YSF,2025-11-30,2026-03-20,EUR,GBP,844461.11,1.004661,1.008671,Investment Banking,4.01000000000007e-03,110,90+ Days
SWPL7VC97DNDQH9,2025-12-13,2026-01-02,CHF,USD,1870332.5,1.159627,1.165664,Investment Banking,6.03700000000007e-03,20,0-30 Days
SWPU86F2YYPXLUZ,2025-12-20,2026-03-29,GBP,AUD,6854469.74,0.787653,0.787784,Treasury,1.30999999999992e-04,99,90+ Days
SWP5AOM8ALNAQE3,2025-11-04,2026-04-14,JPY,GBP,3023554.16,1.443438,1.4484,Investment Banking,4.96199999999991e-03,161,90+ Days
SWPGULC0LTVDBVG,2025-11-15,2025-11-28,AUD,EUR,3720132.61,0.637228,0.637774,Treasury,5.45999999999935e-04,13,0-30 Days
SWPIVSIYGWYUJ9F,2025-11-10,2025-11-17,GBP,JPY,2555564.23,1.21892,1.219777,Markets,8.56999999999886e-04,7,0-30 Days
SWPTP7LNQ7E8SJM,2025-11-26,2026-03-04,INR,AUD,8380394.53,0.830299,0.82946,Investment Banking,-8.39000000000034e-04,98,90+ Days
SWPP4SBWFCAPYN0,2025-11-10,2026-02-13,CAD,CHF,2565266.3,0.566307,0.564748,Markets,-1.55899999999998e-03,95,90+ Days
SWPY8I7ZVUHH4FS,2025-12-26,2026-04-06,CAD,AUD,3689471.82,1.271351,1.26767,Markets,-3.68099999999982e-03,101,90+ Days
SWP0SDCATVDAD2B,2025-11-12,2026-01-24,INR,EUR,2213245.85,0.554704,0.554626,Markets,-7.80000000000225e-05,73,30-90 Days
SWPBVBVVHOWOUPO,2026-02-21,2026-08-01,INR,CAD,7096350.82,0.848658,0.851238,Markets,2.58000000000003e-03,161,90+ Days
SWP6BBOT48OCSB4,2025-12-19,2026-05-18,CAD,JPY,1818808.53,0.578376,0.578425,Investment Banking,4.89999999999657e-05,150,90+ Days
SWPN0U00Y3JFXGX,2025-11-22,2026-03-04,CHF,JPY,4599199.44,1.000293,1.000231,Treasury,-6.20000000000065e-05,102,90+ Days
SWPQVWXD50DH8VQ,2025-12-11,2026-04-10,GBP,INR,4035792.1,1.398365,1.398187,Treasury,-1.78000000000011e-04,120,90+ Days
SWPDTGUC4ZNQ718,2025-12-03,2025-12-17,AUD,CAD,4000544.1,0.840453,0.841814,Treasury,1.36099999999995e-03,14,0-30 Days
SWP5X5QHYTM8WBP,2025-11-27,2026-01-25,CAD,AUD,3252431.93,1.248417,1.25009,Investment Banking,1.67299999999981e-03,59,30-90 Days
SWPSMADKSZ30SX1,2026-02-06,2026-06-27,JPY,AUD,1515974.59,0.502475,0.502882,Investment Banking,4.07000000000046e-04,141,90+ Days
SWP79RY4VS22CFD,2025-12-01,2025-12-26,CAD,INR,2342375.07,1.209195,1.210252,Treasury,1.05700000000009e-03,25,0-30 Days
SWPET0CRZ2PFUEH,2026-01-05,2026-06-14,EUR,AUD,5270469.07,0.751179,0.749161,Investment Banking,-2.01800000000008e-03,160,90+ Days
SWPRDBZTHBK35OM,2025-12-21,2026-01-30,AUD,GBP,2049701.49,1.153682,1.155827,Treasury,2.14499999999984e-03,40,30-90 Days
SWPL9Q6M9EK60YC,2026-01-22,2026-07-18,JPY,AUD,12283323.53,1.045686,1.046574,Markets,0.000888,177,90+ Days
SWPEPGNZYJZNQY3,2025-11-25,2026-04-18,CHF,EUR,2579707.83,0.879857,0.881501,Treasury,1.64399999999998e-03,144,90+ Days
SWP0HSXV4Y24AXP,2025-11-16,2025-12-23,INR,GBP,575943.2,0.936728,0.942161,Investment Banking,5.43300000000002e-03,37,30-90 Days
SWPHM7A9SKBGX65,2026-02-06,2026-05-17,AUD,GBP,3987115.46,1.019702,1.018599,Markets,-1.10300000000008e-03,100,90+ Days
SWPC2QPGTKLNXQD,2025-12-18,2026-02-09,AUD,INR,2324060.87,1.333658,1.332452,Treasury,-1.20600000000004e-03,53,30-90 Days
SWPZCXRA1RVMVVJ,2025-12-11,2025-12-29,GBP,AUD,1780130.17,0.671559,0.67045,Treasury,-1.10900000000003e-03,18,0-30 Days
SWPQTJM7Z7RN0VJ,2025-12-22,2026-05-26,USD,EUR,5524799.52,1.334654,1.336968,Treasury,2.31399999999993e-03,155,90+ Days
SWPDZC7KYLTEQQR,2026-01-05,2026-04-01,INR,CHF,9778150.26,1.311803,1.312767,Treasury,9.63999999999965e-04,86,30-90 Days
SWP2OJZ8OQEHP7H,2025-12-10,2026-03-29,JPY,INR,6861645.46,1.440081,1.440284,Treasury,2.02999999999953e-04,109,90+ Days
SWP3CYERVJXWAB4,2025-12-27,2026-05-11,CHF,EUR,7232721.23,0.820715,0.821259,Investment Banking,5.43999999999989e-04,135,90+ Days
SWP1KOSM83G27Z9,2025-11-19,2026-04-10,CAD,EUR,3846599.03,0.949107,0.953021,Investment Banking,3.91399999999997e-03,142,90+ Days
SWPVSQL0NAEZJ63,2025-12-08,2026-02-26,CHF,EUR,570934.66,0.862419,0.860957,Investment Banking,-1.46200000000007e-03,80,30-90 Days
SWPEBEL2CQM1OZ0,2025-11-28,2026-03-22,AUD,EUR,2577319.37,1.338133,1.342661,Treasury,4.52800000000009e-03,114,90+ Days
SWPNJT8FXYUC90Q,2025-11-21,2026-04-22,JPY,GBP,8632272.19,1.053773,1.058367,Treasury,4.59399999999999e-03,152,90+ Days
SWP5H8ASGRLPQXO,2025-11-14,2026-03-01,CHF,INR,4475226.94,0.883182,0.881978,Treasury,-1.20399999999998e-03,107,90+ Days
SWPI4LGF1KDQGRE,2025-11-18,2026-01-10,EUR,GBP,7208709.93,0.816569,0.816761,Markets,1.9199999999997e-04,53,30-90 Days
SWPLXOJKJ4OD9C1,2026-02-21,2026-05-19,INR,JPY,5816562.02,0.888919,0.889298,Markets,3.79000000000018e-04,87,30-90 Days
SWP1RNDQUR9WWSM,2025-12-14,2026-05-12,EUR,USD,6033816.4,1.148211,1.154626,Markets,6.41499999999984e-03,149,90+ Days
SWPN3JN0SBR4734,2026-01-21,2026-03-15,EUR,JPY,7044624.62,0.934487,0.936996,Treasury,2.50900000000009e-03,53,30-90 Days
SWP3ZT6M6IK7LVM,2025-10-28,2026-01-31,CAD,INR,2113598.72,0.880539,0.881692,Treasury,1.15300000000007e-03,95,90+ Days
SWPRF1UWH731LFY,2026-01-19,2026-01-29,USD,EUR,4853897.33,0.533765,0.535496,Treasury,1.73099999999993e-03,10,0-30 Days
SWPNXB8QNI70E5H,2025-11-13,2025-12-03,GBP,INR,612290.97,1.07646,1.077631,Markets,1.17100000000003e-03,20,0-30 Days
SWPXRDQF9IWNATF,2025-12-06,2025-12-29,INR,JPY,1862009.68,0.859081,0.859373,Investment Banking,2.9200000000007e-04,23,0-30 Days
SWPCMXPKPUUG6G5,2026-02-08,2026-03-11,JPY,USD,3054089.12,0.987373,0.987443,Treasury,7.00000000000145e-05,31,30-90 Days
SWP7K1W2FHRTPO6,2025-11-27,2026-05-18,AUD,GBP,3839241.99,0.978562,0.980092,Markets,1.52999999999992e-03,172,90+ Days
SWP5WVJKJNYU81A,2025-11-19,2025-12-17,GBP,USD,18123808.17,1.345471,1.342112,Investment Banking,-3.35900000000011e-03,28,0-30 Days
SWPYB9JG3DBRTT0,2025-12-29,2026-06-07,INR,AUD,3308914.39,0.824824,0.824239,Treasury,-5.84999999999947e-04,160,90+ Days
SWPRJWKS7YZHEH6,2025-11-28,2026-03-10,CAD,GBP,5093775.07,1.205192,1.206966,Treasury,1.77399999999994e-03,102,90+ Days
SWPG8Y9J3N833I4,2026-01-19,2026-02-19,USD,JPY,3697257.96,1.134957,1.13446,Treasury,-4.9699999999997e-04,31,30-90 Days
SWP5GLQ0XJ2BME4,2026-01-02,2026-01-16,CAD,USD,5112829.9,0.83878,0.837561,Treasury,-1.21899999999997e-03,14,0-30 Days
SWPJQR2AJEHTOBG,2026-01-31,2026-06-14,EUR,GBP,4698437.78,0.504526,0.502858,Treasury,-0.001668,134,90+ Days
SWPLURHQROWMT8G,2025-11-16,2026-03-22,USD,CHF,6847109.84,0.732018,0.73364,Investment Banking,1.62200000000001e-03,126,90+ Days
SWP8W5I7OLSL3CW,2026-02-15,2026-04-18,AUD,CHF,3864884.61,1.147719,1.149025,Investment Banking,1.30600000000003e-03,62,30-90 Days
SWPQKO3XDPLODYN,2026-01-10,2026-04-06,USD,CAD,1744826.1,1.229896,1.233222,Investment Banking,3.32599999999994e-03,86,30-90 Days
SWPOZMBSKBX1CD8,2026-02-13,2026-07-09,AUD,INR,3841616.18,1.046438,1.045186,Treasury,-1.25200000000003e-03,146,90+ Days
SWPPX11C8HNA9YP,2025-10-27,2026-02-13,INR,GBP,4628268.0,1.235124,1.234102,Markets,-1.02200000000008e-03,109,90+ Days
SWPH7Y0D0HZ83CF,2025-11-19,2026-02-15,GBP,USD,7190879.79,0.679541,0.680658,Markets,1.11700000000003e-03,88,30-90 Days
SWP0B5NV4CHY0JV,2025-11-15,2026-03-07,GBP,EUR,996073.94,0.65237,0.652808,Investment Banking,4.38000000000049e-04,112,90+ Days
SWPALCVI0TWDMZA,2026-01-24,2026-05-12,USD,CHF,3321790.99,1.401214,1.398858,Markets,-2.35600000000002e-03,108,90+ Days
SWPBDPHP2MFE3K7,2025-12-06,2026-04-30,GBP,CAD,1832852.87,1.347851,1.3538,Markets,5.94899999999998e-03,145,90+ Days
SWPE9Y8VSFDAE9M,2026-02-21,2026-07-20,CAD,EUR,3547684.98,0.63448,0.635319,Investment Banking,8.38999999999923e-04,149,90+ Days
SWPM345O371CLQO,2026-01-14,2026-04-06,USD,CAD,2329483.81,1.32301,1.324541,Treasury,1.53099999999995e-03,82,30-90 Days
SWPK0OOFC9BLOX2,2025-11-20,2026-02-24,GBP,INR,2896476.39,1.07782,1.080412,Treasury,2.59199999999993e-03,96,90+ Days
SWPIJ7JWR1C2AKM,2026-02-04,2026-02-23,EUR,CAD,3995512.79,1.404191,1.407642,Markets,3.45100000000009e-03,19,0-30 Days
SWP8EWQ52VZDJMP,2026-02-10,2026-06-08,USD,JPY,7253313.61,1.239831,1.237408,Markets,-2.42299999999984e-03,118,90+ Days
SWP10X7W1VXGAEO,2026-02-20,2026-03-03,AUD,CAD,16176113.67,1.058367,1.059918,Markets,1.55099999999986e-03,11,0-30 Days
SWPG1KZMG5ZTAG6,2025-12-20,2026-01-12,USD,CAD,9102902.06,1.001332,1.000475,Investment Banking,-8.57000000000108e-04,23,0-30 Days
SWPIW1HIT26RFKG,2026-02-22,2026-08-09,AUD,JPY,5934464.67,1.396195,1.399146,Investment Banking,2.95099999999993e-03,168,90+ Days
SWP5Z41CVDSK3K1,2026-01-28,2026-02-20,GBP,USD,10543388.66,0.889616,0.887637,Markets,-1.97899999999995e-03,23,0-30 Days
SWPHEOL98NKF9Z4,2025-12-28,2026-01-29,CAD,CHF,7286875.91,0.67315,0.674796,Investment Banking,1.64599999999993e-03,32,30-90 Days
SWP455LGOHHSMLJ,2025-11-10,2025-11-25,CHF,CAD,4085280.28,0.801978,0.806863,Treasury,4.88500000000003e-03,15,0-30 Days
SWPVQ4XQ0MTNCVY,2026-01-07,2026-07-01,CAD,INR,501974.26,1.305739,1.308198,Treasury,2.45899999999999e-03,175,90+ Days
SWPM9SJ4K2MSCEQ,2026-01-02,2026-04-16,JPY,INR,8004045.08,0.965192,0.967368,Investment Banking,2.17599999999996e-03,104,90+ Days
SWPI8WV2OQ6PHX8,2025-11-18,2026-05-04,GBP,CAD,4540519.5,1.24585,1.245512,Investment Banking,-3.37999999999949e-04,167,90+ Days
SWPXXQT1GLH3742,2026-01-30,2026-04-28,CAD,EUR,5955377.96,0.852361,0.850447,Investment Banking,-1.91400000000008e-03,88,30-90 Days
SWPPZEU1AXCCBGH,2026-01-29,2026-06-16,JPY,EUR,1316725.41,1.153945,1.153084,Markets,-8.61000000000001e-04,138,90+ Days
SWPKO5CABHKMPBL,2025-10-26,2026-03-29,INR,EUR,927612.71,0.533241,0.533847,Treasury,6.05999999999995e-04,154,90+ Days
SWPNTKJYU5UUO8Z,2025-11-26,2026-05-06,CHF,CAD,1843221.0,1.134328,1.131037,Markets,-3.29099999999993e-03,161,90+ Days
SWPBWFSPPVAVMHV,2026-02-10,2026-04-02,EUR,CAD,2745831.66,1.064965,1.065789,Investment Banking,8.24000000000158e-04,51,30-90 Days
SWP0J82ISSC87JP,2026-01-01,2026-01-17,AUD,CHF,3039980.53,0.886014,0.889361,Investment Banking,3.34699999999999e-03,16,0-30 Days
SWPVG13XGPBJUJE,2025-11-26,2026-03-24,USD,AUD,242054.11,1.253427,1.252375,Investment Banking,-1.05200000000005e-03,118,90+ Days
SWP8ORQOR5R17HX,2026-02-15,2026-05-06,CAD,GBP,3283671.04,1.202364,1.200901,Treasury,-1.46299999999999e-03,80,30-90 Days
SWPTQ1WMQ7ZDXTQ,2026-02-06,2026-04-11,CAD,INR,13358843.45,0.96137,0.965169,Treasury,3.79900000000011e-03,64,30-90 Days
SWP24HTNZOUXEHV,2025-12-16,2026-02-17,GBP,CHF,4125654.61,0.627883,0.628408,Treasury,5.24999999999998e-04,63,30-90 Days
SWPST43KT4QNKQV,2025-12-30,2026-02-03,CHF,JPY,5673198.15,1.487874,1.48769,Markets,-1.83999999999962e-04,35,30-90 Days
SWPHRI56P3BWKTV,2025-11-18,2026-02-13,EUR,GBP,2407693.75,1.418245,1.4182,Treasury,-4.50000000000728e-05,87,30-90 Days
SWPHY6Y5LQ7QG7I,2025-12-05,2026-05-15,AUD,JPY,1437654.26,0.923369,0.922084,Investment Banking,-1.28499999999998e-03,161,90+ Days
SWPL69C9G3ZA89E,2026-02-01,2026-03-03,JPY,USD,3203319.59,1.423667,1.425554,Treasury,1.88699999999997e-03,30,0-30 Days
SWPMJSJ5IS7K71C,2026-02-18,2026-06-18,EUR,JPY,4009961.39,0.623017,0.625863,Markets,2.8459999999999e-03,120,90+ Days
SWP12UCZU4E72FN,2026-02-21,2026-04-08,CAD,CHF,1430331.37,0.809396,0.810746,Markets,1.34999999999996e-03,46,30-90 Days
SWPXK0ND04GVVCN,2025-12-15,2026-05-20,CHF,JPY,1684239.63,1.082081,1.080538,Investment Banking,-1.54300000000007e-03,156,90+ Days
SWP8HC0Q8DAK97K,2025-12-28,2026-03-27,AUD,CHF,3822446.9,1.351483,1.353068,Treasury,1.58499999999995e-03,89,30-90 Days
SWPZU7ROA7X3MUF,2025-12-16,2026-05-27,CAD,USD,3040278.65,1.000838,1.003694,Investment Banking,2.85600000000019e-03,162,90+ Days
SWPIONX04HQXZVK,2025-12-04,2026-02-15,USD,CAD,6549314.21,1.271131,1.269642,Treasury,-1.48900000000007e-03,73,30-90 Days
SWPGLVB4942PGWU,2026-01-15,2026-03-22,EUR,CHF,1782576.9,0.637675,0.639273,Treasury,1.59799999999999e-03,66,30-90 Days
SWPZ14ESGM40MEI,2025-12-24,2026-03-19,EUR,CHF,4636156.26,1.279241,1.278391,Treasury,-8.50000000000017e-04,85,30-90 Days
SWPQTJEORCHKBFF,2026-02-20,2026-03-06,GBP,AUD,6836260.35,0.687075,0.687087,Investment Banking,1.2000000000012e-05,14,0-30 Days
SWPT5SK81TTN4YU,2025-12-07,2026-02-16,AUD,JPY,6515605.07,1.054879,1.054635,Investment Banking,-2.43999999999911e-04,71,30-90 Days
SWP3FV7OEHA0ER9,2025-11-06,2026-03-21,GBP,CHF,569144.9,0.675711,0.676853,Investment Banking,1.14200000000009e-03,135,90+ Days
SWPMERNYWBV38LC,2025-11-20,2026-05-08,CHF,CAD,952818.43,0.940033,0.93967,Markets,-3.63000000000002e-04,169,90+ Days
SWPP9BROJYSMVO7,2026-02-12,2026-08-05,JPY,GBP,5123619.34,1.249478,1.246111,Markets,-3.36700000000012e-03,174,90+ Days
SWPOHRPVSUJ0IC9,2026-01-28,2026-02-13,JPY,GBP,7228341.23,1.007348,1.006795,Treasury,-5.52999999999804e-04,16,0-30 Days
SWPURIMG1ELZXFF,2026-02-05,2026-05-19,CAD,JPY,29904586.35,0.685771,0.68495,Markets,-8.21000000000072e-04,103,90+ Days
SWPWPHOZQWSJLBY,2025-10-27,2026-03-27,EUR,AUD,2518178.78,1.089356,1.089932,Markets,5.7599999999991e-04,151,90+ Days
SWPIKAN4GAVWWWY,2026-01-15,2026-03-13,EUR,CHF,8074628.35,0.562261,0.562434,Treasury,1.72999999999979e-04,57,30-90 Days
SWPB8D49A24Z37N,2025-11-13,2025-11-30,CAD,GBP,738688.33,1.393285,1.389476,Investment Banking,-3.80900000000017e-03,17,0-30 Days
SWPFTXBUFUMR5H4,2026-01-16,2026-05-10,GBP,INR,2283366.59,1.14822,1.150441,Markets,2.22100000000003e-03,114,90+ Days
SWPBE8XX27MU0UI,2026-01-24,2026-07-17,AUD,EUR,1199502.96,0.723147,0.72595,Treasury,0.002803,174,90+ Days
SWPP3MMIAMXVIPE,2026-01-21,2026-03-05,CHF,EUR,6704606.32,0.56964,0.568865,Treasury,-7.75000000000081e-04,43,30-90 Days
SWPVLMWWOXG1KN4,2025-11-26,2025-12-23,GBP,EUR,3496570.21,0.671533,0.673153,Markets,1.61999999999995e-03,27,0-30 Days
SWPH5DY25A8DI4M,2026-01-27,2026-07-03,JPY,AUD,3139720.83,1.181425,1.183739,Markets,2.31400000000015e-03,157,90+ Days
SWPRQ3UMDA0TGLT,2025-12-19,2026-06-01,CAD,INR,4313769.72,0.740122,0.74033,Markets,2.08000000000097e-04,164,90+ Days
SWPJOJ2ZB37M9VA,2025-11-30,2026-05-22,JPY,CHF,3163336.09,0.723928,0.723269,Treasury,-6.58999999999965e-04,173,90+ Days
SWP0E04Q5D5706N,2025-11-29,2026-02-16,GBP,CAD,16272553.3,0.790488,0.790587,Markets,9.90000000000713e-05,79,30-90 Days
SWPAHJBY25QBT9O,2026-01-22,2026-04-07,USD,JPY,10710566.38,1.063638,1.065573,Markets,1.93500000000002e-03,75,30-90 Days
SWP5GM3BGLMS019,2026-01-01,2026-01-18,CAD,CHF,4086278.28,0.50103,0.500523,Treasury,-5.06999999999924e-04,17,0-30 Days
SWPO02K6HZD9PHU,2025-11-01,2026-03-27,CAD,USD,5889373.78,0.632154,0.635904,Treasury,3.75000000000003e-03,146,90+ Days
SWPUTJAK6U0J1WF,2025-12-29,2026-04-30,USD,INR,7426679.95,0.906968,0.907985,Investment Banking,1.01700000000005e-03,122,90+ Days
SWPS3EFZHB5UNQH,2025-12-07,2026-02-04,GBP,CAD,2902210.42,1.427664,1.428473,Treasury,8.0900000000006e-04,59,30-90 Days
SWP5XOJKDZRQMP5,2025-11-02,2026-05-01,CHF,INR,2925767.47,1.48741,1.496102,Treasury,8.69200000000014e-03,180,90+ Days
SWPQ0ZG6NKJZQCL,2025-11-02,2026-04-15,CHF,INR,1283625.01,0.842741,0.843596,Treasury,8.5500000000005e-04,164,90+ Days
SWPFG72LFMZKQGC,2025-11-01,2026-02-27,CAD,AUD,8328252.62,1.33103,1.335749,Treasury,4.71900000000014e-03,118,90+ Days
SWP0YWUYK6M98J0,2026-02-01,2026-04-19,USD,JPY,3355728.5,0.730515,0.730393,Markets,-1.22000000000066e-04,77,30-90 Days
SWPA0LSHACJHO74,2025-12-12,2026-02-04,CAD,GBP,5706265.34,0.560342,0.561904,Markets,1.56199999999995e-03,54,30-90 Days
SWPRLWYYB7D01V3,2026-01-29,2026-04-23,GBP,EUR,2473832.41,0.639165,0.638115,Investment Banking,-0.00105,84,30-90 Days
SWPIK26J04R02EF,2026-01-16,2026-04-11,CHF,GBP,4855142.47,0.598787,0.599308,Investment Banking,5.20999999999994e-04,85,30-90 Days
SWPD5129SA6HJM1,2025-12-29,2026-04-12,AUD,CHF,1967810.68,0.830304,0.829347,Investment Banking,-9.57000000000097e-04,104,90+ Days
SWPP3TE8PA93MZO,2025-11-05,2026-02-08,EUR,CHF,1311429.16,1.468878,1.479487,Investment Banking,1.06090000000001e-02,95,90+ Days
SWP2IKYXJBKMMGM,2026-02-15,2026-07-19,GBP,EUR,1923895.23,1.210581,1.207955,Markets,-2.62600000000002e-03,154,90+ Days
SWPAV4LOPPYM3DB,2025-12-12,2026-03-05,USD,EUR,741773.74,0.792784,0.795062,Treasury,0.002278,83,30-90 Days
SWPICG1BSQJ6YK0,2026-01-28,2026-05-24,GBP,EUR,992871.24,1.330704,1.333329,Investment Banking,2.62499999999988e-03,116,90+ Days
SWP1N7I9DLV2C9Q,2026-01-15,2026-03-13,CHF,JPY,3698236.58,1.250595,1.253016,Markets,2.42100000000001e-03,57,30-90 Days
SWPYC6WY822CGUA,2025-12-17,2026-01-24,GBP,USD,2400681.24,1.439672,1.44148,Investment Banking,1.80800000000003e-03,38,30-90 Days
SWP4HXXA8IBBHVE,2025-10-31,2026-04-20,AUD,INR,3765798.53,1.15129,1.153453,Markets,2.16300000000014e-03,171,90+ Days
SWP1VXC5JOZ741Z,2025-12-24,2026-06-02,INR,CHF,915201.97,0.787195,0.787788,Investment Banking,5.93000000000066e-04,160,90+ Days
SWPU36K3JNN2LQE,2025-10-27,2025-12-16,INR,CAD,1716801.97,0.803741,0.802738,Investment Banking,-1.00300000000009e-03,50,30-90 Days
SWP4SU4HAF8NSB8,2025-11-02,2025-12-08,USD,AUD,4071999.94,1.171188,1.171259,Investment Banking,7.10000000001543e-05,36,30-90 Days
SWP1CCT2UMX5TZX,2025-12-27,2026-03-12,EUR,GBP,2376945.91,1.298859,1.298517,Markets,-3.42000000000064e-04,75,30-90 Days
SWPVIGQILIS1OAZ,2026-02-17,2026-02-25,CHF,AUD,6016485.07,0.95686,0.960659,Treasury,0.003799,8,0-30 Days
SWPC758VVEWTRY6,2025-12-11,2026-02-25,EUR,CHF,4537017.38,1.100425,1.102037,Treasury,1.61199999999995e-03,76,30-90 Days
SWP6CHRYC4P1KOM,2025-12-24,2026-01-24,INR,EUR,2024356.94,1.436101,1.43541,Investment Banking,-6.90999999999997e-04,31,30-90 Days
SWPX56MLOXRPYP2,2026-02-08,2026-02-24,AUD,EUR,2361010.92,1.496759,1.493174,Investment Banking,-3.58499999999995e-03,16,0-30 Days
SWPV3URS0KHV0Y2,2025-11-25,2026-05-16,CHF,JPY,5681993.19,1.292268,1.299367,Treasury,7.09899999999997e-03,172,90+ Days
SWP0JH0J8ALF3DT,2025-12-19,2026-02-17,USD,INR,7745988.77,0.554765,0.556705,Markets,1.94000000000005e-03,60,30-90 Days
SWPZT38GLRLYASO,2026-02-12,2026-02-24,GBP,INR,3539728.47,0.637324,0.637739,Markets,4.14999999999943e-04,12,0-30 Days
SWP9ZMWI198NBRN,2026-02-15,2026-03-28,CAD,JPY,3693163.21,0.593636,0.594865,Markets,1.22899999999992e-03,41,30-90 Days
SWPLN15FYDVUAMJ,2026-02-04,2026-04-13,CAD,EUR,1891644.92,0.942035,0.943911,Investment Banking,1.87599999999999e-03,68,30-90 Days
SWPGEZHF2OYWT8Z,2026-01-27,2026-05-26,USD,CHF,6501307.82,1.089685,1.089107,Investment Banking,-5.77999999999967e-04,119,90+ Days
SWPMD0LO9724CVM,2025-11-02,2026-03-28,CHF,EUR,10440480.12,1.411985,1.412778,Treasury,7.93000000000044e-04,146,90+ Days
SWPMKZRWEMR6CQA,2025-12-12,2026-02-04,CHF,AUD,15397056.09,0.544798,0.544906,Markets,1.07999999999997e-04,54,30-90 Days
SWPC0C19YZCTAOT,2025-12-04,2026-03-10,EUR,CHF,6429309.75,1.297999,1.301562,Treasury,3.5630000000002e-03,96,90+ Days
SWPB8CGY3M3NKSM,2025-11-07,2026-02-11,CHF,INR,430370.01,0.671442,0.67051,Treasury,-9.31999999999933e-04,96,90+ Days
SWP17675NZVPEIX,2025-12-06,2026-05-25,USD,JPY,2643922.66,1.284842,1.288766,Markets,3.92400000000004e-03,170,90+ Days
SWPI2JCD8XM24B9,2026-02-12,2026-07-04,EUR,JPY,3049336.98,0.77508,0.779928,Treasury,4.84799999999996e-03,142,90+ Days
SWPNRA33SYZD3WH,2026-01-08,2026-06-13,GBP,JPY,4019473.19,0.942508,0.946255,Treasury,3.74699999999994e-03,156,90+ Days
SWPYY9E5H82EJ5F,2025-11-07,2026-03-12,USD,CHF,5108206.13,0.670283,0.670774,Treasury,4.91000000000019e-04,125,90+ Days
SWPCD2Q05RJXMKR,2026-01-23,2026-05-13,INR,GBP,1222271.06,1.122377,1.128182,Investment Banking,5.80500000000006e-03,110,90+ Days
SWPI9BKCQLCD2JN,2025-11-22,2026-05-13,INR,CAD,3317817.56,1.224935,1.223699,Markets,-1.23600000000001e-03,172,90+ Days
SWP0YVUQE1ZW9DS,2026-01-07,2026-06-18,EUR,CAD,9516091.76,0.8332,0.834543,Markets,1.34299999999998e-03,162,90+ Days
SWPQ6BHV2RNV5HZ,2025-11-12,2026-04-19,GBP,EUR,7100157.02,1.258497,1.25937,Markets,8.73000000000124e-04,158,90+ Days
SWPOBPMW42O4TE6,2025-11-26,2026-01-08,INR,CAD,2101502.78,0.85295,0.853246,Treasury,2.95999999999963e-04,43,30-90 Days
SWPFTO2YW0UKTBA,2026-01-05,2026-04-28,CAD,EUR,1600562.29,0.9216,0.918687,Treasury,-2.91299999999994e-03,113,90+ Days
SWP7I646N08ZYCB,2025-11-20,2026-04-03,CHF,EUR,2665874.4,1.346551,1.348791,Markets,2.24000000000002e-03,134,90+ Days
SWPZ4ZWMZFSO63K,2025-12-17,2026-02-26,CHF,CAD,4270073.74,0.78347,0.781708,Markets,-1.76200000000004e-03,71,30-90 Days
SWP4PNNO98DMTJN,2025-12-01,2025-12-15,JPY,AUD,1133167.22,0.911947,0.911688,Treasury,-2.58999999999898e-04,14,0-30 Days
SWPHDLR0CZM7JO6,2026-02-17,2026-05-31,INR,CHF,8884842.67,1.364858,1.363327,Markets,-1.53099999999995e-03,103,90+ Days
SWPYKL45LSL41GN,2026-01-08,2026-01-18,GBP,JPY,2760728.65,1.354448,1.356064,Treasury,1.61599999999984e-03,10,0-30 Days
SWPA01U0VGXGIJP,2025-12-26,2026-02-08,USD,AUD,783257.3,1.126454,1.124777,Markets,-1.67700000000015e-03,44,30-90 Days
SWPHIQVN2GJRA4B,2026-01-09,2026-04-05,CHF,USD,5645254.04,0.879079,0.877728,Markets,-1.3510000000001e-03,86,30-90 Days
SWPS4K8WJ7SASLX,2025-11-06,2026-04-23,AUD,USD,2975446.88,1.494703,1.496174,Markets,0.001471,168,90+ Days
SWPC47B84PCJPYK,2025-11-06,2026-03-31,GBP,CAD,2434137.17,0.729327,0.731398,Investment Banking,2.07100000000005e-03,145,90+ Days
SWPNX015YM5EY27,2026-01-30,2026-02-28,GBP,INR,1221364.84,0.857224,0.857098,Markets,-1.25999999999959e-04,29,0-30 Days
SWPL93VU7TZNECY,2025-12-14,2026-04-27,CHF,INR,3318249.92,0.819956,0.822326,Investment Banking,2.36999999999998e-03,134,90+ Days
SWPSVP4DL8EJWWE,2025-11-12,2026-04-10,INR,GBP,6245858.14,1.196291,1.196388,Markets,9.70000000000137e-05,149,90+ Days
SWPT8MVC1HUP4NS,2025-12-31,2026-03-24,EUR,JPY,1557045.88,0.529591,0.531592,Markets,2.00099999999992e-03,83,30-90 Days
SWP861J3SIEMOIP,2026-01-31,2026-06-29,AUD,GBP,2651477.08,0.775927,0.775963,Investment Banking,3.5999999999925e-05,149,90+ Days
SWP0OUWIUF78ET6,2026-01-24,2026-05-08,USD,AUD,13216525.54,0.708073,0.708863,Treasury,7.90000000000068e-04,104,90+ Days
SWPRSIANGWYH7RD,2025-11-12,2025-12-20,JPY,CHF,4410221.31,0.567136,0.565884,Treasury,-1.25199999999992e-03,38,30-90 Days
SWP9WQI1HY1YXB4,2025-11-21,2026-04-23,AUD,CAD,2302437.68,0.750818,0.746744,Investment Banking,-4.07400000000002e-03,153,90+ Days
SWPDKJNFLBSR46B,2026-01-30,2026-04-29,INR,USD,8882747.01,0.859819,0.859984,Markets,1.64999999999971e-04,89,30-90 Days
SWPWU8AJRHL54UC,2026-01-12,2026-07-03,EUR,AUD,6467655.38,0.948368,0.952027,Treasury,3.65899999999997e-03,172,90+ Days
SWPYEAOXDGDUA9O,2025-11-23,2026-01-04,GBP,AUD,55892788.24,0.871677,0.873204,Markets,1.52699999999995e-03,42,30-90 Days
SWPXF7MH9A1BGEL,2025-11-24,2026-04-01,JPY,EUR,498570.61,1.379001,1.377279,Treasury,-0.001722,128,90+ Days
SWPB0CFX7CLETQU,2026-02-13,2026-07-13,USD,EUR,4575111.66,1.075749,1.074753,Investment Banking,-9.95999999999997e-04,150,90+ Days
SWP0D1O24YO1RA8,2026-01-28,2026-02-04,INR,AUD,554334.37,1.475923,1.476561,Treasury,6.37999999999916e-04,7,0-30 Days
SWP5HZ0HTDE3ULP,2025-11-08,2026-02-09,CAD,EUR,5031303.08,0.568286,0.568439,Treasury,1.5300000000007e-04,93,90+ Days
SWPH2GXW5OEDH5Z,2025-12-31,2026-05-20,CAD,AUD,4063339.7,0.806502,0.807316,Treasury,8.13999999999981e-04,140,90+ Days
SWPDZ2248UQK52A,2026-02-20,2026-07-25,JPY,AUD,2842653.73,1.334492,1.338358,Investment Banking,3.86599999999993e-03,155,90+ Days
SWPB68ZKDKDQB6M,2026-01-28,2026-02-27,INR,EUR,12264619.35,1.192533,1.194574,Treasury,2.04099999999996e-03,30,0-30 Days
SWPRUJKBR7HAX90,2025-12-02,2026-02-17,JPY,CAD,15322151.65,1.47616,1.479167,Treasury,3.00699999999998e-03,77,30-90 Days
SWP1WFMRI5Q3AIW,2025-11-20,2025-12-15,AUD,CAD,5051877.34,1.168966,1.168726,Investment Banking,-2.40000000000018e-04,25,0-30 Days
SWPYDPUPN2Y0R20,2026-01-04,2026-05-20,GBP,CAD,1217568.61,0.72067,0.720321,Markets,-3.49000000000044e-04,136,90+ Days
SWP3JNWJB0C1SAK,2025-12-29,2026-06-19,JPY,CHF,4346990.35,1.065976,1.066587,Markets,6.10999999999917e-04,172,90+ Days
SWPPNF8SNZ930VP,2025-12-22,2026-06-04,CAD,AUD,2954513.85,1.053407,1.052866,Markets,-5.40999999999903e-04,164,90+ Days
SWP90GZP8064WXC,2025-12-07,2026-01-26,AUD,USD,1255853.82,0.823697,0.826439,Treasury,2.74200000000002e-03,50,30-90 Days
SWPBOLOH36BWMN8,2025-12-08,2026-04-10,JPY,AUD,2855918.84,0.671118,0.668398,Investment Banking,-2.71999999999994e-03,123,90+ Days
SWPUIXKYNWYVRU4,2026-01-07,2026-05-18,GBP,EUR,6537731.15,0.640296,0.641283,Treasury,9.87000000000071e-04,131,90+ Days
SWPB2K1FLVE8TN9,2025-12-03,2026-03-20,CAD,GBP,2473135.87,1.173522,1.177335,Treasury,3.81300000000007e-03,107,90+ Days
SWPZI7SD9MY6KQ0,2025-12-05,2026-04-25,EUR,JPY,2330471.81,1.426191,1.42749,Treasury,1.29899999999994e-03,141,90+ Days
SWPXK5SF96ZYWHK,2026-02-18,2026-06-29,GBP,EUR,4985615.78,1.171388,1.173616,Markets,2.2279999999999e-03,131,90+ Days
SWPKI96SCY8W2CE,2025-12-30,2026-05-12,USD,INR,4316760.73,1.480552,1.480539,Investment Banking,-1.30000000000408e-05,133,90+ Days
SWPM39SBAWWP7LA,2026-02-11,2026-06-11,CAD,EUR,678078.92,0.659376,0.658589,Investment Banking,-7.86999999999982e-04,120,90+ Days
SWPTGMF7SMZTS6T,2025-10-31,2026-02-11,AUD,CHF,4968243.42,0.759391,0.7613,Markets,1.90899999999994e-03,103,90+ Days
SWP9FD6ZUJ8DMJJ,2026-01-16,2026-04-29,CHF,EUR,4498569.04,1.456381,1.457568,Investment Banking,1.18700000000005e-03,103,90+ Days
SWPYHBNE0D19EFG,2026-01-08,2026-06-12,CHF,JPY,3126245.11,1.445592,1.450713,Investment Banking,5.12099999999993e-03,155,90+ Days
SWP7O383I35WMYD,2026-02-05,2026-07-06,INR,EUR,1020832.95,1.287789,1.290039,Investment Banking,2.24999999999986e-03,151,90+ Days
SWPYNJ94TFGO1OQ,2025-12-29,2026-02-22,USD,EUR,24082897.57,1.471225,1.478886,Treasury,7.66099999999992e-03,55,30-90 Days
SWPTBS1EMZU692B,2025-12-27,2026-04-22,EUR,INR,5593014.11,1.126978,1.12771,Investment Banking,7.31999999999955e-04,116,90+ Days
SWP2AU0DDYZ4BZX,2026-01-08,2026-01-19,EUR,JPY,1636160.81,0.537977,0.539464,Investment Banking,1.48700000000002e-03,11,0-30 Days
SWPYWXKMCKIA21S,2026-02-06,2026-03-13,INR,CAD,2714477.81,0.883585,0.884318,Markets,7.33000000000095e-04,35,30-90 Days
SWP3R50H3B5XKB9,2026-01-22,2026-05-15,GBP,INR,2506249.94,0.912827,0.908984,Treasury,-3.84300000000004e-03,113,90+ Days
SWP1KHA80WIP5I5,2026-02-17,2026-05-29,CAD,INR,1681722.64,0.528484,0.529747,Treasury,1.26300000000001e-03,101,90+ Days
SWPV27TSSIUHQHA,2026-02-08,2026-07-19,GBP,INR,926168.83,0.613405,0.612149,Treasury,-1.25599999999992e-03,161,90+ Days
SWPDGNVQ3EAKTSF,2025-11-20,2026-03-20,AUD,USD,4478803.63,0.771763,0.773102,Markets,1.33899999999998e-03,120,90+ Days
SWP3JKQ3XOGD6D7,2025-11-10,2025-11-20,GBP,AUD,4929818.39,1.005581,1.003592,Treasury,-1.98900000000002e-03,10,0-30 Days
SWPCIYTVC1AICPH,2026-01-22,2026-02-01,AUD,JPY,1890595.65,0.644203,0.646301,Markets,2.09800000000004e-03,10,0-30 Days
SWPGA7ZI8RNY60X,2026-01-27,2026-06-29,AUD,INR,2814785.36,1.392785,1.396669,Markets,0.003884,153,90+ Days
SWP6V50V14TYMIX,2026-01-17,2026-05-24,CHF,EUR,1468999.33,0.794408,0.792778,Treasury,-1.63000000000002e-03,127,90+ Days
SWPT8YFCF8DQAM3,2026-02-17,2026-08-10,GBP,CAD,1443851.79,0.741669,0.739919,Treasury,-1.75000000000003e-03,174,90+ Days
SWPXDXDG3J448BS,2025-12-11,2026-04-23,JPY,GBP,4485933.62,0.715435,0.719181,Markets,3.74599999999992e-03,133,90+ Days
SWPELC3M546LRYA,2025-11-12,2025-11-28,CAD,USD,10606309.39,1.238202,1.239536,Markets,1.33399999999995e-03,16,0-30 Days
SWPOKXSN0EX3GCV,2026-02-14,2026-05-14,JPY,INR,922050.14,0.863575,0.863536,Treasury,-3.90000000000112e-05,89,30-90 Days
SWP6XT4V0MJS8RU,2025-11-29,2026-01-15,EUR,GBP,3342780.99,0.802011,0.802368,Treasury,3.56999999999941e-04,47,30-90 Days
SWPF8A5PWP7A4NR,2026-02-05,2026-05-21,AUD,GBP,7064948.96,0.97366,0.972908,Investment Banking,-7.51999999999975e-04,105,90+ Days
SWPRIOKPSJXKUB2,2026-02-05,2026-07-06,INR,EUR,2070786.11,1.371436,1.374234,Investment Banking,2.79799999999986e-03,151,90+ Days
SWPND4ZY0L0M34Z,2026-02-16,2026-05-20,INR,JPY,1593408.92,1.241328,1.24285,Investment Banking,1.52200000000002e-03,93,90+ Days
SWPTVZXDO32WOHE,2025-12-22,2026-02-08,GBP,CHF,2511171.56,1.428336,1.434179,Investment Banking,5.84300000000004e-03,48,30-90 Days
SWPKDJO0VNYVAJB,2025-11-14,2026-04-18,CAD,AUD,6278457.48,0.657269,0.657079,Treasury,-1.90000000000023e-04,155,90+ Days
SWPVW3AI4XKERPE,2026-02-03,2026-03-17,INR,AUD,231015.59,0.624137,0.625441,Investment Banking,1.30399999999997e-03,42,30-90 Days
SWPVS4MF5VR0JBI,2025-11-07,2026-03-04,AUD,CAD,1559156.06,1.091,1.086606,Investment Banking,-4.39400000000001e-03,117,90+ Days
SWP3KVV3GRGALQC,2026-01-14,2026-03-12,JPY,CAD,11531450.8,1.137642,1.137348,Investment Banking,-2.94000000000016e-04,57,30-90 Days
SWP8UGNUMV4GI1Z,2025-12-02,2025-12-25,CHF,AUD,2629033.73,1.32308,1.326511,Markets,3.43099999999996e-03,23,0-30 Days
SWPSNUJ9U5HQXM9,2026-01-31,2026-02-11,INR,EUR,3702514.7,0.691043,0.692807,Investment Banking,1.76399999999999e-03,11,0-30 Days
SWPDCP4VX32ONTX,2025-11-15,2025-12-05,INR,JPY,422079.64,0.718173,0.718506,Treasury,3.33000000000028e-04,20,0-30 Days
SWPUO2WZ1ZG6AKY,2026-01-08,2026-06-23,CAD,CHF,3204252.01,0.590511,0.59138,Markets,8.69000000000009e-04,166,90+ Days
SWPG4MHCUGHKSSQ,2026-01-30,2026-07-12,AUD,GBP,1341618.16,1.493065,1.495143,Treasury,2.07800000000002e-03,163,90+ Days
SWPYJC039WY68XG,2026-02-14,2026-05-17,INR,EUR,3748239.24,1.411044,1.412498,Markets,1.45400000000007e-03,92,90+ Days
SWPPIM137E4LWL7,2025-10-27,2025-11-22,AUD,INR,2008675.34,0.998711,0.999331,Treasury,6.19999999999954e-04,26,0-30 Days
SWPIAFYF4G7YJL5,2026-02-18,2026-04-27,AUD,CAD,3280672.16,0.94975,0.952518,Markets,2.76799999999999e-03,68,30-90 Days
SWP7WLIZNBVIWAM,2025-12-30,2026-04-12,INR,JPY,3102423.64,1.407309,1.407603,Markets,2.94000000000016e-04,103,90+ Days
SWPN339MK12A6BI,2026-02-19,2026-07-08,CAD,USD,4018366.17,1.367664,1.365632,Markets,-2.03200000000003e-03,139,90+ Days
SWPSATB2F4JCQGS,2025-12-21,2026-04-24,EUR,INR,7301363.45,1.11255,1.109474,Investment Banking,-3.07599999999986e-03,124,90+ Days
SWPZPZI8DCGXPIF,2025-12-08,2026-02-05,AUD,EUR,1301827.96,0.560212,0.560956,Investment Banking,7.43999999999967e-04,59,30-90 Days
SWPQF5K59WCZ9Y0,2026-02-16,2026-04-11,USD,JPY,4245449.25,1.274506,1.27183,Markets,-2.6759999999999e-03,54,30-90 Days
SWPJOBRXUJVXIXP,2025-12-18,2026-05-23,USD,EUR,1665197.95,0.703226,0.706879,Treasury,3.65300000000002e-03,156,90+ Days
SWPA3I7C91U5VH0,2026-01-13,2026-05-28,JPY,EUR,3355740.96,1.361666,1.368224,Treasury,6.55800000000006e-03,135,90+ Days
SWPII7RA9ASZJE9,2025-10-26,2026-03-01,USD,GBP,2889537.51,1.190058,1.191551,Treasury,1.49299999999997e-03,126,90+ Days
SWPH1WMEBK3Q77R,2026-01-07,2026-05-02,GBP,EUR,1941283.69,0.930175,0.931295,Investment Banking,1.12000000000001e-03,115,90+ Days
SWPHSUBEWPWL72L,2025-12-31,2026-01-25,USD,JPY,4241599.2,1.407153,1.407218,Treasury,6.49999999999817e-05,25,0-30 Days
SWPMW1JEKHGCFIV,2026-01-26,2026-02-09,EUR,GBP,2080378.3,1.299756,1.301298,Treasury,1.54200000000015e-03,14,0-30 Days
SWP7GJXCW4UHM3C,2025-12-27,2026-03-12,JPY,INR,4227885.9,0.61503,0.614303,Investment Banking,-7.26999999999922e-04,75,30-90 Days
SWPH0ZDC5427ND3,2026-02-02,2026-03-13,GBP,AUD,15727870.33,1.393744,1.392959,Markets,-7.85000000000036e-04,39,30-90 Days
SWPFC9SEOZPWD17,2025-12-22,2026-01-27,JPY,CAD,2400221.55,1.407246,1.409418,Investment Banking,2.17200000000006e-03,36,30-90 Days
SWPC8UGER4QLHE1,2026-01-19,2026-05-25,AUD,INR,2479128.72,0.642769,0.641324,Markets,-1.44500000000003e-03,126,90+ Days
SWPHXXIRI2JLRQ9,2026-01-25,2026-05-14,USD,INR,7647309.46,1.15864,1.159225,Investment Banking,5.85000000000058e-04,109,90+ Days
SWP05US7997XM1J,2026-02-15,2026-04-18,AUD,JPY,1304051.53,0.785878,0.788138,Markets,2.26000000000004e-03,62,30-90 Days
SWPEDW27EAEFGVB,2026-02-22,2026-06-17,EUR,GBP,1414297.38,1.206925,1.208756,Investment Banking,1.83099999999992e-03,115,90+ Days
SWPD9JOP0S08XO9,2025-12-15,2026-06-13,INR,JPY,3041301.38,0.793686,0.795704,Investment Banking,2.01799999999996e-03,180,90+ Days
SWPRD52FT7GNGFA,2026-01-03,2026-04-27,EUR,INR,5066445.96,0.596617,0.598554,Treasury,1.93700000000008e-03,114,90+ Days
SWP17117KQOV91A,2025-11-21,2026-04-04,USD,EUR,4717157.48,0.620477,0.622385,Treasury,1.90800000000002e-03,134,90+ Days
SWPVHG46F6U5O9Y,2026-01-29,2026-02-24,CAD,USD,11603100.27,0.706733,0.706599,Investment Banking,-1.33999999999967e-04,26,0-30 Days
SWPZ8XLANTAO36W,2026-01-30,2026-03-23,CAD,INR,13091755.78,0.99939,0.998644,Markets,-7.46000000000024e-04,52,30-90 Days
SWPVE4EXMACZWB3,2026-02-03,2026-02-26,EUR,GBP,5502680.01,1.34037,1.343446,Investment Banking,3.07599999999986e-03,23,0-30 Days
SWPPLFMGENBWH35,2025-11-04,2026-01-10,AUD,CHF,8436519.78,1.36067,1.362431,Markets,1.7609999999999e-03,67,30-90 Days
SWP5BYXFU302QXM,2026-01-10,2026-05-14,INR,GBP,4373964.64,0.787379,0.785768,Investment Banking,-1.61100000000003e-03,124,90+ Days
SWP43RWZJWI13QV,2025-12-27,2026-03-14,USD,CHF,3593486.56,0.691859,0.695824,Treasury,0.003965,77,30-90 Days
SWPNNRH1N4OBD7B,2025-11-14,2026-01-17,INR,EUR,9239741.13,0.950986,0.952616,Investment Banking,1.63000000000002e-03,64,30-90 Days
SWPUWM3CLP1PBE4,2025-12-29,2026-02-28,CHF,EUR,1575777.92,1.477925,1.477868,Investment Banking,-5.69999999999737e-05,61,30-90 Days
SWPTKBBIB5PSI0A,2026-01-29,2026-05-15,CAD,AUD,3266142.44,0.570674,0.570505,Treasury,-1.68999999999975e-04,106,90+ Days
SWP0DB1L298ERXR,2025-12-09,2026-05-22,CHF,JPY,1708464.74,1.151182,1.154237,Investment Banking,3.05500000000003e-03,164,90+ Days
SWPKB6ZZ02UTZIY,2026-01-22,2026-06-13,CAD,EUR,2781078.34,0.539793,0.540909,Markets,1.11600000000001e-03,142,90+ Days
SWPOAKRDAGUP2JR,2025-12-29,2026-05-31,JPY,CAD,6213177.18,0.568892,0.569049,Markets,1.57000000000074e-04,153,90+ Days
SWPJRE5O5L3WU6V,2026-02-21,2026-05-16,INR,EUR,6692934.81,0.537944,0.538311,Markets,3.67000000000006e-04,84,30-90 Days
SWP77VQ7FVOJRJ7,2026-01-24,2026-07-21,CHF,AUD,15344283.93,0.934459,0.934792,Treasury,3.32999999999917e-04,178,90+ Days
SWPRIKN47C66DST,2026-01-08,2026-04-24,CHF,JPY,5614177.55,1.276909,1.273527,Markets,-0.003382,106,90+ Days
SWPH2KUQK6ORYFC,2025-12-19,2026-06-15,CAD,USD,1620830.21,1.138816,1.139916,Investment Banking,1.09999999999988e-03,178,90+ Days
SWPCF5QWSK62W77,2025-11-11,2025-12-12,CHF,INR,1546867.32,0.840733,0.844384,Treasury,3.65100000000007e-03,31,30-90 Days
SWPAL6N0MS9BH3V,2025-12-26,2026-03-23,USD,AUD,4325938.92,0.662009,0.663521,Treasury,1.51200000000007e-03,87,30-90 Days
SWPGER2CCIVV6D3,2025-11-03,2025-12-31,GBP,USD,1693616.12,0.823077,0.824653,Markets,1.57600000000002e-03,58,30-90 Days
SWPH8U9DNLE5RUB,2025-11-30,2026-05-06,USD,CHF,934450.95,0.852499,0.854437,Markets,0.001938,157,90+ Days
SWPQV77T0AQN72Z,2025-11-30,2026-03-25,CHF,CAD,3981721.46,0.644817,0.646742,Treasury,1.92500000000007e-03,115,90+ Days
SWPPRXWPYQWGDE2,2025-12-14,2026-05-26,JPY,GBP,19572745.43,1.188424,1.182666,Treasury,-5.75799999999993e-03,163,90+ Days
SWPG07NZH6TNP1K,2026-02-09,2026-06-10,AUD,JPY,3094765.03,0.818397,0.820892,Treasury,2.49499999999991e-03,121,90+ Days
SWP77GERFXM037P,2026-01-30,2026-03-02,JPY,USD,4549149.65,0.522338,0.520755,Treasury,-0.001583,31,30-90 Days
SWPLAN2UVMUYI9P,2025-12-25,2026-01-18,GBP,JPY,11083916.27,1.342329,1.346353,Investment Banking,4.02399999999981e-03,24,0-30 Days
SWPUB7O8RO4GE9V,2025-12-29,2026-03-24,EUR,INR,1529874.65,0.625433,0.627264,Treasury,1.83100000000003e-03,85,30-90 Days
SWPLUWEQSS1MWWF,2025-12-28,2026-01-07,JPY,CHF,4144452.52,0.701813,0.703352,Investment Banking,1.53899999999996e-03,10,0-30 Days
SWPBGD3AQLMOHD8,2026-02-03,2026-02-21,GBP,INR,814017.25,1.369926,1.369815,Markets,-1.10999999999972e-04,18,0-30 Days
SWPVEOD34JVV8SJ,2025-12-26,2026-04-21,CAD,JPY,1224224.73,1.030629,1.035305,Markets,4.6759999999999e-03,116,90+ Days
SWPTYD91PAATZNU,2025-12-12,2026-03-29,CAD,AUD,6118779.26,1.334859,1.333406,Investment Banking,-1.45299999999993e-03,107,90+ Days
SWP81GJRQCSYG8B,2025-11-01,2025-12-23,GBP,JPY,4553683.24,1.418895,1.418117,Markets,-7.77999999999945e-04,52,30-90 Days
SWPW2YD5XBYFZCT,2025-11-07,2026-01-18,EUR,CHF,2438570.18,1.229865,1.231337,Markets,1.47199999999992e-03,72,30-90 Days
SWPFREABNZ0YE0K,2026-02-06,2026-05-07,GBP,JPY,5626584.13,1.42466,1.421097,Markets,-3.56299999999998e-03,90,30-90 Days
SWP9YFR5ZQ5O5DL,2026-02-18,2026-03-06,INR,CHF,5899249.36,1.4883,1.487993,Markets,-3.07000000000057e-04,16,0-30 Days
SWPTTFFJY65SEYB,2025-11-21,2026-03-22,CHF,INR,3053956.29,0.572232,0.572967,Treasury,7.35000000000041e-04,121,90+ Days
SWPS99WOIAAUC2H,2026-02-06,2026-03-24,EUR,USD,2990004.04,0.921123,0.921719,Markets,5.9599999999993e-04,46,30-90 Days
SWPGSK5EQOVZUAZ,2025-12-12,2026-03-27,CAD,CHF,9707405.16,1.101131,1.104462,Markets,3.33099999999997e-03,105,90+ Days
SWPH18IKAGP6T7L,2026-02-20,2026-06-02,INR,JPY,21644910.44,1.105128,1.106791,Markets,1.66299999999997e-03,102,90+ Days
SWPLSX415JCQ8SI,2025-11-08,2026-05-06,JPY,INR,3979590.91,0.714056,0.716059,Investment Banking,2.00299999999998e-03,179,90+ Days
SWPQ48X7A2KBIF5,2026-02-14,2026-03-17,INR,USD,905403.38,0.517059,0.517036,Markets,-2.29999999999952e-05,31,30-90 Days
SWP3UQW17E5LYJO,2025-12-27,2026-03-24,CAD,CHF,1286138.46,1.065082,1.067603,Markets,0.002521,87,30-90 Days
SWPOHSSUQESXZ3Q,2026-02-06,2026-06-08,GBP,EUR,1628754.11,0.561633,0.561989,Treasury,3.55999999999912e-04,122,90+ Days
SWPOZ7Q1YZWQ2J4,2025-12-06,2026-03-25,INR,JPY,17318719.36,1.010232,1.012433,Treasury,2.2009999999999e-03,109,90+ Days
SWPN8U837JJPJC9,2026-01-27,2026-06-08,INR,CHF,3023311.82,0.501321,0.50191,Markets,5.88999999999951e-04,132,90+ Days
SWP6FU68A0ERUPV,2025-12-17,2025-12-25,GBP,JPY,7193752.79,1.288309,1.288594,Treasury,2.85000000000091e-04,8,0-30 Days
SWPR0SILVS68U7W,2026-01-30,2026-03-06,INR,EUR,2257221.26,0.90676,0.909958,Markets,3.19800000000003e-03,35,30-90 Days
SWPSSU30NVJNYE2,2025-12-06,2026-01-06,JPY,EUR,3142712.58,0.953523,0.953834,Treasury,3.1099999999995e-04,31,30-90 Days
SWPWFJCQVGH9VMD,2026-01-31,2026-06-26,CAD,GBP,5694457.01,1.293508,1.296343,Treasury,2.83499999999992e-03,146,90+ Days
SWPP0KQDTNLEW9O,2025-12-25,2026-03-24,AUD,GBP,3095726.0,1.465057,1.466688,Treasury,1.63099999999994e-03,89,30-90 Days
SWPE98UEYDOW9R9,2026-01-28,2026-07-17,AUD,JPY,11771201.62,0.870324,0.868758,Treasury,-1.56599999999996e-03,170,90+ Days
SWPPW18ISR7CMLF,2025-11-27,2026-02-18,CHF,AUD,2580889.69,1.071695,1.073904,Investment Banking,2.20899999999991e-03,83,30-90 Days
SWPYNEAKTOAO4S8,2026-01-26,2026-04-10,JPY,CAD,2624920.95,1.118471,1.115646,Investment Banking,-2.82500000000008e-03,74,30-90 Days
SWPJ8FUXBZXAXCD,2026-01-18,2026-05-20,USD,CAD,12402089.13,0.796622,0.7962,Markets,-4.22000000000033e-04,122,90+ Days
SWPTO1YKZ7OIILJ,2025-12-16,2025-12-25,INR,EUR,1635145.51,1.064755,1.062184,Markets,-2.57099999999988e-03,9,0-30 Days
SWP5V06WDG1FY19,2025-12-24,2026-06-01,AUD,CHF,3451773.61,0.58984,0.590093,Treasury,2.52999999999948e-04,159,90+ Days
SWPYU859PEWZDEV,2025-11-04,2025-12-29,AUD,EUR,3903333.34,1.333252,1.332786,Investment Banking,-4.66000000000077e-04,55,30-90 Days
SWPHI4YT7OZAIHV,2026-01-02,2026-04-26,CAD,CHF,10913870.49,1.134885,1.135503,Investment Banking,6.18000000000007e-04,114,90+ Days
SWPASJCZFY3430N,2025-11-17,2026-03-18,INR,AUD,1783968.39,1.138451,1.142508,Markets,4.05699999999998e-03,121,90+ Days
SWPP8H87DAMH5TR,2026-02-12,2026-03-21,AUD,INR,902674.66,1.486928,1.491687,Treasury,4.75899999999996e-03,37,30-90 Days
SWPZ7PHQLS5NUEA,2026-02-05,2026-05-29,EUR,USD,1346153.65,1.471581,1.474097,Markets,2.51599999999996e-03,113,90+ Days
SWP65L7LQR8HKXZ,2025-11-28,2026-01-20,AUD,EUR,765269.43,0.677429,0.677231,Markets,-1.9799999999992e-04,53,30-90 Days
SWPGLTG9XGD7FR8,2026-02-12,2026-03-23,CAD,AUD,1814558.61,0.553881,0.553335,Treasury,-5.45999999999935e-04,39,30-90 Days
SWPBFIKBU0YNHZY,2025-12-19,2026-05-20,CHF,GBP,1655056.48,0.929788,0.931798,Markets,2.01000000000007e-03,152,90+ Days
SWPXJMIDFMBHY5C,2025-10-26,2026-03-19,GBP,USD,3667658.09,1.391634,1.397769,Investment Banking,0.006135,144,90+ Days
SWPEDPZBP6RJ8TZ,2025-11-06,2026-04-04,GBP,AUD,20889384.38,0.914793,0.91405,Investment Banking,-7.42999999999938e-04,149,90+ Days
SWPFGLZYDJ8QMAZ,2026-01-22,2026-03-09,CHF,CAD,1768740.65,0.802236,0.802311,Treasury,7.50000000000473e-05,46,30-90 Days
SWPMXRU3AIWH3C0,2026-02-18,2026-05-25,JPY,AUD,2534943.43,1.380871,1.383915,Markets,3.04400000000005e-03,96,90+ Days
SWPZLGD2RVD1YIV,2025-12-07,2026-04-11,AUD,CAD,5686588.86,0.659613,0.659699,Markets,8.60000000000305e-05,125,90+ Days
SWP6HG8UUB0WZUZ,2025-11-01,2025-12-27,AUD,CAD,3627507.9,1.153407,1.154057,Markets,6.50000000000039e-04,56,30-90 Days
SWP9O6TA6FAREYW,2025-12-09,2026-05-14,AUD,CAD,12406722.81,0.789175,0.792023,Markets,2.84800000000007e-03,156,90+ Days
SWPIB5AL4Z9XWJF,2025-11-16,2026-02-06,CHF,USD,5192134.63,1.386908,1.385118,Investment Banking,-1.78999999999996e-03,82,30-90 Days
SWPRE7KAHJD4K5T,2026-02-10,2026-03-14,JPY,CHF,4361076.02,1.281871,1.283457,Treasury,1.58600000000009e-03,32,30-90 Days
SWPZQRKRMG7MAQY,2025-12-28,2026-05-23,EUR,GBP,9711239.95,0.965867,0.966464,Investment Banking,5.96999999999959e-04,146,90+ Days
SWPQ506A9Z3L9VG,2025-11-03,2026-02-27,INR,USD,1792783.83,0.651381,0.651793,Investment Banking,4.11999999999968e-04,116,90+ Days
SWPMNH18VBPHHX0,2026-02-19,2026-07-13,USD,JPY,14956352.28,1.210325,1.212285,Treasury,1.95999999999996e-03,144,90+ Days
SWP2SXUE5CH3YD8,2025-10-30,2025-12-06,CAD,GBP,3557121.5,0.937676,0.939178,Investment Banking,0.001502,37,30-90 Days
SWPSFY5OUAH4ZCO,2025-12-16,2026-02-10,AUD,EUR,3857614.98,0.788992,0.791635,Treasury,2.64299999999995e-03,56,30-90 Days
SWPZLXPRD9HS63Y,2026-01-08,2026-03-14,CHF,USD,2490553.19,0.759687,0.761267,Investment Banking,1.58000000000003e-03,65,30-90 Days
SWPIQ8MGI6CE19C,2025-12-29,2026-02-28,AUD,USD,9784780.85,1.461704,1.466301,Investment Banking,4.59700000000018e-03,61,30-90 Days
SWPD22E55ZMG5K5,2025-12-26,2026-06-19,EUR,GBP,1665322.65,1.026507,1.024453,Markets,-0.002054,175,90+ Days
SWPOYLWBH8G6ERP,2025-12-16,2026-03-21,CHF,CAD,3335388.61,1.473354,1.470972,Investment Banking,-2.38200000000011e-03,95,90+ Days
SWPATLW2UMKKTFZ,2025-12-14,2026-05-10,INR,AUD,1509271.46,1.381077,1.38258,Investment Banking,1.50299999999981e-03,147,90+ Days
SWP3TOGQJU6KBZF,2025-11-04,2026-04-19,GBP,USD,5217673.25,1.258731,1.262531,Investment Banking,3.80000000000003e-03,166,90+ Days
SWPMQZ7DRYZ82G3,2026-01-30,2026-06-23,EUR,CHF,1317963.6,1.123582,1.126595,Investment Banking,3.01299999999993e-03,144,90+ Days
SWPEV1GMNZNC6UI,2026-02-10,2026-06-23,USD,JPY,4419564.62,1.405607,1.407535,Investment Banking,1.92799999999993e-03,133,90+ Days
SWPE23XWI8ATAWS,2025-12-07,2026-01-19,CHF,JPY,1211113.47,0.726947,0.726796,Markets,-1.51000000000012e-04,43,30-90 Days
SWPTD7LES0VL5LU,2026-02-11,2026-07-11,AUD,CHF,1856583.75,0.689211,0.688875,Markets,-3.36000000000003e-04,150,90+ Days
SWPKJN0QJGZTDF4,2026-02-17,2026-08-07,CHF,EUR,3936260.59,0.601056,0.59952,Treasury,-1.53599999999998e-03,171,90+ Days
SWP1RCR1LNT40Y5,2025-12-12,2026-02-07,USD,EUR,1360160.02,1.494469,1.50148,Markets,7.01099999999988e-03,57,30-90 Days
SWP3ORU46YAT0Y1,2025-11-09,2026-04-12,INR,CHF,4992803.3,1.449931,1.453011,Investment Banking,3.07999999999997e-03,154,90+ Days
SWPB2R2ACWMFL1N,2025-12-25,2026-03-03,USD,CAD,6612763.07,1.43718,1.43858,Investment Banking,1.40000000000007e-03,68,30-90 Days
SWP1QBUGPDA1FFI,2025-11-23,2026-05-14,EUR,JPY,4175975.32,0.660077,0.661154,Treasury,1.07699999999999e-03,172,90+ Days
SWPYM3GM1TG0ZXI,2025-11-16,2026-04-09,USD,CHF,3392109.83,1.080899,1.082127,Treasury,1.22800000000001e-03,144,90+ Days
SWPBCRAAXZ0GDHD,2025-10-29,2025-12-24,USD,GBP,3441645.22,1.032962,1.035875,Investment Banking,2.91300000000017e-03,56,30-90 Days
SWPHUT3GS7V8HOZ,2025-11-18,2026-04-28,CHF,INR,4516821.36,1.044287,1.046208,Investment Banking,1.92100000000006e-03,161,90+ Days
SWPMBF9TFKQ4QJU,2025-11-18,2025-12-21,INR,CAD,10457161.0,0.818863,0.818523,Investment Banking,-3.40000000000007e-04,33,30-90 Days
SWPI2I6U1TEQS9L,2025-12-27,2026-05-29,INR,EUR,2659608.73,0.666569,0.666349,Investment Banking,-2.19999999999998e-04,153,90+ Days
SWPO720BPTHSPVT,2025-12-30,2026-01-29,CHF,AUD,6097216.28,1.36625,1.365527,Treasury,-7.23000000000029e-04,30,0-30 Days
SWP1IZJ65G4NSLJ,2026-01-23,2026-02-20,CHF,CAD,969536.63,0.702919,0.702917,Markets,-1.99999999994649e-06,28,0-30 Days
SWPQO34XVV8N67H,2025-11-14,2026-03-13,JPY,USD,1025623.58,0.988732,0.992202,Treasury,3.46999999999997e-03,119,90+ Days
SWP1VHXZP9D2AK6,2026-02-19,2026-04-13,JPY,GBP,16291500.57,1.183491,1.185253,Treasury,1.76199999999982e-03,53,30-90 Days
SWPXH5FCP2ABEFE,2025-11-30,2026-01-19,CAD,INR,12023666.54,1.457433,1.458651,Investment Banking,1.21799999999994e-03,50,30-90 Days
SWPPRSJUPPQWVGP,2025-12-05,2026-01-13,CHF,CAD,4959890.57,0.965774,0.962778,Investment Banking,-0.002996,39,30-90 Days
SWP7EKBLFA2PBYZ,2025-12-11,2026-03-05,INR,GBP,4051812.94,1.398728,1.406264,Treasury,7.53599999999999e-03,84,30-90 Days
SWPV5QUW33MBVET,2025-11-07,2025-12-26,JPY,AUD,2941037.87,0.717878,0.718947,Treasury,1.06899999999999e-03,49,30-90 Days
SWPB7AFXV8BIMPX,2026-01-14,2026-06-05,USD,INR,590127.83,0.553152,0.553641,Markets,4.89000000000073e-04,142,90+ Days
SWP69ZG9KXBX7ZV,2026-01-24,2026-05-05,AUD,USD,26279012.13,0.833624,0.835455,Markets,1.83099999999992e-03,101,90+ Days
SWPXRYFP2BH6SNN,2025-11-23,2026-01-31,USD,CAD,6772117.6,0.922995,0.925268,Treasury,2.27299999999997e-03,69,30-90 Days
SWPX64G25I1SMTH,2025-11-17,2026-02-01,EUR,USD,3161569.47,1.144254,1.148675,Investment Banking,4.42099999999979e-03,76,30-90 Days
SWPNNUFN466ERRL,2026-02-03,2026-03-09,USD,AUD,1121293.29,0.569867,0.569978,Investment Banking,1.10999999999972e-04,34,30-90 Days
SWPGN7JAJSUXZWT,2025-11-28,2026-05-20,INR,CAD,2093580.89,0.561807,0.562253,Investment Banking,4.46000000000057e-04,173,90+ Days
SWPJ1WE1G7TER58,2026-01-06,2026-01-23,CHF,INR,6382719.67,0.826825,0.826624,Markets,-2.01000000000007e-04,17,0-30 Days
SWPVMRUVER0J9ZB,2026-02-13,2026-04-20,CHF,INR,751102.04,1.281084,1.283645,Markets,2.56100000000004e-03,66,30-90 Days
SWPXXX2DMFNHATV,2026-01-10,2026-02-13,CAD,EUR,1458733.32,1.354236,1.354367,Treasury,1.31000000000103e-04,34,30-90 Days
SWPWLEQMVI73E5I,2026-01-08,2026-05-25,AUD,USD,4488965.84,1.224958,1.225466,Markets,5.07999999999953e-04,137,90+ Days
SWP2D9H4ZWXSKZF,2026-02-22,2026-05-14,JPY,CHF,4438820.92,1.030007,1.029897,Markets,-1.09999999999832e-04,81,30-90 Days
SWPKSYKOIEC9T26,2026-01-07,2026-07-03,USD,EUR,1514331.86,0.728138,0.726889,Markets,-1.24899999999994e-03,177,90+ Days
SWPO2T469LM2DQW,2025-11-06,2026-04-30,AUD,CHF,6219150.83,0.873456,0.872488,Markets,-9.67999999999969e-04,175,90+ Days
SWP7M5QU4467KII,2026-01-17,2026-05-14,AUD,EUR,5016700.02,1.113181,1.111059,Investment Banking,-2.12199999999996e-03,117,90+ Days
SWPCWP8X50R8NR2,2026-01-20,2026-05-21,CHF,AUD,1191125.26,0.579705,0.581165,Markets,1.46000000000002e-03,121,90+ Days
SWPD4PH95Y535ZO,2025-10-30,2026-01-13,JPY,CHF,4839388.32,0.754527,0.755119,Treasury,5.92000000000037e-04,75,30-90 Days
SWPT8O7Q6WBQYBI,2025-12-17,2026-04-24,JPY,CHF,1868224.18,1.277226,1.281586,Treasury,4.35999999999992e-03,128,90+ Days
SWP4GBXFB3U7XTZ,2025-11-30,2026-04-11,AUD,CHF,2858626.11,1.155799,1.155263,Markets,-5.36000000000092e-04,132,90+ Days
SWPB4QQRPC1BN0V,2026-01-14,2026-03-03,CHF,AUD,2050613.95,1.115541,1.112838,Markets,-2.7029999999999e-03,48,30-90 Days
SWPOM9F9MGRXH08,2025-10-27,2025-11-18,GBP,AUD,2341647.34,0.70829,0.709287,Treasury,9.97000000000026e-04,22,0-30 Days
SWPZJ1W0R1V3FG7,2025-10-30,2026-03-29,AUD,GBP,2438215.12,1.490596,1.497552,Investment Banking,6.95599999999996e-03,150,90+ Days
SWPHAJXFGRVL2M3,2025-11-15,2026-04-11,CAD,EUR,1258010.0,0.984452,0.982051,Investment Banking,-2.40099999999999e-03,147,90+ Days
SWP1C406Z8D1238,2026-02-02,2026-02-22,CAD,EUR,4528664.1,1.394946,1.397908,Treasury,2.96199999999991e-03,20,0-30 Days
SWP88A6XFABX9U0,2026-01-20,2026-05-21,EUR,CAD,2077496.57,0.59652,0.595687,Investment Banking,-8.33000000000084e-04,121,90+ Days
SWPI54QUY1RJEEC,2025-11-04,2025-12-13,JPY,CHF,4780215.93,0.671238,0.669774,Treasury,-1.46400000000002e-03,39,30-90 Days
SWPDAR7OGQWSXDX,2025-12-23,2026-01-24,EUR,JPY,2483458.27,1.474848,1.477041,Investment Banking,2.19300000000011e-03,32,30-90 Days
SWPGBWCT5RP3CWL,2025-11-15,2026-03-23,USD,GBP,2342282.2,0.828928,0.831893,Investment Banking,0.002965,128,90+ Days
SWPER9QJB9ZQD3V,2026-01-14,2026-03-05,USD,CHF,1660520.51,0.536217,0.534146,Treasury,-2.07100000000005e-03,50,30-90 Days
SWPXTGDJ94YZ8VN,2026-01-12,2026-05-31,GBP,EUR,5081279.49,0.762323,0.76308,Treasury,7.57000000000008e-04,139,90+ Days
SWP4YWE8OL9UFCA,2026-02-19,2026-06-25,CHF,AUD,6469402.38,0.93463,0.937616,Markets,2.98600000000004e-03,126,90+ Days
SWP6WDFLT9FF5I9,2026-02-03,2026-02-25,USD,JPY,1467569.66,0.762532,0.759099,Markets,-3.43300000000002e-03,22,0-30 Days
SWPGY0BOFCHRITW,2026-02-20,2026-06-13,AUD,GBP,2271447.24,1.304662,1.305447,Markets,7.85000000000036e-04,113,90+ Days
SWPLB4KEAZ0OPA6,2025-12-08,2026-03-07,CHF,INR,3244869.41,1.222235,1.222133,Treasury,-1.02000000000046e-04,89,30-90 Days
SWPZDBDTJNQZ3V5,2025-12-12,2026-03-03,CHF,CAD,2798076.15,0.969687,0.968838,Markets,-8.48999999999989e-04,81,30-90 Days
SWPLTIZQQN4HRUX,2025-12-14,2026-02-10,CAD,USD,8918747.56,0.870098,0.869159,Treasury,-9.39000000000023e-04,58,30-90 Days
SWPA4BTRBQJ14D8,2026-01-21,2026-06-17,INR,USD,8027139.47,0.865011,0.865142,Markets,1.30999999999992e-04,147,90+ Days
SWPZX7PY57P16T2,2025-12-28,2026-01-30,USD,CHF,3175370.96,1.057064,1.054943,Investment Banking,-2.12100000000004e-03,33,30-90 Days
SWP6HDNM9UMNX8Z,2026-01-12,2026-06-13,INR,CAD,3216446.26,0.730505,0.727232,Investment Banking,-3.27299999999997e-03,152,90+ Days
SWPT7UAJH0KK3GE,2025-12-26,2026-01-31,CHF,AUD,6068859.91,0.905886,0.907316,Investment Banking,1.43000000000004e-03,36,30-90 Days
SWP60ALLSMO3O0T,2025-11-17,2026-03-12,CHF,JPY,7828245.18,0.783957,0.780468,Investment Banking,-3.48899999999996e-03,115,90+ Days
SWPFBLNSKLGN6LU,2026-02-08,2026-05-14,INR,USD,2039898.19,0.67708,0.677737,Markets,6.57000000000019e-04,95,90+ Days
SWPZX4TEEJA53MJ,2025-12-26,2026-06-24,CHF,CAD,1421104.81,0.60739,0.608212,Treasury,8.21999999999989e-04,180,90+ Days
SWPPNN1L20IM8AE,2026-01-08,2026-02-13,CHF,GBP,2845976.54,1.124757,1.125053,Investment Banking,2.96000000000074e-04,36,30-90 Days
SWPIEQ8ZDKV286M,2026-02-20,2026-08-13,CAD,INR,1475318.23,0.550319,0.552788,Investment Banking,2.46899999999994e-03,174,90+ Days
SWPB3QG257HPPLH,2025-12-13,2026-04-22,GBP,CHF,10935429.17,1.1621,1.163767,Investment Banking,1.66700000000009e-03,130,90+ Days
SWPXSKL0DMAETWY,2025-10-29,2026-04-23,AUD,EUR,1338431.99,1.293315,1.29582,Investment Banking,2.50499999999998e-03,176,90+ Days
SWP2ADNSQJAIREP,2025-11-18,2025-12-20,USD,EUR,4977947.8,1.27829,1.283806,Treasury,5.51600000000008e-03,32,30-90 Days
SWPUJU81ZR3W80C,2025-12-23,2025-12-30,USD,JPY,2815538.52,0.641618,0.643736,Markets,2.11799999999995e-03,7,0-30 Days
SWP5T1NXKPITUHS,2025-11-26,2026-03-26,AUD,USD,652054.74,0.817895,0.820371,Treasury,2.47599999999992e-03,120,90+ Days
SWPDZTO661Q8V1Z,2025-12-13,2026-04-06,JPY,CHF,3763494.93,1.26292,1.262354,Investment Banking,-5.66000000000066e-04,114,90+ Days
SWP4V46K24KW5JG,2026-01-17,2026-06-07,AUD,JPY,6690690.83,0.573097,0.575404,Investment Banking,2.30700000000006e-03,141,90+ Days
SWPVX3B2IZ86U5C,2025-12-16,2026-04-13,EUR,CHF,5246267.35,1.419251,1.420585,Treasury,1.33399999999995e-03,118,90+ Days
SWPIK1V54POUH9Q,2025-11-25,2025-12-03,CHF,JPY,3662952.51,1.143864,1.141425,Treasury,-2.43900000000008e-03,8,0-30 Days
SWPDV9PYC5T0ETJ,2025-11-07,2025-11-19,CHF,CAD,5861050.05,1.016831,1.020082,Investment Banking,3.25099999999989e-03,12,0-30 Days
SWP56BSDRE02C7J,2025-12-09,2026-03-19,GBP,USD,1523476.58,1.335919,1.333754,Markets,-2.16499999999997e-03,100,90+ Days
SWPRLYO0WGG4CY6,2026-01-06,2026-02-25,CAD,JPY,1915522.78,0.801946,0.803176,Markets,1.22999999999995e-03,50,30-90 Days
SWPSRY1BL3YWA1Y,2026-01-08,2026-01-19,INR,USD,1769452.76,0.510578,0.512097,Markets,1.51900000000005e-03,11,0-30 Days
SWP4RGXD8BU78US,2025-12-12,2026-05-22,INR,CAD,2341001.05,0.969185,0.972813,Investment Banking,3.62800000000008e-03,161,90+ Days
SWP1ED3QQTXPMC5,2025-12-16,2026-06-12,CAD,INR,230650.87,0.902371,0.901799,Markets,-5.72000000000017e-04,178,90+ Days
SWPICT28TO93BE5,2026-01-02,2026-03-01,CAD,EUR,1534492.84,1.006084,1.007224,Markets,1.13999999999992e-03,58,30-90 Days
SWP47U80AVI2P9Y,2025-10-31,2025-12-28,EUR,USD,3310409.08,0.887008,0.888701,Investment Banking,1.69299999999994e-03,58,30-90 Days
SWPL3FWPLFYTUQ7,2026-01-10,2026-03-07,CAD,INR,4368973.29,0.515244,0.515446,Markets,2.01999999999924e-04,56,30-90 Days
SWPF6QPZQJ1J7NC,2025-11-07,2026-02-22,USD,GBP,1978193.81,1.325166,1.324734,Treasury,-4.31999999999988e-04,107,90+ Days
SWP7JSKFS7JWKY6,2026-02-19,2026-03-25,AUD,EUR,2862479.62,1.174625,1.179499,Markets,4.87400000000004e-03,34,30-90 Days
SWP3RCYMXPIBK65,2025-12-06,2026-01-17,GBP,CHF,3210645.47,0.735859,0.735163,Markets,-6.9600000000003e-04,42,30-90 Days
SWP0TE7B48GOGQA,2025-10-27,2026-04-21,CHF,USD,3265663.12,0.972128,0.974816,Treasury,2.68800000000002e-03,176,90+ Days
SWPSE6KG42DV2IP,2025-11-23,2026-05-21,USD,INR,1852906.98,1.448713,1.450502,Investment Banking,1.78900000000004e-03,179,90+ Days
SWPJTZ3XDRSK0V9,2025-12-20,2026-05-21,INR,GBP,512241.97,0.585264,0.586538,Markets,0.001274,152,90+ Days
SWPT94O9FGUJAYE,2025-10-27,2026-04-10,USD,AUD,3308089.63,0.770912,0.773327,Treasury,2.41499999999994e-03,165,90+ Days
SWPQIHRGL5XLPQT,2025-11-04,2026-02-12,AUD,CHF,3374673.0,1.110015,1.111925,Treasury,1.91000000000008e-03,100,90+ Days
SWPRYI7UVEKG818,2025-12-11,2026-03-07,AUD,USD,6380204.96,0.89,0.891462,Investment Banking,1.46199999999996e-03,86,30-90 Days
SWPJF81PMP3T62P,2026-02-17,2026-06-08,USD,INR,931116.91,1.275177,1.278809,Treasury,3.63200000000008e-03,111,90+ Days
SWPKVZTX7AU3RK0,2025-11-23,2026-03-12,AUD,CHF,7657213.65,1.348481,1.353849,Treasury,5.36800000000004e-03,109,90+ Days
SWPG6B2ZGFOA013,2026-02-16,2026-07-10,JPY,GBP,2109860.51,1.011054,1.012805,Treasury,1.75100000000006e-03,144,90+ Days
SWPSSB5LWNILSN7,2025-11-26,2026-04-30,EUR,GBP,2999909.12,1.194872,1.18995,Treasury,-4.92199999999987e-03,155,90+ Days
SWPXX3HONYUPS7P,2025-12-31,2026-02-07,AUD,INR,10961033.11,1.166884,1.165983,Treasury,-9.01000000000041e-04,38,30-90 Days
SWPTXOPXU18R65O,2025-10-30,2025-12-18,JPY,INR,2987421.7,0.806698,0.808169,Investment Banking,0.001471,49,30-90 Days
SWPUR08KO8SHY4S,2026-02-17,2026-05-22,USD,INR,2099085.55,1.084687,1.087119,Markets,2.43199999999999e-03,94,90+ Days
SWPKEXD6WKOKBLD,2025-12-14,2026-01-20,CAD,JPY,9271422.26,1.233429,1.234861,Investment Banking,1.43199999999988e-03,37,30-90 Days
SWP5HDZU2N8728C,2026-02-18,2026-07-05,EUR,USD,2816322.1,1.061773,1.06583,Investment Banking,4.05699999999998e-03,137,90+ Days
SWP7YKBVQQ8YWN2,2025-11-30,2026-03-03,CHF,AUD,4023095.64,1.145801,1.148876,Investment Banking,3.07499999999994e-03,93,90+ Days
SWP8Q4DPMF2YQIO,2025-12-29,2026-03-05,GBP,INR,788783.96,1.101774,1.102652,Investment Banking,8.77999999999934e-04,66,30-90 Days
SWPI3O2RCDCXM8E,2025-11-11,2026-04-22,EUR,CHF,9029295.73,1.214461,1.215964,Investment Banking,1.50300000000003e-03,162,90+ Days
SWPUJQ4ETNU383C,2025-11-07,2026-02-05,CAD,AUD,3726323.14,1.310004,1.312108,Markets,2.10400000000011e-03,90,30-90 Days
SWPTHWGNREAD637,2025-12-24,2026-03-08,USD,CAD,594284.73,1.000209,1.003057,Investment Banking,2.84800000000018e-03,74,30-90 Days
SWPBNIEKBANSDZH,2026-02-15,2026-07-01,CAD,USD,7723356.82,1.407785,1.410054,Investment Banking,2.26899999999985e-03,136,90+ Days
SWPVJJ5FHQF154C,2026-01-22,2026-01-30,GBP,JPY,10270475.14,1.431798,1.430967,Investment Banking,-8.30999999999804e-04,8,0-30 Days
SWPT6MM8CNZJTFH,2025-10-28,2025-12-13,JPY,USD,5520323.59,0.738021,0.74069,Investment Banking,2.66899999999992e-03,46,30-90 Days
SWPBR6P1LB1BYFZ,2025-12-27,2026-03-28,AUD,GBP,3885643.54,1.165469,1.164833,Treasury,-6.36000000000081e-04,91,90+ Days
SWPM8L2R4B08ZJF,2026-02-12,2026-06-07,CAD,AUD,2464338.08,1.097786,1.097711,Markets,-7.49999999998252e-05,115,90+ Days
SWPW3FESHPXWEU4,2025-12-09,2026-05-17,INR,CHF,3580195.58,0.728418,0.73005,Investment Banking,1.63199999999997e-03,159,90+ Days
SWPH8CTTNU4SGHW,2025-11-17,2026-01-26,EUR,GBP,12226279.28,1.261796,1.260922,Treasury,-8.73999999999819e-04,70,30-90 Days
SWP4GEMW9L8GBG9,2025-12-28,2026-01-22,INR,USD,4727193.09,1.204787,1.209144,Markets,4.35699999999994e-03,25,0-30 Days
SWPKQ2ATE9FIIEV,2025-12-31,2026-03-24,CAD,JPY,6150202.9,1.419487,1.418442,Investment Banking,-1.04499999999996e-03,83,30-90 Days
SWP7SJ3E2TEP37Y,2025-12-25,2026-03-21,JPY,USD,5209617.99,0.97831,0.98091,Markets,2.59999999999994e-03,86,30-90 Days
SWPUULA2WZSGSI4,2025-12-20,2026-03-25,CHF,JPY,3519501.37,0.721508,0.723222,Investment Banking,1.71399999999999e-03,95,90+ Days
SWPN51O6E5EK3Y5,2026-02-20,2026-07-28,GBP,INR,4445132.27,1.17139,1.176919,Markets,5.52900000000012e-03,158,90+ Days
SWP60USHTQ6C02I,2026-02-02,2026-04-04,AUD,CAD,897896.24,1.062144,1.061685,Treasury,-4.58999999999987e-04,61,30-90 Days
SWPPAIQWPLCTOG0,2025-10-27,2025-11-18,AUD,CHF,14647136.6,1.331651,1.328877,Treasury,-2.77399999999983e-03,22,0-30 Days
SWP7H21D7JB6PQ1,2026-01-16,2026-03-03,AUD,USD,9651591.15,0.612869,0.615497,Investment Banking,2.62799999999996e-03,46,30-90 Days
SWPPNQRXXH10MVL,2025-11-09,2025-11-21,USD,CHF,1550420.26,1.48467,1.488525,Markets,3.85500000000016e-03,12,0-30 Days
SWPHEKISGOPLTVS,2025-11-09,2026-04-15,INR,CAD,4993339.96,1.493635,1.494605,Investment Banking,9.69999999999915e-04,157,90+ Days
SWPEC775QX1GIPL,2025-12-13,2026-03-22,EUR,INR,2009697.14,0.641365,0.642313,Markets,9.4800000000006e-04,99,90+ Days
SWP505N708VQRLE,2025-11-10,2026-01-30,EUR,CHF,2187966.78,1.318863,1.324645,Markets,5.78200000000018e-03,81,30-90 Days
SWPUWTF9RLI2WAH,2025-12-23,2026-04-15,GBP,USD,8690400.14,1.312847,1.311348,Markets,-1.49900000000014e-03,113,90+ Days
SWPEHCHRDY2WQSX,2025-12-10,2026-03-09,USD,AUD,9025298.63,0.770817,0.771845,Treasury,1.02800000000003e-03,89,30-90 Days
SWP8NPEBP7GFAAX,2025-11-20,2026-01-24,INR,CAD,4038872.9,0.754311,0.75541,Markets,1.09900000000007e-03,65,30-90 Days
SWP9ZIHMO18E3MT,2025-12-27,2026-04-01,GBP,CAD,4613010.62,0.993467,0.995665,Markets,2.19800000000003e-03,95,90+ Days
SWP2D5E9NTLR43A,2025-12-16,2026-04-26,INR,CHF,2346859.95,0.796822,0.799788,Treasury,2.96600000000002e-03,131,90+ Days
SWPR04A0WLR4Z0S,2026-02-02,2026-06-28,JPY,EUR,2325217.17,0.926057,0.925343,Markets,-7.13999999999992e-04,146,90+ Days
SWPJ11DOJTNEG3K,2025-11-13,2025-11-27,AUD,INR,927397.96,1.427661,1.429276,Markets,1.61499999999992e-03,14,0-30 Days
SWPHFDWT0A39ZP0,2025-10-29,2026-04-10,USD,GBP,7348538.01,1.028443,1.027207,Investment Banking,-1.23600000000001e-03,163,90+ Days
SWP7GU8DIUTUYF3,2025-12-09,2026-02-21,INR,AUD,3128700.49,1.432829,1.433106,Markets,2.77000000000083e-04,74,30-90 Days
SWPKTG4NTIURTVJ,2025-11-26,2025-12-05,INR,EUR,3334545.98,1.219084,1.223256,Treasury,4.17199999999984e-03,9,0-30 Days
SWPGGFCY77ZC3JW,2025-10-30,2026-02-12,AUD,EUR,1345782.81,0.895741,0.895848,Treasury,1.06999999999968e-04,105,90+ Days
SWPNN44OAM2XADW,2026-01-28,2026-03-25,USD,JPY,3330558.08,0.779256,0.781581,Investment Banking,2.32500000000002e-03,56,30-90 Days
SWPRIDSJ02ELGCZ,2026-01-17,2026-01-28,JPY,AUD,9540301.85,0.857528,0.859742,Markets,2.21400000000005e-03,11,0-30 Days
SWPJL8UDBG8Q7BH,2026-02-14,2026-07-14,CHF,AUD,1955994.4,0.722726,0.721958,Treasury,-7.67999999999991e-04,150,90+ Days
SWP8GWDZHIVGSLZ,2026-02-16,2026-04-04,CHF,EUR,1439380.32,1.258263,1.260067,Investment Banking,1.80400000000014e-03,47,30-90 Days
SWPVQ7C4DPJABG0,2026-01-13,2026-03-20,JPY,GBP,2664612.79,0.671271,0.673735,Markets,2.46400000000002e-03,66,30-90 Days
SWPH4GDE903KQCJ,2026-02-20,2026-06-27,CHF,INR,3909350.03,0.588095,0.588944,Treasury,8.48999999999989e-04,127,90+ Days
SWPY1AR8OZ5ZD77,2026-02-21,2026-06-23,GBP,INR,3645833.03,0.732167,0.733074,Treasury,9.06999999999991e-04,122,90+ Days
SWPVHPDL1AQAGHZ,2026-01-20,2026-06-06,INR,CHF,1473820.67,1.154378,1.152847,Markets,-1.53099999999995e-03,137,90+ Days
SWPWOSIR6OAN5Y1,2026-01-23,2026-05-24,CAD,INR,4127794.16,1.281627,1.284069,Markets,2.44199999999983e-03,121,90+ Days
SWPP5HYL1H4XLXX,2026-02-02,2026-07-17,CAD,JPY,3215006.6,0.788487,0.788672,Markets,1.84999999999991e-04,165,90+ Days
SWPMTFYMJK46A4O,2026-01-13,2026-04-03,EUR,AUD,615838.35,1.490153,1.495691,Treasury,5.53800000000004e-03,80,30-90 Days
SWPTAPIFO2ZW4U2,2025-10-26,2026-04-02,CAD,AUD,2076891.75,1.032438,1.030647,Investment Banking,-1.79099999999988e-03,158,90+ Days
SWPT9QMMSQD93GW,2026-02-11,2026-03-30,INR,CAD,1378260.88,1.246149,1.251141,Treasury,4.99200000000011e-03,47,30-90 Days
SWPRQEQRKRVECDH,2026-02-12,2026-05-25,CHF,AUD,3875225.57,1.230375,1.230636,Treasury,2.61000000000067e-04,102,90+ Days
SWPCFV58H62SWOZ,2026-01-23,2026-06-11,GBP,EUR,10330140.46,1.474588,1.477653,Markets,3.0650000000001e-03,139,90+ Days
SWPD6KVRDI24T1J,2025-11-27,2025-12-13,AUD,JPY,2256815.14,0.788421,0.789826,Markets,1.40499999999999e-03,16,0-30 Days
SWP02SA3D760QKD,2025-11-11,2026-04-12,GBP,CHF,1977138.56,0.894378,0.895475,Markets,1.09700000000001e-03,152,90+ Days
SWPV17YUBQHOA5N,2025-12-13,2026-05-05,JPY,AUD,1095986.28,0.883715,0.887663,Treasury,3.94799999999995e-03,143,90+ Days
SWP310RK8OX4AK1,2025-12-23,2026-02-15,INR,USD,4175240.3,1.27734,1.282656,Treasury,5.3160000000001e-03,54,30-90 Days
SWPMG7P77TMLLDN,2025-12-05,2025-12-16,EUR,CHF,598976.91,1.465208,1.462798,Markets,-2.41000000000002e-03,11,0-30 Days
SWPYU68OWA2PNH6,2025-12-17,2026-02-07,CAD,EUR,1326243.57,1.173358,1.175123,Investment Banking,1.76500000000002e-03,52,30-90 Days
SWPVRVATY8YSHUN,2026-01-03,2026-04-12,EUR,AUD,807882.28,1.044092,1.046544,Investment Banking,2.4519999999999e-03,99,90+ Days
SWP860YYY51W5P4,2026-02-18,2026-03-01,USD,EUR,6920280.29,1.464284,1.464683,Treasury,3.99000000000038e-04,11,0-30 Days
SWP0WH48JXZJP8J,2026-01-09,2026-05-07,GBP,EUR,720457.08,1.451301,1.45553,Investment Banking,4.22900000000004e-03,118,90+ Days
SWP4HY3635APU0P,2026-02-06,2026-07-15,JPY,USD,4299195.16,1.186169,1.189928,Investment Banking,3.75900000000007e-03,159,90+ Days
SWPG1HHIELHSO57,2025-12-27,2026-04-20,EUR,INR,580295.51,1.065287,1.068024,Investment Banking,2.73699999999999e-03,114,90+ Days
SWP3BGBOPMXPEVA,2026-01-03,2026-03-23,JPY,INR,7131102.86,1.434588,1.433099,Markets,-1.48900000000007e-03,79,30-90 Days
SWP42V2VB2L95P2,2025-12-10,2026-02-15,CHF,EUR,4205345.2,0.519737,0.519152,Investment Banking,-5.85000000000058e-04,67,30-90 Days
SWPRXG1TCSWUZQC,2025-11-19,2026-04-23,JPY,EUR,2656127.22,1.003584,1.005402,Treasury,1.81799999999988e-03,155,90+ Days
SWPHA8973PKNHBY,2026-01-24,2026-05-20,EUR,INR,23073270.85,0.629882,0.631074,Markets,1.19199999999997e-03,116,90+ Days
SWPYV0WLJP0S7YK,2025-11-17,2026-02-14,EUR,CHF,1020831.39,1.225207,1.225506,Investment Banking,2.99000000000049e-04,89,30-90 Days
SWPF1P00602YA2L,2025-11-07,2026-03-08,AUD,INR,8193799.94,0.50445,0.503726,Markets,-7.23999999999947e-04,121,90+ Days
SWPIEYZ9QAMZNAV,2026-02-17,2026-05-27,USD,CHF,2373000.17,1.458512,1.465463,Treasury,6.95099999999993e-03,99,90+ Days
SWP30AXZRCXWQRO,2026-01-24,2026-05-12,USD,GBP,2954621.38,0.674339,0.674217,Markets,-1.22000000000066e-04,108,90+ Days
SWP6W5YLBUMQEWM,2025-12-17,2026-06-04,CHF,JPY,1218573.18,0.891693,0.892376,Investment Banking,6.82999999999989e-04,169,90+ Days
SWP87TCJQILGHWM,2025-11-18,2026-01-05,AUD,USD,2060478.55,1.489543,1.494718,Treasury,5.17499999999993e-03,48,30-90 Days
SWPMD3094YY32X4,2026-02-06,2026-05-15,AUD,JPY,11807559.38,0.946371,0.947921,Treasury,1.55000000000005e-03,98,90+ Days
SWPTZ5FRH9IFBGH,2026-02-07,2026-03-09,AUD,INR,3711763.51,1.244963,1.251349,Markets,0.006386,30,0-30 Days
SWPH9KQWAJ6EZ5W,2026-02-03,2026-04-02,AUD,JPY,1737062.42,0.95982,0.962256,Investment Banking,2.43599999999999e-03,58,30-90 Days
SWPVWEVYGMHNLDD,2026-01-30,2026-05-22,USD,INR,1586342.65,0.998903,0.996385,Treasury,-2.51800000000002e-03,112,90+ Days
SWP3C66KXRIXP11,2026-01-04,2026-02-06,AUD,INR,3937384.16,1.395196,1.396444,Treasury,1.24799999999992e-03,33,30-90 Days
SWP4GHR8VF1LXSS,2025-12-27,2026-06-10,CHF,EUR,6418005.37,1.069213,1.068756,Investment Banking,-4.5699999999993e-04,165,90+ Days
SWPPFB6P8BO69N1,2025-11-25,2026-03-06,JPY,USD,3001758.65,1.438856,1.443302,Treasury,4.44600000000017e-03,101,90+ Days
SWPXACXI4TJWPJE,2025-12-11,2026-01-24,AUD,EUR,2675324.86,0.952469,0.952161,Investment Banking,-3.07999999999975e-04,44,30-90 Days
SWPHWPASVDK5TD6,2026-02-17,2026-04-06,CHF,USD,3163940.91,0.563095,0.563013,Investment Banking,-8.20000000000265e-05,48,30-90 Days
SWPI8QQ8E4M4ZDE,2025-12-05,2026-04-16,EUR,AUD,4041227.58,1.121882,1.123712,Investment Banking,0.00183,132,90+ Days
SWPO1XD8WL0FQRJ,2025-12-19,2026-05-09,AUD,USD,2076012.59,1.445544,1.451429,Treasury,5.88500000000014e-03,141,90+ Days
SWPG9V7T0FK8E11,2025-12-14,2026-02-18,INR,CAD,2039980.96,0.67535,0.676354,Investment Banking,0.001004,66,30-90 Days
SWP325QVVUJWXAM,2026-01-12,2026-03-28,EUR,GBP,5354745.98,1.053159,1.054788,Treasury,1.6290000000001e-03,75,30-90 Days
SWPGTX5PKOHEMZ0,2025-12-17,2026-05-07,AUD,JPY,12594677.76,1.136723,1.13537,Investment Banking,-1.35299999999994e-03,141,90+ Days
SWPHA9G91D7METW,2026-01-12,2026-02-24,GBP,USD,5509876.02,1.221725,1.223722,Treasury,1.99700000000003e-03,43,30-90 Days
SWP1KKM98ZNRN5D,2026-01-03,2026-03-11,USD,CHF,1352868.22,0.612965,0.610855,Markets,-2.10999999999995e-03,67,30-90 Days
SWPCBDWSQLYDS60,2025-12-10,2026-05-09,AUD,JPY,798289.14,0.984444,0.986399,Investment Banking,1.95500000000004e-03,150,90+ Days
SWPCESQ5QOQDR5M,2026-01-08,2026-07-07,GBP,USD,2715128.81,1.30435,1.307201,Markets,2.85100000000016e-03,180,90+ Days
SWP1A6CB92FABI2,2025-11-16,2026-02-21,CHF,GBP,3321554.19,0.77617,0.780308,Investment Banking,4.13799999999998e-03,97,90+ Days
SWPE3QLF6955UDX,2025-10-30,2025-11-16,USD,AUD,4305762.06,1.319491,1.322876,Investment Banking,3.38499999999997e-03,17,0-30 Days
SWPYP3RKWZBA4P0,2025-11-15,2025-12-31,INR,USD,1240290.24,1.33115,1.331073,Treasury,-7.70000000001048e-05,46,30-90 Days
SWP62YN0HKZB1LV,2025-11-08,2026-01-27,USD,EUR,7326154.32,0.52916,0.53089,Investment Banking,1.73000000000001e-03,80,30-90 Days
SWP119MWKD2P4JH,2026-02-19,2026-06-21,CHF,GBP,1649366.03,1.282399,1.282605,Treasury,2.05999999999928e-04,122,90+ Days
SWPMDEQWVPEIT45,2025-12-24,2026-05-31,CHF,AUD,3587239.8,1.128385,1.129773,Investment Banking,1.38799999999994e-03,158,90+ Days
SWPDSMPRMJZV5AY,2025-12-25,2026-06-18,JPY,INR,652240.07,0.903468,0.903602,Investment Banking,1.33999999999967e-04,175,90+ Days
SWP92WOZ0XWQJMR,2026-02-18,2026-05-07,CHF,CAD,1051555.19,0.659647,0.660588,Investment Banking,9.4099999999997e-04,78,30-90 Days
SWPQ57MIILGC9J4,2025-12-13,2026-04-02,CAD,GBP,690202.32,0.887438,0.887084,Investment Banking,-3.53999999999965e-04,110,90+ Days
SWPXPZTCQLLCZXH,2026-01-22,2026-03-24,GBP,EUR,4212106.35,1.189623,1.190677,Investment Banking,1.05399999999989e-03,61,30-90 Days
SWPY2LVBOR1SR6T,2025-12-07,2026-05-29,AUD,CAD,11592671.49,1.020639,1.020513,Treasury,-1.26000000000071e-04,173,90+ Days
SWPTGWJTWPC4DQ7,2025-12-08,2026-05-13,JPY,GBP,1714204.75,1.097422,1.100107,Markets,2.68500000000005e-03,156,90+ Days
SWPMAJZ9ZQRHJTL,2025-11-16,2026-03-23,JPY,CHF,1390371.29,0.591044,0.592732,Treasury,1.68800000000002e-03,127,90+ Days
SWPI4KC2HIEI1YU,2026-02-01,2026-05-12,AUD,EUR,1939574.21,0.806583,0.805788,Investment Banking,-7.95000000000101e-04,100,90+ Days
SWPNUW2HO6FR8Y3,2026-02-17,2026-03-24,JPY,USD,2650728.3,0.584533,0.584263,Markets,-2.69999999999992e-04,35,30-90 Days
SWPV4AZPZOC6V34,2025-12-12,2026-04-24,CHF,INR,720932.77,1.485765,1.488117,Markets,2.35199999999991e-03,133,90+ Days
SWPYQ9ZZ5Y8QTSD,2026-02-01,2026-04-28,USD,EUR,1543316.03,0.773212,0.77516,Markets,1.94799999999995e-03,86,30-90 Days
SWP5ZA8E1DHFVWK,2025-12-20,2026-01-17,EUR,CHF,2212278.4,0.862187,0.862296,Investment Banking,1.08999999999915e-04,28,0-30 Days
SWPGBZD5LR8Y9QO,2025-12-01,2026-04-06,AUD,CAD,6066511.85,1.377307,1.383934,Treasury,6.62699999999994e-03,126,90+ Days
SWPC2PMISTW1CQE,2025-11-26,2026-05-09,GBP,USD,4222686.93,0.587264,0.586347,Investment Banking,-9.17000000000057e-04,164,90+ Days
SWPVSMUDYB28QU4,2026-01-30,2026-04-14,INR,JPY,2387343.87,0.621536,0.625312,Investment Banking,0.003776,74,30-90 Days
SWP7E1QB29YS3WT,2025-12-08,2026-01-15,GBP,EUR,4987569.29,0.862812,0.865251,Investment Banking,2.43899999999997e-03,38,30-90 Days
SWPGT559WJ1PRDB,2025-12-10,2026-06-05,EUR,GBP,4555143.15,1.11741,1.119669,Markets,2.25900000000001e-03,177,90+ Days
SWPNQJRX1F4SAW7,2026-02-09,2026-08-03,CHF,INR,3832755.46,1.489853,1.488548,Markets,-1.30500000000011e-03,175,90+ Days
SWPU5W6VA2AHG14,2025-12-11,2026-04-23,INR,EUR,4418674.93,0.913171,0.915126,Treasury,1.95500000000004e-03,133,90+ Days
SWP6VCN6WUQY6GB,2026-01-13,2026-01-25,CHF,EUR,5601189.16,0.709709,0.712567,Markets,2.85799999999992e-03,12,0-30 Days
SWPG69CFQEQTT77,2026-01-20,2026-02-06,EUR,CAD,2967034.02,1.488183,1.488269,Investment Banking,8.60000000000305e-05,17,0-30 Days
SWPPRKHT5JZE5YT,2026-02-18,2026-04-16,JPY,AUD,3561270.13,1.4613,1.460264,Treasury,-1.03600000000004e-03,57,30-90 Days
SWPLN5PW7VFFYWV,2026-01-14,2026-03-24,AUD,CAD,7141591.06,1.443037,1.438905,Markets,-4.1319999999998e-03,69,30-90 Days
SWPY0HRKM3JKXAX,2026-02-20,2026-05-27,CAD,INR,3217007.2,0.858616,0.85929,Markets,6.73999999999952e-04,96,90+ Days
SWPQT0HYC7VUXO8,2026-01-16,2026-06-30,CHF,AUD,5629104.39,1.298255,1.300157,Treasury,1.90200000000007e-03,165,90+ Days
SWP8L1DNCDP9PKS,2025-12-13,2026-01-02,CAD,EUR,3465497.1,1.481827,1.480794,Investment Banking,-1.03300000000006e-03,20,0-30 Days
SWPYMBBQ0AJEFUA,2025-11-18,2026-03-19,GBP,EUR,1477863.9,1.46678,1.471345,Treasury,4.56499999999993e-03,121,90+ Days
SWPPHH6OSY64O1K,2025-11-01,2025-12-12,CHF,EUR,1287208.48,1.002787,1.002995,Markets,2.07999999999986e-04,41,30-90 Days
SWP3OJHAS02OVG0,2026-02-13,2026-07-15,JPY,GBP,6978526.84,0.903523,0.902943,Treasury,-5.79999999999914e-04,152,90+ Days
SWP3SP446M2353V,2026-01-19,2026-03-09,GBP,JPY,8068632.03,1.492671,1.495413,Markets,2.74200000000002e-03,49,30-90 Days
SWPR16QGV5B2BTE,2025-12-28,2026-04-02,GBP,USD,10495068.99,1.021949,1.024418,Treasury,2.46900000000005e-03,95,90+ Days
SWP6OIJD9HKXPND,2026-02-06,2026-02-24,AUD,USD,1400412.71,0.678129,0.678646,Treasury,5.1699999999999e-04,18,0-30 Days
SWPPWT0AIBDOVUB,2025-12-23,2026-02-23,GBP,INR,12038836.12,1.221329,1.223332,Treasury,2.00299999999998e-03,62,30-90 Days
SWP9VTR6HJNKNB5,2025-11-28,2026-03-24,CAD,INR,14638327.3,1.30577,1.302752,Treasury,-3.01800000000019e-03,116,90+ Days
SWPRULI1HYO369X,2026-01-30,2026-07-14,JPY,INR,2082742.83,0.866148,0.868499,Markets,2.35099999999999e-03,165,90+ Days
SWPKPXM8G8DJ0U8,2025-11-23,2026-02-24,JPY,INR,5396231.97,0.718939,0.719226,Investment Banking,2.87000000000037e-04,93,90+ Days
SWPJK7EEOC0AXT1,2026-02-12,2026-02-27,GBP,JPY,1920233.56,0.926455,0.928176,Markets,1.72099999999997e-03,15,0-30 Days
SWPCJOLQY7J4HAD,2025-11-24,2026-03-23,JPY,AUD,4729944.62,1.18726,1.190345,Treasury,0.003085,119,90+ Days
SWPG8QDNZ58K8YO,2026-02-02,2026-05-08,CHF,USD,2087785.92,0.704165,0.704426,Markets,2.60999999999956e-04,95,90+ Days
SWPXII209WS9C8D,2025-12-05,2026-04-21,AUD,INR,3499769.43,1.461744,1.465454,Investment Banking,3.7100000000001e-03,137,90+ Days
SWPER0B0TXV72RC,2026-02-03,2026-07-08,CAD,EUR,1722618.37,1.305985,1.309568,Markets,3.58300000000011e-03,155,90+ Days
SWPTH0BK42XT104,2026-01-07,2026-04-09,INR,EUR,1936613.22,0.89177,0.891795,Investment Banking,2.50000000000528e-05,92,90+ Days
SWP3OZBQBJWD5YU,2026-01-20,2026-06-05,EUR,GBP,1628640.78,0.793006,0.793459,Markets,4.53000000000037e-04,136,90+ Days
SWPUC4XEYPD5OBV,2026-02-16,2026-04-20,CHF,GBP,3053700.82,1.442368,1.448486,Investment Banking,6.11799999999985e-03,63,30-90 Days
SWPJCGOZMRBQ0FL,2026-01-29,2026-04-03,USD,JPY,7699064.61,0.61204,0.612934,Treasury,8.9399999999995e-04,64,30-90 Days
SWP5WO5AEJCITIM,2025-10-30,2026-02-17,GBP,AUD,3233258.41,0.629774,0.632957,Investment Banking,3.18300000000005e-03,110,90+ Days
SWPU30585CNUW2B,2025-10-29,2026-02-27,AUD,CAD,1393739.65,0.912655,0.911387,Treasury,-1.26800000000005e-03,121,90+ Days
SWP7BIYTMHSUQ3A,2025-12-27,2026-02-16,EUR,JPY,2358512.48,1.034218,1.038602,Treasury,4.38399999999994e-03,51,30-90 Days
SWPAO4L88KHSDPJ,2026-02-16,2026-04-16,CAD,JPY,1124625.64,1.448811,1.450365,Treasury,1.55399999999983e-03,59,30-90 Days
SWPYF2TGVEGNVUZ,2026-01-25,2026-05-07,AUD,CHF,2037528.46,0.989744,0.993647,Markets,3.90299999999999e-03,102,90+ Days
SWPC6FLVTWZ5WQO,2025-11-24,2026-02-14,EUR,INR,1575254.73,0.957221,0.958188,Markets,9.67000000000051e-04,82,30-90 Days
SWPZNUSBGUG3420,2025-11-11,2025-12-31,EUR,USD,9212383.64,1.254373,1.252068,Investment Banking,-0.002305,50,30-90 Days
SWPXJ1N1XFUN7G4,2025-12-17,2026-01-23,INR,USD,11015053.44,0.727528,0.725876,Treasury,-1.65199999999999e-03,37,30-90 Days
SWPX64ANK2UC29I,2025-11-17,2026-03-14,EUR,AUD,6848880.53,0.57262,0.573014,Investment Banking,3.94000000000005e-04,117,90+ Days
SWPTYD11NQK3WMN,2025-11-14,2026-02-15,AUD,INR,2473378.57,1.463712,1.465426,Investment Banking,1.71399999999999e-03,93,90+ Days
SWPU91U4IMZTPMA,2025-12-30,2026-04-29,AUD,EUR,4754889.01,1.337367,1.341608,Treasury,4.24099999999994e-03,120,90+ Days
SWPJKTPCAUAZVQN,2025-12-10,2026-02-28,GBP,CHF,2807984.15,1.01768,1.019004,Treasury,1.3240000000001e-03,80,30-90 Days
SWPEKOBF1BYHM4L,2026-01-29,2026-04-10,CAD,EUR,4303302.64,0.863072,0.862747,Markets,-3.24999999999909e-04,71,30-90 Days
SWP8W42Y3FFNAC5,2025-11-08,2026-03-31,AUD,EUR,3067285.49,0.781789,0.783253,Investment Banking,1.46400000000002e-03,143,90+ Days
SWPLR7WZWKWAWGK,2025-10-29,2025-11-19,INR,GBP,5787885.64,1.137593,1.141066,Treasury,3.47299999999984e-03,21,0-30 Days
SWP0W3A095MXIS3,2025-11-30,2026-03-30,GBP,CHF,1660524.78,0.992813,0.992863,Investment Banking,5.00000000001055e-05,120,90+ Days
SWPY211DLLZM5F9,2026-01-10,2026-04-13,USD,INR,4934209.66,0.746801,0.74799,Investment Banking,0.001189,93,90+ Days
SWP8W56D9RQ8AJR,2025-10-31,2025-11-24,USD,CAD,2249396.52,1.052598,1.052331,Investment Banking,-2.67000000000017e-04,24,0-30 Days
SWPBYZJ62VQULWC,2025-11-26,2026-02-08,INR,JPY,1391062.42,1.09129,1.092085,Markets,7.94999999999879e-04,74,30-90 Days
SWPX3W4RAUAP1PX,2025-11-28,2026-03-08,CHF,AUD,2772321.68,1.081331,1.083733,Treasury,2.40200000000002e-03,100,90+ Days
SWPMPX0K0EICHSG,2026-01-31,2026-05-20,CAD,GBP,2837273.1,0.591767,0.593429,Markets,1.66199999999994e-03,109,90+ Days
SWPPZ2U5GV6WHP3,2026-01-30,2026-07-16,INR,AUD,14303360.44,0.676745,0.679005,Markets,2.25999999999993e-03,167,90+ Days
SWP5QMAEBNLRELH,2025-12-28,2026-01-29,CHF,GBP,4199627.53,1.404466,1.402374,Investment Banking,-2.09199999999998e-03,32,30-90 Days
SWPZ7E9QNEBTFV5,2025-12-27,2026-03-04,CAD,EUR,10422440.45,0.636784,0.63687,Investment Banking,8.60000000000305e-05,67,30-90 Days
SWPDAC5QYPHH7O0,2025-12-14,2026-03-05,JPY,AUD,5683229.18,0.747906,0.750347,Investment Banking,2.44100000000003e-03,81,30-90 Days
SWP0LF4XJUN0A81,2025-11-22,2026-02-05,CHF,INR,4660629.02,1.409116,1.408083,Investment Banking,-1.03300000000006e-03,75,30-90 Days
SWPYX6GPNKLTDOA,2026-01-14,2026-03-01,GBP,JPY,1580572.21,0.62796,0.627861,Treasury,-9.89999999999602e-05,46,30-90 Days
SWPD2782IGHX00N,2026-01-27,2026-07-11,EUR,AUD,7693072.71,1.385927,1.385695,Investment Banking,-2.3200000000001e-04,165,90+ Days
SWPZPH44WN2YB63,2025-12-20,2026-06-16,JPY,USD,1917878.58,1.125691,1.126313,Investment Banking,6.219999999999e-04,178,90+ Days
SWPG43I5GUDRT2W,2025-10-29,2026-03-22,INR,USD,3741938.43,1.44602,1.451772,Markets,5.75199999999998e-03,144,90+ Days
SWP50EHCZ0CI2E0,2025-11-03,2026-01-04,CHF,GBP,2544479.09,0.730199,0.73177,Markets,1.57099999999999e-03,62,30-90 Days
SWPHCVPOTZ1E02V,2026-02-21,2026-04-14,CAD,INR,5041249.28,1.172945,1.173034,Investment Banking,8.90000000000057e-05,52,30-90 Days
SWP370LW12PHXT2,2025-11-08,2025-12-01,USD,CHF,2109490.55,0.741237,0.743252,Treasury,2.01499999999999e-03,23,0-30 Days
SWPQ0SKPCBI14OM,2026-01-12,2026-03-09,USD,CHF,8364433.15,0.717352,0.716326,Markets,-1.02599999999997e-03,56,30-90 Days
SWPLPX76DC4376S,2025-11-11,2025-12-06,INR,GBP,2241520.45,1.110451,1.108033,Investment Banking,-2.41800000000003e-03,25,0-30 Days
SWPK9LJPVMF5MVX,2025-11-16,2026-03-13,JPY,AUD,6198374.94,1.16262,1.166243,Investment Banking,3.62299999999993e-03,117,90+ Days
SWPDFKX5AVM5UGS,2026-02-10,2026-07-20,CHF,INR,1007455.34,1.32236,1.321793,Treasury,-5.66999999999984e-04,160,90+ Days
SWPCWWGU6A4O5K4,2026-01-04,2026-03-26,CAD,AUD,1098192.22,1.151825,1.153837,Markets,2.0119999999999e-03,81,30-90 Days
SWP332Y16A5VU1S,2025-12-14,2026-03-03,CAD,JPY,1441465.86,0.617833,0.618211,Treasury,3.77999999999989e-04,79,30-90 Days
SWP5HGETEYYDVH5,2026-02-03,2026-04-30,CHF,USD,1940093.53,1.057288,1.05591,Markets,-1.3780000000001e-03,86,30-90 Days
SWPD6O01HXXQZR1,2025-11-07,2025-12-07,INR,AUD,8670524.41,0.588698,0.589661,Markets,9.62999999999936e-04,30,0-30 Days
SWPBG6URUU79YSL,2026-02-02,2026-07-27,GBP,JPY,4652938.43,1.222349,1.22213,Investment Banking,-2.18999999999969e-04,175,90+ Days
SWPY3EK7ZO9WXQZ,2025-12-21,2026-06-11,CAD,USD,6628115.89,0.76925,0.768974,Investment Banking,-2.75999999999943e-04,172,90+ Days
SWPPB8QZVB51K02,2025-12-22,2026-04-25,CAD,GBP,11221919.75,0.810192,0.813833,Treasury,3.64100000000001e-03,124,90+ Days
SWPGZCZ97HJZIJE,2025-12-08,2026-04-25,CHF,USD,7905255.42,1.37048,1.371908,Treasury,1.42799999999998e-03,138,90+ Days
SWP3D3L0MJDDB2R,2026-01-06,2026-06-25,CAD,AUD,10583232.43,0.615674,0.618097,Treasury,2.42299999999995e-03,170,90+ Days
SWPY1IP0YMHWCZE,2025-12-05,2026-04-24,EUR,JPY,5351994.87,0.589296,0.5901,Markets,8.03999999999916e-04,140,90+ Days
SWP6NC3QJXHJZFF,2026-01-02,2026-04-22,JPY,CAD,24476571.5,1.042559,1.045508,Markets,2.94900000000009e-03,110,90+ Days
SWPOQSK3HZUYMDL,2026-01-07,2026-05-18,JPY,AUD,4042070.8,0.591807,0.592055,Markets,2.48000000000026e-04,131,90+ Days
SWP9FJO4QD9OWOE,2025-11-29,2026-01-31,EUR,CAD,647549.1,0.80883,0.808147,Investment Banking,-6.830000000001e-04,63,30-90 Days
SWPCH6ZCKTW5PNO,2026-01-01,2026-05-03,JPY,AUD,17813882.49,0.96717,0.966718,Treasury,-4.52000000000008e-04,122,90+ Days
SWPJZNQUZOND1XY,2025-12-18,2026-04-02,JPY,GBP,1870420.66,1.253678,1.254087,Markets,4.08999999999882e-04,105,90+ Days
SWP4KL62GX336KF,2025-11-25,2025-12-20,USD,GBP,1984633.49,0.746269,0.745524,Markets,-7.44999999999996e-04,25,0-30 Days
SWPC09KS7DGIIL2,2025-12-17,2026-01-12,USD,GBP,2865540.9,1.370779,1.378612,Investment Banking,7.83299999999998e-03,26,0-30 Days
SWPLBGTH45UDJ62,2025-11-19,2026-01-24,CAD,GBP,2405809.72,1.253459,1.256556,Treasury,3.09699999999991e-03,66,30-90 Days
SWPKSEFVAPZE78H,2025-11-25,2026-05-23,CHF,EUR,3446199.19,0.949314,0.949834,Investment Banking,5.19999999999965e-04,179,90+ Days
SWPI5P36EGXW5RE,2026-02-04,2026-05-27,CAD,EUR,2293759.2,0.922117,0.924892,Treasury,2.77500000000008e-03,112,90+ Days
SWPJ717L034ZEBW,2025-11-20,2026-03-13,CAD,CHF,3386305.24,1.392439,1.394677,Treasury,2.23799999999996e-03,113,90+ Days
SWPPTWVML0J0QI0,2025-11-09,2026-03-14,CAD,USD,5299604.94,1.423494,1.421888,Markets,-0.001606,125,90+ Days
SWPKQDGAE6PF0IS,2025-11-30,2026-05-23,CHF,JPY,13001366.66,0.620984,0.620364,Treasury,-6.19999999999954e-04,174,90+ Days
SWP8EXIHN44LXI7,2025-11-25,2026-01-21,CAD,EUR,10335933.37,0.548888,0.549672,Investment Banking,7.84000000000007e-04,57,30-90 Days
SWPFN709JELDPMY,2025-11-15,2026-03-29,AUD,USD,16372305.72,0.925385,0.92597,Markets,5.84999999999947e-04,134,90+ Days
SWPUVUNEIOR80LH,2026-01-04,2026-04-20,CHF,AUD,10321917.94,1.091523,1.096619,Treasury,5.09599999999999e-03,106,90+ Days
SWPHFP9QAR19DE6,2025-11-22,2026-01-03,AUD,GBP,1349599.78,1.491192,1.489614,Markets,-1.57800000000008e-03,42,30-90 Days
SWP7RXQ58JYFTEV,2025-11-09,2026-03-18,EUR,CAD,6743380.14,0.862082,0.863152,Investment Banking,1.07000000000002e-03,129,90+ Days
SWPV0WAOKAS8RBK,2025-12-11,2026-04-26,CAD,CHF,6356858.89,1.428173,1.427308,Investment Banking,-8.64999999999894e-04,136,90+ Days
SWP44579AH9FE1N,2025-11-07,2025-12-26,AUD,CHF,1712241.74,1.070728,1.072041,Treasury,1.31300000000012e-03,49,30-90 Days
SWP8UDPWUODQSNH,2025-12-28,2026-05-06,AUD,GBP,758335.69,0.690879,0.693743,Investment Banking,2.86399999999998e-03,129,90+ Days
SWPTF2R0PCL0JKV,2026-01-28,2026-04-21,GBP,JPY,12181705.01,0.692372,0.692878,Treasury,5.06000000000006e-04,83,30-90 Days
SWPJLJPDVY69GUV,2026-01-05,2026-01-19,GBP,AUD,1782912.75,1.373633,1.377921,Markets,4.28799999999985e-03,14,0-30 Days
SWP3IQA85ZGKCW4,2025-11-10,2026-02-05,CHF,EUR,3772452.9,0.524284,0.526047,Markets,1.76300000000007e-03,87,30-90 Days
SWP9LPLE9O1JS0K,2025-10-26,2026-03-02,JPY,AUD,7793704.92,1.330973,1.337612,Treasury,6.63900000000006e-03,127,90+ Days
SWP3JAH8EAMO6P2,2026-01-16,2026-06-30,CHF,EUR,3828371.49,1.266596,1.271396,Investment Banking,4.79999999999992e-03,165,90+ Days
SWPHHGESJCQISNY,2026-02-08,2026-06-01,JPY,USD,2070326.05,1.101782,1.103847,Investment Banking,2.06499999999998e-03,113,90+ Days
SWPIUSCLIY0JBFM,2026-01-11,2026-01-30,INR,CAD,6716986.52,0.857966,0.858362,Investment Banking,3.95999999999952e-04,19,0-30 Days
SWP8VJWCGF5CJWK,2026-01-07,2026-02-10,GBP,USD,2073744.88,0.743067,0.742447,Investment Banking,-6.20000000000065e-04,34,30-90 Days
SWPGHHP4X3K3CL9,2026-02-14,2026-04-24,EUR,AUD,8669285.27,0.948457,0.950898,Markets,2.44100000000003e-03,69,30-90 Days
SWPL6OPJQ5T4PPH,2025-12-15,2026-02-09,USD,CHF,3536053.39,1.371506,1.374031,Investment Banking,2.52500000000011e-03,56,30-90 Days
SWPGOG2JSAO2MOZ,2026-01-06,2026-04-19,CHF,GBP,2344316.66,1.331097,1.334265,Investment Banking,3.16800000000006e-03,103,90+ Days
SWPNNO5EUS3XM2R,2026-02-18,2026-06-19,CHF,EUR,9288433.52,1.375416,1.377075,Investment Banking,1.65900000000008e-03,121,90+ Days
SWPWNHR0V8O13LB,2026-02-11,2026-03-13,CAD,EUR,1127743.05,1.349436,1.347845,Investment Banking,-1.59100000000012e-03,30,0-30 Days
SWP2ZGCCX71XR97,2026-01-13,2026-04-07,JPY,GBP,2863757.92,1.148146,1.149415,Investment Banking,1.26899999999996e-03,84,30-90 Days
SWP4ZEZEFEEOTL0,2026-01-24,2026-02-23,AUD,INR,6691328.13,0.820479,0.820977,Treasury,4.97999999999998e-04,30,0-30 Days
SWPHA9BBISK2D1G,2025-12-27,2026-02-14,CAD,CHF,1250191.98,1.248587,1.247582,Investment Banking,-1.00499999999992e-03,49,30-90 Days
SWP0UHH6V0NOI1Y,2025-11-20,2026-03-24,INR,AUD,2622963.23,0.685487,0.685601,Treasury,1.14000000000058e-04,124,90+ Days
SWPYBOUF0ZJ9GIY,2025-12-08,2026-01-30,CAD,EUR,6119327.14,1.116963,1.116968,Markets,5.00000000003276e-06,53,30-90 Days
SWP26KGG9KIS65H,2026-01-14,2026-04-25,EUR,CAD,2701467.52,0.801986,0.803041,Investment Banking,1.05500000000003e-03,101,90+ Days
SWP4114UNN2CLGV,2026-02-16,2026-08-04,JPY,AUD,13606423.33,0.750705,0.747825,Investment Banking,-2.87999999999999e-03,169,90+ Days
SWPQ1TS55GW1XRS,2026-01-30,2026-07-23,EUR,AUD,1814093.49,1.055082,1.055686,Markets,6.03999999999827e-04,174,90+ Days
SWP97I4JR7RUJHV,2025-12-06,2026-03-28,JPY,INR,2335147.71,1.14031,1.140236,Investment Banking,-7.39999999999075e-05,112,90+ Days
SWP6PEDMCJ4KIV7,2025-12-30,2026-02-21,AUD,JPY,5540559.17,0.938999,0.939081,Treasury,8.20000000000265e-05,53,30-90 Days
SWPHLAR3X1SUR08,2025-12-14,2026-02-09,GBP,JPY,3756500.69,1.193715,1.195069,Markets,1.35399999999986e-03,57,30-90 Days
SWPPUZ5X0TXXLAI,2025-12-15,2026-05-04,AUD,EUR,2176910.29,1.111207,1.113051,Markets,1.84399999999996e-03,140,90+ Days
SWPMU8D8Z9Y9Y6K,2026-01-04,2026-03-07,AUD,CAD,1283965.2,1.267586,1.26794,Markets,3.53999999999965e-04,62,30-90 Days
SWPX3D2TR28316L,2025-10-28,2025-12-28,AUD,CAD,1186793.24,1.06786,1.068887,Markets,1.02699999999989e-03,61,30-90 Days
SWPIO62BRG8MZPB,2025-11-06,2026-03-01,CHF,CAD,1723364.49,1.487131,1.490472,Investment Banking,3.34100000000004e-03,115,90+ Days
SWPTFXO5XXAYFYI,2026-01-22,2026-02-08,EUR,INR,866349.94,1.010334,1.007757,Investment Banking,-2.57700000000005e-03,17,0-30 Days
SWP9JAV603E0F7A,2025-12-15,2026-05-25,AUD,CHF,8040144.06,1.05752,1.057027,Markets,-4.93000000000077e-04,161,90+ Days
SWPTS9INLDPABJN,2025-11-01,2026-03-01,AUD,GBP,6754839.85,1.49579,1.49723,Treasury,1.44000000000011e-03,120,90+ Days
SWPJOREBY0YEOEW,2026-01-05,2026-06-18,CAD,USD,7512333.08,1.03472,1.033782,Markets,-9.38000000000105e-04,164,90+ Days
SWPA61GDAS815FH,2025-10-30,2026-01-28,AUD,GBP,740160.57,0.998836,0.998054,Investment Banking,-7.81999999999949e-04,90,30-90 Days
SWPJMA3TVJPC6UN,2026-02-22,2026-08-05,CAD,INR,3336231.72,1.30206,1.30666,Treasury,4.59999999999994e-03,164,90+ Days
SWPFZPVFRIVGP1B,2026-01-15,2026-07-11,INR,CHF,4484786.61,0.692605,0.69451,Markets,1.90499999999993e-03,177,90+ Days
SWPQSD0DLPWQHZ1,2025-11-10,2026-04-28,GBP,JPY,3151150.65,0.686754,0.688692,Markets,0.001938,169,90+ Days
SWP0RISL49HA29X,2026-01-14,2026-07-03,AUD,USD,8497070.36,1.451616,1.455141,Treasury,0.003525,170,90+ Days
SWPC4DSDOSUBEG5,2026-02-18,2026-08-01,AUD,EUR,3746196.31,0.673629,0.672492,Treasury,-1.13700000000005e-03,164,90+ Days
SWP18IW0AYOTAQE,2025-11-20,2026-04-04,CAD,CHF,4314153.09,1.445901,1.449699,Treasury,3.79799999999997e-03,135,90+ Days
SWPPAFMY1F8K88C,2025-11-30,2026-02-16,GBP,JPY,7488934.63,0.932817,0.93541,Treasury,2.59299999999996e-03,78,30-90 Days
SWPBXU8TYXLB2J0,2026-01-21,2026-04-07,AUD,JPY,2035628.88,1.361826,1.363321,Markets,1.49500000000002e-03,76,30-90 Days
SWPQPU8RCK7O0PW,2025-12-12,2026-05-18,CAD,AUD,24478066.19,1.254474,1.25668,Markets,2.20599999999993e-03,157,90+ Days
SWPSBF16T97JENA,2025-12-05,2026-03-05,JPY,CHF,1661528.05,0.8172,0.818976,Treasury,0.001776,90,30-90 Days
SWP6DCQWYIVINKT,2025-12-01,2026-02-23,EUR,CAD,6384522.5,1.289296,1.289498,Markets,2.02000000000035e-04,84,30-90 Days
SWPZCMDVLNHIOHQ,2025-12-10,2026-01-26,CHF,JPY,3339497.55,1.385724,1.383455,Markets,-2.26899999999985e-03,47,30-90 Days
SWPID5GRZ9SOPH8,2025-12-12,2026-02-08,JPY,GBP,1868602.8,0.60303,0.603946,Markets,9.16000000000028e-04,58,30-90 Days
SWPDWVB9A0XWL9S,2025-11-19,2026-03-06,AUD,JPY,2870670.29,1.222602,1.220619,Treasury,-1.98300000000007e-03,107,90+ Days
SWPAM4AR4VYNNSM,2026-02-04,2026-06-08,EUR,GBP,2902519.32,1.448973,1.448233,Treasury,-7.39999999999963e-04,124,90+ Days
SWPISIS5YZUAHPK,2025-11-12,2026-02-07,GBP,CAD,22635279.92,0.7425,0.742379,Markets,-1.21000000000038e-04,87,30-90 Days
SWPYI6D5MYHW5UR,2026-01-15,2026-02-05,CAD,INR,4183285.23,1.003708,1.00236,Investment Banking,-1.34800000000013e-03,21,0-30 Days
SWPNKBUFBKWYP02,2026-01-10,2026-03-02,INR,CHF,2432177.56,0.687239,0.688658,Markets,1.41899999999995e-03,51,30-90 Days
SWPZPD7CXCWYL12,2025-12-30,2026-02-11,AUD,CHF,4521918.98,1.28116,1.281975,Markets,8.1500000000001e-04,43,30-90 Days
SWPFUMCO2GFOULB,2026-01-29,2026-03-04,USD,EUR,5876374.84,0.722315,0.723549,Markets,1.23399999999996e-03,34,30-90 Days
SWP5KD3G46JVDI8,2026-02-17,2026-04-10,INR,CHF,2545008.27,1.415637,1.415399,Investment Banking,-2.3799999999996e-04,52,30-90 Days
SWP7OF3V6WO0722,2025-12-30,2026-06-02,EUR,CHF,7202350.95,1.280572,1.279352,Markets,-0.00122,154,90+ Days
SWPJBXTVQ5VLKEE,2026-02-19,2026-04-28,CHF,EUR,2863497.17,1.060688,1.065418,Investment Banking,4.7299999999999e-03,68,30-90 Days
SWP17VN3DQ0K9XQ,2025-11-19,2025-12-13,GBP,CAD,2589696.87,0.924133,0.927078,Markets,2.94499999999998e-03,24,0-30 Days
SWPFRSP5LP32EQW,2026-02-07,2026-08-03,USD,JPY,6920038.3,1.20713,1.205984,Markets,-1.14600000000009e-03,177,90+ Days
SWPXXISIPMRW9PH,2026-01-14,2026-06-09,JPY,INR,5255264.35,0.9556,0.953667,Treasury,-1.93299999999996e-03,146,90+ Days
SWPX3BYULO8KT6N,2025-12-15,2026-06-03,EUR,CAD,1689543.85,1.493042,1.488276,Treasury,-4.76600000000005e-03,170,90+ Days
SWP8J6NZSTTTG7L,2025-11-16,2026-03-20,CAD,EUR,1981049.67,1.351379,1.354758,Investment Banking,3.3789999999998e-03,124,90+ Days
SWPU1TLWYO9W12R,2025-12-12,2026-06-10,EUR,USD,13907451.52,1.442918,1.444307,Markets,1.38900000000008e-03,180,90+ Days
SWP39LLR2T7FYQ9,2026-01-24,2026-03-19,JPY,USD,4921393.26,0.623995,0.625685,Investment Banking,1.69000000000008e-03,54,30-90 Days
SWPVTG7DQ0T6ASJ,2025-12-21,2026-01-22,AUD,EUR,11388252.38,0.914709,0.916055,Treasury,1.34599999999996e-03,32,30-90 Days
SWP9U8SG9TMFIVC,2026-01-31,2026-04-14,INR,CAD,3725784.17,1.276123,1.276183,Investment Banking,6.0000000000171e-05,73,30-90 Days
SWPX278D6IQOJJN,2026-01-31,2026-07-28,EUR,USD,1623332.85,1.170604,1.172319,Markets,1.71499999999991e-03,178,90+ Days
SWPSO49BSX9Y1FX,2025-12-21,2026-05-03,JPY,EUR,3365191.72,0.861648,0.861402,Investment Banking,-2.45999999999968e-04,133,90+ Days
SWPQWVOJ6DSU857,2025-12-07,2025-12-30,INR,EUR,5724676.36,0.85339,0.855419,Treasury,2.02900000000006e-03,23,0-30 Days
SWPRBQ6P2GAEK3J,2026-02-08,2026-06-27,JPY,EUR,4469661.8,1.160991,1.16248,Investment Banking,1.48899999999985e-03,139,90+ Days
SWPS0OJGA78G9S1,2025-11-19,2026-05-16,CAD,CHF,9816933.95,0.845219,0.844154,Investment Banking,-1.06500000000009e-03,178,90+ Days
SWPRP7O0NG37N04,2025-12-05,2026-02-08,EUR,CHF,15957524.03,1.10459,1.104545,Treasury,-4.49999999998507e-05,65,30-90 Days
SWPWLRR2DRV7Q99,2026-01-25,2026-03-01,USD,CHF,1544090.52,1.483503,1.485034,Treasury,1.53099999999995e-03,35,30-90 Days
SWP18KHXGNABWUZ,2026-01-09,2026-06-17,USD,JPY,1356906.15,1.395877,1.40302,Investment Banking,7.1429999999999e-03,159,90+ Days
SWPS0EL1X4QYFPJ,2026-01-21,2026-05-12,CAD,GBP,4836288.41,0.910559,0.916402,Investment Banking,5.84300000000004e-03,111,90+ Days
SWPKQLV17YZ8NSI,2026-02-09,2026-03-14,JPY,USD,9836775.97,1.443614,1.44724,Investment Banking,3.62600000000013e-03,33,30-90 Days
SWPV32I27A03SXL,2025-12-01,2026-05-17,GBP,CAD,3902841.43,1.378241,1.377983,Markets,-2.58000000000091e-04,167,90+ Days
SWPMAZC9LAQ6PZF,2025-12-29,2026-04-08,EUR,AUD,5675040.25,1.195977,1.197293,Investment Banking,1.31599999999987e-03,100,90+ Days
SWPIXY2OHBC3TMS,2025-12-28,2026-05-13,GBP,AUD,843803.27,1.038724,1.040753,Investment Banking,2.02900000000006e-03,136,90+ Days
SWPE16HUZFEYTT8,2025-10-31,2026-01-31,USD,JPY,5772268.68,1.437796,1.43648,Markets,-1.31600000000009e-03,92,90+ Days
SWP1PDER90XOOL5,2025-10-29,2026-04-17,AUD,USD,907344.66,1.204501,1.210077,Markets,5.57600000000003e-03,170,90+ Days
SWPXFDAJ20FMW2I,2025-12-24,2026-01-31,USD,CAD,1021353.83,1.36116,1.361799,Treasury,6.39000000000056e-04,38,30-90 Days
SWPV0R95XAN7CGM,2026-02-21,2026-08-18,GBP,EUR,3819849.26,0.938202,0.938309,Treasury,1.06999999999968e-04,178,90+ Days
SWPMFJ7OLGFCXYS,2025-12-11,2026-03-25,GBP,EUR,558777.71,0.686571,0.689533,Investment Banking,2.96199999999991e-03,104,90+ Days
SWPMLWIT2FKKW63,2026-01-10,2026-05-18,INR,AUD,1497663.53,0.543373,0.546179,Treasury,2.80599999999998e-03,128,90+ Days
SWP29L1QLULOZ3C,2026-01-01,2026-01-17,USD,CAD,2377072.09,0.635755,0.63847,Treasury,2.71500000000002e-03,16,0-30 Days
SWPRDW08RKQOXW3,2025-11-25,2026-03-21,INR,JPY,10852435.78,0.589645,0.588514,Investment Banking,-1.13099999999999e-03,116,90+ Days
SWPV5IKRZPIQCJW,2025-11-24,2026-04-16,CAD,JPY,2719338.92,0.9507,0.950347,Markets,-3.52999999999937e-04,143,90+ Days
SWPV4C24IIGRTAR,2025-11-20,2025-12-17,CHF,INR,2657024.07,1.098288,1.101966,Markets,3.67800000000007e-03,27,0-30 Days
SWPKMUTAL1JE3BV,2025-12-19,2026-05-14,USD,CHF,4679921.17,1.232368,1.229952,Investment Banking,-2.41599999999997e-03,146,90+ Days
SWPHR6OU5G8J98P,2025-11-28,2026-05-25,GBP,JPY,4083983.26,0.985412,0.985642,Investment Banking,2.30000000000063e-04,178,90+ Days
SWP4X01ZH9BLL8C,2025-12-17,2026-02-21,CAD,GBP,2673106.26,0.61866,0.619707,Markets,1.04700000000002e-03,66,30-90 Days
SWPHTG41KGO6PWV,2025-12-21,2026-04-27,JPY,EUR,3194907.36,1.008905,1.012123,Treasury,3.21800000000017e-03,127,90+ Days
SWPYO3OZVLAYTJP,2025-11-21,2026-01-16,USD,JPY,4032560.74,0.975798,0.980456,Investment Banking,4.65799999999994e-03,56,30-90 Days
SWP9OCPHNF572PA,2026-01-19,2026-07-09,USD,INR,5712752.44,0.726784,0.726863,Investment Banking,7.90000000000513e-05,171,90+ Days
SWPYG5CK402TQPW,2026-02-01,2026-02-24,CAD,AUD,1561430.31,1.093604,1.095851,Investment Banking,2.24699999999989e-03,23,0-30 Days
SWPE9LZWT8G2B41,2026-02-09,2026-04-09,CAD,CHF,3726653.54,1.136813,1.13885,Markets,2.03699999999984e-03,59,30-90 Days
SWPEU9B3O9V2QJU,2025-12-26,2026-04-11,GBP,INR,3033331.23,0.900946,0.905286,Investment Banking,4.34000000000001e-03,106,90+ Days
SWPK26FOT2S8IBH,2025-12-01,2025-12-25,JPY,CHF,7245631.61,1.380462,1.379392,Markets,-1.07000000000013e-03,24,0-30 Days
SWPZC1S7HDE0984,2025-12-12,2026-03-16,AUD,CHF,3312439.05,1.395611,1.399362,Investment Banking,3.75100000000006e-03,94,90+ Days
SWPH17O6SQ59ODP,2025-11-18,2025-12-02,CHF,GBP,1703306.74,0.565701,0.565748,Investment Banking,4.70000000000192e-05,14,0-30 Days
SWPSH3U7OP392FW,2026-01-07,2026-03-26,CHF,INR,617901.81,1.239389,1.236987,Treasury,-2.40200000000002e-03,78,30-90 Days
SWPZPGIA3MWUDK8,2026-01-26,2026-05-08,EUR,AUD,4372735.28,0.79541,0.796232,Treasury,8.220000000001e-04,102,90+ Days
SWP67ZG5PJGDPBQ,2025-11-26,2026-02-21,CHF,INR,4392220.34,0.544134,0.543354,Investment Banking,-7.80000000000003e-04,87,30-90 Days
SWPOLNSAR6C8KHE,2026-01-17,2026-03-06,USD,INR,4252630.87,1.036821,1.03997,Investment Banking,3.14900000000007e-03,48,30-90 Days
SWPYSZWG0IVKSQ1,2025-11-08,2026-02-26,EUR,AUD,2390745.95,1.160232,1.167131,Treasury,6.89899999999999e-03,110,90+ Days
SWP7E5U07ELXCOU,2025-12-10,2026-05-01,EUR,CAD,894810.68,0.633868,0.634738,Treasury,8.70000000000037e-04,142,90+ Days
SWP3JLNE0OC33UV,2026-02-10,2026-07-01,JPY,CAD,4197485.96,0.71382,0.714579,Markets,7.58999999999954e-04,141,90+ Days
SWPXUQJAPGLS3E2,2025-11-03,2026-02-05,AUD,USD,4616851.38,0.643073,0.643991,Investment Banking,9.17999999999974e-04,94,90+ Days
SWPI2UAFRG1G3V4,2025-12-03,2026-02-03,EUR,USD,714983.54,0.538881,0.538308,Markets,-5.73000000000046e-04,62,30-90 Days
SWP1UTWVHUQJ279,2026-02-10,2026-04-02,AUD,USD,1531070.9,1.029373,1.032755,Markets,0.003382,51,30-90 Days
SWPQGGKJ1HLN58L,2025-10-30,2026-01-06,INR,AUD,1131434.89,1.046129,1.049629,Treasury,3.49999999999984e-03,68,30-90 Days
SWPOLLE5AYGPXSG,2026-01-27,2026-06-27,INR,JPY,4740992.03,1.148191,1.155429,Investment Banking,7.23800000000008e-03,151,90+ Days
SWP4EL8PNWVVQD1,2025-11-29,2026-02-18,CAD,AUD,1449373.89,1.289352,1.290805,Markets,1.45299999999993e-03,81,30-90 Days
SWPOZ25MYZMIRJ6,2026-01-13,2026-04-15,INR,AUD,2231931.79,1.195414,1.195349,Markets,-6.49999999999817e-05,92,90+ Days
SWP54BP2UMFO0B8,2025-11-22,2026-01-12,JPY,CAD,2416370.54,1.436214,1.434125,Treasury,-2.08900000000001e-03,51,30-90 Days
SWP9H68AAGJRB61,2025-12-31,2026-01-13,JPY,EUR,1856104.72,0.816502,0.818565,Treasury,2.06300000000004e-03,13,0-30 Days
SWP6OY9GGTN29C7,2025-12-01,2026-01-30,EUR,USD,1242103.96,1.133139,1.133725,Markets,5.86000000000197e-04,60,30-90 Days
SWPT0QBY6N2ARV6,2025-11-05,2026-02-07,JPY,GBP,1662761.6,1.365158,1.362621,Investment Banking,-2.53700000000001e-03,94,90+ Days
SWPMOW4OEDF3HP7,2026-01-22,2026-03-20,JPY,USD,10048149.83,0.799683,0.798191,Treasury,-1.49200000000005e-03,57,30-90 Days
SWPCIPUXQFHP0RR,2025-10-28,2026-03-31,USD,GBP,1087308.0,0.956046,0.953701,Treasury,-2.34499999999993e-03,154,90+ Days
SWPFEA0H82XUKFA,2026-01-24,2026-06-12,CAD,CHF,3633151.66,0.664399,0.664218,Treasury,-1.80999999999987e-04,139,90+ Days
SWP5J2K2GNCM0PS,2025-12-30,2026-03-06,USD,CHF,2035217.19,0.681189,0.680452,Investment Banking,-7.37000000000099e-04,66,30-90 Days
SWPRDH25TCJGW7J,2025-10-27,2025-12-12,GBP,CHF,9621309.73,0.883733,0.886434,Treasury,2.70100000000006e-03,46,30-90 Days
SWPVVAX0CBJ1LTM,2026-02-05,2026-02-14,CHF,AUD,2235711.49,1.049551,1.05235,Markets,0.002799,9,0-30 Days
SWP6TK5HEHG1X8K,2026-01-21,2026-07-19,USD,AUD,1856606.16,1.358733,1.35871,Investment Banking,-2.29999999998842e-05,179,90+ Days
SWPYAAPRLX334FG,2025-12-11,2026-03-13,CHF,JPY,6125779.77,1.227363,1.226308,Investment Banking,-1.05500000000003e-03,92,90+ Days
SWPQ8BYL5BRBAQV,2026-01-09,2026-03-12,JPY,INR,2358528.76,1.018921,1.020072,Markets,1.15100000000012e-03,62,30-90 Days
SWPLA5L49BY19RG,2025-11-22,2025-12-24,CAD,JPY,2510325.16,1.424787,1.427841,Treasury,3.05399999999989e-03,32,30-90 Days
SWPOML4XQPX14D6,2025-10-26,2026-01-27,USD,GBP,7143599.57,0.955446,0.955131,Investment Banking,-3.15000000000065e-04,93,90+ Days
SWPK37XC5DEK2FB,2025-12-03,2026-03-08,CHF,GBP,2030622.64,1.429204,1.433246,Treasury,4.0420000000001e-03,95,90+ Days
SWPL3AH8LJZNDF4,2025-11-24,2026-02-10,EUR,CHF,4569224.1,0.59587,0.597541,Investment Banking,1.67099999999998e-03,78,30-90 Days
SWPP2S3BQTT3Y4I,2025-11-26,2025-12-21,INR,JPY,3185017.62,0.809018,0.809411,Investment Banking,3.92999999999977e-04,25,0-30 Days
SWPJ9H2EQNO7OFI,2025-12-23,2026-02-05,JPY,GBP,2326191.87,0.717238,0.718635,Investment Banking,1.39699999999998e-03,44,30-90 Days
SWPLKRQE5ZVKF7B,2026-01-26,2026-05-08,USD,GBP,7895967.9,1.392154,1.400146,Markets,0.007992,102,90+ Days
SWPW4BH0U5ZASFE,2025-11-18,2026-05-14,CAD,USD,4389402.05,0.566719,0.565445,Treasury,-0.001274,177,90+ Days
SWPZOT3G5FYI1SJ,2025-12-27,2026-02-21,CAD,EUR,1564247.31,0.881825,0.887036,Treasury,5.21100000000008e-03,56,30-90 Days
SWPX2R6SN8J7JOW,2025-11-18,2026-02-27,GBP,CAD,1392813.04,1.013618,1.014563,Investment Banking,9.45000000000196e-04,101,90+ Days
SWP7WCKAME88CAK,2025-11-09,2026-04-16,GBP,AUD,5139993.71,0.777296,0.779804,Treasury,2.50800000000007e-03,158,90+ Days
SWPHA3WSJGPCWE1,2025-12-26,2026-03-09,EUR,INR,4258279.27,0.581642,0.580437,Markets,-1.20500000000001e-03,73,30-90 Days
SWPUIUCZZDU766V,2025-12-13,2025-12-27,USD,GBP,1274414.59,0.684981,0.684656,Treasury,-3.24999999999909e-04,14,0-30 Days
SWP9EYU0AJTJRSC,2025-12-31,2026-04-27,JPY,AUD,2087212.63,1.337461,1.339966,Markets,2.50499999999998e-03,117,90+ Days
SWP5BDQRO69PRFD,2025-12-22,2026-02-06,CHF,INR,4605876.51,1.13354,1.131618,Treasury,-1.92199999999998e-03,46,30-90 Days
SWPL88OR427P3EJ,2025-11-21,2026-01-15,GBP,CHF,3253929.89,1.205832,1.20902,Markets,3.18799999999997e-03,55,30-90 Days
SWP0O4CAP5KRI1M,2026-02-15,2026-05-06,CHF,GBP,5280421.56,0.716017,0.717302,Investment Banking,1.28499999999998e-03,80,30-90 Days
SWPIS9DJR1049P1,2026-01-27,2026-05-23,AUD,USD,4137967.55,0.594747,0.597589,Treasury,2.84200000000001e-03,116,90+ Days
SWPZ7TNTOY6DOL6,2025-12-21,2026-06-08,CHF,USD,1908269.05,0.58069,0.58279,Markets,2.09999999999999e-03,169,90+ Days
SWPJYZ518NF5MHI,2025-11-17,2026-05-07,CAD,USD,2339251.65,0.94218,0.942187,Treasury,6.99999999997925e-06,171,90+ Days
SWPBTBFDFQXUY4W,2025-12-30,2026-05-06,AUD,INR,6956040.84,1.327906,1.33051,Markets,2.60400000000005e-03,127,90+ Days
SWP0HSL1ZJDF820,2026-02-18,2026-03-13,INR,USD,9639511.77,0.735536,0.737124,Investment Banking,1.58800000000003e-03,23,0-30 Days
SWPVJM91D16JILJ,2025-10-31,2026-04-17,USD,EUR,4519545.11,1.218847,1.219913,Treasury,1.06600000000001e-03,168,90+ Days
SWP1ORFM36S9I2Z,2025-11-05,2026-05-02,USD,JPY,9347408.91,1.425525,1.431232,Treasury,5.70700000000013e-03,178,90+ Days
SWPUYLLWH8JHUWT,2025-10-28,2025-12-17,GBP,JPY,3964434.8,0.501841,0.503007,Treasury,0.001166,50,30-90 Days
SWPNJ1Z9W6LVITG,2025-11-20,2026-03-08,EUR,INR,4124121.52,0.641705,0.640243,Markets,-1.46199999999996e-03,108,90+ Days
SWPW5ZY5FOOB706,2025-12-05,2026-06-03,CHF,CAD,3904866.68,1.468373,1.471447,Treasury,3.07400000000002e-03,180,90+ Days
SWPXTJT3KCEDVSN,2026-02-05,2026-03-25,CHF,GBP,5983528.82,0.511955,0.514839,Investment Banking,0.002884,48,30-90 Days
SWPNEUYND2F8DLN,2026-01-06,2026-03-17,USD,EUR,10846894.52,1.274698,1.276669,Treasury,1.97099999999995e-03,70,30-90 Days
SWP10YCTD64X6TU,2026-02-03,2026-05-01,EUR,USD,942817.61,1.385927,1.385722,Markets,-2.05000000000011e-04,87,30-90 Days
SWPH84485MWBRKU,2025-11-21,2026-02-16,AUD,INR,7692213.95,1.163521,1.163357,Investment Banking,-1.64000000000053e-04,87,30-90 Days
SWP0SRIS5H3QR7A,2026-02-18,2026-08-05,INR,JPY,2574147.8,0.845434,0.843213,Investment Banking,-2.22100000000003e-03,168,90+ Days
SWPDYW9Q1KWNBUQ,2026-02-09,2026-06-08,JPY,GBP,5197916.97,0.836421,0.835146,Markets,-1.27499999999992e-03,119,90+ Days
SWPFPUPHV1QS2JZ,2026-02-11,2026-08-01,CAD,AUD,1888822.04,1.015045,1.01311,Markets,-1.93500000000002e-03,171,90+ Days
SWPAQK2VJW9FKKG,2025-11-30,2025-12-22,CHF,USD,2140712.16,1.491069,1.49434,Investment Banking,3.27100000000002e-03,22,0-30 Days
SWPR9W9SD057FCN,2025-12-01,2026-04-30,JPY,USD,1721130.63,1.455643,1.462365,Markets,6.72199999999989e-03,150,90+ Days
SWPCCWV10GA2EXK,2025-12-16,2026-03-06,EUR,USD,1422659.64,0.897247,0.896765,Markets,-4.81999999999982e-04,80,30-90 Days
SWPHGKZ0GP1ZE9Q,2026-01-07,2026-05-02,JPY,EUR,2078888.24,0.584799,0.584603,Markets,-1.95999999999974e-04,115,90+ Days
SWP2PJG2VZA4Y6K,2026-01-09,2026-05-27,CHF,GBP,1231755.2,0.962238,0.963377,Treasury,0.001139,138,90+ Days
SWPQAXPXF2PBCY6,2025-12-18,2025-12-30,JPY,AUD,2109250.46,1.138748,1.142571,Markets,3.82299999999991e-03,12,0-30 Days
SWPMRMYWCVASHQS,2026-01-24,2026-06-17,CAD,EUR,4289196.71,0.634474,0.632463,Treasury,-2.01099999999999e-03,144,90+ Days
SWP236A92XN8UMG,2025-12-08,2026-02-13,CAD,EUR,1823067.28,0.510808,0.508875,Investment Banking,-1.93300000000007e-03,67,30-90 Days
SWPI39213D2JBEW,2025-11-15,2026-03-22,EUR,CAD,2372660.05,0.680034,0.679206,Markets,-8.28000000000051e-04,127,90+ Days
SWPU2ZELUQVXM8E,2026-02-18,2026-05-05,JPY,GBP,1180794.29,0.941028,0.945511,Treasury,4.48300000000001e-03,76,30-90 Days
SWPJA6HZ14LCCFR,2025-12-19,2026-02-07,JPY,INR,1599512.83,0.775944,0.777706,Markets,1.76200000000004e-03,50,30-90 Days
SWPZUHFHQWU5S4I,2026-02-01,2026-06-28,GBP,CHF,1938009.42,1.285902,1.287272,Markets,1.36999999999987e-03,147,90+ Days
SWPEDQN6S79T7AZ,2026-02-21,2026-06-17,JPY,USD,3139903.13,0.980022,0.980241,Treasury,2.1900000000008e-04,116,90+ Days
SWP7W6L9ZL7SXS5,2026-01-30,2026-02-20,GBP,CAD,4778238.56,1.042625,1.045959,Treasury,3.33400000000017e-03,21,0-30 Days
SWP20WKTADEDQWM,2026-02-02,2026-04-01,INR,JPY,1702589.78,1.276531,1.278059,Markets,1.52799999999997e-03,58,30-90 Days
SWPI6DCQ1ZCLNV6,2025-12-02,2026-04-28,EUR,INR,5157386.67,0.72262,0.724761,Markets,2.14099999999995e-03,147,90+ Days
SWP65LUY6SFDC1B,2025-12-17,2026-04-22,JPY,USD,946794.66,1.313638,1.313353,Investment Banking,-2.85000000000091e-04,126,90+ Days
SWPAWU95NT41W4N,2025-11-13,2026-02-26,JPY,CAD,759219.37,0.861616,0.860831,Investment Banking,-7.85000000000036e-04,105,90+ Days
SWPOXKWENRWG1YD,2025-12-23,2026-06-17,AUD,INR,4520482.85,1.179757,1.183468,Treasury,3.71100000000002e-03,176,90+ Days
SWPGYQ7OSEGL8D4,2026-02-11,2026-03-29,INR,AUD,2287696.58,0.94045,0.939475,Markets,-9.75000000000059e-04,46,30-90 Days
SWP1PBCTAACIHTC,2026-01-21,2026-02-15,CHF,CAD,787367.68,0.667731,0.666579,Investment Banking,-1.15199999999993e-03,25,0-30 Days
SWP1TUF7H2HX83E,2026-01-09,2026-06-11,CAD,GBP,3489124.65,1.462213,1.462228,Treasury,1.50000000000983e-05,153,90+ Days
SWPLYOPI1ZVC8EJ,2026-02-13,2026-03-20,USD,INR,8063345.93,0.837099,0.838132,Investment Banking,1.03299999999995e-03,35,30-90 Days
SWPW26UVA9ATSUU,2025-11-20,2026-01-05,JPY,AUD,3470542.46,1.120295,1.122095,Markets,1.80000000000002e-03,46,30-90 Days
SWP1CAJ5JX63MC3,2025-11-14,2026-03-21,JPY,USD,4121323.26,1.034364,1.034193,Markets,-1.71000000000143e-04,127,90+ Days
SWP3EEBD6PTL6IB,2025-12-18,2026-04-09,CHF,GBP,5170781.83,0.946497,0.948055,Treasury,1.55799999999995e-03,112,90+ Days
SWPJKV3ML90VHJR,2026-01-07,2026-03-10,EUR,USD,4399251.41,0.971887,0.971708,Treasury,-1.78999999999929e-04,62,30-90 Days
SWPQDRKTG1FZEIA,2026-02-19,2026-05-22,EUR,CHF,5446791.64,1.304817,1.307651,Treasury,0.002834,92,90+ Days
SWP1L2HPV8672CV,2026-02-16,2026-04-24,CHF,EUR,1699495.86,1.048096,1.04972,Investment Banking,1.62400000000007e-03,67,30-90 Days
SWP8APV7NCG5ADF,2025-12-08,2026-03-09,AUD,JPY,11018151.99,1.497794,1.502412,Investment Banking,4.61800000000001e-03,91,90+ Days
SWP5DOGLR6QON0Y,2026-01-25,2026-04-02,EUR,CHF,7033989.98,1.368538,1.370859,Investment Banking,2.32100000000002e-03,67,30-90 Days
SWPM3XT71XP3Q6V,2026-01-10,2026-03-24,USD,EUR,5160141.19,0.799888,0.799179,Treasury,-7.09000000000071e-04,73,30-90 Days
SWPEY95EFQR8EFS,2026-01-04,2026-02-17,JPY,CHF,13180125.83,0.602387,0.602172,Investment Banking,-2.14999999999965e-04,44,30-90 Days
SWPG8LRJAIT6ATT,2025-11-17,2026-04-29,AUD,INR,3364916.57,1.252764,1.256479,Markets,3.71499999999991e-03,163,90+ Days
SWPYEHLN16NQ4H9,2025-11-22,2025-12-11,CAD,GBP,1323216.42,0.981,0.980426,Investment Banking,-5.73999999999963e-04,19,0-30 Days
SWPY05YMUZ6PJEY,2026-02-03,2026-02-18,JPY,AUD,5298195.13,1.397873,1.396676,Treasury,-1.19699999999989e-03,15,0-30 Days
SWP45J42BN8COME,2025-12-10,2026-05-18,INR,CHF,2578491.34,0.85096,0.851964,Treasury,0.001004,159,90+ Days
SWPPBFBL1H5ZG44,2025-11-17,2026-05-14,INR,AUD,2314264.52,0.872584,0.876208,Investment Banking,3.62399999999996e-03,178,90+ Days
SWPIVPHC0JYKRD1,2026-02-20,2026-07-29,CHF,INR,3085326.29,1.100605,1.099592,Markets,-1.01300000000015e-03,159,90+ Days
SWPCKCOLGGODSGD,2026-01-16,2026-05-20,INR,CHF,3348889.77,1.129457,1.131174,Markets,1.71699999999997e-03,124,90+ Days
SWPIP5ZALQ8EOCC,2025-12-02,2026-02-28,USD,GBP,3447862.98,1.082725,1.085308,Markets,0.002583,88,30-90 Days
SWPWQ4KKI19GUV8,2026-01-18,2026-07-06,GBP,CHF,1194584.49,0.979472,0.979578,Markets,1.05999999999939e-04,169,90+ Days
SWPDC98VWD1LWT2,2026-01-01,2026-06-21,JPY,CHF,3321236.34,0.79082,0.793244,Markets,2.42399999999998e-03,171,90+ Days
SWPFW3HTXI749QJ,2026-01-31,2026-02-21,GBP,INR,7543864.68,0.508111,0.511202,Treasury,3.09100000000007e-03,21,0-30 Days
SWPR8W9YEIM3NKG,2025-11-09,2026-02-19,CAD,JPY,3528377.4,0.78162,0.7839,Investment Banking,2.28000000000006e-03,102,90+ Days
SWPCE1H3873A7RE,2025-12-07,2026-04-13,EUR,INR,1053719.18,1.36385,1.365498,Investment Banking,1.64800000000009e-03,127,90+ Days
SWPCP8NYC7TDPOO,2026-01-07,2026-03-18,CAD,AUD,5987833.71,1.231516,1.22979,Investment Banking,-1.72600000000012e-03,70,30-90 Days
SWPPKEUD34Q4JR2,2026-02-04,2026-04-25,INR,AUD,877628.9,1.006949,1.004859,Treasury,-2.09000000000015e-03,80,30-90 Days
SWP9SESZ1I2MYOQ,2025-11-15,2026-03-23,EUR,USD,1701781.4,0.752096,0.754654,Investment Banking,2.55800000000006e-03,128,90+ Days
SWP79SQF47F1Q2G,2026-01-25,2026-02-22,EUR,JPY,1911624.09,0.89822,0.898001,Treasury,-2.18999999999969e-04,28,0-30 Days
SWPYPZ5UUXMFO77,2026-01-03,2026-01-20,CHF,GBP,4348665.96,1.441551,1.446844,Markets,5.29299999999999e-03,17,0-30 Days
SWPMLUT9JK93OPU,2025-11-01,2025-11-09,CAD,EUR,14524853.02,0.596932,0.598851,Treasury,0.001919,8,0-30 Days
SWPNZ6IR0WMQ7WE,2025-12-30,2026-06-21,USD,JPY,1750627.26,0.884812,0.885483,Treasury,6.70999999999977e-04,173,90+ Days
SWPK3N9I36RE8Y4,2025-10-31,2026-01-28,EUR,INR,1801185.99,0.889892,0.890293,Treasury,4.00999999999985e-04,89,30-90 Days
SWPUHXQ2F5UZPGJ,2025-12-31,2026-02-08,CHF,GBP,4622806.01,1.337399,1.338004,Treasury,6.04999999999967e-04,39,30-90 Days
SWPS773CGKXHB53,2025-10-30,2026-02-07,AUD,CHF,1033972.65,0.784788,0.786902,Investment Banking,2.11399999999995e-03,100,90+ Days
SWPAGDFFNAI8ZZI,2026-01-09,2026-02-09,AUD,GBP,10894734.35,0.874202,0.872483,Markets,-1.71900000000003e-03,31,30-90 Days
SWPRTAUB08L2YYH,2025-11-17,2026-01-01,GBP,USD,3843639.67,1.127379,1.125605,Markets,-1.77399999999994e-03,45,30-90 Days
SWPN2S2GGLONDDF,2025-11-14,2025-12-01,JPY,AUD,2540560.1,1.426351,1.421406,Treasury,-4.94499999999998e-03,17,0-30 Days
SWPXIHDM1SV58A6,2025-11-03,2026-02-21,CHF,USD,5024949.06,0.642775,0.643364,Markets,5.89000000000062e-04,110,90+ Days
SWPAKXB1DW3VN2V,2026-01-23,2026-02-08,JPY,USD,14534842.95,1.351959,1.352519,Treasury,5.60000000000116e-04,16,0-30 Days
SWPC5CK9A2TAFIJ,2026-01-26,2026-02-08,CAD,USD,2887548.02,1.329663,1.334917,Treasury,5.25399999999987e-03,13,0-30 Days
SWP34DEVQ3HQUSO,2025-11-26,2026-02-28,JPY,USD,3807006.83,1.453688,1.456623,Treasury,2.93499999999991e-03,94,90+ Days
SWPDVBTRMVZLRHT,2026-01-26,2026-04-17,CHF,USD,997760.02,1.034088,1.035849,Treasury,1.76100000000012e-03,81,30-90 Days
SWP2CU4ARIPUWZR,2025-11-10,2026-01-20,CAD,GBP,1334748.39,1.046527,1.049409,Markets,2.88200000000005e-03,71,30-90 Days
SWPA9B5F5Z75YCC,2025-11-29,2026-04-16,JPY,CHF,3045602.13,0.655305,0.653804,Investment Banking,-1.50099999999997e-03,138,90+ Days
SWP0I4MGDP3W5SZ,2025-11-03,2025-11-11,INR,GBP,5272107.0,1.479948,1.480836,Treasury,0.000888,8,0-30 Days
SWPY6YSO4T7RRLF,2026-01-13,2026-05-15,JPY,EUR,4831963.01,0.518931,0.518696,Treasury,-2.34999999999985e-04,122,90+ Days
SWPBJBIQ3VND4FC,2025-12-11,2026-04-22,JPY,AUD,2513603.34,1.138252,1.139616,Markets,1.36399999999992e-03,132,90+ Days
SWPB5BX9NAWN7EO,2025-12-14,2026-04-16,CHF,JPY,7028263.31,1.328731,1.330879,Investment Banking,2.14799999999982e-03,123,90+ Days
SWPM32MIBVB5NON,2025-12-14,2026-05-06,CAD,CHF,6102177.59,0.83825,0.84217,Treasury,3.91999999999992e-03,143,90+ Days
SWPX1RYIDC4X5W3,2026-01-26,2026-05-28,CHF,GBP,1084962.32,1.119201,1.121623,Treasury,2.42200000000015e-03,122,90+ Days
SWPVP7KHD35IOYR,2025-12-03,2025-12-11,CAD,EUR,2274436.74,0.914269,0.918582,Markets,4.31300000000001e-03,8,0-30 Days
SWPD2NJK8PPNDRI,2026-02-09,2026-07-28,EUR,CHF,6152300.27,1.156573,1.158757,Investment Banking,2.18399999999996e-03,169,90+ Days
SWP3LAHK3YBUN1P,2026-01-02,2026-01-23,CHF,INR,2942922.53,1.392276,1.395936,Markets,0.00366,21,0-30 Days
SWPBK9UP2CP0D20,2026-01-26,2026-02-23,AUD,INR,1221512.37,1.142411,1.141476,Treasury,-9.3500000000013e-04,28,0-30 Days
SWPUFT1RVNO2HLM,2026-01-09,2026-06-02,JPY,AUD,15079853.34,1.133739,1.136095,Markets,2.35600000000002e-03,144,90+ Days
SWP3G7NS212IAM0,2026-01-24,2026-04-30,CHF,INR,4728391.75,1.44801,1.446552,Markets,-1.45799999999996e-03,96,90+ Days
SWPMXMZ76YHMQRJ,2026-02-22,2026-07-18,GBP,INR,6455512.42,0.553459,0.553415,Treasury,-4.4000000000044e-05,146,90+ Days
SWPPSK07KS1E7ZK,2025-12-27,2026-03-18,JPY,GBP,7480949.59,1.476808,1.47559,Treasury,-1.21799999999994e-03,81,30-90 Days
SWPQ6N44QMCAYL6,2026-01-14,2026-06-04,EUR,CHF,1839985.13,1.451664,1.453116,Investment Banking,1.45200000000001e-03,141,90+ Days
SWP3VJ5P7DJBYYA,2026-02-03,2026-03-24,GBP,AUD,4564338.17,0.663184,0.664705,Markets,1.52099999999999e-03,49,30-90 Days
SWPCTIX2UTGQD0N,2025-11-05,2025-11-27,USD,AUD,3939736.45,0.777594,0.777718,Markets,1.24000000000013e-04,22,0-30 Days
SWP0R6I6VQMIRJ9,2025-12-20,2026-02-26,USD,CAD,2532118.78,0.659442,0.660896,Markets,1.45400000000007e-03,68,30-90 Days
SWP1LZB2IUIB0F8,2025-12-21,2026-06-12,AUD,CHF,3688042.16,0.792623,0.790419,Treasury,-2.20399999999998e-03,173,90+ Days
SWPXS20LVOZJ3SZ,2025-11-13,2026-01-07,EUR,AUD,9622254.85,1.213993,1.215976,Treasury,1.98299999999985e-03,55,30-90 Days
SWP5BOP19MV5WNS,2025-11-01,2025-12-28,AUD,INR,4604522.56,1.041922,1.045358,Treasury,3.43599999999999e-03,57,30-90 Days
SWP88E7ABP56NEV,2026-02-05,2026-05-18,AUD,USD,3279186.29,1.207957,1.207985,Investment Banking,2.8000000000139e-05,102,90+ Days
SWPUUXKU5V5MOE2,2025-11-25,2025-12-15,AUD,CHF,6695566.44,0.901787,0.903002,Investment Banking,1.21499999999997e-03,20,0-30 Days
SWPL850YKFY9SE4,2025-12-16,2026-01-02,INR,EUR,1297729.77,0.882596,0.884733,Investment Banking,2.13699999999994e-03,17,0-30 Days
SWP9VM2JRLFK4NX,2026-02-14,2026-04-30,JPY,AUD,2142532.46,1.093091,1.09318,Markets,8.90000000000057e-05,75,30-90 Days
SWPF310PWKWXC2A,2026-02-15,2026-06-13,CHF,CAD,3428077.25,1.440192,1.452002,Treasury,1.18100000000001e-02,118,90+ Days
SWPQPISU73RO32J,2025-12-05,2026-02-13,USD,CHF,2875030.87,0.626201,0.628084,Treasury,1.88299999999997e-03,70,30-90 Days
SWPSOWQZZWQRW03,2025-10-31,2025-12-30,INR,JPY,2869301.01,1.202654,1.203019,Markets,3.65000000000171e-04,60,30-90 Days
SWPW5GCTX1VTE51,2025-12-28,2026-02-21,CAD,USD,606054.64,0.635366,0.634625,Investment Banking,-7.40999999999992e-04,55,30-90 Days
SWPUZXS5GYCO4Q5,2025-11-27,2026-04-20,JPY,AUD,4478703.04,0.98025,0.979118,Treasury,-1.13199999999991e-03,144,90+ Days
SWPDGETFJ04ZXYG,2025-12-02,2026-05-24,EUR,CHF,1284421.35,1.155819,1.157353,Investment Banking,1.53400000000015e-03,173,90+ Days
SWP1P4GTJZVCQC0,2026-02-12,2026-03-24,GBP,USD,1934282.32,0.774139,0.773963,Investment Banking,-1.76000000000065e-04,40,30-90 Days
SWPKVHZ1YF57G96,2026-01-28,2026-05-13,GBP,AUD,3717292.79,0.927692,0.931016,Treasury,3.32399999999999e-03,105,90+ Days
SWPQYZL47TX6FLZ,2025-12-27,2026-05-09,AUD,EUR,1053898.11,1.227172,1.227613,Investment Banking,4.41000000000136e-04,133,90+ Days
SWPH5U33S27QLDE,2025-11-21,2026-04-10,CAD,GBP,5266948.15,0.531742,0.534118,Markets,2.37599999999993e-03,140,90+ Days
SWPT26CC2CQ24U6,2026-02-10,2026-05-03,EUR,JPY,1390200.97,1.24246,1.243702,Markets,1.24200000000019e-03,82,30-90 Days
SWPFL3ACF49NRMJ,2025-12-23,2026-01-25,CHF,AUD,2597876.8,1.382769,1.382843,Treasury,7.40000000001295e-05,33,30-90 Days
SWP6UMR33MNUQIE,2025-12-18,2026-03-15,USD,EUR,1187449.07,0.558879,0.558759,Investment Banking,-1.20000000000009e-04,87,30-90 Days
SWP1MYO8ROA8D7W,2026-01-02,2026-03-06,JPY,AUD,5815029.44,1.243666,1.244637,Investment Banking,9.71000000000055e-04,63,30-90 Days
SWPXE96KPL3EOGR,2025-12-04,2026-02-20,GBP,USD,5724381.64,0.841277,0.844126,Investment Banking,2.84899999999999e-03,78,30-90 Days
SWPCRBY4WXLDOXZ,2026-01-04,2026-06-01,USD,JPY,5031110.87,1.41839,1.420545,Investment Banking,2.15499999999991e-03,148,90+ Days
SWPEUQT4OFS1VFB,2025-11-24,2025-12-27,EUR,INR,1386348.7,0.545239,0.544566,Markets,-6.73000000000035e-04,33,30-90 Days
SWPDA6D6X10VDOW,2025-11-22,2025-12-21,CHF,AUD,1024514.01,0.82133,0.822894,Treasury,1.56400000000001e-03,29,0-30 Days
SWPM6WV6YPE0WSL,2026-01-22,2026-02-11,USD,GBP,3646809.28,0.503024,0.502985,Treasury,-3.90000000000112e-05,20,0-30 Days
SWPGK21E2NTRKQF,2026-01-19,2026-07-14,INR,GBP,20504286.07,1.479666,1.482891,Investment Banking,3.22500000000003e-03,176,90+ Days
SWPY0ATIWR0IXYR,2025-11-18,2026-01-17,CAD,CHF,2449985.28,0.976981,0.978526,Markets,1.54500000000002e-03,60,30-90 Days
SWPVZI6DGOI8TP3,2026-01-22,2026-03-01,GBP,CHF,2693632.55,0.995585,0.997515,Treasury,1.92999999999999e-03,38,30-90 Days
SWP44PFLZVO4K96,2026-01-05,2026-06-22,INR,GBP,3778102.55,0.959571,0.960353,Investment Banking,7.8200000000006e-04,168,90+ Days
SWPWYSNTX1ME0NX,2025-12-29,2026-01-20,GBP,USD,2023112.2,1.484161,1.483633,Investment Banking,-5.28000000000084e-04,22,0-30 Days
SWPNKZBUUOOOXD9,2026-02-06,2026-08-05,INR,GBP,967885.01,1.459408,1.465816,Treasury,6.40799999999997e-03,180,90+ Days
SWP4LTFTVJJEASB,2025-12-11,2026-01-10,CAD,GBP,951435.46,0.769721,0.769707,Investment Banking,-1.39999999999585e-05,30,0-30 Days
SWPUR40X1R1R9PY,2025-11-24,2026-03-14,CAD,EUR,9792876.26,0.817689,0.819596,Treasury,1.90699999999999e-03,110,90+ Days
SWP8SPDZFAEXQ6Q,2025-11-27,2026-05-25,USD,INR,3514335.7,1.193784,1.197162,Treasury,3.3780000000001e-03,179,90+ Days
SWP15BMM9V7R173,2026-01-27,2026-04-25,INR,CHF,6162410.37,0.564553,0.564186,Investment Banking,-3.67000000000006e-04,88,30-90 Days
SWPV92A0T72DTLY,2025-12-02,2026-03-12,CAD,CHF,4822120.0,1.123138,1.123776,Investment Banking,6.38000000000138e-04,100,90+ Days
SWPMSNEHFVH5E6Q,2026-01-12,2026-03-12,AUD,GBP,2627054.95,1.463956,1.465121,Treasury,1.16499999999986e-03,59,30-90 Days
SWPV669CQAUY64F,2026-02-14,2026-08-01,EUR,USD,4150119.79,1.19846,1.198967,Markets,5.06999999999813e-04,168,90+ Days
SWPJAM36NF3DWN5,2026-01-09,2026-03-21,AUD,USD,5029565.35,1.434302,1.436691,Investment Banking,2.38899999999997e-03,71,30-90 Days
SWPAD61P61RB5H8,2026-01-07,2026-05-03,JPY,USD,2515644.34,1.39093,1.387187,Investment Banking,-3.74300000000005e-03,116,90+ Days
SWPL1GKDJZZMETL,2025-11-16,2026-01-04,INR,EUR,3570677.73,0.506117,0.505929,Investment Banking,-1.88000000000077e-04,49,30-90 Days
SWP42Q536M9B16U,2025-12-20,2026-04-08,INR,CAD,2961022.37,0.512275,0.512112,Investment Banking,-1.63000000000024e-04,109,90+ Days
SWPM5UN89LK8YIJ,2026-01-22,2026-02-16,CAD,USD,2048743.96,1.3465,1.348062,Investment Banking,1.56200000000006e-03,25,0-30 Days
SWPUSLOJ0OO83G7,2026-01-25,2026-07-23,AUD,CAD,3772097.78,1.02829,1.027122,Treasury,-1.16799999999984e-03,179,90+ Days
SWPVIGYYO9EMHF1,2025-11-24,2026-01-17,CAD,CHF,5419985.25,1.382123,1.386744,Markets,4.62099999999999e-03,54,30-90 Days
SWPN2U5O8OLWYI9,2025-10-28,2026-03-17,USD,CAD,5062699.57,1.347648,1.349827,Investment Banking,2.17900000000015e-03,140,90+ Days
SWP9RJ9SJTJSMGL,2025-11-06,2025-11-20,JPY,INR,2615033.51,1.226425,1.227006,Treasury,5.80999999999943e-04,14,0-30 Days
SWPSP05N7U446VZ,2026-01-23,2026-05-21,GBP,EUR,1006111.02,1.25347,1.255421,Investment Banking,1.95099999999981e-03,118,90+ Days
SWP6P96J9ANQ780,2025-11-18,2026-05-01,CAD,GBP,883848.17,0.771538,0.771802,Investment Banking,2.64000000000042e-04,164,90+ Days
SWPT3IDT5K0C2IA,2026-01-10,2026-02-01,USD,AUD,3713394.46,0.66521,0.66566,Investment Banking,4.50000000000061e-04,22,0-30 Days
SWPF5A8OA7H35KB,2026-01-11,2026-04-11,AUD,GBP,2893443.04,1.278522,1.276107,Markets,-2.41499999999983e-03,90,30-90 Days
SWPUC3YQ9LVMSEW,2026-02-07,2026-05-12,AUD,USD,2104657.92,0.842496,0.840546,Investment Banking,-1.95000000000001e-03,94,90+ Days
SWPYC257OXI5GGI,2025-12-28,2026-04-27,CAD,JPY,558634.59,1.309749,1.310692,Treasury,9.42999999999916e-04,120,90+ Days
SWP5NKE1PTLNUUZ,2026-02-03,2026-03-24,JPY,GBP,767327.76,0.528708,0.529131,Markets,4.23000000000062e-04,49,30-90 Days
SWPX4WOUA9LD0XN,2025-12-05,2026-02-07,CHF,INR,5882378.97,0.824714,0.824367,Markets,-3.46999999999986e-04,64,30-90 Days
SWPVZP5G42UR1BG,2026-02-11,2026-05-26,AUD,CAD,1630340.55,1.312119,1.311946,Investment Banking,-1.72999999999979e-04,104,90+ Days
SWPKF8LUEMY0HDP,2026-02-12,2026-04-24,JPY,CHF,2665005.19,1.3886,1.39135,Investment Banking,2.75000000000003e-03,71,30-90 Days
SWPL3WGH2GDXAO7,2025-12-30,2026-04-15,AUD,CAD,6365024.87,0.6354,0.634257,Markets,-1.14300000000001e-03,106,90+ Days
SWP9T8FO51GK82K,2025-11-28,2026-01-18,USD,AUD,8584936.04,0.820794,0.822048,Treasury,1.25399999999998e-03,51,30-90 Days
SWPGXQ6P6S68LU3,2026-01-08,2026-03-11,CHF,EUR,5271203.35,0.718604,0.719139,Investment Banking,5.34999999999952e-04,62,30-90 Days
SWPX4E8K0DUQ976,2025-12-23,2026-04-21,EUR,GBP,6298309.86,1.379432,1.380363,Treasury,9.31000000000015e-04,119,90+ Days
SWPE6GGB5J8IRU2,2025-11-03,2026-03-07,JPY,INR,6183783.74,0.913607,0.918296,Treasury,4.68900000000005e-03,124,90+ Days
SWPJ3ZZY30MPZY7,2025-10-30,2025-12-21,CHF,INR,3086017.91,0.554516,0.555025,Treasury,5.08999999999982e-04,52,30-90 Days
SWP3GCVLZPFC3W9,2026-01-17,2026-03-04,GBP,AUD,5124899.65,0.931912,0.930789,Treasury,-1.12299999999999e-03,46,30-90 Days
SWPAJW1JDU8GCEZ,2026-01-02,2026-06-09,EUR,GBP,1922350.7,0.805249,0.803502,Markets,-1.74699999999994e-03,158,90+ Days
SWP7OQCFMJ740GS,2025-11-09,2026-01-10,CHF,USD,1665948.2,0.885275,0.885039,Treasury,-2.36000000000014e-04,62,30-90 Days
SWP5Z5YCW50QYJY,2025-11-14,2026-04-26,CAD,INR,6873930.59,1.289859,1.293304,Markets,3.44499999999992e-03,163,90+ Days
SWP3ST64E0S0INY,2026-01-29,2026-06-23,JPY,USD,2776871.57,1.460419,1.459278,Treasury,-1.14099999999984e-03,145,90+ Days
SWP6ZLUCR1K5EUM,2025-12-02,2025-12-27,USD,AUD,2455762.81,1.318508,1.322024,Investment Banking,3.51600000000007e-03,25,0-30 Days
SWPHB22TB34MZQI,2025-11-01,2025-12-21,EUR,CHF,883624.41,1.360077,1.360347,Investment Banking,2.69999999999992e-04,50,30-90 Days
SWPWHMGDL92R28Z,2025-10-30,2026-03-20,CAD,EUR,2825640.23,1.470486,1.47417,Treasury,3.68400000000002e-03,141,90+ Days
SWPYOMWFV046540,2025-12-16,2026-01-25,INR,CHF,5055075.5,1.256536,1.258756,Investment Banking,2.21999999999989e-03,40,30-90 Days
SWPJN7NZA0BS94B,2026-02-05,2026-03-21,CHF,CAD,1413044.73,0.881731,0.884267,Investment Banking,2.53599999999998e-03,44,30-90 Days
SWPSZMAK2F9TEJF,2026-01-01,2026-05-19,AUD,USD,1326134.08,0.587523,0.586961,Markets,-5.62000000000062e-04,138,90+ Days
SWPQDXP9SBL7J89,2026-02-07,2026-07-21,EUR,GBP,7790843.42,1.393409,1.396954,Treasury,3.54500000000013e-03,164,90+ Days
SWPV8ZWO5URFSF2,2025-11-09,2026-04-14,INR,AUD,6081806.18,1.29696,1.294787,Treasury,-2.17299999999998e-03,156,90+ Days
SWPLBBFADNFQSSN,2025-11-06,2026-04-02,USD,GBP,2343112.55,1.457192,1.460307,Treasury,3.11499999999998e-03,147,90+ Days
SWP3040B4QLIAHU,2026-02-06,2026-05-04,USD,CHF,1807816.08,0.942947,0.940977,Markets,-1.97000000000003e-03,87,30-90 Days
SWPYKQSOUYZUQQY,2025-11-13,2025-12-06,CAD,CHF,4825371.2,1.459745,1.459452,Investment Banking,-2.93000000000099e-04,23,0-30 Days
SWPL6Q0H1P11P3E,2025-10-27,2026-04-14,CAD,INR,1982448.69,0.848401,0.847149,Investment Banking,-1.25199999999992e-03,169,90+ Days
SWP27Q0DE8GSSTS,2026-01-25,2026-03-02,AUD,USD,8861170.88,0.627775,0.628498,Treasury,7.23000000000029e-04,36,30-90 Days
SWPII3MFWQMRSAK,2025-11-12,2025-12-08,INR,AUD,4178458.06,0.855086,0.856863,Markets,1.77700000000003e-03,26,0-30 Days
SWP1L584Z6C2LZG,2025-12-12,2026-04-02,JPY,INR,1450279.69,1.39177,1.396313,Investment Banking,4.54299999999996e-03,111,90+ Days
SWPD4EUIG0GFWJR,2025-11-03,2025-11-27,GBP,EUR,758341.57,0.64726,0.648082,Markets,8.220000000001e-04,24,0-30 Days
SWPHUXZUWLDICM5,2026-02-13,2026-07-09,GBP,JPY,1239251.41,1.275799,1.276542,Investment Banking,7.4300000000016e-04,146,90+ Days
SWPZ9W6VNIY5NG9,2025-11-13,2025-12-18,AUD,JPY,12255585.95,1.175759,1.177009,Investment Banking,1.24999999999997e-03,35,30-90 Days
SWPXXRBMW7URHMX,2025-11-21,2026-04-19,CAD,JPY,4198990.74,0.557012,0.557988,Investment Banking,9.76000000000088e-04,149,90+ Days
SWP6SGP3DVMMOXP,2026-02-09,2026-03-05,CAD,EUR,4951618.13,1.390993,1.39336,Investment Banking,2.36700000000001e-03,24,0-30 Days
SWPI85TXMYUE8QT,2026-02-09,2026-03-15,USD,INR,2777347.1,0.915638,0.916124,Treasury,4.86000000000097e-04,34,30-90 Days
SWP4V6GNMUZSRQV,2025-10-30,2026-02-27,USD,INR,8426541.55,1.208438,1.211208,Treasury,2.77000000000016e-03,120,90+ Days
SWPIEI3A3KWV57E,2026-02-20,2026-03-21,USD,JPY,3655509.03,1.072775,1.072395,Treasury,-3.80000000000047e-04,29,0-30 Days
SWP3W69HK0LT6SE,2025-11-12,2026-03-13,USD,GBP,1188726.95,0.782343,0.782852,Investment Banking,5.08999999999982e-04,121,90+ Days
SWP68Q8ELVON31M,2025-11-08,2026-04-11,INR,JPY,2448062.52,0.577444,0.578948,Investment Banking,1.50400000000006e-03,154,90+ Days
SWP2ZOVU0FNLGOB,2025-11-03,2026-02-23,JPY,EUR,4668129.42,0.598101,0.59676,Investment Banking,-1.34100000000004e-03,112,90+ Days
SWPF62WK8LIAUBW,2026-01-14,2026-06-08,CAD,USD,2871486.72,0.870915,0.871169,Markets,2.53999999999976e-04,145,90+ Days
SWPRLTDGAFT34B5,2026-01-07,2026-06-13,AUD,CAD,3006902.01,0.569139,0.571072,Investment Banking,1.93300000000007e-03,157,90+ Days
SWP7P0E8F1J71FN,2025-12-31,2026-02-02,INR,CAD,2755471.49,1.432418,1.434739,Investment Banking,2.32100000000002e-03,33,30-90 Days
SWPH82Q0ZIYZ7IH,2025-12-03,2025-12-27,INR,EUR,8620731.55,0.548054,0.548797,Investment Banking,7.42999999999938e-04,24,0-30 Days
SWPHU2QOB92742J,2026-01-20,2026-03-19,CHF,AUD,2914986.49,0.586311,0.586975,Investment Banking,6.63999999999998e-04,58,30-90 Days
SWP0VAJF9G3H9C5,2026-02-10,2026-05-07,AUD,JPY,8855268.15,1.116449,1.11745,Markets,1.00100000000003e-03,86,30-90 Days
SWPP5WPO8105N2R,2026-01-05,2026-06-01,GBP,CAD,1293068.01,1.083213,1.084445,Treasury,1.23200000000012e-03,147,90+ Days
SWP3E97TQXY5MYK,2026-01-14,2026-04-18,CHF,AUD,2836303.25,0.815108,0.817926,Investment Banking,2.81799999999999e-03,94,90+ Days
SWP8O1078T1IFGZ,2025-10-26,2026-03-31,USD,CAD,865391.69,1.171744,1.172262,Treasury,5.18000000000018e-04,156,90+ Days
SWPS6E39QJWMGUX,2025-11-26,2026-03-30,CAD,JPY,4585954.24,0.969492,0.972369,Investment Banking,2.87700000000002e-03,124,90+ Days
SWPKX1RG8N44OUT,2025-11-16,2026-05-04,USD,INR,1830830.41,0.782319,0.781568,Markets,-7.50999999999946e-04,169,90+ Days
SWPWXIIE3ZHH9OU,2026-01-12,2026-04-19,GBP,INR,5143856.95,1.259928,1.258146,Treasury,-1.78199999999995e-03,97,90+ Days
SWPRRF5F5N2CINW,2026-01-24,2026-02-23,AUD,INR,499030.61,0.946865,0.94958,Investment Banking,2.71500000000002e-03,30,0-30 Days
SWPBVBQTJ6VLI7F,2026-01-27,2026-05-29,INR,USD,4141813.72,1.321153,1.321912,Markets,7.58999999999954e-04,122,90+ Days
SWP5ZS5U10UGCDT,2025-12-13,2026-06-07,JPY,GBP,4174511.32,1.103031,1.103326,Treasury,2.94999999999934e-04,176,90+ Days
SWPJUUKGD5B8RCW,2026-01-20,2026-06-09,CHF,GBP,1382578.95,0.841367,0.841551,Investment Banking,1.84000000000073e-04,140,90+ Days
SWP82F9JKIVW16X,2026-01-07,2026-02-26,JPY,USD,3263793.44,0.541792,0.542513,Treasury,7.20999999999972e-04,50,30-90 Days
SWPFI08AEVOT2XD,2025-12-31,2026-05-08,JPY,USD,4043675.15,1.375055,1.383655,Markets,8.60000000000016e-03,128,90+ Days
SWPK4K5EVZLZ77U,2025-12-02,2026-03-15,CHF,CAD,959889.06,1.268084,1.270072,Markets,1.9880000000001e-03,103,90+ Days
SWPCMQU8B91AWZN,2025-11-16,2026-04-11,GBP,CAD,559127.35,0.98319,0.982511,Investment Banking,-6.78999999999985e-04,146,90+ Days
SWPG5833HMP6RK8,2026-01-09,2026-06-26,AUD,USD,2778999.6,1.26951,1.272586,Markets,3.07600000000008e-03,168,90+ Days
SWP2E2UXWDE726V,2025-12-13,2026-01-08,GBP,USD,4762515.16,1.397956,1.395752,Markets,-2.20399999999987e-03,26,0-30 Days
SWPIAENV0GS16ZG,2025-12-13,2026-03-05,EUR,AUD,3333108.17,0.580153,0.58161,Markets,1.45699999999993e-03,82,30-90 Days
SWPSX4WVUR59MYY,2025-11-27,2025-12-23,INR,CAD,1580770.24,0.794612,0.798001,Markets,3.38899999999998e-03,26,0-30 Days
SWPFHHIDQ76FT94,2026-01-30,2026-07-08,INR,EUR,1625694.51,1.375091,1.377033,Treasury,1.94199999999989e-03,159,90+ Days
SWPMRS4Y0JTL9YF,2025-11-29,2025-12-17,GBP,EUR,6523517.38,0.738963,0.73862,Markets,-3.42999999999982e-04,18,0-30 Days
SWPPATQROZHQATJ,2025-11-06,2026-02-14,USD,CAD,3216371.77,1.227514,1.225697,Treasury,-1.81699999999996e-03,100,90+ Days
SWP7EVQX803H2PA,2025-12-29,2026-01-14,GBP,JPY,4685122.44,1.293077,1.296021,Markets,2.94400000000006e-03,16,0-30 Days
SWP13MXQ71W2OI7,2025-12-23,2026-04-28,GBP,USD,3520795.51,1.058581,1.060212,Markets,1.63099999999994e-03,126,90+ Days
SWPWX9MMSUTD8CW,2025-12-27,2026-02-06,INR,AUD,16295559.87,0.516063,0.51609,Treasury,2.69999999999992e-05,41,30-90 Days
SWPMY9KOOIMPBEI,2025-11-09,2025-12-30,JPY,CAD,1537586.61,0.911137,0.913977,Markets,2.84000000000006e-03,51,30-90 Days
SWPM39LROHEFGO8,2025-12-12,2026-04-28,INR,CHF,1358397.43,0.615134,0.614858,Treasury,-2.75999999999943e-04,137,90+ Days
SWP5DDNNPGAF591,2025-11-27,2026-04-21,CAD,USD,1279666.79,0.702655,0.70329,Treasury,6.34999999999941e-04,145,90+ Days
SWPA5VT69AZGH6L,2025-12-26,2026-03-17,CHF,EUR,2622149.82,0.618239,0.619576,Markets,1.33700000000003e-03,81,30-90 Days
SWPF6M7F8WQGRTH,2025-12-11,2026-01-02,CHF,AUD,3500844.42,1.046302,1.050223,Investment Banking,3.92099999999984e-03,22,0-30 Days
SWPA5VP0GTFB4C8,2026-02-17,2026-06-01,CAD,AUD,2474269.06,1.190975,1.189943,Markets,-1.03199999999992e-03,104,90+ Days
SWP8CMJXYKZASSW,2026-01-24,2026-04-06,USD,AUD,1916460.16,1.252458,1.252875,Treasury,4.1699999999989e-04,72,30-90 Days
SWP2KU68W1VWWIK,2026-01-07,2026-03-12,CHF,AUD,4793540.47,1.277519,1.280858,Markets,3.33899999999998e-03,64,30-90 Days
SWP9R87XX7ZD0ZZ,2025-11-20,2025-12-25,JPY,GBP,21429361.59,1.104899,1.105862,Markets,9.62999999999825e-04,35,30-90 Days
SWPEVOYW5TQ1OOV,2026-01-15,2026-02-25,CAD,JPY,3178434.12,0.804921,0.80405,Treasury,-8.70999999999955e-04,41,30-90 Days
SWP5A557OPB5YC8,2025-12-04,2026-03-16,USD,EUR,2369249.64,1.49404,1.498265,Markets,4.22499999999992e-03,102,90+ Days
SWPQWIP3SYY8S6H,2025-11-07,2026-01-22,EUR,GBP,2435226.53,1.410896,1.412519,Markets,1.62300000000015e-03,76,30-90 Days
SWP4ZXP2BJQQRNL,2026-01-13,2026-05-26,CAD,INR,3023942.97,1.35393,1.353431,Treasury,-4.99000000000027e-04,133,90+ Days
SWP1TOBQSJH63B3,2025-12-02,2026-03-05,CAD,JPY,2502318.54,0.882923,0.884823,Markets,1.90000000000001e-03,93,90+ Days
SWPT0U63IT04JQF,2025-11-01,2026-04-20,CHF,USD,1988176.68,1.16614,1.169152,Treasury,3.01200000000001e-03,170,90+ Days
SWPANIG8BVFZQB6,2025-12-19,2026-06-13,JPY,CAD,4170043.7,1.008723,1.010224,Markets,1.50099999999997e-03,176,90+ Days
SWP0SP6L1KFIICN,2025-12-04,2026-04-06,CHF,CAD,1562800.99,1.165249,1.166987,Treasury,1.73800000000002e-03,123,90+ Days
SWPOB21OW94PJLA,2026-01-15,2026-02-01,JPY,USD,4776895.37,1.116364,1.11642,Markets,5.6000000000056e-05,17,0-30 Days
SWPN51KFLSV7Q4R,2026-01-26,2026-03-23,CAD,USD,4602692.45,1.109906,1.113668,Markets,3.76200000000004e-03,56,30-90 Days
SWPQ0EPMYSFM1GK,2026-01-20,2026-06-19,INR,CHF,1996211.06,0.950757,0.952786,Investment Banking,2.02900000000006e-03,150,90+ Days
SWPFVZI1ZK4IJ5K,2025-11-01,2026-02-22,EUR,USD,3305277.33,0.589833,0.590182,Treasury,3.48999999999933e-04,113,90+ Days
SWPNMFEBOD6DCOK,2025-12-12,2026-03-21,EUR,GBP,1366061.41,0.971615,0.973342,Treasury,1.72700000000003e-03,99,90+ Days
SWPOX7513KVFWT6,2025-11-15,2026-04-14,EUR,INR,5923374.46,0.5555,0.557275,Investment Banking,1.77499999999997e-03,150,90+ Days
SWPZLZB5D5ILL6H,2025-11-13,2026-02-16,AUD,GBP,567685.81,0.958054,0.961785,Markets,3.73100000000004e-03,95,90+ Days
SWPCJTIL6ZAM6RG,2025-12-13,2025-12-30,AUD,GBP,3127179.27,0.793226,0.79575,Markets,2.52399999999997e-03,17,0-30 Days
SWP3R4WQ1QGY9ML,2026-02-06,2026-05-13,CHF,INR,4954416.28,0.611426,0.609714,Treasury,-1.71200000000005e-03,96,90+ Days
SWPX76343SP1X31,2026-01-20,2026-04-13,CAD,CHF,2014141.82,1.260954,1.264979,Treasury,4.02500000000017e-03,83,30-90 Days
SWPTY1QS1GHN6TD,2025-11-17,2026-01-09,INR,CAD,6673248.6,0.896809,0.900403,Investment Banking,3.59399999999999e-03,53,30-90 Days
SWPY75JTYRXL1CH,2025-11-15,2026-02-14,JPY,INR,2632460.26,0.821002,0.823714,Markets,2.71199999999994e-03,91,90+ Days
SWPAWDY7CO99CP7,2026-02-02,2026-05-10,INR,EUR,1566745.62,0.941849,0.947409,Investment Banking,5.5599999999999e-03,97,90+ Days
SWP285UCOGUJBE4,2025-11-25,2026-03-05,AUD,USD,1877646.24,1.281565,1.283253,Markets,1.68799999999991e-03,100,90+ Days
SWPM2LUGPZU8Q6F,2025-10-28,2025-11-20,USD,CHF,1337467.5,1.364742,1.369551,Investment Banking,4.80900000000006e-03,23,0-30 Days
SWPCFZ4N0VVH6Y4,2025-11-18,2026-01-12,JPY,INR,11652125.64,0.757666,0.759405,Treasury,1.73900000000005e-03,55,30-90 Days
SWPLOIU4AO6LANR,2025-11-14,2026-02-02,CHF,INR,14103722.22,0.694933,0.695014,Markets,8.09999999999977e-05,80,30-90 Days
SWPB9P98XF37F8W,2025-11-23,2026-05-09,AUD,USD,4415938.17,0.706219,0.706786,Markets,5.66999999999984e-04,167,90+ Days
SWP4B078ZH18LVT,2026-02-06,2026-03-05,JPY,EUR,2640908.93,1.426792,1.429274,Investment Banking,2.48199999999987e-03,27,0-30 Days
SWPTD97G1GIL1F1,2025-10-28,2026-04-01,CAD,AUD,1629384.77,1.043598,1.04493,Investment Banking,1.33199999999989e-03,155,90+ Days
SWP8YN8KT6BZR3T,2025-11-20,2026-03-22,USD,INR,1572635.99,1.180432,1.185143,Treasury,4.71100000000013e-03,122,90+ Days
SWPFJGL0NHAR4WQ,2026-02-14,2026-04-19,AUD,CHF,3833779.01,1.446059,1.448256,Markets,0.002197,64,30-90 Days
SWPAVB84CX6NRO8,2025-12-03,2026-01-18,JPY,GBP,1431312.44,1.397861,1.402236,Markets,4.37500000000002e-03,46,30-90 Days
SWPCNIWB33I0KE6,2026-02-03,2026-02-26,JPY,CHF,1407625.1,1.247339,1.248479,Investment Banking,1.13999999999992e-03,23,0-30 Days
SWPREPECA4OX0VQ,2025-12-04,2026-03-06,JPY,INR,1081777.85,1.156003,1.159277,Treasury,0.003274,92,90+ Days
SWPYZ6YO4TVRYML,2026-02-09,2026-07-10,JPY,USD,3831016.84,0.552213,0.5518,Markets,-4.12999999999997e-04,151,90+ Days
SWPQ1JRWA5QMK3N,2026-01-21,2026-02-22,CAD,CHF,10921948.86,1.182331,1.186319,Investment Banking,3.98799999999988e-03,32,30-90 Days
SWPG0X498ACPCG2,2025-11-19,2026-05-08,JPY,AUD,13353328.84,0.757202,0.75661,Investment Banking,-5.92000000000037e-04,170,90+ Days
SWPCYHJ8O37DOK7,2026-01-15,2026-04-07,EUR,GBP,10507335.55,1.036176,1.035079,Investment Banking,-1.0969999999999e-03,82,30-90 Days
SWPKSBWPHEKS38D,2026-02-03,2026-05-22,GBP,USD,2809834.67,1.494759,1.496551,Markets,1.79200000000002e-03,108,90+ Days
SWPSBXPTELCTA1M,2025-12-14,2026-05-14,INR,EUR,4407033.3,0.740342,0.741118,Investment Banking,7.7600000000011e-04,151,90+ Days
SWPV2UY4AVEPLK4,2026-02-16,2026-06-23,INR,JPY,2716641.9,1.28492,1.286966,Treasury,2.04599999999999e-03,127,90+ Days
SWPD56MCSABZVSX,2025-12-16,2026-06-14,USD,EUR,3627353.13,1.464458,1.469355,Investment Banking,4.89699999999993e-03,180,90+ Days
SWPBCPUQX5WUB17,2025-11-04,2026-03-18,AUD,CHF,2910960.97,1.169719,1.171444,Treasury,1.72499999999998e-03,134,90+ Days
SWP66ZK1BHA7KUD,2026-01-27,2026-02-07,GBP,INR,6282678.39,1.279266,1.279812,Treasury,5.45999999999935e-04,11,0-30 Days
SWPHDMSLVQI59DT,2026-02-02,2026-03-26,USD,AUD,1204093.74,0.953626,0.952732,Investment Banking,-8.9399999999995e-04,52,30-90 Days
SWPK17BXL79YKL5,2026-01-10,2026-02-12,EUR,USD,10327031.71,0.76097,0.760565,Treasury,-4.04999999999989e-04,33,30-90 Days
SWP4XBAHW6A036D,2026-01-15,2026-04-24,JPY,CHF,15091897.44,1.231641,1.234362,Markets,2.72099999999997e-03,99,90+ Days
SWPNKTQ2MZVZ7S1,2025-12-10,2026-04-23,EUR,CHF,4585128.84,1.171753,1.176982,Markets,5.22899999999993e-03,134,90+ Days
SWP21LNRPWWMBOK,2025-11-19,2025-12-05,INR,GBP,7197472.1,0.826489,0.826148,Investment Banking,-3.41000000000036e-04,16,0-30 Days
SWPWQSSOFSOJTNY,2026-02-22,2026-07-30,USD,INR,3152762.49,1.479058,1.482304,Investment Banking,3.24600000000008e-03,158,90+ Days
SWPCB0JO1BMHQF2,2026-01-27,2026-04-28,CAD,AUD,2614637.61,1.133681,1.131411,Treasury,-2.26999999999999e-03,91,90+ Days
SWP25D451D5WQCY,2025-12-28,2026-05-03,AUD,CHF,4736246.98,1.104596,1.105205,Investment Banking,6.09000000000082e-04,126,90+ Days
SWP75G48BIE8VNP,2025-11-02,2026-02-26,CHF,EUR,1004697.31,1.47664,1.480975,Treasury,4.33499999999998e-03,116,90+ Days
SWPVU9N2C4I5C6B,2026-02-19,2026-06-07,AUD,INR,2511617.69,1.39056,1.389637,Investment Banking,-9.23000000000007e-04,108,90+ Days
SWP2S1UNLPMTNJA,2025-12-23,2026-06-04,AUD,GBP,315952.45,0.720307,0.72297,Investment Banking,2.66299999999997e-03,163,90+ Days
SWPXI57R64I674L,2025-12-29,2026-04-21,AUD,EUR,2023403.17,0.672971,0.674491,Investment Banking,1.51999999999997e-03,113,90+ Days
SWPTL3VEK3G0MV2,2026-01-07,2026-06-29,EUR,JPY,1993253.08,1.182885,1.1866,Markets,3.71500000000013e-03,173,90+ Days
SWP7AIKOL3TG7IZ,2026-01-01,2026-06-22,AUD,GBP,11918942.99,0.553707,0.555105,Investment Banking,1.39800000000001e-03,172,90+ Days
SWPPT5LYLH2K28H,2026-02-11,2026-06-19,GBP,INR,3813867.46,1.361769,1.362952,Investment Banking,1.18299999999993e-03,128,90+ Days
SWPQOR9VRI7DQ9A,2026-02-20,2026-06-20,INR,CHF,4836292.36,1.128765,1.129098,Treasury,3.32999999999917e-04,120,90+ Days
SWPA4C14Z7EBIJ5,2026-02-14,2026-07-14,CHF,EUR,1441070.88,0.595606,0.597073,Treasury,0.001467,150,90+ Days
SWPV26Z76A4XJFX,2026-01-22,2026-05-09,CAD,CHF,3540570.25,0.860002,0.859755,Treasury,-2.46999999999997e-04,107,90+ Days
SWP58JDM5W0CCZM,2025-12-29,2026-02-06,USD,AUD,509146.96,1.048654,1.055681,Treasury,7.02700000000012e-03,39,30-90 Days
SWPQUF9LLG09SRP,2025-12-14,2026-05-28,EUR,GBP,1614179.97,1.400826,1.40539,Markets,4.56400000000001e-03,165,90+ Days
SWP33SH2ASKCBPX,2025-11-01,2026-02-22,CHF,EUR,389965.46,1.157555,1.15848,Markets,9.25000000000065e-04,113,90+ Days
SWP203L7N8RJ409,2025-12-28,2026-06-19,GBP,CHF,19604455.5,1.072288,1.072733,Markets,4.45000000000029e-04,173,90+ Days
SWPADXGRFMO8AG6,2025-12-30,2026-05-03,EUR,GBP,2135673.46,1.218035,1.220072,Investment Banking,2.03700000000007e-03,124,90+ Days
SWPQIKV2SNLLL7W,2026-01-08,2026-06-04,CHF,INR,2653672.34,1.119258,1.120343,Treasury,0.001085,147,90+ Days
SWP2U91HPX1X68K,2025-11-20,2026-04-30,USD,INR,3036015.53,0.851556,0.850879,Investment Banking,-6.76999999999928e-04,161,90+ Days
SWP7NNCXM0KBVGX,2025-12-05,2026-04-15,INR,CHF,2477964.71,1.296884,1.298351,Markets,1.46700000000011e-03,131,90+ Days
SWP9UKGPPNIUF9X,2026-01-11,2026-01-20,AUD,JPY,596132.43,0.776602,0.777911,Investment Banking,0.001309,9,0-30 Days
SWPS9KPWVC5KIE7,2026-02-09,2026-03-11,AUD,EUR,1204157.59,0.96887,0.97327,Markets,4.39999999999996e-03,30,0-30 Days
SWPT4BIX8J0ECLD,2026-01-20,2026-03-23,USD,JPY,2089157.54,1.048395,1.04728,Investment Banking,-1.11499999999998e-03,62,30-90 Days
SWPRIX4QYJD0MEI,2025-11-05,2025-12-01,EUR,CAD,2152069.42,0.656034,0.656609,Treasury,5.74999999999992e-04,26,0-30 Days
SWPDQYBNRVIQOHL,2025-12-05,2026-03-09,CAD,USD,7144036.43,0.674754,0.675161,Markets,4.07000000000046e-04,94,90+ Days
SWPRCL71Y1492YG,2025-11-02,2025-12-12,USD,CHF,1636786.56,1.126518,1.125154,Markets,-1.36399999999992e-03,40,30-90 Days
SWP410PT81VG42M,2025-12-01,2026-03-06,JPY,AUD,2682079.0,1.316247,1.315547,Investment Banking,-6.99999999999923e-04,95,90+ Days
SWPC7IM78H5IKO0,2025-10-26,2025-12-30,AUD,EUR,1435046.46,0.823487,0.824147,Markets,6.59999999999994e-04,65,30-90 Days
SWPX21YL6FRDDMN,2026-02-13,2026-06-28,JPY,GBP,3690704.62,0.79263,0.792777,Markets,1.47000000000008e-04,135,90+ Days
SWPH01JAS0Z0MPM,2026-01-19,2026-04-24,CHF,INR,11429014.5,1.479833,1.480453,Markets,6.20000000000065e-04,95,90+ Days
SWP11EJ4W68NL4G,2025-10-26,2026-02-14,USD,CHF,818087.4,1.328743,1.327465,Treasury,-1.27800000000011e-03,111,90+ Days
SWPV4YXQK7ATYTW,2025-10-27,2026-02-07,CHF,GBP,1192735.27,1.171851,1.174613,Markets,2.76199999999993e-03,103,90+ Days
SWP24YIXG62WOYO,2025-12-17,2026-01-03,INR,EUR,10254058.31,1.384365,1.38661,Treasury,2.24499999999983e-03,17,0-30 Days
SWPKNEXYHUCV7R3,2025-11-19,2025-12-03,JPY,CHF,3448703.58,0.556429,0.557893,Markets,1.46400000000002e-03,14,0-30 Days
SWP8MSMK16P2LEJ,2025-11-17,2026-03-16,AUD,GBP,2075810.52,0.682905,0.685371,Investment Banking,2.46599999999997e-03,119,90+ Days
SWPDP89AVB7X5LA,2025-12-25,2026-04-11,EUR,INR,2101394.06,1.106387,1.106327,Markets,-5.9999999999949e-05,107,90+ Days
SWP59RA1FJWBD0S,2026-01-04,2026-03-06,JPY,INR,3244001.02,1.242664,1.245998,Markets,3.33399999999995e-03,61,30-90 Days
SWP08UY6OO08NBD,2026-01-19,2026-06-24,AUD,USD,2229053.47,1.0325,1.03351,Markets,1.00999999999996e-03,156,90+ Days
SWPTV48JHF7O1C3,2025-12-18,2026-02-24,CAD,CHF,2505491.31,0.545245,0.547613,Investment Banking,2.36800000000004e-03,68,30-90 Days
SWPBXT6EDJIQ6DN,2025-11-02,2025-12-14,CAD,GBP,2056721.39,0.631015,0.630262,Markets,-7.53000000000004e-04,42,30-90 Days
SWPPWNGQR6N3V5E,2025-12-11,2026-02-24,USD,CHF,1854281.36,0.893545,0.893614,Markets,6.89999999999857e-05,75,30-90 Days
SWPV842GFF7ANWK,2026-02-09,2026-04-30,INR,JPY,451553.45,0.634532,0.634147,Investment Banking,-3.84999999999969e-04,80,30-90 Days
SWPVRGZNPML7VMH,2026-02-16,2026-07-15,CAD,CHF,4029286.7,1.08706,1.08727,Investment Banking,2.10000000000043e-04,149,90+ Days
SWPTUUGL618WGNW,2026-01-05,2026-03-26,INR,GBP,4238334.85,1.369231,1.368855,Treasury,-3.76000000000154e-04,80,30-90 Days
SWPGDPTV28YD41S,2026-01-13,2026-06-21,INR,GBP,1611704.45,0.879532,0.883016,Treasury,3.48400000000004e-03,159,90+ Days
SWPCHDTM30K4CYY,2025-12-10,2026-04-12,JPY,AUD,7087330.84,0.649818,0.650875,Treasury,1.05699999999997e-03,123,90+ Days
SWPL350H352ZJCA,2026-02-12,2026-05-26,EUR,JPY,4629329.25,0.520588,0.521754,Treasury,0.001166,103,90+ Days
SWPYQKZVAFO8LXG,2026-02-02,2026-06-21,EUR,CHF,1805473.38,1.149778,1.151194,Investment Banking,1.41600000000008e-03,139,90+ Days
SWP5N0K7TNB7TUZ,2025-12-29,2026-01-31,GBP,USD,6721243.0,0.952894,0.952314,Markets,-5.80000000000025e-04,33,30-90 Days
SWP02FQSHSN1B9D,2025-11-17,2026-03-23,CHF,JPY,1559690.64,1.195451,1.198199,Treasury,2.74799999999997e-03,126,90+ Days
SWPJLTK1L9M6T15,2026-02-02,2026-07-29,AUD,GBP,3464334.01,0.762341,0.766006,Treasury,3.66499999999992e-03,177,90+ Days
SWPUEX246CA6E6E,2025-12-31,2026-04-24,INR,JPY,5157458.75,1.314781,1.318666,Treasury,3.88499999999992e-03,114,90+ Days
SWPXY89JCU64RF2,2026-01-08,2026-03-21,GBP,INR,18453464.14,0.808586,0.808661,Treasury,7.49999999999362e-05,72,30-90 Days
SWPQ13XB2GXWNFG,2026-01-10,2026-02-07,JPY,CAD,1886251.02,1.318717,1.320222,Investment Banking,1.50500000000009e-03,28,0-30 Days
SWPC5HUAOAAO8OH,2025-12-12,2026-03-02,GBP,EUR,8482542.46,0.658798,0.658108,Treasury,-6.89999999999968e-04,80,30-90 Days
SWPN3IDH6HUIGHF,2026-01-12,2026-04-25,CAD,CHF,2669781.3,0.738082,0.738829,Markets,7.46999999999942e-04,103,90+ Days
SWPFN2B7S7RQPV0,2025-12-15,2026-03-26,GBP,INR,6352379.25,1.103015,1.108377,Markets,5.36199999999987e-03,101,90+ Days
SWPN6ZTK5NPBWNO,2025-12-26,2026-06-09,AUD,USD,3927747.51,1.092108,1.094323,Treasury,2.21499999999986e-03,165,90+ Days
SWPN73JPFZW9L4N,2026-01-18,2026-05-31,GBP,EUR,11904052.05,1.465907,1.472531,Treasury,6.62399999999996e-03,133,90+ Days
SWPFPNX53EZPZQ5,2026-02-07,2026-04-22,JPY,EUR,1835852.12,1.329737,1.334514,Investment Banking,4.77700000000003e-03,74,30-90 Days
SWP9BLRPQEFQ622,2025-11-02,2026-04-24,CAD,AUD,2547525.0,1.09545,1.097697,Markets,2.24699999999989e-03,173,90+ Days
SWP72B0WM3YGNQI,2025-11-02,2025-11-11,INR,EUR,3349285.75,0.812392,0.812237,Treasury,-1.55000000000016e-04,9,0-30 Days
SWPPE1LWJNHMKJ7,2025-11-25,2026-01-23,EUR,AUD,2569067.5,1.340925,1.339233,Markets,-1.69200000000003e-03,59,30-90 Days
SWPJI0IVV4T0PKR,2025-11-29,2025-12-25,JPY,INR,4532938.25,0.802647,0.802779,Investment Banking,1.32000000000021e-04,26,0-30 Days
SWPKP2BKIJZVXGA,2025-11-06,2025-12-08,EUR,USD,2274376.27,0.886822,0.888497,Treasury,1.67499999999998e-03,32,30-90 Days
SWPV73Z44OXMW5X,2026-01-03,2026-04-13,EUR,USD,13308795.5,0.559777,0.562064,Treasury,2.28700000000004e-03,100,90+ Days
SWPMSK0HIA59MGV,2025-11-26,2026-03-20,INR,EUR,1776248.89,1.449116,1.451349,Markets,2.23299999999993e-03,114,90+ Days
SWPWGNKFQU0A2W6,2025-11-26,2026-05-17,GBP,EUR,1641149.72,1.259926,1.261919,Treasury,1.99299999999991e-03,172,90+ Days
SWPB23FYTYAO9RI,2025-10-31,2026-03-20,USD,AUD,1498034.47,0.786784,0.787397,Investment Banking,6.12999999999975e-04,140,90+ Days
SWP5UACZZ1ERBL2,2026-02-22,2026-03-28,INR,JPY,674991.49,1.123271,1.125056,Treasury,1.78500000000015e-03,34,30-90 Days
SWP9RF0EGNQVVAJ,2025-12-30,2026-02-26,INR,CAD,5438490.06,0.869344,0.870455,Investment Banking,1.11099999999997e-03,58,30-90 Days
SWPKA8ULUSRX7OV,2026-02-08,2026-07-28,CAD,USD,1059091.01,0.824783,0.826244,Markets,1.46099999999993e-03,170,90+ Days
SWPRR6SOF1ALKQC,2025-11-12,2026-05-10,GBP,AUD,3154631.37,1.480432,1.484511,Markets,4.07899999999994e-03,179,90+ Days
SWPCWKQDO1QQYKM,2025-11-21,2026-01-13,INR,USD,9210725.24,1.030202,1.03202,Investment Banking,1.81799999999988e-03,53,30-90 Days
SWPC3ENWYLOJMFN,2025-10-27,2026-01-18,USD,GBP,1813106.38,1.084711,1.089596,Treasury,4.88500000000003e-03,83,30-90 Days
SWPI36S0KCIQ8F9,2025-11-24,2026-01-04,INR,USD,3107872.79,0.993955,0.991517,Treasury,-2.43800000000005e-03,41,30-90 Days
SWPL8VVAIB1XQPA,2026-02-18,2026-03-10,USD,JPY,14855356.47,0.949713,0.95071,Markets,9.97000000000026e-04,20,0-30 Days
SWPXX3RBXZB3FR1,2025-11-07,2026-04-10,JPY,CHF,5314930.64,0.896303,0.898044,Treasury,1.74099999999999e-03,154,90+ Days
SWPDAWF6J3U2KG3,2026-01-21,2026-02-08,AUD,USD,9323365.64,0.583729,0.58383,Markets,1.00999999999907e-04,18,0-30 Days
SWP145UHQ0C9HP2,2025-11-12,2025-12-25,CAD,JPY,529985.79,1.472654,1.475957,Investment Banking,3.30300000000006e-03,43,30-90 Days
SWP8L7ERAWKH19A,2025-11-06,2025-11-29,USD,CAD,4912423.5,1.151027,1.151053,Investment Banking,2.60000000000815e-05,23,0-30 Days
SWP5ISKMPP6H5ZZ,2025-12-05,2026-02-26,INR,USD,2295132.43,0.827257,0.829802,Markets,2.54500000000002e-03,83,30-90 Days
SWPIP5MJF6EDID4,2025-11-12,2026-01-06,EUR,CAD,4479477.24,0.977736,0.981468,Markets,3.73199999999996e-03,55,30-90 Days
SWPD1JKT0WIWZEB,2025-12-29,2026-04-02,JPY,CAD,2030540.5,1.137386,1.133188,Investment Banking,-4.19799999999992e-03,94,90+ Days
SWPPOFQ30KRIBNF,2026-02-18,2026-07-08,INR,AUD,3179957.4,1.315908,1.319395,Investment Banking,3.48700000000002e-03,140,90+ Days
SWP6L5CB8IL24N3,2026-01-08,2026-04-02,INR,CHF,988405.62,0.780518,0.782094,Treasury,1.57599999999991e-03,84,30-90 Days
SWPLE84GTKMTHQJ,2025-11-21,2026-01-15,EUR,AUD,5764534.98,0.549667,0.551516,Treasury,1.84899999999999e-03,55,30-90 Days
SWPB0HDGMRO6FY2,2026-01-12,2026-03-01,CHF,EUR,1259517.66,0.762531,0.765387,Investment Banking,2.85600000000008e-03,48,30-90 Days
SWP6L87C4ZY12PU,2025-12-29,2026-06-22,INR,CAD,16640168.27,1.057363,1.060448,Treasury,0.003085,175,90+ Days
SWPCMAEJXCFOXPX,2026-02-19,2026-08-16,INR,GBP,2541441.56,0.997698,0.998525,Markets,8.27000000000022e-04,178,90+ Days
SWP26TEDZA6PT8Y,2025-11-11,2026-01-04,AUD,USD,4207603.61,1.103793,1.105741,Investment Banking,1.94800000000006e-03,54,30-90 Days
SWP8MT4P51TLZIE,2025-11-13,2026-03-11,JPY,INR,3960742.86,0.861753,0.861749,Treasury,-4.000000000004e-06,118,90+ Days
SWP8CWJ6GUUCWZL,2026-02-15,2026-03-11,JPY,GBP,1224668.24,0.862174,0.862851,Markets,6.77000000000039e-04,24,0-30 Days
SWPU2J960OR9FGI,2026-01-08,2026-02-24,JPY,EUR,1978388.35,1.140355,1.142617,Investment Banking,2.26199999999999e-03,47,30-90 Days
SWPXPFTWTRR3OUZ,2026-02-19,2026-07-20,JPY,EUR,9487167.82,1.077881,1.07875,Treasury,8.69000000000009e-04,151,90+ Days
SWPVGAAOKAZ626E,2025-11-22,2026-03-11,INR,EUR,2516062.17,0.701676,0.702123,Treasury,4.47000000000086e-04,109,90+ Days
SWP480KWCJ9QK3R,2026-01-17,2026-02-20,CAD,JPY,8665494.52,0.694141,0.697058,Investment Banking,2.91699999999995e-03,34,30-90 Days
SWPQT3PYGU010Y7,2025-11-12,2026-02-23,AUD,EUR,2935426.7,0.941886,0.94489,Investment Banking,3.00400000000001e-03,103,90+ Days
SWPKGGBM3R76XIF,2026-02-11,2026-02-28,CAD,JPY,2946565.48,0.644189,0.646776,Treasury,2.58700000000001e-03,17,0-30 Days
SWPNYTURLQPBXRZ,2026-02-19,2026-03-04,AUD,CAD,1615733.73,1.169646,1.170837,Treasury,1.19099999999994e-03,13,0-30 Days
SWPVZYAW2ZV8X96,2026-01-30,2026-07-23,INR,CAD,2424234.54,0.540931,0.541157,Investment Banking,2.25999999999948e-04,174,90+ Days
SWPJEMYXZURQOGA,2025-12-07,2026-04-19,INR,CHF,1397700.23,0.928464,0.932062,Treasury,3.59799999999999e-03,133,90+ Days
SWP3UGUMSTKDVGP,2025-11-04,2026-04-06,EUR,CAD,6206856.47,1.260784,1.262577,Markets,1.79300000000016e-03,153,90+ Days
SWPS6WT6DKVZI54,2026-02-21,2026-06-12,EUR,GBP,3744322.8,0.759698,0.763879,Investment Banking,4.18099999999999e-03,111,90+ Days
SWPCDL009BKX9HI,2026-01-08,2026-03-23,CAD,USD,1718778.39,0.683744,0.682044,Investment Banking,-1.70000000000003e-03,74,30-90 Days
SWP15E3PGHNBCOD,2026-02-13,2026-06-19,AUD,USD,2198453.14,1.145744,1.147753,Treasury,2.00899999999993e-03,126,90+ Days
SWPKFKINGLA80RC,2025-11-19,2026-05-01,GBP,USD,3734184.74,1.365967,1.369687,Markets,3.72000000000017e-03,163,90+ Days
SWPSZM7DXVXOZ6A,2025-12-15,2026-01-16,EUR,GBP,982660.46,0.792592,0.791588,Investment Banking,-0.001004,32,30-90 Days
SWP9DQ7EN45WGXQ,2025-10-30,2026-04-05,CAD,AUD,1925554.75,1.46245,1.463866,Markets,1.41599999999986e-03,157,90+ Days
SWP9EW8ZV82331E,2026-02-09,2026-02-28,JPY,CHF,1236679.86,0.720401,0.725491,Treasury,5.09000000000004e-03,19,0-30 Days
SWPBRTOUZML6Y3C,2026-01-28,2026-05-18,CAD,AUD,1417214.57,0.984546,0.981279,Treasury,-3.26700000000002e-03,110,90+ Days
SWP604Y95ZHA4KJ,2025-11-17,2026-01-12,GBP,CHF,1941824.66,0.823053,0.822124,Treasury,-9.29000000000069e-04,56,30-90 Days
SWPJSBRL1E58UBG,2025-11-03,2026-03-25,JPY,GBP,3477349.79,0.897196,0.899344,Investment Banking,2.14800000000004e-03,142,90+ Days
SWPCP1SXUBFC9HZ,2025-10-29,2026-01-25,AUD,GBP,3557671.13,1.225118,1.226166,Investment Banking,1.04800000000016e-03,88,30-90 Days
SWPP6SPVBT0Q61I,2025-12-28,2026-04-08,CHF,AUD,3579119.08,0.748394,0.751111,Treasury,2.71699999999997e-03,101,90+ Days
SWPVSKOL12RRVFP,2026-01-04,2026-01-20,CHF,JPY,4083234.85,1.313662,1.314418,Investment Banking,7.55999999999979e-04,16,0-30 Days
SWP97YHV70ZFHF9,2025-11-17,2026-04-27,AUD,CHF,25394763.86,1.017687,1.019465,Investment Banking,1.77800000000006e-03,161,90+ Days
SWPJ6951CGFABIK,2026-01-13,2026-04-06,JPY,CAD,3310192.53,1.354003,1.357313,Investment Banking,3.30999999999992e-03,83,30-90 Days
SWPG4VVB02B3SMM,2025-12-09,2026-03-01,USD,CHF,692715.47,1.209319,1.211309,Markets,1.98999999999994e-03,82,30-90 Days
SWP9L81G1U24YYN,2025-12-16,2026-01-21,JPY,CAD,8469301.68,1.398542,1.399627,Treasury,0.001085,36,30-90 Days
SWPTMKGTSQ5VEFG,2026-01-24,2026-05-16,EUR,JPY,2258181.57,0.721799,0.725019,Treasury,0.00322,112,90+ Days
SWPYZ4M1NXTOBJW,2025-10-30,2026-02-11,INR,EUR,7758979.68,0.671753,0.670872,Investment Banking,-8.81000000000021e-04,104,90+ Days
SWP3HRPTNZRMOWH,2025-11-01,2026-01-12,CAD,JPY,3166216.76,1.125859,1.129419,Treasury,3.56000000000001e-03,72,30-90 Days
SWPGEX8JNEDYDMZ,2025-11-20,2026-05-05,EUR,GBP,1102519.86,1.424587,1.421619,Markets,-2.96800000000008e-03,166,90+ Days
SWPRON70SKEKE33,2025-12-24,2026-01-21,JPY,EUR,869034.81,1.112911,1.115553,Markets,2.64200000000003e-03,28,0-30 Days
SWPCEYUL9JH268U,2026-01-14,2026-07-05,AUD,CHF,2974872.24,0.911683,0.91526,Treasury,3.57699999999994e-03,172,90+ Days
SWP3IYK0D4B66RY,2025-11-10,2026-02-25,CHF,AUD,4215769.33,0.610684,0.612466,Treasury,1.78199999999995e-03,107,90+ Days
SWP4NUDJG0KRUSX,2025-12-29,2026-06-02,USD,CHF,4283852.75,1.401998,1.409478,Treasury,7.47999999999993e-03,155,90+ Days
SWPRIFL4E526E8O,2025-12-04,2026-03-16,AUD,INR,2133016.13,1.190368,1.19652,Investment Banking,6.15199999999994e-03,102,90+ Days
SWPR8R5X1X7KQW6,2025-11-25,2025-12-20,USD,INR,21201789.32,0.853805,0.854543,Markets,7.38000000000016e-04,25,0-30 Days
SWPT64URD8MCMVX,2026-01-26,2026-02-03,CAD,USD,5747680.04,0.660879,0.660907,Markets,2.8000000000028e-05,8,0-30 Days
SWPBPJJNNPAJ822,2026-01-11,2026-02-08,INR,GBP,3733390.86,0.60433,0.605155,Treasury,8.24999999999965e-04,28,0-30 Days
SWPRQGNNEN0A6AX,2025-12-26,2026-01-09,AUD,CAD,11537307.76,0.548145,0.549195,Treasury,0.00105,14,0-30 Days
SWPKA3H1MQYGMRH,2026-01-12,2026-01-27,CAD,JPY,8562715.53,1.28762,1.288184,Investment Banking,5.64000000000009e-04,15,0-30 Days
SWPIRBO912NMYE1,2025-12-08,2026-03-29,CHF,AUD,34291213.26,0.652284,0.654146,Markets,1.86200000000003e-03,111,90+ Days
SWPJ4YDPXHRX0S1,2026-01-19,2026-05-17,EUR,INR,3591865.06,1.240899,1.240299,Markets,-5.99999999999934e-04,118,90+ Days
SWPEF5N3Y16W3LU,2025-12-21,2025-12-29,CHF,JPY,2229995.2,0.672882,0.672452,Investment Banking,-4.2999999999993e-04,8,0-30 Days
SWP06EYLXPI666E,2025-10-27,2026-04-11,INR,GBP,1255740.92,1.408267,1.403155,Treasury,-5.11200000000001e-03,166,90+ Days
SWPDLMNZH03AFHG,2025-12-26,2026-05-02,AUD,CHF,5969916.69,1.254356,1.254226,Treasury,-1.29999999999963e-04,127,90+ Days
SWPYVDAIBUK608Z,2025-12-24,2026-05-29,CAD,AUD,2319909.13,0.547291,0.546282,Treasury,-1.00899999999993e-03,156,90+ Days
SWP0RINWB9NWMER,2026-01-23,2026-03-05,USD,JPY,2036856.34,1.486826,1.490206,Markets,3.37999999999994e-03,41,30-90 Days
SWPQ93VVP79W2IY,2026-01-29,2026-04-03,USD,GBP,1676558.14,1.499713,1.502469,Investment Banking,2.75599999999998e-03,64,30-90 Days
SWP6L3JTWHBEZTJ,2026-01-10,2026-05-02,USD,EUR,4740407.34,1.334082,1.334813,Treasury,7.31000000000037e-04,112,90+ Days
SWPLRA5R0B7OFAS,2025-11-22,2026-05-05,AUD,INR,2460204.48,0.578882,0.579334,Treasury,4.52000000000008e-04,164,90+ Days
SWP75UBG48AAQI9,2026-01-30,2026-06-23,GBP,CHF,2633723.36,0.65243,0.65411,Treasury,1.68000000000001e-03,144,90+ Days
SWP7J0IEDS7HXZU,2025-12-30,2026-01-28,AUD,INR,3432230.92,0.732621,0.733868,Treasury,0.001247,29,0-30 Days
SWPBMIQPM26A5KO,2026-02-05,2026-06-10,CAD,JPY,3575889.38,0.879812,0.879598,Treasury,-2.14000000000047e-04,125,90+ Days
SWP4KA5J4JO0AAO,2025-12-03,2026-04-10,EUR,CHF,26781827.89,0.629198,0.629146,Markets,-5.2000000000052e-05,128,90+ Days
SWPC3KZQTA2ZX6Z,2025-10-31,2026-01-28,GBP,EUR,5843523.74,0.948068,0.945024,Markets,-3.04400000000005e-03,89,30-90 Days
SWPZS35IS26NXLG,2026-02-10,2026-02-23,EUR,GBP,4302950.04,1.333697,1.334651,Markets,9.54000000000121e-04,13,0-30 Days
SWPE60BQ0U6YO3B,2025-12-03,2025-12-26,CAD,USD,2422726.96,1.178645,1.177318,Markets,-1.32699999999986e-03,23,0-30 Days
SWPWNFSI1NZ1LB8,2025-11-07,2026-03-13,JPY,CAD,890181.39,0.709665,0.710307,Markets,6.42000000000031e-04,126,90+ Days
SWPQTH00J0OABBI,2026-02-07,2026-06-10,CHF,GBP,927165.21,0.762103,0.761462,Markets,-6.41000000000003e-04,123,90+ Days
SWPSC6U43Y0Q356,2025-11-15,2026-03-07,EUR,INR,676304.34,1.122579,1.123583,Treasury,0.001004,112,90+ Days
SWPGMX4ZNBVULSN,2026-02-21,2026-07-27,GBP,JPY,1050169.23,1.195029,1.199576,Markets,4.54700000000008e-03,156,90+ Days
SWP8KS0CCV65MWK,2025-12-25,2026-05-02,EUR,CAD,2995944.37,0.993439,0.991762,Treasury,-1.67699999999993e-03,128,90+ Days
SWPA7KZHCL9SR7D,2025-12-05,2026-05-09,GBP,EUR,1988738.97,0.892425,0.894418,Treasury,1.99300000000002e-03,155,90+ Days
SWP573FNCC4M4MG,2026-02-01,2026-03-13,AUD,EUR,2214840.47,0.632667,0.633156,Treasury,4.89000000000073e-04,40,30-90 Days
SWPDM31OK4WC2HB,2025-11-07,2026-04-23,AUD,CHF,1997016.08,0.515645,0.517413,Treasury,1.76799999999999e-03,167,90+ Days
SWPSCVBE2CIH1SK,2025-12-01,2026-05-04,INR,CHF,1009192.63,1.299299,1.304407,Markets,5.10800000000011e-03,154,90+ Days
SWPVHXHV3COOANW,2026-02-08,2026-04-20,JPY,INR,505085.31,1.12067,1.124962,Investment Banking,4.29199999999996e-03,71,30-90 Days
SWPBE5KLT5IWSD6,2026-01-27,2026-04-14,JPY,CAD,3051385.1,1.123773,1.12635,Investment Banking,2.57700000000005e-03,77,30-90 Days
SWP2O7IU1X22LXK,2025-12-06,2026-01-24,GBP,JPY,13388029.69,1.364774,1.367685,Investment Banking,2.91100000000011e-03,49,30-90 Days
SWPGWE9H6PUYB0W,2026-02-22,2026-03-11,AUD,USD,1640450.94,1.191419,1.191968,Treasury,5.48999999999911e-04,17,0-30 Days
SWPPWW9Z20L5M5Z,2025-12-02,2026-01-15,GBP,CHF,1327965.27,1.443653,1.445211,Markets,1.55799999999995e-03,44,30-90 Days
SWPKOPO3BWP3MP5,2026-01-26,2026-07-13,JPY,CHF,9753399.01,0.72563,0.727838,Markets,2.20799999999999e-03,168,90+ Days
SWPU5822SG3F4IM,2025-12-14,2026-03-29,INR,AUD,6154782.59,1.071611,1.07471,Treasury,3.09899999999996e-03,105,90+ Days
SWPNGXA4W4NDKMB,2025-12-07,2026-05-16,INR,JPY,2295649.64,0.870307,0.868996,Investment Banking,-1.31100000000006e-03,160,90+ Days
SWP5DU64VDQAHK7,2026-01-05,2026-06-08,INR,CHF,1361603.83,1.362763,1.364525,Markets,1.76200000000004e-03,154,90+ Days
SWPVXGWM81JDQXR,2026-01-09,2026-04-28,CHF,EUR,3342764.81,0.529824,0.531574,Investment Banking,1.75000000000003e-03,109,90+ Days
SWP9DESWAQBQT66,2026-02-22,2026-07-31,AUD,GBP,5289517.13,1.427105,1.42985,Markets,0.002745,159,90+ Days
SWP5W4VE04IUFD5,2025-11-19,2026-04-28,GBP,USD,3987341.55,0.658518,0.657907,Investment Banking,-6.11000000000028e-04,160,90+ Days
SWP9NXGQ2WT11XC,2025-12-12,2026-03-18,AUD,EUR,12652881.99,0.580745,0.581165,Investment Banking,4.20000000000087e-04,96,90+ Days
SWPHVFD3DHLGLBR,2026-01-22,2026-06-21,USD,JPY,1592062.27,0.66568,0.665236,Investment Banking,-0.000444,150,90+ Days
SWPMD08YKPIXI0X,2025-10-29,2026-04-23,CHF,AUD,1884642.65,1.322545,1.321489,Investment Banking,-1.05600000000017e-03,176,90+ Days
SWPUBMVCBOWKLPP,2025-12-01,2026-01-19,USD,EUR,4904063.87,0.924187,0.925713,Markets,1.52600000000003e-03,49,30-90 Days
SWPL8DGIUZHLGHN,2026-01-09,2026-04-20,AUD,CHF,2877753.08,1.169116,1.169272,Treasury,1.56000000000045e-04,101,90+ Days
SWP48HWCGUCCSAC,2026-02-08,2026-06-06,CHF,EUR,1192594.42,0.596393,0.595163,Treasury,-1.22999999999995e-03,118,90+ Days
SWPTZ3APW88OOLU,2026-02-09,2026-03-22,EUR,INR,12822129.35,1.342637,1.341194,Treasury,-1.44300000000008e-03,41,30-90 Days
SWPNSR916I9KLSG,2026-01-16,2026-05-23,INR,GBP,3437221.64,0.870502,0.871292,Investment Banking,7.89999999999957e-04,127,90+ Days
SWPMK1VYOWCWENA,2025-12-24,2026-04-26,CAD,GBP,6530330.87,0.851916,0.850224,Treasury,-1.69200000000003e-03,123,90+ Days
SWPDZQZNG32R0QX,2025-12-20,2026-04-16,JPY,AUD,1992922.56,0.853679,0.850851,Markets,-2.82799999999994e-03,117,90+ Days
SWPGUTTWTBK5J7C,2026-01-27,2026-05-02,INR,GBP,4864796.72,0.608619,0.608323,Markets,-2.96000000000074e-04,95,90+ Days
SWPU4NACLV0SM5R,2025-12-06,2026-03-15,AUD,GBP,1680532.17,1.357066,1.35528,Treasury,-1.78600000000007e-03,99,90+ Days
SWPMV7EPNCUZHBX,2025-12-21,2026-02-08,AUD,CHF,7607417.62,1.21043,1.209874,Treasury,-5.56000000000001e-04,49,30-90 Days
SWP4BO73SQ5WEE3,2025-11-10,2026-04-13,GBP,CAD,4389325.72,1.401845,1.400909,Treasury,-9.36000000000048e-04,154,90+ Days
SWPMYQATTF7RSNV,2026-01-31,2026-05-14,USD,AUD,1896603.95,0.644601,0.646147,Investment Banking,1.54600000000005e-03,103,90+ Days
SWPM5PZF0I0053F,2025-11-18,2026-01-14,CAD,AUD,1276139.97,1.43555,1.437277,Treasury,1.72699999999981e-03,57,30-90 Days
SWP358K1JCZJRYE,2025-12-25,2026-05-20,JPY,USD,7480106.77,1.076873,1.077036,Markets,1.63000000000135e-04,146,90+ Days
SWP67C2MWJGW6TN,2025-11-16,2026-05-12,CAD,AUD,2294906.93,1.361329,1.36161,Markets,2.80999999999976e-04,177,90+ Days
SWPXXCZ8DEQN0GQ,2025-12-18,2026-06-02,INR,JPY,1871158.05,0.78625,0.788254,Treasury,2.00400000000001e-03,166,90+ Days
SWP11BS913C6QLQ,2025-12-12,2026-03-05,EUR,GBP,1462780.72,0.840514,0.841431,Markets,9.17000000000057e-04,83,30-90 Days
SWPTDRHP6V7HR8Y,2025-11-28,2025-12-16,INR,AUD,7268598.61,0.626559,0.626537,Investment Banking,-2.19999999999665e-05,18,0-30 Days
SWPYMZI4NG033QU,2025-12-03,2026-04-19,GBP,CAD,6901589.3,0.994302,0.994819,Investment Banking,5.1699999999999e-04,137,90+ Days
SWPXIOC4FA0MYBK,2026-01-07,2026-07-06,EUR,JPY,11585967.99,0.596298,0.596454,Markets,1.56000000000045e-04,180,90+ Days
SWPN92JOQWCDXUR,2025-10-28,2025-12-25,CHF,GBP,2265037.05,1.270342,1.272326,Investment Banking,1.98399999999999e-03,58,30-90 Days
SWPOKU57ML6663U,2025-12-12,2026-05-01,INR,CAD,1010193.3,1.108081,1.108407,Investment Banking,3.25999999999826e-04,140,90+ Days
SWP6N3JR39X6UOM,2026-01-29,2026-03-01,CHF,INR,3588915.38,1.359011,1.357385,Markets,-1.62599999999991e-03,31,30-90 Days
SWP7568WO10J9ZZ,2025-11-12,2025-11-26,INR,AUD,1645667.1,1.255765,1.256173,Treasury,4.07999999999964e-04,14,0-30 Days
SWPLQ4A4R80B99N,2025-12-18,2026-04-28,AUD,INR,2561826.22,0.604872,0.606744,Markets,1.87199999999998e-03,131,90+ Days
SWPJJFAWXH6BDCF,2025-12-26,2026-06-14,INR,CAD,6592298.3,1.278165,1.279662,Treasury,1.49700000000008e-03,170,90+ Days
SWPCHHKTXOSXPE9,2026-02-21,2026-04-02,INR,CAD,3662758.32,1.1554,1.155437,Treasury,3.70000000000648e-05,40,30-90 Days
SWPT0F7JHFITTHY,2025-12-20,2026-05-05,GBP,INR,2271083.41,1.106177,1.10243,Investment Banking,-3.74699999999994e-03,136,90+ Days
SWP4VSK3E9IVNVL,2026-01-09,2026-07-04,EUR,JPY,1385356.4,0.659163,0.65985,Markets,6.86999999999993e-04,176,90+ Days
SWP94YW40LHN76U,2026-01-23,2026-07-06,EUR,CAD,5920261.15,0.667205,0.668956,Investment Banking,1.75099999999995e-03,164,90+ Days
SWPEJOCLLW6A8ZE,2025-12-07,2026-04-26,CHF,JPY,3723597.98,0.788256,0.788088,Markets,-1.67999999999946e-04,140,90+ Days
SWPH4FO5DSAO8Z6,2025-11-01,2026-04-17,AUD,USD,9142363.33,1.40733,1.404591,Investment Banking,-2.73900000000005e-03,167,90+ Days
SWP614VIIBR9LAJ,2026-01-31,2026-03-21,CAD,EUR,2719197.89,1.051841,1.051543,Treasury,-2.98000000000131e-04,49,30-90 Days
SWPUJQ8OVCPMFE4,2025-12-02,2025-12-12,CAD,JPY,13903714.13,0.762216,0.763278,Markets,1.06200000000001e-03,10,0-30 Days
SWPE9685K84AU28,2025-12-19,2026-02-19,AUD,EUR,5695282.51,0.521248,0.521426,Markets,1.779999999999e-04,62,30-90 Days
SWPONTOJ1KM651T,2026-02-02,2026-07-12,JPY,EUR,1619227.14,0.63392,0.635978,Treasury,0.002058,160,90+ Days
SWPEYU0HQYU8FXX,2026-01-04,2026-03-26,AUD,CAD,10867839.0,0.977916,0.97897,Markets,0.001054,81,30-90 Days
SWPX9O9PPHU56SZ,2026-01-09,2026-06-22,GBP,CAD,3883285.87,0.858245,0.859257,Investment Banking,1.01200000000001e-03,164,90+ Days
SWPCKBGCZ714RUK,2026-02-06,2026-05-02,INR,JPY,4150837.07,1.264398,1.266546,Treasury,2.14800000000004e-03,85,30-90 Days
SWPKV1F1ZZL3LTC,2026-02-20,2026-04-16,CAD,AUD,4124034.61,1.001454,1.00171,Markets,2.56000000000034e-04,55,30-90 Days
SWPN1NBM5EPPKQB,2026-02-19,2026-03-05,CHF,JPY,681243.5,0.868367,0.872531,Treasury,4.16399999999995e-03,14,0-30 Days
SWPYYF4JGVEAGK7,2026-01-12,2026-04-25,CHF,GBP,1602147.97,0.575429,0.574157,Markets,-1.27199999999994e-03,103,90+ Days
SWPX5P9ME7SGXSJ,2025-12-03,2026-03-22,CHF,USD,4749570.83,0.961924,0.961523,Markets,-4.00999999999985e-04,109,90+ Days
SWPLY4WV9CEZ0J4,2026-01-13,2026-04-23,GBP,EUR,1450057.16,1.18252,1.180449,Treasury,-2.07099999999993e-03,100,90+ Days
SWP02RC2CFU4BRU,2025-12-13,2026-02-05,JPY,INR,4910300.97,0.902259,0.906055,Markets,3.79600000000002e-03,54,30-90 Days
SWPJZ3DTHRFXT93,2026-02-16,2026-06-21,EUR,AUD,5502656.11,1.124184,1.130362,Treasury,6.17800000000002e-03,125,90+ Days
SWPHAPY7LCJYZ0Q,2025-12-07,2026-04-12,EUR,USD,1177264.9,0.854125,0.851734,Markets,-2.39100000000003e-03,126,90+ Days
SWPPI262KYGM6N0,2025-12-03,2026-04-17,CHF,USD,7372305.55,1.080002,1.080926,Markets,9.24000000000147e-04,135,90+ Days
SWPVJ2RLPKIASD6,2025-11-20,2026-04-07,INR,EUR,5305088.5,0.905143,0.904186,Markets,-9.56999999999986e-04,138,90+ Days
SWPZMEMU17YK66U,2025-11-23,2026-01-29,CAD,CHF,8841680.24,1.392343,1.39171,Treasury,-6.33000000000106e-04,67,30-90 Days
SWPG9V9QHM7DNTN,2025-12-26,2026-02-08,AUD,USD,3591871.01,0.708356,0.709613,Markets,1.25700000000006e-03,44,30-90 Days
SWP2YAI0WMTS4QE,2026-01-14,2026-06-17,USD,INR,2415067.82,1.374557,1.375385,Markets,8.28000000000051e-04,154,90+ Days
SWPKNAQ4X5IZ3DN,2025-11-07,2026-04-30,EUR,CHF,3813667.84,1.187341,1.185258,Investment Banking,-2.08300000000006e-03,174,90+ Days
SWPCX2U6LPHLW8X,2025-11-01,2026-04-24,AUD,EUR,4511049.02,1.366062,1.367163,Markets,1.1009999999998e-03,174,90+ Days
SWPYIY9F8569PP3,2025-11-29,2026-01-07,CHF,CAD,2057491.4,1.093652,1.092199,Investment Banking,-1.45300000000015e-03,39,30-90 Days
SWP00H8TQ9LPS7D,2026-01-09,2026-03-23,EUR,CHF,3096309.77,1.398146,1.3984,Investment Banking,2.53999999999976e-04,73,30-90 Days
SWPI8IR6LA74IT0,2025-11-13,2026-02-10,JPY,INR,2443807.33,0.822984,0.821902,Markets,-1.08200000000003e-03,89,30-90 Days
SWPBMJ1N6MU7408,2025-11-08,2026-02-22,INR,CHF,2790405.77,1.235179,1.236969,Markets,1.78999999999996e-03,106,90+ Days
SWPC3VLUEUJ1YN9,2026-01-19,2026-02-02,INR,CAD,7511338.01,1.107278,1.109814,Treasury,2.53600000000009e-03,14,0-30 Days
SWP3FGQDNO9SP1E,2026-02-05,2026-04-05,USD,CHF,934683.15,1.262828,1.268541,Markets,5.71299999999986e-03,59,30-90 Days
SWPYLUVZNAVME5V,2025-12-10,2026-03-08,GBP,CHF,7991814.41,0.881524,0.880709,Treasury,-8.1500000000001e-04,88,30-90 Days
SWPB27LOY4DRJZT,2025-11-09,2026-02-13,CAD,AUD,4589517.86,0.834805,0.834949,Investment Banking,1.44000000000033e-04,96,90+ Days
SWPVBSA1MUMEYZV,2026-02-20,2026-02-27,AUD,GBP,3871608.86,0.89901,0.898007,Treasury,-1.00299999999998e-03,7,0-30 Days
SWPY36VQ16ZISJH,2026-02-21,2026-03-20,EUR,GBP,2098540.2,1.112781,1.111102,Markets,-1.67899999999999e-03,27,0-30 Days
SWP6DWU8546M67A,2025-12-06,2026-05-20,CAD,USD,3428488.7,0.557075,0.558127,Markets,1.05200000000005e-03,165,90+ Days
SWPIPHHUSBFEY9R,2025-12-13,2026-02-28,INR,EUR,2349188.05,1.273217,1.271346,Markets,-1.87099999999996e-03,77,30-90 Days
SWP1BZL88OY6589,2025-12-10,2026-04-25,JPY,EUR,6672884.32,1.250714,1.251015,Markets,3.00999999999885e-04,136,90+ Days
SWPV5GK2YTJE0I9,2025-10-31,2025-11-27,AUD,EUR,3915046.08,0.56218,0.561874,Investment Banking,-3.06000000000028e-04,27,0-30 Days
SWPFMPU4YLVMGUG,2026-02-14,2026-06-07,EUR,CAD,5073390.92,0.673568,0.675148,Treasury,1.58000000000003e-03,113,90+ Days
SWPCGOFCLUWMON9,2025-11-05,2025-12-12,JPY,USD,5137618.87,1.448143,1.448127,Investment Banking,-1.6000000000016e-05,37,30-90 Days
SWPK3V1JZDIGJEH,2025-12-09,2026-02-20,JPY,USD,3945344.95,1.023494,1.022453,Investment Banking,-1.04099999999985e-03,73,30-90 Days
SWPCZ7AFE4WX74S,2025-11-19,2025-12-03,EUR,CAD,1699540.22,0.935442,0.938364,Treasury,2.92199999999998e-03,14,0-30 Days
SWP7AZKMDJ8HI7Q,2025-10-29,2026-03-07,USD,EUR,2568919.33,0.579685,0.579647,Markets,-3.79999999999825e-05,129,90+ Days
SWP44B2MGC7XII4,2025-11-21,2026-05-13,USD,GBP,4639525.2,0.96304,0.965839,Markets,0.002799,173,90+ Days
SWP9IBRQ7J3BO2L,2026-02-10,2026-03-25,EUR,GBP,1699276.62,0.701502,0.70269,Investment Banking,1.18800000000008e-03,43,30-90 Days
SWPW7DEGVPBPLRS,2025-11-12,2026-03-22,USD,AUD,1414213.32,0.543274,0.542969,Markets,-0.000305,130,90+ Days
SWPTZXMNI03K8XJ,2026-01-18,2026-07-05,JPY,INR,595035.84,1.419584,1.422325,Investment Banking,2.7410000000001e-03,168,90+ Days
SWP5JRGQXCNVSFP,2025-12-07,2026-03-27,EUR,GBP,6270556.76,1.273,1.276342,Investment Banking,3.34200000000018e-03,110,90+ Days
SWPDNGG4O1S8GBD,2025-11-25,2025-12-09,INR,GBP,4337617.8,1.378298,1.378316,Treasury,1.80000000000735e-05,14,0-30 Days
SWPLEHBMW8WFLA7,2026-02-12,2026-05-01,CHF,GBP,2809312.05,0.800755,0.800024,Markets,-7.31000000000037e-04,78,30-90 Days
SWPZYHBTOD5LPJI,2025-11-10,2026-03-03,CHF,JPY,4794381.75,0.62073,0.620672,Markets,-5.80000000000025e-05,113,90+ Days
SWPRHHTZOBWU8AX,2025-10-31,2026-01-07,GBP,EUR,995253.24,1.405087,1.406359,Treasury,1.27199999999994e-03,68,30-90 Days
SWPAOOHM1SL9SB3,2025-12-30,2026-06-05,JPY,EUR,5684942.27,0.711665,0.712471,Markets,8.05999999999973e-04,157,90+ Days
SWP7V1LFD64JO2V,2025-12-05,2025-12-14,INR,CAD,4119122.01,1.059601,1.060299,Investment Banking,6.98000000000087e-04,9,0-30 Days
SWPUUNWUY11TJ4J,2026-02-14,2026-03-30,EUR,GBP,3868953.33,1.092174,1.094281,Treasury,2.10700000000008e-03,44,30-90 Days
SWPTJWT6TC0DWQ4,2025-12-24,2026-05-07,CAD,EUR,4922791.26,0.710209,0.710109,Treasury,-9.9999999999989e-05,134,90+ Days
SWPK149EJ7XRVVU,2026-01-24,2026-05-13,INR,AUD,1535885.59,1.059432,1.059141,Treasury,-2.90999999999819e-04,109,90+ Days
SWPNSCXE8TD2YML,2026-01-17,2026-04-10,USD,INR,4651943.26,1.031758,1.034906,Investment Banking,3.14800000000015e-03,83,30-90 Days
SWP9A0ZO0O5LB0E,2026-01-25,2026-07-13,CHF,JPY,1917358.12,0.696779,0.696924,Treasury,1.44999999999951e-04,169,90+ Days
SWPC22Q9LB8B02I,2025-12-08,2026-04-04,USD,GBP,1802613.11,1.314467,1.314132,Treasury,-3.34999999999974e-04,117,90+ Days
SWP19T490Y63LY5,2025-11-11,2026-01-12,AUD,CHF,9944541.03,1.243108,1.244896,Treasury,1.7879999999999e-03,62,30-90 Days
SWP56X6JGIEE2A1,2026-01-23,2026-06-29,AUD,CAD,8434486.11,0.644168,0.645187,Treasury,1.01899999999999e-03,157,90+ Days
SWPFYEZ7YOIUL2U,2026-02-06,2026-03-05,USD,GBP,2431340.34,1.432189,1.432343,Markets,1.53999999999987e-04,27,0-30 Days
SWP6JJZW5Z4BDVB,2025-12-19,2026-03-16,CHF,CAD,2137987.05,0.725724,0.727209,Treasury,1.48499999999996e-03,87,30-90 Days
SWPZSX2PBODVP3E,2026-01-17,2026-06-11,GBP,USD,7927321.52,0.59523,0.596442,Markets,1.21199999999999e-03,145,90+ Days
SWPN23BBFF744ZM,2025-11-20,2026-03-10,USD,GBP,2669385.41,1.416936,1.413446,Investment Banking,-3.48999999999999e-03,110,90+ Days
SWP1A0FPQF36SC2,2026-02-07,2026-06-09,CAD,CHF,4485513.15,1.402169,1.400564,Treasury,-1.60500000000008e-03,122,90+ Days
SWPYDWNRUMGIBOB,2025-11-15,2025-12-02,AUD,EUR,3808579.96,0.793088,0.792527,Investment Banking,-5.61000000000034e-04,17,0-30 Days
SWPHJKQ9RFNDKVM,2026-02-18,2026-08-02,INR,EUR,3324852.14,0.55741,0.557384,Markets,-2.59999999999705e-05,165,90+ Days
SWP6GTWPV5M1TDL,2026-01-31,2026-03-27,CHF,USD,3853697.85,1.270994,1.2734,Investment Banking,2.40600000000013e-03,55,30-90 Days
SWPKZSI8NEGO702,2026-02-08,2026-07-17,CHF,INR,1083180.54,1.325682,1.326301,Treasury,6.18999999999925e-04,159,90+ Days
SWPO9YOPRXDDLBM,2025-12-20,2026-06-08,AUD,GBP,2766535.73,1.046615,1.044458,Treasury,-2.15699999999996e-03,170,90+ Days
SWPX4M7YDTMIACW,2026-01-25,2026-05-30,CAD,EUR,7088316.41,1.415092,1.414233,Markets,-8.58999999999943e-04,125,90+ Days
SWPH4HBRVKZV1PB,2026-01-06,2026-05-29,USD,EUR,797696.29,1.243695,1.246379,Investment Banking,2.68399999999991e-03,143,90+ Days
SWP609PIE9JHX5Q,2025-12-18,2026-06-15,INR,EUR,1645651.13,1.365481,1.368475,Markets,2.99400000000016e-03,179,90+ Days
SWPYCG0KQWF2SCH,2025-12-06,2026-01-07,CHF,INR,3295894.26,1.311416,1.307788,Treasury,-3.62799999999996e-03,32,30-90 Days
SWP3Z30IL5C63NO,2025-11-09,2026-02-10,EUR,INR,1706996.53,0.935655,0.932868,Investment Banking,-2.78699999999998e-03,93,90+ Days
SWPYW1I2QDUDAJH,2025-12-18,2026-05-11,GBP,CAD,3168209.94,1.004025,1.005104,Treasury,1.07900000000005e-03,144,90+ Days
SWPJYRU8B4X21BK,2025-11-09,2026-01-19,INR,JPY,8722382.74,1.307927,1.30839,Investment Banking,4.6299999999988e-04,71,30-90 Days
SWPH32GX9RVBAUG,2025-12-28,2026-05-30,AUD,CHF,5045107.88,0.858737,0.859734,Treasury,9.97000000000026e-04,153,90+ Days
SWP9Y9MJSMUB3Z7,2025-12-15,2026-04-10,CHF,CAD,864046.69,1.38885,1.391096,Treasury,2.24600000000019e-03,116,90+ Days
SWPSI3700VVC7AG,2026-01-24,2026-06-14,USD,AUD,2626638.54,1.174405,1.178847,Investment Banking,4.44200000000006e-03,141,90+ Days
SWPENFQJYE96FZ7,2025-11-28,2026-05-15,GBP,INR,11039452.68,1.298884,1.297566,Investment Banking,-1.31799999999993e-03,168,90+ Days
SWPQTHZAL8WT1EE,2026-02-11,2026-07-23,USD,GBP,6503315.29,1.061495,1.061331,Markets,-1.64000000000053e-04,162,90+ Days
SWPJBLNU4XLJSK1,2026-02-14,2026-04-15,GBP,USD,2122330.63,0.878029,0.877851,Investment Banking,-1.779999999999e-04,60,30-90 Days
SWP8FJBY0KLTDQL,2025-11-30,2026-02-17,INR,CHF,9790193.26,1.24736,1.245734,Treasury,-1.62600000000013e-03,79,30-90 Days
SWPTIETWIXMWSFY,2025-11-27,2026-04-02,JPY,CAD,3027659.38,0.685223,0.686344,Markets,1.12099999999993e-03,126,90+ Days
SWPW1VJQ90S58N1,2025-11-28,2026-04-04,USD,JPY,8906556.66,0.801678,0.800715,Investment Banking,-9.63000000000047e-04,127,90+ Days
SWPYQC6GYFNARUU,2025-11-25,2026-01-07,JPY,CAD,6373323.83,1.30582,1.311894,Treasury,6.07399999999991e-03,43,30-90 Days
SWPY5QVK1V0SLRK,2026-02-09,2026-03-06,CHF,INR,6826826.78,0.537906,0.537473,Markets,-4.33000000000017e-04,25,0-30 Days
SWPEDQNPBTF9M4E,2025-11-07,2026-02-13,INR,USD,1732795.43,1.143804,1.14092,Treasury,-2.88400000000011e-03,98,90+ Days
SWPP35H0Y1V90R3,2026-02-05,2026-05-11,USD,JPY,1779830.55,0.850647,0.852087,Investment Banking,0.00144,95,90+ Days
SWP51W43L1XMLTZ,2025-12-30,2026-02-10,EUR,AUD,585519.7,0.78052,0.781644,Treasury,1.12400000000001e-03,42,30-90 Days
SWPGQ78CP8T7X38,2026-01-11,2026-02-24,JPY,GBP,2500215.85,1.284957,1.285469,Treasury,5.12000000000068e-04,44,30-90 Days
SWPURN6TD7IEPG5,2025-12-23,2026-03-08,CAD,JPY,3442779.37,0.878692,0.877677,Investment Banking,-1.01499999999999e-03,75,30-90 Days
SWPG5Q18EZQBFXO,2026-02-17,2026-03-11,AUD,EUR,2758339.83,0.966597,0.968075,Treasury,1.47799999999998e-03,22,0-30 Days
SWP4NZ1YTQRL0LR,2025-11-29,2026-05-04,JPY,EUR,4552183.5,1.435194,1.434799,Markets,-3.95000000000145e-04,156,90+ Days
SWPRUMNICKBNG99,2025-12-22,2026-04-15,CHF,USD,3636035.8,1.187641,1.191628,Markets,3.98699999999996e-03,114,90+ Days
SWP2V23JS9RNYY1,2025-12-10,2026-03-28,AUD,CHF,1390806.93,0.881456,0.88341,Treasury,1.95400000000001e-03,108,90+ Days
SWP6I4E8BQOAXFH,2026-01-02,2026-02-23,JPY,CHF,10047298.92,1.018727,1.018234,Investment Banking,-4.92999999999855e-04,52,30-90 Days
SWP25QICC3MU020,2026-02-03,2026-03-04,CAD,EUR,1326989.16,0.513519,0.515661,Markets,2.14200000000009e-03,29,0-30 Days
SWPZ5VYIWEIXIN5,2025-12-13,2026-01-21,CHF,USD,4807858.62,0.634209,0.634616,Markets,4.06999999999935e-04,39,30-90 Days
SWPUR01VJ1WQJA8,2026-01-24,2026-02-23,USD,AUD,17652144.45,1.090006,1.085726,Treasury,-4.28000000000006e-03,30,0-30 Days
SWPBAW9OQD7UZ6W,2026-01-06,2026-06-20,CAD,AUD,6592033.47,1.497776,1.500916,Markets,3.13999999999992e-03,165,90+ Days
SWPC1H6NXRTKR9M,2025-12-03,2026-05-20,EUR,CHF,1959737.48,1.140502,1.140968,Markets,4.66000000000077e-04,168,90+ Days
SWPAQU34D7746S7,2026-01-01,2026-05-05,INR,CHF,4594208.33,0.714385,0.716366,Investment Banking,1.9809999999999e-03,124,90+ Days
SWPPZ0MMYM6Z5OC,2025-12-27,2026-04-29,EUR,CHF,2040479.62,1.448227,1.446484,Markets,-1.74299999999983e-03,123,90+ Days
SWP4K9Y0ZMN0DJN,2025-12-23,2026-03-10,CAD,EUR,9599895.36,0.772876,0.775199,Investment Banking,2.32299999999996e-03,77,30-90 Days
SWP4UZ3ZMSQZBE5,2025-12-13,2026-05-13,INR,EUR,877448.33,1.339845,1.34241,Markets,2.56500000000015e-03,151,90+ Days
SWP1B4H6BU1DURE,2025-12-13,2026-04-19,USD,CHF,2018055.03,1.406604,1.407461,Investment Banking,8.57000000000108e-04,127,90+ Days
SWPFX7MKCYP8FXL,2026-01-05,2026-05-10,JPY,INR,1956358.78,0.580303,0.581268,Markets,9.64999999999994e-04,125,90+ Days
SWPFE31OXLV6ZW6,2026-01-01,2026-04-21,EUR,JPY,4989701.05,1.195427,1.196506,Treasury,1.07900000000005e-03,110,90+ Days
SWPOPDZZG8BGK22,2026-02-06,2026-03-20,USD,CAD,3395990.65,1.251326,1.253444,Markets,2.11800000000006e-03,42,30-90 Days
SWP99LVT9UFXH48,2025-12-22,2026-03-17,CHF,CAD,5417655.14,1.002524,1.00326,Markets,7.3600000000007e-04,85,30-90 Days
SWP05442ZO14BP5,2026-01-10,2026-06-19,INR,CAD,604430.32,0.688258,0.687697,Markets,-5.61000000000034e-04,160,90+ Days
SWPEQ8ODO7IUNTU,2025-10-27,2025-11-30,USD,CHF,4659188.28,1.156504,1.154915,Markets,-1.58900000000006e-03,34,30-90 Days
SWP0YFP3TTNP46N,2025-12-05,2026-01-14,CAD,JPY,3348870.18,0.626373,0.626114,Markets,-2.59000000000009e-04,40,30-90 Days
SWPP9HOMTMDAA7E,2025-12-27,2026-04-25,INR,CHF,4765078.52,1.116614,1.11495,Investment Banking,-1.66399999999989e-03,119,90+ Days
SWPFDXHRPDCSZSI,2025-12-01,2026-03-12,INR,EUR,847265.21,1.444788,1.446604,Investment Banking,1.81600000000004e-03,101,90+ Days
SWPCOO65C59K5DQ,2025-11-07,2026-02-01,AUD,USD,1636484.12,0.604938,0.605,Treasury,6.20000000000065e-05,86,30-90 Days
SWPFZEGPMJZZMEM,2026-02-13,2026-05-22,AUD,GBP,4623737.28,1.278961,1.279145,Treasury,1.83999999999962e-04,98,90+ Days
SWPJ3PC3BC7Q7DC,2025-12-22,2026-01-03,CAD,EUR,3493072.37,0.630808,0.631491,Investment Banking,6.82999999999989e-04,12,0-30 Days
SWPN2JTY7ZTFQK3,2025-11-04,2026-01-26,CAD,JPY,1830060.76,0.639147,0.639533,Treasury,3.85999999999997e-04,83,30-90 Days
SWP5L5L9N0CFDV5,2026-01-19,2026-06-28,EUR,INR,5172859.08,0.612493,0.612044,Treasury,-4.48999999999922e-04,160,90+ Days
SWPI2TGXMQ40V7Y,2025-12-15,2025-12-22,AUD,GBP,991975.49,0.993076,0.996767,Markets,0.003691,7,0-30 Days
SWPYBAK25RWV90G,2026-02-04,2026-06-23,JPY,GBP,412867.01,1.426432,1.425883,Treasury,-5.48999999999911e-04,139,90+ Days
SWPDC6830U9M902,2025-12-10,2026-01-01,CAD,EUR,3689548.22,1.365399,1.365372,Treasury,-2.69999999999992e-05,22,0-30 Days
SWPAFFR4UDVHJH5,2025-12-29,2026-04-04,CHF,USD,6422128.89,0.528488,0.528877,Investment Banking,3.89000000000084e-04,96,90+ Days
SWPVZM36NJSRLTC,2026-01-18,2026-05-25,USD,EUR,3977399.36,0.95782,0.958792,Treasury,9.71999999999973e-04,127,90+ Days
SWPZBJNIXZ6NTPI,2026-01-20,2026-03-27,CAD,GBP,5456987.38,1.473337,1.478514,Markets,5.17700000000021e-03,66,30-90 Days
SWPF8R3UXTORPY1,2025-11-10,2026-04-21,EUR,CHF,3353568.56,0.565622,0.56781,Markets,2.18800000000008e-03,162,90+ Days
SWPSB49TRNDY9DC,2026-02-06,2026-03-20,CHF,JPY,7463663.68,0.678802,0.68021,Treasury,1.40799999999996e-03,42,30-90 Days
SWPUJGCGOKBC3J6,2026-02-01,2026-07-04,CAD,JPY,754533.07,0.754174,0.751584,Treasury,-2.58999999999998e-03,153,90+ Days
SWPV2FM7X346IZV,2025-11-10,2025-12-01,CHF,USD,7653797.85,1.071389,1.074585,Investment Banking,3.19599999999998e-03,21,0-30 Days
SWPW6GM8ZESMDJD,2026-01-29,2026-02-05,USD,INR,1631695.39,1.032036,1.034388,Treasury,2.35200000000013e-03,7,0-30 Days
SWP5WFUERNETGW8,2026-01-27,2026-05-22,CHF,USD,1682862.59,1.241607,1.238954,Markets,-2.65299999999979e-03,115,90+ Days
SWPS9TATLJRZZQE,2025-11-04,2026-05-01,INR,CAD,1974457.89,0.546016,0.545028,Markets,-9.87999999999989e-04,178,90+ Days
SWPFHRFSOP75A44,2025-11-19,2026-05-07,CAD,AUD,2274824.11,1.334056,1.342889,Markets,8.83300000000009e-03,169,90+ Days
SWP8S2KQ8LZQBB9,2026-02-01,2026-04-16,JPY,USD,2497251.86,1.242948,1.245801,Investment Banking,2.85299999999999e-03,74,30-90 Days
SWPVR4KSWNIB9LW,2025-12-24,2026-06-13,JPY,INR,7701935.32,0.894456,0.897717,Investment Banking,3.26099999999996e-03,171,90+ Days
SWP0NJUSFUC72HB,2025-11-02,2025-11-23,USD,JPY,1109284.32,0.744856,0.742729,Investment Banking,-2.12699999999999e-03,21,0-30 Days
SWPL52CJDEQUHVN,2026-02-17,2026-02-26,AUD,JPY,2946337.77,1.127838,1.133561,Treasury,5.72300000000014e-03,9,0-30 Days
SWPAS36KVUTDI2Q,2026-01-30,2026-07-22,CAD,JPY,3048755.31,0.59153,0.591903,Markets,3.72999999999957e-04,173,90+ Days
SWPKGKCHZVD7LR5,2025-10-30,2026-03-29,USD,GBP,3075856.56,1.053304,1.0553,Markets,1.99599999999989e-03,150,90+ Days
SWPRMTAUYMZ28XU,2026-01-22,2026-06-09,AUD,GBP,1132008.43,0.804224,0.803634,Markets,-5.9000000000009e-04,138,90+ Days
SWPIK41UOYTJJK4,2025-11-01,2025-12-07,EUR,GBP,8917419.38,0.980282,0.978168,Markets,-2.11399999999995e-03,36,30-90 Days
SWPAM9NO9KT62HD,2026-01-13,2026-03-20,INR,AUD,6596962.09,1.169752,1.17318,Investment Banking,3.42799999999999e-03,66,30-90 Days
SWP41B1MMLBCK4T,2025-12-15,2026-02-03,JPY,CAD,1936519.88,1.345358,1.347956,Treasury,2.59799999999988e-03,50,30-90 Days
SWP2C5HYA53P7VZ,2025-11-12,2025-12-14,CAD,AUD,995097.9,0.795668,0.796311,Markets,6.42999999999949e-04,32,30-90 Days
SWP29YKIS1A53XQ,2025-11-30,2026-01-11,EUR,GBP,45241649.9,1.092527,1.091562,Markets,-9.65000000000105e-04,42,30-90 Days
SWP1HLO7YR3KYZR,2025-12-09,2026-03-03,CAD,GBP,3168020.27,1.192651,1.194,Investment Banking,1.34900000000004e-03,84,30-90 Days
SWPC36GDS8R3I8N,2025-11-20,2025-12-01,EUR,INR,5521601.77,1.494751,1.497289,Treasury,2.53800000000015e-03,11,0-30 Days
SWPY1MH3E25LYVA,2025-12-12,2026-02-24,JPY,GBP,11641745.36,1.173261,1.175316,Markets,2.05499999999992e-03,74,30-90 Days
SWP3H9E0T8281WY,2026-01-22,2026-07-18,AUD,INR,6075449.47,0.735975,0.73717,Markets,1.19499999999995e-03,177,90+ Days
SWP99NOBF1ZM62S,2025-11-09,2026-01-27,AUD,GBP,2861102.69,0.578939,0.576043,Investment Banking,-2.89600000000001e-03,79,30-90 Days
SWP18JIG5PD2YON,2026-01-01,2026-05-05,GBP,CHF,2096808.08,0.59491,0.594069,Markets,-8.41000000000092e-04,124,90+ Days
SWPY43X2JJWJUAA,2025-11-08,2026-02-04,INR,CHF,4616964.69,0.544273,0.544782,Treasury,5.08999999999982e-04,88,30-90 Days
SWPNUK04ZDNXXV1,2025-12-25,2026-03-10,AUD,CHF,4296636.17,1.089886,1.08501,Investment Banking,-4.87599999999988e-03,75,30-90 Days
SWP1MVOSZ9EPDNJ,2025-11-02,2026-02-14,USD,CAD,1709123.76,1.246642,1.250728,Investment Banking,4.08600000000003e-03,104,90+ Days
SWPD5M2NWD6VF0B,2025-11-29,2026-01-21,CHF,CAD,3434023.67,0.572062,0.571103,Investment Banking,-9.58999999999932e-04,53,30-90 Days
SWPPSYDHS5CRBLA,2025-12-31,2026-02-08,CAD,JPY,3824494.59,1.234567,1.235961,Investment Banking,1.39400000000012e-03,39,30-90 Days
SWP55EW16XMUNXE,2026-01-14,2026-01-25,CHF,GBP,1224410.83,1.224816,1.226487,Markets,1.6710000000002e-03,11,0-30 Days
SWPBA7Z7JANVFB2,2026-01-27,2026-02-27,USD,GBP,11403894.38,1.278837,1.281307,Treasury,2.46999999999997e-03,31,30-90 Days
SWPONPTFABBBJZ9,2025-11-29,2026-03-31,CHF,AUD,2424046.92,1.31452,1.317348,Investment Banking,2.82800000000005e-03,122,90+ Days
SWPWWJX5OR3EGJ4,2025-11-12,2026-02-11,JPY,USD,2682484.18,1.28149,1.283439,Markets,1.94899999999998e-03,91,90+ Days
SWP0RV5RXB3Z7FP,2025-11-12,2026-02-24,CHF,EUR,628108.45,1.330888,1.332585,Investment Banking,1.69699999999984e-03,104,90+ Days
SWPD3RC88ZASZI2,2026-02-21,2026-07-11,USD,AUD,5250889.65,1.305708,1.308777,Markets,3.06899999999999e-03,140,90+ Days
SWP0V3HQ791LSG1,2026-01-21,2026-03-26,CHF,GBP,3598464.48,0.732843,0.733337,Treasury,4.93999999999994e-04,64,30-90 Days
SWPBGMHXQND5ZNM,2026-02-06,2026-07-26,GBP,EUR,1913676.67,0.983731,0.984576,Investment Banking,8.44999999999985e-04,170,90+ Days
SWPWWZ72F1P7AEK,2025-12-01,2026-04-03,AUD,EUR,3728782.97,0.745297,0.748778,Markets,3.48100000000007e-03,123,90+ Days
SWPVYGVGEVEC3D5,2026-01-18,2026-04-03,JPY,AUD,2264846.19,0.53098,0.53079,Investment Banking,-1.90000000000023e-04,75,30-90 Days
SWPPV8AJS0TDF0V,2025-12-08,2026-05-18,CHF,AUD,3620838.51,0.683612,0.683367,Markets,-2.45000000000051e-04,161,90+ Days
SWPX8I8QNZXD7UJ,2025-10-29,2026-02-11,AUD,INR,3885726.48,1.205997,1.207481,Markets,1.48400000000004e-03,105,90+ Days
SWPY7APR5A6TSFY,2025-10-30,2025-12-24,GBP,EUR,6962285.58,1.287441,1.291243,Treasury,3.80199999999986e-03,55,30-90 Days
SWPW2W4GRSTHKWZ,2026-02-08,2026-04-15,CAD,AUD,4034831.49,0.680155,0.679195,Treasury,-9.59999999999961e-04,66,30-90 Days
SWPZ0L4S018LU6E,2025-12-28,2026-06-21,INR,CHF,6672262.53,1.276009,1.277129,Markets,1.12000000000001e-03,175,90+ Days
SWPW5TPTEISI3BW,2026-02-05,2026-05-15,USD,EUR,2582519.27,0.585946,0.585867,Treasury,-7.89999999999402e-05,99,90+ Days
SWP2E9GMYED8TS4,2026-01-18,2026-04-09,USD,CHF,1770605.6,1.310823,1.312265,Markets,1.44199999999994e-03,81,30-90 Days
SWPPR0O7I1G76OT,2026-02-21,2026-04-16,JPY,CHF,15662012.9,1.230599,1.23408,Treasury,3.48100000000007e-03,54,30-90 Days
SWP2FLFYV6FGO0R,2025-11-07,2026-03-09,CAD,EUR,1075726.09,0.750322,0.749469,Markets,-8.52999999999993e-04,122,90+ Days
SWPHDHO535ALMPM,2026-01-03,2026-05-07,INR,AUD,4988381.68,1.155564,1.154514,Markets,-0.00105,124,90+ Days
SWPF93CMO6LRDD0,2026-02-11,2026-03-06,EUR,JPY,2186571.47,0.522755,0.523504,Treasury,0.000749,23,0-30 Days
SWPYL796GIUGZVA,2025-11-16,2026-04-06,CHF,EUR,727979.01,0.59488,0.596078,Treasury,1.19800000000003e-03,141,90+ Days
SWPZ9JCZZMZ14OT,2025-10-29,2025-12-14,CHF,CAD,3468011.29,1.051545,1.054329,Treasury,2.78400000000012e-03,46,30-90 Days
SWPMFE4O14MW5GK,2026-02-12,2026-04-25,AUD,JPY,4229776.87,0.943648,0.949245,Investment Banking,5.59699999999996e-03,72,30-90 Days
SWP4HYOE9UU8AWF,2025-11-16,2026-02-16,USD,JPY,7470266.03,1.077514,1.078267,Investment Banking,7.53000000000004e-04,92,90+ Days
SWPORON53BYHMX1,2025-12-25,2026-01-07,AUD,EUR,9299332.88,0.606061,0.608176,Treasury,2.11500000000009e-03,13,0-30 Days
SWPGK7CEA9Z37GG,2025-11-09,2026-04-27,EUR,AUD,2314561.66,1.112902,1.115271,Investment Banking,2.36899999999984e-03,169,90+ Days
SWPQ2ZRTDV5DQ70,2025-12-17,2026-04-12,INR,AUD,1584963.36,0.587898,0.588166,Markets,2.67999999999935e-04,116,90+ Days
SWP35WRBS8KHQCR,2025-12-17,2026-03-08,USD,JPY,10746980.79,1.399598,1.403521,Treasury,3.92300000000012e-03,81,30-90 Days
SWP08J0MG4HKIHN,2026-01-01,2026-03-18,INR,CHF,2866588.78,1.283706,1.284444,Markets,7.37999999999905e-04,76,30-90 Days
SWP1T5SUFCKYYWB,2026-01-03,2026-01-12,EUR,JPY,8397779.83,1.430415,1.431061,Treasury,6.45999999999924e-04,9,0-30 Days
SWPWUX276CLKDT5,2026-02-03,2026-04-04,GBP,CAD,3288698.62,1.278105,1.278455,Markets,3.4999999999985e-04,60,30-90 Days
SWPL08SBCK6HHHZ,2025-11-28,2026-01-03,AUD,USD,1745520.36,0.515108,0.518193,Investment Banking,0.003085,36,30-90 Days
SWPCJ3SS30P6R01,2025-11-29,2026-05-15,JPY,CAD,11885237.93,1.322767,1.328521,Treasury,5.75400000000004e-03,167,90+ Days
SWPWLL75QJGO10G,2025-12-24,2026-06-20,INR,AUD,5531902.48,1.496733,1.497693,Investment Banking,9.5999999999985e-04,178,90+ Days
SWPUTXNMALK1CEM,2026-02-20,2026-07-19,INR,USD,2476109.07,0.740412,0.743386,Markets,2.97400000000003e-03,149,90+ Days
SWP5FWO1LU06GD6,2026-01-08,2026-06-10,USD,INR,2489643.37,1.262815,1.262106,Investment Banking,-7.09000000000071e-04,153,90+ Days
SWP2CXDSVM6HXNS,2026-02-16,2026-05-16,EUR,AUD,3195265.25,1.464435,1.46632,Treasury,1.88500000000014e-03,89,30-90 Days
SWP0NYVKY50Z2C2,2026-01-25,2026-06-17,CAD,GBP,4996272.98,0.74816,0.750412,Treasury,2.25199999999992e-03,143,90+ Days
SWPGMI16NZ91N08,2026-01-05,2026-02-08,INR,EUR,5841948.09,0.906046,0.907681,Investment Banking,1.63499999999994e-03,34,30-90 Days
SWP20I1P6X9YMSB,2026-02-13,2026-07-08,CHF,AUD,10147105.36,1.152139,1.155552,Treasury,3.41299999999989e-03,145,90+ Days
SWP2SALOQI9DEUZ,2026-02-04,2026-05-19,AUD,JPY,11690213.69,0.53572,0.534303,Markets,-0.001417,104,90+ Days
SWPBIC2E14QBUAF,2025-12-18,2026-01-04,INR,EUR,14347171.12,0.658133,0.657734,Investment Banking,-3.98999999999927e-04,17,0-30 Days
SWP7L82F7R02QOY,2025-10-29,2026-02-11,GBP,CHF,3456510.49,0.756817,0.757374,Investment Banking,5.5700000000003e-04,105,90+ Days
SWP6Z5YACGXG1Q3,2025-12-24,2026-05-22,GBP,CAD,2437750.71,0.865712,0.865496,Markets,-2.15999999999994e-04,149,90+ Days
SWP9I0UCR1IE53N,2025-11-18,2026-01-08,CAD,AUD,25024390.41,0.630055,0.631056,Treasury,1.00099999999992e-03,51,30-90 Days
SWPB1GV9YMUEC8V,2026-02-12,2026-04-04,JPY,EUR,2317062.1,1.356917,1.358275,Investment Banking,1.35799999999997e-03,51,30-90 Days
SWPWQ4P543NJZFG,2026-02-16,2026-07-01,GBP,EUR,2947769.2,0.668407,0.667283,Treasury,-1.12400000000001e-03,135,90+ Days
SWPL182SYXTNTK8,2026-02-10,2026-04-27,JPY,CHF,8746453.39,0.573367,0.573649,Treasury,2.82000000000004e-04,76,30-90 Days
SWP1LG8F7OIGNN1,2025-12-07,2026-04-29,USD,JPY,1528460.29,1.185139,1.186762,Markets,1.62300000000015e-03,143,90+ Days
SWPCQJ7KJNODU0U,2025-12-19,2026-01-20,GBP,USD,5489780.11,1.328395,1.328856,Markets,4.61000000000045e-04,32,30-90 Days
SWPCCY4I913SAB8,2025-11-01,2026-03-13,CAD,AUD,3060967.36,1.411474,1.40824,Treasury,-3.23399999999996e-03,132,90+ Days
SWPHNNB5OI8U18W,2026-01-08,2026-06-26,AUD,GBP,3970844.43,1.050653,1.05057,Investment Banking,-8.30000000000553e-05,169,90+ Days
SWPVFY5DDYO0LPM,2026-02-20,2026-05-20,GBP,CHF,11145337.94,1.193558,1.19377,Investment Banking,2.12000000000101e-04,89,30-90 Days
SWPW3VVV4UCIY23,2026-01-15,2026-02-15,INR,USD,2067613.9,1.39602,1.395635,Investment Banking,-3.8500000000008e-04,31,30-90 Days
SWPICQH2PST2PP7,2025-11-13,2025-12-26,INR,CAD,1306889.77,1.126481,1.122338,Markets,-4.14300000000001e-03,43,30-90 Days
SWPIJKTNMTNA35K,2025-12-31,2026-06-07,CAD,EUR,2967408.91,1.126769,1.128823,Investment Banking,0.002054,158,90+ Days
SWPM2ED96F11QAN,2025-11-04,2026-01-17,INR,CHF,2026123.02,1.401367,1.400053,Investment Banking,-1.31400000000004e-03,74,30-90 Days
SWP31EQM0RHMPJW,2026-02-04,2026-06-04,AUD,GBP,9608668.53,0.677662,0.679026,Investment Banking,1.36400000000003e-03,120,90+ Days
SWPU2ASP8R5YNC1,2025-12-22,2025-12-29,USD,INR,6308441.31,1.040979,1.044632,Treasury,3.65299999999991e-03,7,0-30 Days
SWP3KKFXLZT4J3E,2026-02-04,2026-05-03,INR,JPY,3332366.37,0.726013,0.7262,Markets,1.86999999999937e-04,88,30-90 Days
SWPTMXCDMFX1O9V,2025-11-20,2026-04-14,JPY,USD,7548068.8,1.107939,1.112429,Markets,4.48999999999988e-03,145,90+ Days
SWPA4O8VF8VUR3I,2025-11-07,2026-02-04,JPY,GBP,1909852.75,1.095711,1.091726,Treasury,-3.98500000000013e-03,89,30-90 Days
SWPZ9O0RCW2HLXN,2025-12-05,2026-02-02,EUR,INR,29843187.49,0.503813,0.503833,Markets,2.000000000002e-05,59,30-90 Days
SWP74S9KRG1401N,2026-02-01,2026-02-08,CAD,AUD,1286544.42,1.446834,1.451633,Investment Banking,0.004799,7,0-30 Days
SWPXGUUT4L5BAZG,2026-01-19,2026-06-10,CAD,JPY,5320893.18,1.130245,1.132775,Treasury,2.53000000000014e-03,142,90+ Days
SWP4WTXXLNVRX83,2026-02-07,2026-06-24,USD,EUR,897568.28,0.503659,0.504313,Markets,6.54000000000043e-04,137,90+ Days
SWPQ9M37JTEPBLZ,2026-01-30,2026-05-15,CAD,AUD,6334320.11,1.370276,1.371394,Treasury,1.11799999999995e-03,105,90+ Days
SWPTTOWS3713BHV,2025-11-04,2025-11-29,CAD,GBP,5506472.39,1.090492,1.088612,Treasury,-1.8800000000001e-03,25,0-30 Days
SWPDPPQWMEWMNOB,2026-02-03,2026-06-25,EUR,CHF,6240263.75,0.970645,0.970789,Markets,1.44000000000033e-04,142,90+ Days
SWP6BV43DZF8G2X,2025-11-11,2026-03-30,AUD,USD,2086848.63,0.645238,0.646454,Investment Banking,1.21599999999999e-03,139,90+ Days
SWP5F49EI8SMFZU,2026-01-21,2026-04-22,USD,EUR,2696818.34,0.664933,0.666572,Markets,1.63900000000006e-03,91,90+ Days
SWPDN22Q3IYPPTB,2025-11-05,2025-11-27,USD,INR,1740681.35,0.65429,0.656586,Markets,2.29599999999996e-03,22,0-30 Days
SWPKLBHPIGYL3L4,2025-11-16,2026-01-25,CHF,CAD,2844989.82,1.101874,1.101364,Investment Banking,-5.1000000000001e-04,70,30-90 Days
SWPPD970REDX9H4,2025-11-15,2026-02-28,EUR,CAD,4916487.55,1.452022,1.451518,Treasury,-5.03999999999838e-04,105,90+ Days
SWP926RFV0UBSE7,2026-01-17,2026-02-06,GBP,JPY,5165264.61,1.463575,1.463976,Investment Banking,4.00999999999874e-04,20,0-30 Days
SWPWKUJSWNIEYW4,2026-01-20,2026-06-18,EUR,AUD,3156050.71,1.361237,1.360727,Investment Banking,-5.1000000000001e-04,149,90+ Days
SWPJUSDQ12I1XKR,2025-12-29,2026-03-11,CAD,JPY,13440355.96,1.04013,1.041754,Markets,1.62400000000007e-03,72,30-90 Days
SWPFNA5WB0JFUNX,2026-01-22,2026-06-23,AUD,EUR,4325077.73,1.400473,1.400417,Investment Banking,-5.6000000000056e-05,152,90+ Days
SWPGRDBLK2CRHUM,2025-11-03,2026-04-29,CHF,CAD,1536606.68,0.546096,0.548163,Investment Banking,2.06699999999993e-03,177,90+ Days
SWPLHXEBE1OJ9RX,2025-11-26,2026-02-04,AUD,CHF,6684399.77,1.357066,1.356736,Markets,-3.30000000000163e-04,70,30-90 Days
SWPND3T781KZI22,2026-01-01,2026-04-22,USD,GBP,3236933.41,1.418379,1.416391,Investment Banking,-1.9880000000001e-03,111,90+ Days
SWPC8EXHT8RY8NW,2025-12-31,2026-05-26,AUD,USD,1639441.49,1.492809,1.49233,Markets,-4.79000000000118e-04,146,90+ Days
SWPFDD82HIJLCS4,2025-12-01,2026-01-20,GBP,CAD,1925730.32,1.028516,1.025324,Treasury,-3.19200000000008e-03,50,30-90 Days
SWPO3AP8M1BKZ93,2026-02-11,2026-06-24,JPY,EUR,4891157.5,0.940023,0.940948,Treasury,9.24999999999954e-04,133,90+ Days
SWP3D6FYK25OGAL,2026-02-17,2026-04-08,EUR,CAD,3700309.76,1.252896,1.253902,Treasury,1.00600000000006e-03,50,30-90 Days
SWP4J5BV9XHP8SV,2025-11-08,2026-04-29,USD,INR,5348807.52,0.777179,0.77884,Markets,1.66100000000002e-03,172,90+ Days
SWPQAODUZBGW096,2025-12-30,2026-05-12,USD,GBP,7818716.12,1.293006,1.292883,Investment Banking,-1.23000000000095e-04,133,90+ Days
SWPB0W5FIGS8PHR,2025-10-31,2026-01-04,CHF,USD,1689622.45,1.450353,1.453826,Markets,3.47300000000006e-03,65,30-90 Days
SWPGDCT1BAFMTYU,2026-02-07,2026-03-25,AUD,USD,10498901.85,1.162258,1.165196,Investment Banking,2.93799999999989e-03,46,30-90 Days
SWPTNVLIA0KUUDG,2025-12-20,2026-01-21,INR,CAD,22435801.9,0.786335,0.788408,Investment Banking,2.07299999999999e-03,32,30-90 Days
SWPPC6PGZJ3BVJA,2025-11-13,2026-03-30,AUD,JPY,1125920.23,0.806313,0.8092,Treasury,2.88700000000008e-03,137,90+ Days
SWP6O61FTHJGTHR,2026-01-11,2026-02-03,CHF,CAD,16636339.25,1.335761,1.333503,Investment Banking,-2.25799999999987e-03,23,0-30 Days
SWPONXLKM4XRWTV,2026-01-12,2026-02-27,CHF,AUD,1227874.66,0.622555,0.623738,Treasury,1.18300000000005e-03,46,30-90 Days
SWPQUOEKP1OA1MZ,2026-01-21,2026-07-19,USD,INR,5276120.29,1.038884,1.038924,Investment Banking,4.000000000004e-05,179,90+ Days
SWPK9IN7MB8JR14,2025-12-28,2026-03-21,INR,CAD,1566575.64,0.983391,0.984778,Investment Banking,1.38700000000003e-03,83,30-90 Days
SWPOH6WQV57I61U,2026-01-17,2026-04-28,INR,CAD,6769371.5,1.102303,1.102427,Treasury,1.24000000000013e-04,101,90+ Days
SWPRVG3WZZW1SAK,2026-01-12,2026-07-03,EUR,USD,5325984.69,0.797911,0.798601,Investment Banking,6.89999999999968e-04,172,90+ Days
SWP0HGCNOQ5DAMO,2025-11-22,2026-03-20,CAD,CHF,4187924.17,0.78923,0.788376,Investment Banking,-8.54000000000021e-04,118,90+ Days
SWP66PDZN00UE5V,2025-11-14,2026-02-26,JPY,GBP,2997337.09,0.886217,0.8889,Investment Banking,2.68299999999999e-03,104,90+ Days
SWPKYIBYW5NUCV1,2025-11-15,2026-02-11,USD,CAD,513171.96,1.226739,1.22615,Markets,-5.88999999999951e-04,88,30-90 Days
SWP05FMHPYFJ9DS,2026-01-27,2026-07-06,CHF,USD,586962.42,1.442206,1.442027,Markets,-1.79000000000151e-04,160,90+ Days
SWPHYNEO9SWBK3Q,2026-02-16,2026-04-01,JPY,CAD,1748956.15,0.701823,0.701985,Treasury,1.61999999999995e-04,44,30-90 Days
SWPKPTIN31F6T5T,2025-12-24,2026-04-15,INR,CAD,5599108.81,1.161721,1.163759,Investment Banking,2.03799999999998e-03,112,90+ Days
SWPLFOI87Z14N7G,2025-11-06,2026-03-03,USD,JPY,1551441.09,0.574865,0.575343,Treasury,4.78000000000089e-04,117,90+ Days
SWPB0OB82KQHZPU,2025-11-24,2026-04-12,INR,CHF,2923989.06,0.518531,0.519501,Investment Banking,9.70000000000026e-04,139,90+ Days
SWP89QQ060VUAU6,2025-11-21,2026-03-31,CHF,CAD,23755819.67,1.061044,1.061636,Markets,5.91999999999926e-04,130,90+ Days
SWPQ7UA7NNLTFPB,2025-12-19,2026-02-23,AUD,EUR,3111861.12,1.481648,1.485484,Markets,3.83599999999995e-03,66,30-90 Days
SWPT874XSQM6HWR,2025-12-06,2026-02-12,GBP,USD,2034347.33,1.140635,1.143122,Markets,2.48699999999991e-03,68,30-90 Days
SWPLBDDLYWJSYYW,2025-12-06,2026-02-04,CHF,AUD,1521719.92,0.633072,0.633228,Markets,1.56000000000045e-04,60,30-90 Days
SWP9AHYJFKA8MU9,2025-12-14,2025-12-28,CHF,EUR,9332918.68,0.565095,0.565435,Treasury,3.40000000000007e-04,14,0-30 Days
SWPTP91MG49JC2N,2025-11-12,2026-04-11,CHF,AUD,7634109.59,1.118909,1.121039,Markets,2.12999999999997e-03,150,90+ Days
SWPL04PPGRCKNER,2025-11-28,2026-03-03,GBP,USD,10719108.4,1.305485,1.302591,Treasury,-2.89399999999995e-03,95,90+ Days
SWPRJKOP33U3AGO,2026-02-07,2026-05-04,CHF,EUR,3658079.09,1.028837,1.027165,Investment Banking,-1.6719999999999e-03,86,30-90 Days
SWPOOZ1FMLNLJ4X,2025-10-31,2026-01-26,AUD,CHF,1165424.11,1.139168,1.140683,Investment Banking,1.51499999999993e-03,87,30-90 Days
SWP18Z9MXVWR7RY,2025-11-25,2026-05-15,CHF,EUR,9616126.11,1.172163,1.173775,Investment Banking,1.61199999999995e-03,171,90+ Days
SWP7A476NV9PBV2,2025-12-26,2026-06-22,CAD,GBP,9724390.27,1.114495,1.113777,Investment Banking,-7.17999999999996e-04,178,90+ Days
SWPC4IPKIFOQY9D,2026-01-01,2026-06-12,AUD,USD,2454256.42,0.546809,0.546623,Investment Banking,-1.86000000000019e-04,162,90+ Days
SWPVVRZLTHMWH12,2025-12-13,2026-01-05,JPY,INR,22994679.0,1.260125,1.259949,Markets,-1.75999999999954e-04,23,0-30 Days
SWPZMWEGYKR8QZC,2025-12-19,2026-05-28,INR,JPY,5544287.98,1.440935,1.443019,Investment Banking,2.08399999999997e-03,160,90+ Days
SWP9EA1O6BTY2AX,2026-02-10,2026-03-10,CHF,INR,1049649.56,1.273823,1.275275,Markets,1.45200000000001e-03,28,0-30 Days
SWP4NI7NKJR3KJH,2025-11-21,2026-03-19,CHF,INR,451925.34,0.840679,0.840627,Markets,-5.1999999999941e-05,118,90+ Days
SWPW2HVPTXW75P8,2025-11-06,2026-03-30,GBP,INR,5856780.52,0.730763,0.731792,Investment Banking,1.02899999999995e-03,144,90+ Days
SWPTS2D6XRV0CDB,2026-01-09,2026-04-21,JPY,INR,2859706.69,0.745084,0.744485,Markets,-5.99000000000016e-04,102,90+ Days
SWP4AB19U7YA6QK,2026-01-14,2026-05-07,INR,EUR,7895728.25,1.094446,1.096735,Investment Banking,2.28899999999999e-03,113,90+ Days
SWP779U7Q71ENES,2026-01-18,2026-04-01,INR,CHF,3839576.14,0.665124,0.667471,Markets,2.34699999999999e-03,73,30-90 Days
SWPX78TTTBGTOIP,2025-11-24,2026-03-05,INR,CHF,9518400.07,1.360687,1.360049,Treasury,-6.37999999999916e-04,101,90+ Days
SWPUN70VNMKBH1X,2025-11-07,2026-02-01,USD,CHF,4368404.34,1.479519,1.482154,Treasury,2.63499999999994e-03,86,30-90 Days
SWPE1C2CLUM5B70,2025-11-15,2026-04-05,JPY,GBP,13272868.02,1.350421,1.351858,Investment Banking,1.43699999999991e-03,141,90+ Days
SWPBNU8BA69JVA3,2025-12-18,2026-03-30,CAD,GBP,11831667.21,0.94609,0.946872,Markets,7.8200000000006e-04,102,90+ Days
SWP3FS4RMSR9IJA,2025-11-17,2026-03-16,GBP,CHF,1873597.84,1.400294,1.403699,Investment Banking,3.4050000000001e-03,119,90+ Days
SWP1KCFTVMVIOKD,2026-01-24,2026-03-09,INR,EUR,3107032.67,0.739254,0.738727,Treasury,-5.26999999999944e-04,44,30-90 Days
SWPZI3V6TLCFW8T,2026-02-11,2026-04-26,CAD,INR,3579500.62,0.996225,0.994576,Investment Banking,-1.64900000000001e-03,74,30-90 Days
SWP90336I0642KW,2026-02-20,2026-05-29,INR,AUD,1061728.57,0.824866,0.825126,Investment Banking,2.60000000000038e-04,98,90+ Days
SWPIU9XX85WRY41,2025-11-27,2026-04-16,GBP,JPY,1424807.99,1.137891,1.138333,Treasury,4.42000000000053e-04,140,90+ Days
SWPDYSA1R7LTW9U,2026-02-08,2026-04-17,JPY,GBP,8725932.41,1.046598,1.048701,Markets,2.10300000000019e-03,68,30-90 Days
SWPU0LDYEI5DH9I,2025-11-23,2026-03-20,USD,INR,5161164.48,1.3237,1.3256,Investment Banking,1.89999999999979e-03,117,90+ Days
SWPC8DWMKKUSEU3,2026-01-17,2026-04-18,INR,JPY,1821697.01,0.911728,0.915043,Markets,3.31500000000007e-03,91,90+ Days
SWPJ6VXXWDLOLOJ,2026-01-21,2026-04-28,CAD,INR,3542477.54,1.387163,1.385503,Markets,-1.65999999999999e-03,97,90+ Days
SWP1WZGYE6R35CJ,2026-01-10,2026-07-07,GBP,CAD,2735381.61,1.367881,1.371705,Treasury,3.82400000000005e-03,178,90+ Days
SWPS1PQ6OHY5IUN,2026-01-01,2026-03-28,USD,JPY,2512675.3,1.26899,1.268406,Investment Banking,-5.8400000000014e-04,86,30-90 Days
SWPRQE1TZW3ZTTW,2026-01-14,2026-05-09,CHF,GBP,1994710.63,1.009653,1.003359,Markets,-6.29400000000002e-03,115,90+ Days
SWPJEQGTIMKKNJX,2025-11-04,2025-11-26,GBP,JPY,9660906.54,1.342702,1.338043,Treasury,-4.65899999999997e-03,22,0-30 Days
SWPG528S63WUIUI,2025-12-01,2026-05-17,GBP,INR,13408504.38,0.703895,0.7046,Treasury,7.04999999999956e-04,167,90+ Days
SWP41XZ1Y84N8T2,2026-02-16,2026-07-10,GBP,JPY,2315146.37,1.00604,1.005786,Markets,-2.53999999999976e-04,144,90+ Days
SWPHPK7CXCY2NBB,2025-12-23,2026-05-15,CHF,INR,8457638.18,0.816283,0.817905,Investment Banking,1.62200000000001e-03,143,90+ Days
SWPFD6CY28CT0MW,2026-01-26,2026-03-06,CHF,JPY,2190623.35,0.852068,0.852885,Investment Banking,8.16999999999957e-04,39,30-90 Days
SWPVSYMZ4ENRT7D,2026-01-10,2026-02-13,CHF,JPY,5748515.78,0.756333,0.757229,Investment Banking,8.96000000000008e-04,34,30-90 Days
SWPZFFEFGDL6VNE,2025-11-16,2026-03-06,GBP,CHF,2675716.77,1.402007,1.402518,Markets,5.10999999999928e-04,110,90+ Days
SWP7HG5OQBM822C,2025-12-30,2026-04-05,CAD,INR,6213666.63,1.333194,1.33862,Markets,5.42599999999993e-03,96,90+ Days
SWPMVCIJ9RV9MO1,2025-11-15,2026-02-28,JPY,INR,1569698.0,1.052121,1.050309,Treasury,-1.81200000000015e-03,105,90+ Days
SWP8EZ4X4HR7PHD,2026-01-23,2026-06-14,EUR,CHF,1708759.29,0.595278,0.595759,Treasury,4.81000000000065e-04,142,90+ Days
SWP849UQ8FLN8E3,2025-11-25,2025-12-08,CHF,EUR,5438345.54,0.792497,0.795952,Treasury,3.45499999999999e-03,13,0-30 Days
SWPIDVL7KIFA1W7,2026-01-26,2026-04-15,USD,EUR,5107442.36,1.154562,1.156505,Markets,1.94299999999981e-03,79,30-90 Days
SWPF9VUK6HI0A7S,2026-02-05,2026-03-07,GBP,CAD,2849234.95,0.894326,0.894251,Markets,-7.49999999999362e-05,30,0-30 Days
SWPPYTQIUONZSZP,2026-02-09,2026-04-04,EUR,GBP,8210834.59,1.051469,1.050057,Treasury,-1.41199999999997e-03,54,30-90 Days
SWPWIYBN9ZBCUOT,2025-11-29,2026-05-17,CAD,USD,1121774.86,1.346395,1.344029,Investment Banking,-2.36600000000009e-03,169,90+ Days
SWPJPTBXY2CCVFD,2026-01-13,2026-06-24,CHF,AUD,3199768.94,0.817276,0.819261,Investment Banking,1.98500000000001e-03,162,90+ Days
SWPFYCT6440LLB3,2025-11-09,2026-03-03,EUR,AUD,7262609.23,1.074834,1.076504,Markets,1.66999999999984e-03,114,90+ Days
SWPO8L1KIXI08MA,2025-11-25,2026-02-01,GBP,INR,1427880.11,1.14812,1.150436,Treasury,2.31599999999998e-03,68,30-90 Days
SWPLWZZE2RP0DN0,2025-12-17,2026-02-21,USD,INR,2661527.13,0.839236,0.841777,Markets,2.54100000000002e-03,66,30-90 Days
SWP788EIV25YDE3,2025-11-26,2026-01-31,JPY,INR,2662062.71,1.353184,1.356467,Markets,3.28300000000015e-03,66,30-90 Days
SWPOC46FN4AG8SA,2026-01-21,2026-06-09,INR,USD,1785741.07,0.973781,0.976819,Investment Banking,3.03799999999999e-03,139,90+ Days
SWPW2K6D3P5D7BK,2026-02-01,2026-07-12,AUD,JPY,990951.51,0.980555,0.981298,Investment Banking,7.43000000000049e-04,161,90+ Days
SWPH7GO38E46E49,2026-01-18,2026-04-18,EUR,USD,1321612.23,1.408998,1.413291,Treasury,4.2930000000001e-03,90,30-90 Days
SWPSMRC3XM1ZFBC,2025-12-30,2026-05-20,USD,GBP,7758667.14,0.632702,0.633367,Markets,6.65000000000027e-04,141,90+ Days
SWPKDQHPPXEAGH9,2025-11-10,2026-01-09,CAD,CHF,2260437.88,0.785097,0.784254,Investment Banking,-8.43000000000038e-04,60,30-90 Days
SWP0XQEB67TI6EC,2025-12-29,2026-04-30,JPY,GBP,2140827.28,1.371408,1.36796,Markets,-3.4479999999999e-03,122,90+ Days
SWP3GM9X0914GO3,2026-02-01,2026-07-30,AUD,USD,17924853.44,1.355948,1.36042,Investment Banking,4.47200000000003e-03,179,90+ Days
SWP53GPR9PXJYIL,2026-02-04,2026-05-18,CHF,USD,3296939.01,1.333738,1.332664,Treasury,-1.07400000000002e-03,103,90+ Days
SWPA2RQ3LC4ATK0,2025-11-01,2026-01-18,JPY,CHF,5889125.09,1.472454,1.48013,Markets,7.67600000000002e-03,78,30-90 Days
SWPILXEW7YSKMER,2025-11-06,2026-01-22,CAD,GBP,1458854.76,0.551978,0.551403,Markets,-5.74999999999992e-04,77,30-90 Days
SWPT98ZL9EYAUQY,2025-12-18,2026-04-24,JPY,INR,3368035.31,0.703757,0.703905,Treasury,1.48000000000037e-04,127,90+ Days
SWP1RHPGRWXAWJ7,2025-12-09,2026-05-30,INR,EUR,22634353.18,0.628025,0.628249,Markets,2.23999999999891e-04,172,90+ Days
SWPA2C1XFRISSZZ,2025-10-30,2026-01-18,AUD,EUR,11777483.85,1.244758,1.244925,Treasury,1.67000000000028e-04,80,30-90 Days
SWPGIW77H20XDY9,2026-02-05,2026-06-11,JPY,CHF,7549029.8,1.17548,1.177319,Treasury,1.83899999999992e-03,126,90+ Days
SWPHHYI3NKKDVLO,2025-12-24,2026-01-27,GBP,EUR,3905977.16,1.468426,1.469912,Treasury,1.4860000000001e-03,34,30-90 Days
SWPK9WDB2QUGS8V,2026-01-16,2026-03-16,INR,USD,4855170.67,0.760416,0.760326,Markets,-9.00000000000345e-05,59,30-90 Days
SWPPZUNAOXDG5HD,2026-02-02,2026-07-07,CAD,AUD,2576402.57,1.273921,1.278947,Investment Banking,5.02599999999997e-03,155,90+ Days
SWPAYERDFUTZYY0,2026-01-25,2026-06-24,GBP,JPY,2860547.11,0.797981,0.80075,Markets,2.76899999999991e-03,150,90+ Days
SWPDO2CTFIFBQBW,2026-01-31,2026-07-24,USD,CHF,738596.44,0.839575,0.842941,Investment Banking,3.36600000000009e-03,174,90+ Days
SWPWWO4HG3FSX6I,2025-11-14,2026-05-09,CAD,AUD,1241561.94,1.141895,1.14403,Investment Banking,0.002135,176,90+ Days
SWPZKXFGE6477A3,2026-02-09,2026-04-06,EUR,INR,8199512.05,0.981635,0.9838,Treasury,2.16499999999997e-03,56,30-90 Days
SWP533PC6UHXGN8,2025-11-05,2026-04-06,INR,EUR,7521020.25,0.999399,1.000978,Markets,1.57899999999989e-03,152,90+ Days
SWPTCDK2A5TGIDZ,2026-02-08,2026-07-06,CAD,USD,2044032.96,0.968777,0.968649,Investment Banking,-1.28000000000017e-04,148,90+ Days
SWPKTGSM5SCQRSK,2025-11-21,2026-01-15,EUR,GBP,4586754.92,0.648494,0.649249,Treasury,7.5499999999995e-04,55,30-90 Days
SWP4SEU5JEIVLIM,2026-01-25,2026-05-26,GBP,CAD,3828199.3,0.612964,0.613868,Treasury,9.04000000000016e-04,121,90+ Days
SWPXQGCG797FSG4,2026-01-16,2026-02-13,JPY,USD,2377181.37,0.868029,0.870648,Treasury,2.61899999999993e-03,28,0-30 Days
SWPF6RULTSXSHJQ,2025-11-23,2026-01-14,USD,EUR,3350448.2,0.98524,0.988176,Treasury,2.93600000000005e-03,52,30-90 Days
SWP3QO1865DGMHC,2026-02-10,2026-04-01,USD,EUR,836486.7,0.629197,0.630463,Treasury,1.26599999999999e-03,50,30-90 Days
SWPPDAWWC73OK4C,2025-11-01,2026-03-30,AUD,JPY,6276025.16,1.148969,1.15413,Investment Banking,5.16100000000019e-03,149,90+ Days
SWP2VHY0AL3VUTW,2025-11-06,2026-03-14,JPY,INR,12450257.56,1.057929,1.059526,Markets,1.59700000000007e-03,128,90+ Days
SWP2I00QQ40D8C0,2026-01-05,2026-04-11,JPY,EUR,1328153.82,0.70303,0.704524,Treasury,0.001494,96,90+ Days
SWPJ1BTQWP8A8OK,2026-02-20,2026-06-10,CHF,EUR,689815.34,1.008456,1.011331,Markets,2.87499999999996e-03,110,90+ Days
SWPXQB7B82VXING,2025-11-20,2026-01-20,INR,GBP,7129642.61,1.487025,1.492816,Markets,5.79099999999988e-03,61,30-90 Days
SWPMFV2E90SAQA6,2026-02-22,2026-06-18,INR,JPY,5339935.64,1.169028,1.167958,Investment Banking,-1.0699999999999e-03,116,90+ Days
SWPDWUGFTSE8P2C,2025-12-28,2026-01-21,CHF,GBP,6013791.75,0.631108,0.630849,Treasury,-2.59000000000009e-04,24,0-30 Days
SWP9BTG49EGF324,2026-01-17,2026-03-07,JPY,CAD,736774.43,0.509111,0.509282,Investment Banking,1.71000000000032e-04,49,30-90 Days
SWPG879AP7DH6O0,2026-02-04,2026-04-01,CAD,GBP,2426834.25,0.768631,0.769049,Investment Banking,4.18000000000029e-04,56,30-90 Days
SWP1GO7RQPLZ5EF,2025-12-28,2026-05-28,EUR,CAD,4422360.57,0.580484,0.583313,Markets,2.82899999999997e-03,151,90+ Days
SWPOFXZPE9JL6TV,2025-12-22,2026-04-10,CHF,GBP,6466624.03,1.213003,1.216303,Markets,3.29999999999986e-03,109,90+ Days
SWPHA71JAZLZYNT,2026-02-03,2026-06-29,INR,AUD,6935558.45,1.007683,1.012011,Investment Banking,4.32799999999989e-03,146,90+ Days
SWPK942LGC5OAHW,2025-11-18,2026-04-15,CHF,USD,2057572.32,0.997017,0.997343,Markets,3.25999999999937e-04,148,90+ Days
SWPJB7U9J06GTJ0,2025-12-24,2026-03-04,EUR,JPY,8040561.7,1.07261,1.073905,Treasury,1.29500000000005e-03,70,30-90 Days
SWPH0H6J0CH2NZ0,2025-11-07,2026-04-27,USD,CAD,6792673.32,1.173544,1.173949,Investment Banking,4.04999999999989e-04,171,90+ Days
SWPGGFQ3EAQGPW6,2026-02-20,2026-05-25,EUR,JPY,1746520.0,0.874889,0.874697,Markets,-1.92000000000081e-04,94,90+ Days
SWPIPGNIQNRXH6Z,2026-01-20,2026-03-25,USD,JPY,7146565.31,1.209615,1.210018,Markets,4.02999999999931e-04,64,30-90 Days
SWP7I32YXEQT80N,2026-01-24,2026-03-07,INR,EUR,13212484.88,1.163744,1.165189,Treasury,1.44500000000014e-03,42,30-90 Days
SWPS0KHX9X1TNGP,2025-11-14,2025-12-19,JPY,CHF,16546255.09,0.899142,0.902301,Investment Banking,3.15900000000002e-03,35,30-90 Days
SWP9LMFB8LDRVS1,2025-11-29,2025-12-14,EUR,AUD,2043552.49,0.820344,0.819389,Treasury,-9.54999999999928e-04,15,0-30 Days
SWP4MSD18HPV03H,2026-02-01,2026-04-13,USD,JPY,4875963.57,1.067966,1.068645,Investment Banking,6.79000000000096e-04,71,30-90 Days
SWP0QTTHC8KVBMC,2026-01-21,2026-03-12,INR,USD,2419012.41,1.171652,1.17327,Markets,1.61800000000012e-03,50,30-90 Days
SWP0EGVWCT9VSPE,2025-10-30,2026-04-01,EUR,AUD,4311627.29,1.229883,1.231762,Investment Banking,1.87899999999996e-03,153,90+ Days
SWPIU8O4TEF2BJ8,2025-11-26,2026-03-07,USD,EUR,11155033.11,1.09103,1.094003,Markets,2.97300000000011e-03,101,90+ Days
SWP3HKAR4U5X8SU,2025-12-25,2026-02-02,CHF,JPY,2785162.3,1.40224,1.399973,Investment Banking,-2.26700000000002e-03,39,30-90 Days
SWPDK0PJBRC7YY6,2025-12-07,2026-01-18,GBP,JPY,22252025.26,0.685715,0.684988,Markets,-7.26999999999922e-04,42,30-90 Days
SWPCK6VKRFSPGDL,2025-12-19,2025-12-27,CHF,GBP,1575466.53,1.243437,1.247508,Investment Banking,4.07100000000016e-03,8,0-30 Days
SWPJDLTBESGEU7J,2025-11-22,2026-05-15,USD,CAD,3492579.83,1.357421,1.359687,Investment Banking,2.2660000000001e-03,174,90+ Days
SWPY3Q1DKCIKY56,2025-10-30,2025-11-20,AUD,JPY,1471814.78,1.234319,1.240563,Treasury,6.24400000000014e-03,21,0-30 Days
SWPV7QSB3BX2ICZ,2025-11-15,2026-05-12,USD,JPY,5616587.56,0.620576,0.621503,Investment Banking,9.27000000000011e-04,178,90+ Days
SWP4EE3Q0WXVMU3,2026-01-11,2026-03-07,GBP,CHF,3896083.7,0.910516,0.914477,Markets,3.96099999999999e-03,55,30-90 Days
SWPN8VY7ZO23NN4,2026-01-24,2026-03-04,CAD,INR,5409978.23,1.204162,1.204354,Markets,1.9199999999997e-04,39,30-90 Days
SWPZRSI7O59MMLE,2026-01-16,2026-07-12,JPY,AUD,3657187.79,0.97909,0.980123,Markets,1.03299999999995e-03,177,90+ Days
SWPBGDDEU13JNME,2025-12-13,2026-04-30,EUR,GBP,4180022.12,1.057097,1.055507,Treasury,-1.58999999999998e-03,138,90+ Days
SWP6Z0AUSSO4SUW,2026-01-15,2026-06-10,CHF,AUD,2748287.61,1.188251,1.188296,Investment Banking,4.50000000000728e-05,146,90+ Days
SWP5WO6S38V8H1C,2025-12-21,2026-01-17,CAD,CHF,9761290.02,0.835823,0.833921,Treasury,-1.90199999999996e-03,27,0-30 Days
SWPMBI2EQHJL3TC,2025-12-04,2026-03-27,CHF,CAD,7007959.01,0.520748,0.519735,Investment Banking,-1.01300000000004e-03,113,90+ Days
SWPOMQGGKXNLKLY,2025-11-22,2026-02-01,JPY,AUD,6962648.52,1.49846,1.49987,Investment Banking,1.41000000000013e-03,71,30-90 Days
SWPJRM3ZXJSW7VK,2025-12-23,2026-06-19,CHF,USD,10301813.18,0.868233,0.869037,Treasury,8.03999999999916e-04,178,90+ Days
SWP5B99V4VVZELW,2025-11-23,2026-04-20,CAD,CHF,5439000.35,0.818513,0.816433,Treasury,-2.08000000000008e-03,148,90+ Days
SWPXT5M14RKDV0B,2026-02-10,2026-04-04,AUD,INR,1772754.89,0.883351,0.884051,Treasury,7.00000000000034e-04,53,30-90 Days
SWPGM026GMM7G1K,2026-02-06,2026-03-14,CHF,CAD,2435318.4,0.64223,0.644747,Treasury,2.51699999999999e-03,36,30-90 Days
SWPDGQECCBRC01L,2025-11-22,2026-01-22,INR,EUR,1507208.98,0.735613,0.737458,Investment Banking,1.84499999999999e-03,61,30-90 Days
SWP3FTI7ZH9LXKL,2025-12-31,2026-06-07,AUD,JPY,3010403.31,1.037064,1.036892,Treasury,-1.72000000000061e-04,158,90+ Days
SWP0HL535PGHF1G,2025-11-29,2026-01-29,CAD,INR,2546260.47,0.970257,0.96899,Treasury,-1.26700000000002e-03,61,30-90 Days
SWPFM5BH9RXCIBT,2026-01-18,2026-03-28,USD,GBP,4870695.86,1.430537,1.431865,Treasury,0.001328,69,30-90 Days
SWPGLBELF3PUYZA,2025-12-26,2026-04-08,CHF,INR,2144979.31,1.122689,1.126728,Treasury,4.0389999999999e-03,103,90+ Days
SWPMU6LWENPDRJS,2025-12-30,2026-02-21,AUD,CHF,1081598.6,0.809983,0.807171,Markets,-2.81200000000004e-03,53,30-90 Days
SWP6T6A43VQHZH0,2025-12-03,2026-03-20,GBP,JPY,5087001.38,0.934048,0.937305,Treasury,3.25700000000007e-03,107,90+ Days
SWP8WMWEJG4ZVT0,2025-11-02,2026-03-04,INR,EUR,3762240.04,0.891523,0.891352,Investment Banking,-1.70999999999921e-04,122,90+ Days
SWP5S1WLIT69S8Y,2025-11-07,2026-01-01,USD,EUR,2478708.26,0.571749,0.572048,Treasury,2.99000000000049e-04,55,30-90 Days
SWPKN89B4JYTVM9,2026-01-20,2026-01-29,CAD,EUR,2876492.05,0.677985,0.676311,Treasury,-1.67399999999995e-03,9,0-30 Days
SWPXGVG7V8DKEJI,2026-01-26,2026-06-06,AUD,JPY,9779883.3,1.187435,1.187501,Markets,6.59999999998995e-05,131,90+ Days
SWPXWYSZ2PNV5LZ,2025-11-25,2026-02-15,EUR,AUD,3913068.08,1.384678,1.38881,Treasury,4.13200000000002e-03,82,30-90 Days
SWPWOO108G5UF7T,2025-12-09,2026-04-23,GBP,INR,620503.17,0.965364,0.967227,Investment Banking,1.86299999999995e-03,135,90+ Days
SWPIYU7N5RXQXEO,2026-01-07,2026-05-03,INR,EUR,2536636.49,0.885299,0.884965,Treasury,-3.33999999999945e-04,116,90+ Days
SWPCNPKDMG98CM8,2025-11-20,2026-02-26,JPY,CHF,5096330.44,0.971943,0.975209,Treasury,3.26599999999999e-03,98,90+ Days
SWPHXHZGV2Q5G3F,2025-11-22,2025-12-28,CHF,EUR,1321194.9,1.368522,1.368822,Markets,2.99999999999967e-04,36,30-90 Days
SWPQXRKVKXN0BKT,2026-01-09,2026-02-02,INR,EUR,4276114.64,1.111262,1.114407,Investment Banking,3.14499999999995e-03,24,0-30 Days
SWPA2P64W1GPQV4,2025-11-09,2026-01-19,USD,CHF,5594568.9,1.018176,1.014912,Treasury,-3.26399999999993e-03,71,30-90 Days
SWPSBJRJ8ZCW40E,2025-12-25,2026-03-17,AUD,CAD,1613284.56,1.457042,1.460528,Markets,3.4860000000001e-03,82,30-90 Days
SWPK95NCEXPSTEY,2026-02-19,2026-05-18,INR,JPY,1965458.17,1.02306,1.022399,Markets,-6.61000000000023e-04,88,30-90 Days
SWPLY8BYHN1H88F,2026-01-01,2026-02-04,CAD,EUR,5162543.25,1.085896,1.083024,Markets,-2.87199999999999e-03,34,30-90 Days
SWPYWOSCDGUVMZ2,2025-11-07,2025-12-10,EUR,CHF,8913800.51,0.730187,0.731787,Treasury,1.59999999999993e-03,33,30-90 Days
SWPAW9Z2HP8ZUFJ,2025-11-08,2026-01-21,INR,JPY,3761211.24,0.847747,0.850241,Markets,0.002494,74,30-90 Days
SWP9H2N8Y69BV3E,2026-01-22,2026-03-28,EUR,CAD,5952799.06,1.447946,1.449466,Treasury,1.51999999999997e-03,65,30-90 Days
SWPSTS3KTY0U5H2,2026-02-19,2026-07-04,USD,CAD,1809434.65,1.087513,1.088541,Markets,1.02800000000003e-03,135,90+ Days
SWPLNP349I5E3W7,2025-12-25,2026-01-17,CAD,USD,2004388.56,0.708945,0.712236,Investment Banking,3.29099999999993e-03,23,0-30 Days
SWPMXLQ8BPCQHTR,2026-01-22,2026-02-25,AUD,CHF,5411183.43,0.922851,0.924157,Investment Banking,1.30600000000003e-03,34,30-90 Days
SWPGKLUYEAD9MWW,2025-11-30,2026-01-05,CAD,USD,1680970.92,1.067864,1.064805,Markets,-3.05899999999992e-03,36,30-90 Days
SWPB1DOJZNJD1AV,2026-01-28,2026-03-12,USD,EUR,816751.07,1.394805,1.400947,Markets,6.14199999999987e-03,43,30-90 Days
SWPYZYXIHUYSNU7,2025-12-17,2026-05-27,CHF,GBP,4787628.93,0.992292,0.990642,Treasury,-1.64999999999993e-03,161,90+ Days
SWP792SM0GYO625,2026-01-22,2026-05-31,USD,GBP,1828203.3,1.482633,1.479854,Investment Banking,-2.77900000000009e-03,129,90+ Days
SWPLWPJ3F625FRY,2026-01-14,2026-02-01,CHF,GBP,7176175.59,0.537734,0.538737,Treasury,1.00299999999998e-03,18,0-30 Days
SWPU05BD2NIWHA2,2026-02-05,2026-07-20,INR,AUD,526859.49,0.798014,0.798125,Treasury,1.10999999999972e-04,165,90+ Days
SWPZ9MERR0FZG4F,2026-02-22,2026-03-07,CHF,INR,1297983.49,0.919642,0.924065,Markets,4.42300000000007e-03,13,0-30 Days
SWPLSKPM7NHBCY0,2025-12-12,2026-01-01,CHF,INR,2297799.39,1.349056,1.347307,Investment Banking,-0.001749,20,0-30 Days
SWP32IZSE8LA0PJ,2025-12-25,2026-04-26,AUD,CAD,2657071.47,0.530734,0.529728,Investment Banking,-1.00600000000006e-03,122,90+ Days
SWPJ859AI8SK1A5,2025-12-22,2025-12-29,CHF,JPY,2150845.63,0.716135,0.719548,Investment Banking,0.003413,7,0-30 Days
SWPLTYYYM6GKOEW,2025-12-02,2026-05-22,USD,CHF,5954733.06,0.949159,0.951879,Investment Banking,2.72000000000006e-03,171,90+ Days
SWP26V4L7S9MFIF,2026-01-17,2026-04-11,CAD,EUR,2331037.89,1.160905,1.162172,Investment Banking,1.26699999999991e-03,84,30-90 Days
SWP761SMVCXT7KF,2026-01-13,2026-06-12,GBP,USD,2217976.42,0.788228,0.79143,Markets,3.20199999999993e-03,150,90+ Days
SWPH1IMLTGSNFYI,2025-10-28,2026-01-24,EUR,JPY,3240039.43,0.879581,0.881114,Treasury,1.53300000000001e-03,88,30-90 Days
SWPVLR1MRYGHW0X,2025-11-15,2026-03-12,CHF,USD,8844746.41,0.672758,0.675639,Markets,2.88100000000002e-03,117,90+ Days
SWPORNVTQJFIBT7,2025-10-27,2026-02-04,JPY,CHF,5342790.26,1.344462,1.351777,Investment Banking,7.31499999999996e-03,100,90+ Days
SWP1QX2KETCLIQO,2025-11-14,2026-04-10,AUD,CHF,2265926.62,0.690966,0.693519,Investment Banking,2.55300000000003e-03,147,90+ Days
SWP694HERO86T5I,2025-11-12,2026-03-31,EUR,JPY,956189.76,0.801925,0.80312,Treasury,1.19499999999995e-03,139,90+ Days
SWPI0XGNEBX14K3,2025-10-26,2026-02-25,AUD,INR,1856123.46,1.097334,1.095224,Markets,-2.11000000000006e-03,122,90+ Days
SWPPSBNATLD1ZOR,2026-01-01,2026-02-10,AUD,INR,3962292.04,0.561539,0.561846,Treasury,3.06999999999946e-04,40,30-90 Days
SWPU7KLA77NUZO9,2025-12-03,2026-02-01,EUR,AUD,7147843.66,0.747252,0.747266,Investment Banking,1.39999999999585e-05,60,30-90 Days
SWPCTQAC8DK6RV8,2025-11-06,2026-04-28,GBP,CAD,4487381.26,1.139315,1.143577,Markets,4.26199999999999e-03,173,90+ Days
SWP2XYE98CHH73D,2025-12-06,2025-12-25,CHF,USD,2459375.18,1.148081,1.151699,Treasury,3.61800000000012e-03,19,0-30 Days
SWP3O8ULGMZWIRY,2026-01-16,2026-06-23,INR,CAD,1754646.44,1.142944,1.139281,Markets,-3.66299999999997e-03,158,90+ Days
SWPL9YX80GC6YWB,2025-11-25,2026-05-24,GBP,CHF,12875504.61,1.106657,1.107275,Markets,6.18000000000007e-04,180,90+ Days
SWPOENH66XDZKXF,2026-02-22,2026-03-07,CHF,EUR,4479408.1,0.886201,0.886296,Treasury,9.49999999999562e-05,13,0-30 Days
SWP2BPAKI9PVCBY,2025-12-20,2026-05-26,JPY,EUR,9499605.38,1.240311,1.239765,Treasury,-5.45999999999935e-04,157,90+ Days
SWPBARUHT93A0O2,2026-02-14,2026-04-29,JPY,AUD,790349.96,1.378058,1.381113,Investment Banking,3.05500000000003e-03,74,30-90 Days
SWPUAPG4UX7F0PZ,2025-12-20,2026-05-11,JPY,USD,27339853.53,1.239829,1.240565,Treasury,7.35999999999848e-04,142,90+ Days
SWPF4YR4YMPLSM4,2026-01-25,2026-03-17,AUD,USD,5903070.54,0.728769,0.731274,Markets,2.50499999999998e-03,51,30-90 Days
SWPVCPVC12IHI94,2026-01-21,2026-04-01,USD,CAD,8644255.49,1.068925,1.070805,Markets,1.8800000000001e-03,70,30-90 Days
SWP5BSJ4RWMX2QS,2026-01-10,2026-06-10,INR,GBP,4034428.42,1.248126,1.249028,Investment Banking,9.01999999999958e-04,151,90+ Days
SWPDXJNQISC2PBC,2025-11-13,2026-01-16,CHF,CAD,6732937.62,0.948162,0.94905,Markets,0.000888,64,30-90 Days
SWP6MZWRLZACGS9,2025-11-16,2026-03-04,USD,JPY,1110085.0,0.507107,0.505861,Markets,-1.24599999999997e-03,108,90+ Days
SWPZI16FSZ59TMZ,2025-11-03,2025-11-23,JPY,EUR,1081275.43,1.118548,1.118817,Investment Banking,2.68999999999853e-04,20,0-30 Days
SWP1SQNUVYQQNES,2025-12-10,2025-12-30,AUD,CAD,4073704.69,1.190297,1.191454,Investment Banking,1.15700000000007e-03,20,0-30 Days
SWP5HERPOZDT0AB,2026-02-06,2026-02-17,EUR,INR,21659906.09,0.502791,0.503702,Investment Banking,9.10999999999995e-04,11,0-30 Days
SWPVEPJNF52FZL7,2025-11-17,2025-11-25,EUR,JPY,1594147.23,0.852749,0.855697,Treasury,2.94800000000006e-03,8,0-30 Days
SWP7ZU2356VDZIO,2025-12-04,2025-12-11,EUR,CAD,394870.1,0.822328,0.822072,Markets,-2.55999999999923e-04,7,0-30 Days
SWPA7SYN1Z3XRJO,2026-01-17,2026-02-04,CHF,EUR,676909.18,0.597098,0.598769,Investment Banking,1.67099999999998e-03,18,0-30 Days
SWPKYCM9Q16QNSS,2026-02-15,2026-04-23,INR,CHF,9574957.24,0.589759,0.591526,Markets,1.76699999999996e-03,67,30-90 Days
SWPK5J6BKQTI2GO,2025-10-30,2026-01-18,EUR,AUD,997494.88,1.080082,1.078092,Investment Banking,-1.98999999999994e-03,80,30-90 Days
SWPYAR4G18RLVST,2025-11-01,2026-01-12,CAD,AUD,1926802.86,1.369993,1.372949,Treasury,2.95599999999996e-03,72,30-90 Days
SWPM55VSD6FD5O4,2026-02-05,2026-07-07,INR,CAD,1606800.31,0.988139,0.986414,Markets,-1.72499999999998e-03,152,90+ Days
SWPTKLE3AU008LB,2025-12-17,2026-05-31,CAD,GBP,13553457.22,0.984275,0.986148,Investment Banking,1.87300000000001e-03,165,90+ Days
SWPAY6WKEU5H6UD,2026-02-19,2026-02-26,CAD,USD,5335436.71,1.139523,1.141053,Markets,1.53000000000003e-03,7,0-30 Days
SWP4WJUET94UU4I,2026-02-12,2026-08-01,USD,GBP,1400136.66,1.087227,1.085053,Investment Banking,-2.1739999999999e-03,170,90+ Days
SWPBJ1Y17EOG603,2025-11-02,2026-04-26,USD,INR,2692205.3,1.029105,1.030212,Investment Banking,1.10699999999997e-03,175,90+ Days
SWP5O2EWM5SOOPT,2025-12-18,2026-03-15,USD,AUD,4390629.81,0.833389,0.833414,Markets,2.49999999999417e-05,87,30-90 Days
SWP7BFOE7WLX38X,2025-12-10,2026-04-01,AUD,GBP,1028532.36,1.22268,1.218698,Investment Banking,-3.98199999999993e-03,112,90+ Days
SWPSV8OON24N925,2025-11-13,2026-04-28,CHF,CAD,2792461.27,0.545368,0.546508,Treasury,1.14000000000003e-03,166,90+ Days
SWPAKEMHGEHAMTK,2026-01-30,2026-02-26,USD,INR,2248282.6,0.512235,0.513131,Markets,8.96000000000008e-04,27,0-30 Days
SWP3SBEHXQMHPUY,2025-12-21,2026-03-29,USD,AUD,2586379.51,0.906242,0.906657,Markets,4.15000000000054e-04,98,90+ Days
SWPUB0DBQU4IN7C,2025-12-08,2026-01-18,CAD,AUD,3035634.57,0.619329,0.617792,Markets,-1.53700000000001e-03,41,30-90 Days
SWPD52WU3QVZKJQ,2026-01-05,2026-03-06,INR,CHF,2237507.74,1.019175,1.022529,Markets,3.35400000000008e-03,60,30-90 Days
SWPE392CPZLGG0Y,2025-10-31,2026-02-24,EUR,AUD,5447356.3,1.100195,1.100172,Markets,-2.30000000001063e-05,116,90+ Days
SWP64MY9BN978NG,2025-12-16,2026-01-16,INR,USD,1658072.46,1.041148,1.040338,Treasury,-8.09999999999977e-04,31,30-90 Days
SWPMOTS7MFHNFEV,2026-02-03,2026-05-23,GBP,AUD,1709278.61,0.680686,0.683572,Markets,2.88599999999994e-03,109,90+ Days
SWPG5XA4J7Y6SP9,2025-12-01,2026-04-07,JPY,AUD,10693261.25,1.00767,1.006714,Treasury,-9.55999999999957e-04,127,90+ Days
SWP6YFWEI7202S0,2025-11-11,2026-04-02,GBP,AUD,2376127.7,0.848632,0.846892,Treasury,-1.74000000000007e-03,142,90+ Days
SWPS6Z9DO6ELUZS,2026-02-09,2026-07-21,JPY,AUD,1828624.11,1.433226,1.4306,Markets,-2.6259999999998e-03,162,90+ Days
SWP3L9M7HVIGZ5G,2025-10-28,2026-02-17,USD,CAD,1797975.22,1.08857,1.090772,Investment Banking,2.20200000000004e-03,112,90+ Days
SWP7NVIF7CWQSVO,2025-12-22,2026-01-13,JPY,CHF,3501384.87,0.906466,0.909671,Markets,3.20500000000001e-03,22,0-30 Days
SWPGGTJ3GITV2CZ,2025-11-21,2026-05-13,GBP,CAD,3498731.72,0.64449,0.64455,Investment Banking,5.9999999999949e-05,173,90+ Days
SWP3UC32JIRWYMH,2025-11-23,2026-05-20,JPY,USD,5760955.48,0.898613,0.900322,Investment Banking,1.70899999999996e-03,178,90+ Days
SWP5SY1J7ZJWHZJ,2025-11-03,2026-01-22,AUD,USD,416872.34,1.285312,1.284701,Treasury,-6.10999999999917e-04,80,30-90 Days
SWPTTALLPG2HPT1,2025-10-29,2026-04-12,EUR,USD,3749910.83,1.34024,1.348508,Markets,8.26799999999994e-03,165,90+ Days
SWPJCRPL3VU5VCW,2026-02-04,2026-07-20,GBP,INR,5752574.23,1.342516,1.342317,Investment Banking,-1.9900000000006e-04,166,90+ Days
SWP4FYK6FCP6SNF,2026-02-02,2026-07-25,USD,EUR,1521952.41,1.087547,1.088472,Treasury,9.25000000000065e-04,173,90+ Days
SWPR4DMAOGDNJR0,2026-01-23,2026-05-10,USD,CHF,3103605.61,1.388723,1.387131,Investment Banking,-1.59200000000004e-03,107,90+ Days
SWPVP2HUGFTNK8U,2025-11-04,2026-01-27,AUD,EUR,4278608.1,0.64252,0.644448,Markets,1.92800000000004e-03,84,30-90 Days
SWPID1BAMSHBLPB,2025-12-05,2026-03-05,CHF,EUR,3605210.01,0.820178,0.822573,Investment Banking,2.39500000000004e-03,90,30-90 Days
SWPWFZ67NY2UYVS,2025-12-19,2026-03-07,EUR,AUD,1402885.47,0.632486,0.63264,Treasury,1.53999999999987e-04,78,30-90 Days
SWPRNUKG0IL8ATK,2026-01-27,2026-04-06,CAD,CHF,968252.92,0.953441,0.954927,Markets,1.48599999999999e-03,69,30-90 Days
SWP5I5U8JK5EZJM,2026-02-08,2026-05-07,INR,GBP,4811206.03,1.398086,1.395766,Investment Banking,-2.31999999999988e-03,88,30-90 Days
SWPNRY0X10PLTTN,2026-01-03,2026-06-03,CHF,CAD,4365097.28,1.164078,1.16185,Investment Banking,-2.2279999999999e-03,151,90+ Days
SWPU192I4NDU1OL,2025-12-14,2026-01-26,CHF,JPY,2043609.66,1.440995,1.435576,Investment Banking,-5.41900000000006e-03,43,30-90 Days
SWPQEEQJ7H1TC38,2025-12-12,2026-01-17,USD,JPY,880280.01,1.291566,1.29478,Investment Banking,3.21400000000005e-03,36,30-90 Days
SWPSCAZ5ZG0QJUG,2026-02-10,2026-05-05,GBP,EUR,1833322.96,0.704544,0.705244,Markets,7.00000000000034e-04,84,30-90 Days
SWP0W2U7F0KXYUY,2026-02-09,2026-02-16,EUR,CAD,555229.46,0.662777,0.662938,Treasury,1.61000000000078e-04,7,0-30 Days
SWP2EYN9QJSD2BF,2026-02-06,2026-04-20,CHF,USD,661804.52,0.505927,0.505694,Treasury,-2.33000000000039e-04,73,30-90 Days
SWPCW9MQTBAYG4L,2026-02-14,2026-06-03,CAD,JPY,6849202.77,1.04518,1.04524,Treasury,5.9999999999949e-05,109,90+ Days
SWP18OO14CXE0G4,2025-12-16,2026-01-03,CHF,AUD,713735.86,1.422215,1.425768,Investment Banking,3.55299999999992e-03,18,0-30 Days
SWP7JGFECCVS2P0,2025-12-26,2026-03-07,INR,USD,2219631.55,0.578047,0.580212,Investment Banking,2.16499999999997e-03,71,30-90 Days
SWP82JPX7HQ6XFQ,2026-01-20,2026-03-23,CAD,INR,7939304.85,0.796992,0.795382,Investment Banking,-0.00161,62,30-90 Days
SWPCUBYOCCZWXCO,2025-11-17,2026-02-02,GBP,INR,5602289.07,0.808464,0.808247,Markets,-2.16999999999912e-04,77,30-90 Days
SWP3G0IWFLQ96NL,2026-01-10,2026-06-02,AUD,INR,4068824.02,1.168592,1.167283,Investment Banking,-0.001309,143,90+ Days
SWPEU0WGCDST6PK,2026-01-29,2026-06-04,AUD,USD,1348811.78,0.738252,0.739165,Investment Banking,9.12999999999942e-04,126,90+ Days
SWP669A3RCGTXK9,2025-11-30,2026-03-09,INR,CHF,8489733.82,0.693674,0.69308,Treasury,-5.93999999999983e-04,99,90+ Days
SWP5ZDSQI82XM32,2026-02-17,2026-06-06,AUD,CAD,2521191.59,0.857538,0.857241,Treasury,-2.96999999999992e-04,109,90+ Days
SWPTXSIK5QFVUJQ,2026-02-17,2026-03-26,CAD,JPY,5956521.84,1.42755,1.426958,Treasury,-5.92000000000148e-04,37,30-90 Days
SWPWEVHUWM1C2J6,2025-11-05,2026-04-11,AUD,CHF,2533844.68,0.807466,0.810672,Treasury,3.20599999999993e-03,157,90+ Days
SWP7MTAS7OP5RJ4,2025-10-27,2025-12-14,JPY,AUD,5815416.68,1.376393,1.375674,Markets,-7.18999999999914e-04,48,30-90 Days
SWP9DJ5HGXIQ4GM,2026-01-26,2026-07-03,AUD,CAD,4398310.91,0.87855,0.878425,Markets,-1.25000000000042e-04,158,90+ Days
SWPH5QJDPTL3HHO,2026-01-11,2026-03-16,CAD,GBP,5115307.37,0.729766,0.730494,Treasury,7.27999999999951e-04,64,30-90 Days
SWP6WKI9B39FRX1,2026-01-21,2026-03-18,JPY,CHF,7714142.55,0.920913,0.922963,Investment Banking,0.00205,56,30-90 Days
SWPGDHOWU2A74T3,2025-11-02,2026-03-13,JPY,INR,978817.96,1.058077,1.059786,Investment Banking,1.70899999999996e-03,131,90+ Days
SWPM87LSLGEXY8J,2026-01-02,2026-06-11,AUD,EUR,1525766.21,1.040322,1.041368,Investment Banking,1.0460000000001e-03,160,90+ Days
SWPJWE9OTOZZ8QM,2025-11-08,2026-04-19,EUR,INR,12514210.42,1.102493,1.104483,Investment Banking,1.99000000000016e-03,162,90+ Days
SWPIIJWH3WIQHRF,2025-11-12,2026-05-03,USD,AUD,4802939.24,1.060134,1.057695,Markets,-2.43899999999986e-03,172,90+ Days
SWP7GYSJU0E2TPX,2025-12-27,2026-06-18,CHF,INR,7207261.95,1.375718,1.381315,Treasury,5.59700000000007e-03,173,90+ Days
SWPIGGT084K54XH,2026-02-13,2026-06-22,USD,INR,2785071.74,1.002657,1.003274,Treasury,6.1700000000009e-04,129,90+ Days
SWP1C80OIDMVZDV,2025-10-27,2025-11-24,JPY,INR,3278145.41,0.960112,0.959967,Markets,-1.44999999999951e-04,28,0-30 Days
SWP4G7G2AX4DPV9,2025-12-10,2026-03-21,JPY,INR,1166478.43,1.371814,1.370983,Investment Banking,-8.31000000000026e-04,101,90+ Days
SWPFG5U9MIE9QCT,2026-02-10,2026-03-25,JPY,EUR,913594.72,0.664149,0.663596,Investment Banking,-5.53000000000026e-04,43,30-90 Days
SWP6W1HVV6IYNGK,2026-01-26,2026-07-02,EUR,INR,1311119.13,0.659855,0.66179,Markets,1.93500000000002e-03,157,90+ Days
SWPB31HS8FHRXM1,2026-01-08,2026-06-21,AUD,USD,3550500.48,1.367259,1.369509,Markets,2.25000000000009e-03,164,90+ Days
SWP6SFSK67KQC22,2026-02-20,2026-03-15,CHF,AUD,1312569.38,0.745828,0.744474,Markets,-1.35400000000008e-03,23,0-30 Days
SWP66PVTLE4PSPC,2026-02-06,2026-05-10,GBP,JPY,5659814.17,1.030184,1.029301,Treasury,-8.82999999999967e-04,93,90+ Days
SWPT5B4YKZ60JVY,2026-01-15,2026-06-27,JPY,CAD,634244.98,1.324332,1.324407,Investment Banking,7.49999999998252e-05,163,90+ Days
SWPMKUYXV6CI44V,2025-12-31,2026-01-30,GBP,AUD,1240609.24,1.336023,1.340559,Treasury,4.5360000000001e-03,30,0-30 Days
SWP28E29YMZYCNM,2026-01-23,2026-07-19,AUD,INR,835217.53,0.963614,0.963821,Treasury,2.07000000000068e-04,177,90+ Days
SWPX3LNRZZRHMPR,2025-12-21,2026-05-18,CAD,GBP,6071679.78,1.259224,1.263437,Treasury,4.21300000000002e-03,148,90+ Days
SWP9GQVW9DS6P6C,2026-02-01,2026-03-20,CAD,JPY,10068430.99,0.813639,0.813647,Investment Banking,8.000000000008e-06,47,30-90 Days
SWPQXP669LF8CAE,2025-11-26,2026-03-08,USD,AUD,5444872.33,1.036916,1.038714,Treasury,1.79799999999997e-03,102,90+ Days
SWPHSENLFVC550M,2025-12-17,2025-12-24,GBP,AUD,3222878.22,1.215426,1.223226,Investment Banking,7.80000000000003e-03,7,0-30 Days
SWPVWWEP5LOXAKJ,2026-02-21,2026-07-13,USD,GBP,1644450.51,1.254565,1.253194,Treasury,-1.37100000000001e-03,142,90+ Days
SWPZ6YGPVCEB0S7,2025-11-11,2026-01-23,JPY,GBP,3182997.68,1.329039,1.328658,Markets,-3.81000000000187e-04,73,30-90 Days
SWPVRKXQYVLSMVY,2025-12-14,2025-12-25,CAD,GBP,1325310.7,1.475976,1.476826,Investment Banking,8.50000000000017e-04,11,0-30 Days
SWPWYU1IXOOQI9F,2026-02-13,2026-06-13,JPY,EUR,14223234.5,1.131795,1.128737,Treasury,-3.05800000000001e-03,120,90+ Days
SWPDFUE3BTK8E0H,2025-11-02,2026-01-26,INR,GBP,3886996.56,0.804549,0.807147,Investment Banking,2.59799999999999e-03,85,30-90 Days
SWP04GQ6AFQ2QJM,2026-01-15,2026-06-26,AUD,GBP,2101742.89,0.739972,0.740446,Markets,4.74000000000085e-04,162,90+ Days
SWP8P4LJN98173P,2025-11-08,2026-04-23,EUR,CHF,3316345.44,1.247366,1.246578,Investment Banking,-7.88000000000011e-04,166,90+ Days
SWPADWYDFIZ6KN0,2026-02-14,2026-04-08,INR,GBP,1965832.35,0.841218,0.841867,Treasury,6.49000000000011e-04,53,30-90 Days
SWPONFNGYGKW0BK,2025-12-29,2026-01-13,CHF,INR,2879088.07,0.990485,0.990875,Investment Banking,3.90000000000001e-04,15,0-30 Days
SWPJ8DW667OQV83,2025-11-06,2025-11-27,JPY,GBP,2286644.41,0.927064,0.926424,Markets,-6.39999999999974e-04,21,0-30 Days
SWPIVM4EVI2MQRQ,2025-10-30,2025-12-28,USD,GBP,5826773.78,1.055947,1.052184,Treasury,-3.76299999999996e-03,59,30-90 Days
SWPY2A311KJYTRB,2025-12-07,2026-03-11,INR,EUR,2669427.57,1.394032,1.392514,Treasury,-1.51799999999991e-03,94,90+ Days
SWP764L9ZHAJVEA,2025-12-11,2026-04-28,GBP,EUR,6981894.52,1.063556,1.062144,Investment Banking,-1.41199999999997e-03,138,90+ Days
SWPX92AL8TWQI0G,2025-12-07,2026-01-19,CAD,USD,6044393.46,1.337027,1.33933,Markets,2.30299999999994e-03,43,30-90 Days
SWPJJXCH3TUXDJG,2026-01-12,2026-07-01,CHF,INR,2500564.61,0.723785,0.722051,Markets,-1.73400000000001e-03,170,90+ Days
SWPZY206CZGIPJ6,2025-12-05,2026-04-25,CAD,GBP,2274839.82,0.973566,0.975967,Investment Banking,2.40099999999999e-03,141,90+ Days
SWPBHLZ64QA5EHA,2026-01-07,2026-07-05,EUR,CAD,5338282.31,1.011543,1.012807,Investment Banking,1.26399999999993e-03,179,90+ Days
SWPJ086S5GGKBCA,2026-02-22,2026-04-17,USD,CAD,5749065.31,1.221981,1.226699,Investment Banking,0.004718,54,30-90 Days
SWPH93KI0YP6M6R,2025-11-30,2026-01-31,AUD,GBP,877461.43,0.768426,0.77075,Markets,2.32399999999999e-03,62,30-90 Days
SWPE924L2MHJPJS,2025-11-14,2026-03-19,GBP,JPY,2882980.28,1.360453,1.358841,Investment Banking,-1.61199999999995e-03,125,90+ Days
SWPPYLARUT1XTKW,2025-11-09,2026-03-25,USD,CHF,3027403.52,1.371928,1.375098,Treasury,3.1699999999999e-03,136,90+ Days
SWP48M54YARKAY1,2025-11-10,2025-12-19,CHF,EUR,1916275.69,0.832187,0.832596,Treasury,4.08999999999993e-04,39,30-90 Days
SWPPOWZE8734I0S,2026-01-25,2026-04-13,CAD,EUR,6677695.33,0.865708,0.867678,Investment Banking,1.96999999999992e-03,78,30-90 Days
SWPE0TT8Q62UY2U,2025-12-04,2026-01-14,GBP,USD,2092075.14,1.121149,1.12349,Markets,2.34100000000015e-03,41,30-90 Days
SWP7NPDOS5NRJJZ,2026-02-07,2026-03-19,CAD,USD,1002758.91,0.532,0.532806,Treasury,8.05999999999973e-04,40,30-90 Days
SWPMZ2JL2GP67DK,2025-11-12,2026-03-27,CHF,USD,5508528.07,0.975953,0.978887,Investment Banking,2.93399999999999e-03,135,90+ Days
SWP3XIC6H2XUNH5,2026-01-18,2026-06-08,USD,JPY,4921746.23,1.364982,1.366507,Investment Banking,0.001525,141,90+ Days
SWPVOJV9K2WGIZ9,2026-01-17,2026-04-27,JPY,GBP,3663073.45,1.080532,1.083621,Markets,3.0889999999999e-03,100,90+ Days
SWP42FQVYX2JLU6,2026-01-24,2026-04-14,AUD,EUR,3194487.28,1.27241,1.278768,Investment Banking,6.35799999999986e-03,80,30-90 Days
SWP3B8AWLFZOXDS,2026-01-06,2026-06-05,CHF,GBP,1244031.82,0.804873,0.802768,Markets,-2.10499999999991e-03,150,90+ Days
SWPH5ELZNDWAC5D,2025-11-11,2026-04-01,CHF,CAD,3303963.61,1.258637,1.256638,Treasury,-1.99900000000008e-03,141,90+ Days
SWP54RSK8EMZSHA,2025-11-11,2025-12-09,CAD,INR,2862254.82,0.598082,0.598799,Investment Banking,7.16999999999968e-04,28,0-30 Days
SWPZ46L1ES1YEF3,2026-02-19,2026-08-07,JPY,CHF,3045668.48,1.273473,1.274021,Treasury,5.47999999999993e-04,169,90+ Days
SWP06FG8KZ2W860,2025-12-03,2026-03-30,AUD,USD,3286750.25,0.628813,0.629986,Investment Banking,1.17300000000009e-03,117,90+ Days
SWP6KQKL3W93JFS,2026-01-29,2026-03-21,INR,CHF,1342975.05,0.622421,0.622663,Investment Banking,2.41999999999964e-04,51,30-90 Days
SWP6DOETZAO0V9X,2026-01-20,2026-02-28,USD,CAD,1095616.96,1.115573,1.120245,Treasury,4.67200000000001e-03,39,30-90 Days
SWP6YFISVR23OTS,2026-02-01,2026-05-26,AUD,EUR,4223659.12,0.565224,0.566077,Investment Banking,8.53000000000104e-04,114,90+ Days
SWPXZGG5IUEBFRB,2025-12-17,2026-03-11,AUD,JPY,5253401.54,0.766759,0.768638,Investment Banking,1.87900000000008e-03,84,30-90 Days
SWP1RZBHSXVI87A,2025-12-23,2026-04-01,CHF,CAD,3101509.37,1.351079,1.353675,Treasury,2.59600000000004e-03,99,90+ Days
SWP81UAS8AHMOL4,2025-11-14,2025-12-27,JPY,INR,9876748.15,1.392271,1.395746,Investment Banking,3.47499999999989e-03,43,30-90 Days
SWP7M7QF1M6KCZB,2026-02-20,2026-04-17,INR,GBP,1284177.22,1.445531,1.453497,Treasury,7.96600000000014e-03,56,30-90 Days
SWPCUGWRWADSUFP,2025-12-13,2026-03-01,INR,CHF,1366949.29,1.068734,1.068738,Markets,3.99999999989298e-06,78,30-90 Days
SWPWD4X6I1QG55K,2025-12-02,2025-12-17,USD,AUD,2745163.32,0.775688,0.775648,Treasury,-4.000000000004e-05,15,0-30 Days
SWPJA87AT8OPJNR,2026-01-24,2026-03-27,AUD,CAD,19685453.25,0.652923,0.657732,Markets,4.80899999999995e-03,62,30-90 Days
SWPSNXJX7E0RI3H,2026-01-02,2026-02-09,INR,AUD,3435789.13,0.597028,0.597962,Investment Banking,9.3399999999999e-04,38,30-90 Days
SWPDK6SVTG0OP1F,2025-12-12,2026-05-22,CAD,JPY,3732494.71,0.89203,0.890039,Treasury,-1.99099999999997e-03,161,90+ Days
SWPBBIP8A6DKEJI,2025-11-25,2026-04-18,GBP,CHF,2709099.61,1.377315,1.378149,Treasury,8.34000000000001e-04,144,90+ Days
SWP4S1LEF0KQ8R6,2025-11-12,2026-04-11,INR,USD,6402508.75,1.257146,1.258044,Markets,8.97999999999843e-04,150,90+ Days
SWPEP02ZOBU6ERL,2025-12-26,2026-02-08,AUD,JPY,5387123.22,0.57042,0.572501,Treasury,0.002081,44,30-90 Days
SWP5EM8HDI4R76Q,2025-12-11,2026-05-30,EUR,CHF,1502672.14,1.026381,1.030696,Treasury,4.31500000000007e-03,170,90+ Days
SWPLXDRNY7QHIL5,2025-11-18,2025-12-01,INR,USD,4289929.87,0.972433,0.975512,Treasury,3.07900000000005e-03,13,0-30 Days
SWPJ1VHX0I1D4YR,2025-11-05,2026-01-12,CHF,AUD,4351250.62,1.181457,1.179196,Markets,-2.26100000000007e-03,68,30-90 Days
SWPYLUSRSYTQS7X,2025-12-31,2026-02-16,GBP,EUR,4112581.41,1.050924,1.052661,Markets,1.7370000000001e-03,47,30-90 Days
SWP0HPEJAC17PRU,2025-12-09,2026-02-13,USD,EUR,3525574.35,1.137957,1.13856,Markets,6.02999999999909e-04,66,30-90 Days
SWPKO35NG8QY460,2026-01-31,2026-03-13,CAD,JPY,5091173.37,1.354309,1.357363,Investment Banking,3.05400000000011e-03,41,30-90 Days
SWPPG3OL4HF76QT,2025-11-25,2026-01-25,AUD,USD,1950002.74,0.861416,0.861158,Investment Banking,-2.5799999999998e-04,61,30-90 Days
SWPU0CN9BSVAYEE,2025-12-19,2026-04-01,GBP,INR,3538077.44,1.408133,1.405664,Markets,-2.46900000000005e-03,103,90+ Days
SWPK6SFVWLBLJX0,2025-12-04,2026-01-02,CHF,INR,2695694.3,0.579285,0.578642,Markets,-6.4300000000006e-04,29,0-30 Days
SWPPQKCOWIRJ8F2,2026-02-16,2026-05-31,GBP,USD,1351987.93,0.854846,0.855918,Treasury,1.07199999999996e-03,104,90+ Days
SWPB245C5DFNKSD,2025-12-15,2026-02-19,EUR,CAD,5459038.72,0.565046,0.563697,Markets,-1.34900000000004e-03,66,30-90 Days
SWPC0OMYCYBA3NJ,2025-12-11,2026-01-26,AUD,EUR,4479332.67,0.772074,0.774184,Markets,2.10999999999995e-03,46,30-90 Days
SWPODUIVZ4R4FBG,2025-12-05,2026-03-08,USD,INR,14407500.12,1.021338,1.019537,Treasury,-1.80100000000016e-03,93,90+ Days
SWPJX6AG8K4HCOU,2026-02-22,2026-06-26,USD,CAD,4683320.45,0.611195,0.612818,Treasury,1.62299999999993e-03,124,90+ Days
SWPMK8AMJ7UPHXA,2026-01-04,2026-05-30,USD,GBP,3817148.46,0.517539,0.517466,Investment Banking,-7.29999999999897e-05,146,90+ Days
SWPHJSBTRA14KYE,2026-01-23,2026-06-24,AUD,EUR,2485196.05,1.442686,1.440487,Markets,-2.19899999999984e-03,152,90+ Days
SWPHYK7NIQ6WUIJ,2026-01-27,2026-07-10,CHF,AUD,1905468.72,0.702271,0.703338,Investment Banking,1.06700000000004e-03,164,90+ Days
SWP6Q16LCDF4DL5,2026-01-09,2026-02-19,USD,AUD,522065.96,1.37861,1.381626,Investment Banking,3.01600000000013e-03,41,30-90 Days
SWPY09QWV5F1N2P,2026-01-30,2026-06-18,JPY,CAD,8528542.78,0.758899,0.760641,Treasury,1.74200000000002e-03,139,90+ Days
SWPASJ21PKQSPDB,2025-12-07,2026-05-23,AUD,CHF,1414653.41,1.498229,1.498697,Investment Banking,4.67999999999913e-04,167,90+ Days
SWPEKZIVFLCZU7Z,2025-12-07,2026-03-23,CHF,JPY,1445327.67,0.689655,0.691722,Treasury,2.06699999999993e-03,106,90+ Days
SWPUT9EKPKNP7F2,2026-02-05,2026-04-01,AUD,GBP,1294543.55,1.060884,1.065496,Treasury,4.61200000000006e-03,55,30-90 Days
SWP0RI4WDFWW21T,2026-01-27,2026-03-17,CAD,INR,6952173.54,0.500199,0.500437,Markets,2.38000000000071e-04,49,30-90 Days
SWPEEEYRH1CYX0S,2025-12-08,2026-04-25,USD,EUR,2241893.71,0.98904,0.990655,Investment Banking,1.61499999999992e-03,138,90+ Days
SWPZ94EDDV0G67A,2026-01-04,2026-05-14,INR,AUD,4477229.2,1.495024,1.494928,Markets,-9.5999999999874e-05,130,90+ Days
SWPJ89F0N3CIN60,2025-12-31,2026-03-17,CHF,GBP,3962480.01,1.42998,1.43439,Markets,4.41000000000003e-03,76,30-90 Days
SWPOLBW290EV95X,2026-01-25,2026-03-14,CHF,EUR,6749292.23,0.922118,0.921727,Investment Banking,-3.9100000000003e-04,48,30-90 Days
SWP4C8MX0QTX5Q5,2026-01-19,2026-06-07,CAD,JPY,7557138.3,1.070745,1.070782,Investment Banking,3.69999999998427e-05,139,90+ Days
SWPLSQVWC6Q8KOR,2026-02-20,2026-08-08,JPY,GBP,1360930.55,0.932105,0.932582,Investment Banking,4.77000000000061e-04,169,90+ Days
SWPIOWEQT2DGDTP,2026-01-01,2026-03-18,GBP,CAD,6593608.08,1.325604,1.327747,Markets,2.14300000000001e-03,76,30-90 Days
SWPDJ0BNFEE69HQ,2026-02-14,2026-08-09,CAD,INR,1042771.28,0.96777,0.968315,Treasury,5.45000000000018e-04,176,90+ Days
SWPNMQ30WG8MP8O,2025-12-20,2026-04-18,CAD,USD,1988818.42,1.306644,1.310521,Investment Banking,3.87700000000013e-03,119,90+ Days
SWPD2FQC29E9YYK,2025-12-14,2026-05-08,CAD,JPY,5696257.01,0.50354,0.504294,Treasury,7.54000000000032e-04,145,90+ Days
SWP3PE5W6QXVQ5B,2025-11-09,2026-02-18,AUD,EUR,6328386.82,0.992309,0.995103,Investment Banking,2.79399999999996e-03,101,90+ Days
SWPR24QPOLVS1GP,2025-10-26,2026-03-01,CAD,JPY,9541257.5,0.895214,0.896505,Markets,1.29100000000004e-03,126,90+ Days
SWPTHW6H6GZGK7I,2025-12-24,2026-04-22,CAD,CHF,836743.51,0.787596,0.792636,Investment Banking,5.04000000000004e-03,119,90+ Days
SWP74CNQW8CZ4PC,2025-11-18,2026-02-11,EUR,CAD,759833.45,0.863664,0.863617,Investment Banking,-4.70000000000192e-05,85,30-90 Days
SWPZBQMFQO2BARC,2026-02-02,2026-07-08,INR,GBP,3920238.38,1.336538,1.336678,Markets,1.40000000000029e-04,156,90+ Days
SWPGOX5GYTGALUL,2026-01-07,2026-02-05,CAD,USD,2844780.88,1.266462,1.269687,Treasury,3.22500000000003e-03,29,0-30 Days
SWPKRHN1DF4L7K8,2026-01-17,2026-07-09,CHF,GBP,433273.31,0.667574,0.668469,Treasury,8.94999999999979e-04,173,90+ Days
SWPSJXU1H8DY2GX,2026-01-08,2026-05-24,EUR,INR,12673607.61,0.682755,0.68235,Treasury,-4.04999999999989e-04,136,90+ Days
SWPM4RMI6LWCCHP,2026-01-28,2026-05-01,USD,JPY,3930665.55,0.628177,0.626515,Markets,-1.66199999999994e-03,93,90+ Days
SWPMKERJX86FJ28,2026-02-07,2026-03-25,INR,JPY,4643084.92,1.44103,1.443705,Markets,2.67499999999998e-03,46,30-90 Days
SWPXF385NJPVK1Q,2025-11-12,2025-12-29,USD,CHF,1590940.7,1.142706,1.143572,Treasury,8.66000000000033e-04,47,30-90 Days
SWPUOHVMG7LU74H,2025-11-02,2026-03-13,INR,GBP,1169540.63,1.148051,1.148243,Markets,1.9199999999997e-04,131,90+ Days
SWPGHRRCY18OA6I,2026-02-21,2026-04-07,AUD,USD,7898131.4,0.981731,0.981939,Treasury,2.07999999999986e-04,45,30-90 Days
SWPA8OQBEU6S62C,2025-12-05,2026-01-15,AUD,INR,8939144.83,0.849322,0.848663,Treasury,-6.59000000000076e-04,41,30-90 Days
SWP45WOAGCZ2LM4,2025-12-11,2026-01-14,GBP,JPY,8809550.5,0.598818,0.59874,Treasury,-7.79999999999115e-05,34,30-90 Days
SWPYFCNYSXFF9L0,2026-02-08,2026-07-30,USD,EUR,3299413.02,1.486696,1.485979,Markets,-7.17000000000079e-04,172,90+ Days
SWPQ9MSTDV0JHJH,2025-12-16,2026-01-22,GBP,AUD,2576625.78,1.263035,1.261982,Treasury,-1.05299999999997e-03,37,30-90 Days
SWPWCVCW8XATF19,2025-12-18,2026-04-01,CHF,EUR,12502684.48,1.057058,1.056612,Markets,-4.45999999999946e-04,104,90+ Days
SWP3MX11CFJOIPH,2026-02-04,2026-05-11,GBP,AUD,3090919.21,1.270055,1.273408,Treasury,3.35300000000016e-03,96,90+ Days
SWP4RBHUWARC90X,2026-01-05,2026-06-21,AUD,GBP,6251020.9,1.211997,1.211905,Markets,-9.1999999999981e-05,167,90+ Days
SWPH1WHQJ14DIII,2026-01-14,2026-01-27,CAD,AUD,2207931.05,0.839157,0.841073,Markets,1.91599999999992e-03,13,0-30 Days
SWPVPC0DETISRJ1,2025-12-31,2026-02-24,GBP,CAD,2589682.94,1.400401,1.402783,Investment Banking,2.38199999999988e-03,55,30-90 Days
SWPZ6615KXTZXPX,2026-02-07,2026-03-04,GBP,AUD,3823594.99,1.464711,1.461463,Markets,-3.24800000000014e-03,25,0-30 Days
SWPRV4ICT108QT3,2025-11-21,2026-02-22,JPY,INR,3508315.13,1.431269,1.432592,Treasury,1.32300000000019e-03,93,90+ Days
SWPSOAYR16LXOY9,2026-01-20,2026-04-11,USD,AUD,5334113.34,0.942184,0.939472,Treasury,-2.71200000000005e-03,81,30-90 Days
SWPZC2P40L7VDDL,2026-02-01,2026-02-10,GBP,INR,6001851.37,0.564616,0.566246,Treasury,1.63000000000002e-03,9,0-30 Days
SWPQOT7D6ADSAFH,2025-11-28,2026-03-15,GBP,INR,2181256.16,1.03114,1.035572,Investment Banking,4.43199999999999e-03,107,90+ Days
SWPMW9YWERSXOSU,2025-11-05,2026-01-18,AUD,CAD,5849268.65,1.494397,1.496207,Investment Banking,1.81000000000009e-03,74,30-90 Days
SWPO5UTHBK1V354,2025-11-07,2025-12-16,EUR,AUD,1183700.46,1.317375,1.317171,Treasury,-2.03999999999871e-04,39,30-90 Days
SWP57I89TWK207C,2026-02-06,2026-03-18,USD,EUR,20708852.03,1.460722,1.466942,Markets,6.21999999999989e-03,40,30-90 Days
SWPWOEP3PU7BDV2,2025-11-30,2026-04-30,USD,CHF,3198031.06,0.741217,0.740063,Investment Banking,-1.15399999999999e-03,151,90+ Days
SWPOL4TU7BJ1LSO,2026-01-09,2026-06-06,EUR,INR,4685222.8,1.232826,1.234874,Investment Banking,2.04800000000005e-03,148,90+ Days
SWP8GO5PVCJEHYG,2025-11-02,2025-11-20,USD,JPY,6858892.65,0.623996,0.622115,Treasury,-1.88100000000002e-03,18,0-30 Days
SWPZZU4U1PVS7OJ,2026-02-06,2026-05-03,INR,USD,10331928.68,0.824859,0.825523,Treasury,6.63999999999998e-04,86,30-90 Days
SWP1NBUTKO8VWOU,2025-12-15,2026-01-28,CHF,JPY,533387.78,1.347969,1.352191,Treasury,4.22199999999995e-03,44,30-90 Days
SWPLI8YA3SL4FSB,2026-01-09,2026-03-16,GBP,CHF,1605102.0,0.820286,0.823783,Markets,3.49700000000008e-03,66,30-90 Days
SWPTX9DLNJ6TZT1,2025-12-08,2026-03-29,INR,GBP,2308177.03,0.783463,0.783762,Markets,2.98999999999938e-04,111,90+ Days
SWPUIB6HYLFAW1D,2026-01-04,2026-06-25,CAD,USD,5664419.3,1.172515,1.170808,Investment Banking,-1.7069999999999e-03,172,90+ Days
SWPBOF5B6984FBX,2026-02-14,2026-03-30,CHF,AUD,12740678.05,0.675693,0.675182,Investment Banking,-5.11000000000039e-04,44,30-90 Days
SWP9JZTS4NVXUUI,2026-01-12,2026-07-10,USD,EUR,1688947.99,1.441853,1.440708,Markets,-1.14499999999995e-03,179,90+ Days
SWP8OA7JALZT7BM,2025-12-22,2026-03-12,USD,GBP,3228896.94,1.06421,1.063312,Markets,-8.98000000000065e-04,80,30-90 Days
SWPDXSVSZX3OH3D,2026-01-07,2026-06-09,GBP,JPY,5396661.99,1.106982,1.106334,Markets,-6.47999999999982e-04,153,90+ Days
SWP8XHBL1Y9CJCX,2025-12-26,2026-02-20,JPY,AUD,1397204.82,0.753464,0.756569,Treasury,3.10500000000002e-03,56,30-90 Days
SWPH8PY14B0U6Z1,2025-11-10,2026-03-29,JPY,AUD,3033831.61,1.007602,1.008378,Treasury,7.75999999999888e-04,139,90+ Days
SWPC4D3DQFIOFAR,2026-01-06,2026-04-21,CAD,AUD,3950489.83,0.995145,0.995949,Investment Banking,8.04000000000027e-04,105,90+ Days
SWP32GQFQF7PSQA,2026-01-31,2026-04-06,CAD,AUD,6356835.21,0.656569,0.656514,Markets,-5.49999999999162e-05,65,30-90 Days
SWP80X3OVKO1W0I,2026-01-21,2026-05-19,GBP,CHF,2108922.96,0.60702,0.606289,Markets,-7.31000000000037e-04,118,90+ Days
SWPP08G45UD5P5T,2026-01-24,2026-07-13,AUD,INR,6526849.51,1.451466,1.456236,Markets,4.77000000000016e-03,170,90+ Days
SWPW37OXTUETZTN,2026-01-02,2026-04-25,USD,CAD,16772006.62,0.60233,0.603225,Investment Banking,8.94999999999979e-04,113,90+ Days
SWPQXODM5LX9YQ3,2025-11-06,2026-03-12,CAD,USD,3674455.86,0.977107,0.982618,Treasury,5.51100000000004e-03,126,90+ Days
SWPI8W2U5IYAC12,2025-11-30,2026-02-05,INR,CHF,26125070.25,0.583265,0.583361,Investment Banking,9.5999999999985e-05,67,30-90 Days
SWP80JXV6VET1S2,2026-02-07,2026-03-20,AUD,CAD,6132401.9,0.869289,0.866552,Investment Banking,-2.73699999999999e-03,41,30-90 Days
SWPE6HCCLHL0AO6,2025-11-19,2026-04-08,CAD,GBP,6086038.34,0.639014,0.641236,Markets,2.22200000000006e-03,140,90+ Days
SWPB4AKVK820H3K,2026-01-04,2026-05-01,AUD,CAD,2714983.91,1.172467,1.173673,Treasury,1.20600000000004e-03,117,90+ Days
SWPKKAYJ4WRP1U7,2025-12-29,2026-06-20,AUD,CHF,2688617.52,0.512932,0.513574,Investment Banking,6.4199999999992e-04,173,90+ Days
SWPAPMG9TSGH2P0,2026-02-14,2026-08-07,CHF,JPY,5195562.41,0.991141,0.992284,Treasury,1.14300000000001e-03,174,90+ Days
SWPYKWI3BG8VN8W,2026-01-25,2026-04-11,CAD,USD,802509.9,1.469594,1.469287,Treasury,-3.07000000000057e-04,76,30-90 Days
SWP1P9R2V968ZH2,2025-11-17,2026-04-30,JPY,AUD,3529150.45,1.137339,1.131804,Investment Banking,-5.53500000000007e-03,164,90+ Days
SWPCU3H7BVTX2UQ,2026-02-14,2026-04-03,GBP,EUR,5730884.32,0.712505,0.71444,Investment Banking,1.93499999999991e-03,48,30-90 Days
SWPB4O2FBC0BQJM,2026-01-10,2026-05-15,JPY,USD,1451214.79,1.111221,1.108428,Investment Banking,-2.79300000000005e-03,125,90+ Days
SWPNXW5GZQGC9TM,2025-11-16,2026-04-12,JPY,GBP,5469065.69,0.644835,0.647109,Treasury,0.002274,147,90+ Days
SWPMO4QZ5EG5W7A,2025-11-20,2026-01-13,CHF,GBP,723729.39,0.628113,0.627247,Treasury,-8.66000000000033e-04,54,30-90 Days
SWPOCBSB1BFM2G8,2025-10-30,2025-12-07,AUD,CHF,2446121.86,1.214589,1.21527,Markets,6.81000000000154e-04,38,30-90 Days
SWPDRQVG8BTRDRI,2026-02-13,2026-04-02,CAD,GBP,5957993.89,1.146612,1.145704,Treasury,-9.07999999999909e-04,48,30-90 Days
SWPBTF5B4MD21EF,2026-01-05,2026-05-29,AUD,CAD,1646508.54,0.826983,0.829435,Investment Banking,2.45200000000001e-03,144,90+ Days
SWPCNSQX2FM8CQA,2025-11-22,2026-03-06,CHF,USD,2309668.29,0.52821,0.530257,Treasury,2.04700000000002e-03,104,90+ Days
SWPEQ4V6Y74FOSN,2025-12-17,2026-03-11,EUR,CAD,4765447.84,0.644116,0.644817,Investment Banking,7.00999999999952e-04,84,30-90 Days
SWPLJORVVAVN2E4,2026-01-19,2026-01-28,GBP,INR,4733016.23,0.645629,0.647054,Markets,1.42500000000001e-03,9,0-30 Days
SWPLJIS8AWC7M6Z,2025-12-22,2026-01-13,CHF,AUD,1323756.48,0.578728,0.581751,Treasury,0.003023,22,0-30 Days
SWPFP6J6YXNH67T,2025-10-29,2026-03-20,EUR,USD,3232015.28,1.166119,1.165781,Investment Banking,-3.37999999999949e-04,142,90+ Days
SWP74P2BAVDP9XE,2025-11-20,2025-12-03,GBP,USD,11100326.54,1.091088,1.094253,Investment Banking,3.16499999999986e-03,13,0-30 Days
SWPYNLDMWVXOVYN,2026-01-16,2026-07-02,EUR,GBP,1365155.72,1.233881,1.233176,Treasury,-7.04999999999956e-04,167,90+ Days
SWPAZU7S4CWO0E9,2026-02-03,2026-03-31,EUR,JPY,4772374.34,1.4031,1.407306,Treasury,4.20599999999993e-03,56,30-90 Days
SWPNEDBN2P0SRPG,2025-11-26,2026-03-17,EUR,GBP,1117278.88,1.445863,1.453659,Markets,7.79600000000014e-03,111,90+ Days
SWP911H8T2Z8K0G,2025-12-04,2026-03-13,AUD,CHF,8751363.9,0.806852,0.807389,Markets,5.3700000000001e-04,99,90+ Days
SWP3ZIR5D57TI7T,2025-12-03,2026-02-11,CHF,INR,24418335.91,1.218507,1.222596,Markets,4.08900000000001e-03,70,30-90 Days
SWP4QK3QOZFXBVJ,2026-01-10,2026-04-04,USD,CAD,5040016.16,0.657267,0.657191,Treasury,-7.6000000000076e-05,84,30-90 Days
SWPC7Z62JDYEI1K,2026-01-23,2026-06-29,CAD,GBP,1849149.19,0.805906,0.805649,Treasury,-2.57000000000063e-04,157,90+ Days
SWPM6TMNCJ6ADJN,2026-01-23,2026-05-06,AUD,CAD,1828042.66,1.314069,1.315249,Investment Banking,1.17999999999996e-03,103,90+ Days
SWPTIQRPVLK7A9H,2025-11-03,2025-12-18,CAD,INR,4627327.98,1.095284,1.096702,Markets,1.41800000000014e-03,45,30-90 Days
SWPUPDN0O7RDLJS,2025-12-02,2025-12-13,EUR,CAD,5929220.39,1.204723,1.200751,Markets,-3.97200000000009e-03,11,0-30 Days
SWPYMWO1ISH00LS,2025-11-26,2026-01-22,CAD,GBP,10295323.02,0.853379,0.852658,Investment Banking,-7.20999999999972e-04,57,30-90 Days
SWPWRJX1UJM88WM,2026-02-04,2026-07-26,CHF,AUD,13764050.57,1.170492,1.176625,Investment Banking,6.13299999999994e-03,172,90+ Days
SWPN90L7FAR56M6,2025-11-19,2026-05-18,USD,INR,884541.1,0.8258,0.827391,Investment Banking,1.59100000000001e-03,180,90+ Days
SWPTTOHU2JHO40Z,2026-01-03,2026-01-27,JPY,GBP,5727031.25,1.330579,1.333554,Markets,2.97499999999995e-03,24,0-30 Days
SWPXVPWO68JQ03N,2026-02-11,2026-05-13,JPY,USD,5877185.68,0.67433,0.673534,Markets,-7.96000000000019e-04,91,90+ Days
SWP0CA5VVIPR8U8,2026-02-11,2026-05-04,EUR,AUD,7588059.3,0.830152,0.829534,Markets,-6.18000000000007e-04,82,30-90 Days
SWPI22GHRSNJ2IU,2026-01-19,2026-04-26,CHF,GBP,3388333.92,1.126831,1.128224,Treasury,1.39299999999998e-03,97,90+ Days
SWPRACB4SXTRLFU,2026-01-10,2026-04-27,USD,CHF,1148373.41,0.660053,0.660495,Markets,4.42000000000053e-04,107,90+ Days
SWP7R39P08CRDKR,2026-01-28,2026-06-11,JPY,INR,1149555.31,1.02595,1.030166,Treasury,0.004216,134,90+ Days
SWPKDBAOQE16L7J,2025-12-20,2026-05-31,CAD,GBP,4093716.14,1.095213,1.097849,Investment Banking,2.63600000000008e-03,162,90+ Days
SWP0PT1JA67JM9H,2025-12-22,2026-03-18,CHF,CAD,8645362.54,0.647245,0.648407,Treasury,0.001162,86,30-90 Days
SWPHZ8SO0WJ8G5J,2025-11-11,2026-04-15,EUR,JPY,1515222.73,1.382462,1.38705,Treasury,4.58799999999981e-03,155,90+ Days
SWPUKGWHW0AMCVU,2025-10-31,2026-01-22,INR,CHF,3543162.51,1.311085,1.311376,Investment Banking,2.91000000000041e-04,83,30-90 Days
SWPBU54CWR70ICN,2026-01-14,2026-04-18,GBP,JPY,1797643.8,0.559068,0.561523,Markets,2.45499999999998e-03,94,90+ Days
SWP9WFSFCK5CY9A,2026-01-08,2026-05-20,GBP,JPY,1828679.98,1.154371,1.160989,Markets,6.61800000000001e-03,132,90+ Days
SWPSR81GQ5BR2ZB,2025-11-02,2026-03-19,INR,USD,2853905.8,1.119723,1.119443,Treasury,-2.80000000000058e-04,137,90+ Days
SWP57Q6C8DVEYO8,2025-11-28,2025-12-16,AUD,GBP,3052266.7,0.740287,0.741119,Treasury,8.31999999999944e-04,18,0-30 Days
SWPOTT550Z9TOBV,2026-01-20,2026-02-13,AUD,CHF,748401.44,0.559659,0.562865,Markets,3.20599999999993e-03,24,0-30 Days
SWP6U4DX0I0RCT3,2025-12-19,2025-12-26,USD,INR,11842615.57,1.329592,1.33302,Treasury,3.42799999999999e-03,7,0-30 Days
SWPFUXPQ2JDB56T,2026-02-15,2026-06-15,USD,AUD,3095922.79,1.08064,1.083757,Investment Banking,3.11700000000004e-03,120,90+ Days
SWPTPB66RPQR2VL,2025-10-31,2025-12-15,CAD,GBP,4656965.47,0.677606,0.678417,Treasury,8.11000000000006e-04,45,30-90 Days
SWPT0UIQSOLEENW,2026-02-04,2026-04-16,INR,EUR,10050111.33,0.737709,0.737319,Treasury,-3.90000000000001e-04,71,30-90 Days
SWP9MONZIF2ALKQ,2025-10-30,2025-12-15,INR,EUR,1714892.68,0.600772,0.601522,Investment Banking,7.50000000000028e-04,46,30-90 Days
SWP8UKGEBQMICC0,2025-10-30,2025-12-19,AUD,CHF,1378101.05,1.143239,1.14717,Investment Banking,3.93100000000013e-03,50,30-90 Days
SWPC8U65HBDMBS4,2025-11-27,2026-03-08,EUR,CHF,1898787.38,0.769302,0.768239,Investment Banking,-1.06300000000004e-03,101,90+ Days
SWP6PBPJXZGHVBJ,2025-12-04,2025-12-17,GBP,INR,3177969.39,1.134208,1.132635,Investment Banking,-1.57300000000005e-03,13,0-30 Days
SWP5PZ5N2HULURJ,2026-01-08,2026-03-18,INR,CAD,4048655.33,1.473584,1.47562,Treasury,2.03599999999993e-03,69,30-90 Days
SWP1BACPFP3TV1S,2025-11-24,2026-04-21,EUR,USD,370095.97,0.59617,0.597747,Markets,1.57700000000005e-03,148,90+ Days
SWPKQGMXWGKHQZE,2026-02-22,2026-04-26,CAD,USD,1302773.06,1.444617,1.450125,Markets,5.50800000000007e-03,63,30-90 Days
SWPY6YQSM5U1GJW,2026-02-10,2026-07-08,CHF,AUD,3519549.06,1.053638,1.054447,Markets,8.08999999999838e-04,148,90+ Days
SWPSO45UO1RO5FK,2025-12-23,2026-05-18,USD,CHF,4176328.01,1.325651,1.324888,Treasury,-7.62999999999847e-04,146,90+ Days
SWPAXADIQY3QGKQ,2025-11-30,2026-05-01,GBP,EUR,2710475.21,1.244758,1.244534,Markets,-2.24000000000002e-04,152,90+ Days
SWPYV83YJE72M6T,2026-02-04,2026-07-10,CHF,JPY,1739172.0,0.939944,0.939841,Investment Banking,-1.02999999999964e-04,156,90+ Days
SWPWZF5EMU7CQG6,2025-12-28,2026-02-21,USD,GBP,1416731.55,1.498028,1.498456,Treasury,4.28000000000095e-04,55,30-90 Days
SWPTXHGQ0LUCWFM,2026-01-25,2026-03-03,AUD,INR,4016041.44,1.162379,1.163383,Investment Banking,0.001004,37,30-90 Days
SWPK7LNE7KQZKWA,2025-12-31,2026-02-26,AUD,INR,2542036.24,0.712669,0.711758,Treasury,-9.10999999999995e-04,57,30-90 Days
SWPGC0DOQ149FT4,2026-02-16,2026-07-11,AUD,USD,2520032.47,1.486494,1.494204,Markets,7.71000000000011e-03,145,90+ Days
SWPFLIS217G6L4X,2025-11-29,2026-04-19,JPY,GBP,2693615.33,0.857518,0.857673,Investment Banking,1.55000000000016e-04,141,90+ Days
SWPGYI9KHQIQAKT,2025-11-13,2025-12-16,USD,GBP,4171377.07,1.281065,1.278753,Markets,-2.31199999999987e-03,33,30-90 Days
SWPS6C10JWDQIJ9,2025-11-13,2026-04-09,INR,CAD,1898628.58,1.168587,1.167962,Markets,-6.25000000000098e-04,147,90+ Days
SWPNXOOTBVUR8UC,2025-10-30,2026-03-04,JPY,USD,2083285.6,1.372311,1.382627,Investment Banking,0.010316,125,90+ Days
SWPMZDB6IKSX7XA,2025-11-24,2026-04-15,EUR,AUD,2952476.55,1.269434,1.266632,Treasury,-2.80199999999997e-03,142,90+ Days
SWPTR1G2KK64ENN,2026-01-22,2026-05-09,EUR,AUD,7303836.35,1.231441,1.233625,Treasury,2.18399999999996e-03,107,90+ Days
SWPSHTH8NS3JLF0,2026-01-28,2026-04-20,GBP,JPY,2217075.85,1.301937,1.303206,Investment Banking,1.26900000000019e-03,82,30-90 Days
SWPBSJWJUEUXD36,2025-12-31,2026-05-27,JPY,USD,1890545.48,0.916552,0.920812,Markets,4.25999999999993e-03,147,90+ Days
SWPPSC4A2MGI2L2,2025-12-26,2026-01-05,USD,AUD,8462485.33,0.886794,0.889329,Markets,2.53500000000006e-03,10,0-30 Days
SWPECS5DBZTW3RH,2025-12-26,2026-02-14,GBP,EUR,803953.43,1.46154,1.460871,Markets,-6.69000000000031e-04,50,30-90 Days
SWPPTHEVWL9Z9CK,2025-11-16,2026-03-19,GBP,CHF,9648161.03,0.775695,0.776306,Investment Banking,6.11000000000028e-04,123,90+ Days
SWPJ0T58Q93HMRT,2026-02-15,2026-05-21,USD,CAD,4767832.75,1.172567,1.173415,Treasury,8.48000000000182e-04,95,90+ Days
SWPCHQ4HXOEDAWD,2025-12-04,2026-05-24,CAD,JPY,1910044.8,0.982134,0.983419,Investment Banking,1.28500000000009e-03,171,90+ Days
SWPX6M9EFRKKKIM,2025-12-24,2026-03-22,USD,EUR,6566870.33,0.816531,0.814812,Treasury,-1.71900000000003e-03,88,30-90 Days
SWPIR1MUKD3T0ZO,2026-01-17,2026-02-04,AUD,CHF,2096330.22,0.609148,0.610879,Investment Banking,1.73099999999993e-03,18,0-30 Days
SWP5ROMRCELK8BC,2026-02-09,2026-06-10,AUD,INR,2331724.03,0.682509,0.683767,Treasury,1.25799999999998e-03,121,90+ Days
SWPOGA6TE3YB76M,2026-01-10,2026-03-26,EUR,JPY,657197.8,0.758203,0.759692,Treasury,1.48900000000007e-03,75,30-90 Days
SWPZ4GP3ST53D4P,2026-01-29,2026-05-03,INR,EUR,8895228.85,0.923764,0.925246,Treasury,1.48199999999998e-03,94,90+ Days
SWP8GNBPTOOJOXT,2025-12-03,2026-01-17,AUD,CHF,3878578.77,1.214965,1.215127,Investment Banking,1.61999999999995e-04,45,30-90 Days
SWPQ794NIVVIZ6R,2025-10-29,2025-11-18,AUD,EUR,3697917.46,1.474334,1.474395,Investment Banking,6.09999999998667e-05,20,0-30 Days
SWPMI1YJ2QER87L,2025-11-18,2026-01-26,USD,INR,5744814.14,1.180631,1.184658,Treasury,0.004027,69,30-90 Days
SWPNXKQ1G5HY364,2025-12-18,2026-02-10,CHF,USD,8169810.22,1.445633,1.446777,Investment Banking,1.14400000000003e-03,54,30-90 Days
SWP3X1DPJLVVNUS,2026-02-08,2026-08-02,CHF,AUD,825795.58,0.670693,0.672521,Treasury,1.82800000000005e-03,175,90+ Days
SWPYREWA1M6UW2V,2025-11-24,2026-05-07,JPY,GBP,889322.49,1.246017,1.246408,Investment Banking,3.9100000000003e-04,164,90+ Days
SWPTN6AQ3524WPR,2025-11-16,2026-04-12,INR,CHF,2498731.14,0.857407,0.854767,Investment Banking,-2.63999999999998e-03,147,90+ Days
SWP5FKS1YK0HKW1,2026-01-01,2026-04-03,CHF,CAD,3217345.03,0.658134,0.659646,Treasury,1.51199999999996e-03,92,90+ Days
SWPP5WEEP160F2N,2025-10-29,2026-01-10,USD,INR,5867297.46,0.606452,0.60768,Treasury,1.22800000000001e-03,73,30-90 Days
SWPGJMPTSMSZ2PF,2026-01-03,2026-03-17,CAD,EUR,660091.57,0.829283,0.828316,Treasury,-9.6699999999994e-04,73,30-90 Days
SWP8Z6TWVFGH9LI,2026-01-07,2026-02-15,JPY,AUD,5082478.28,0.819758,0.819868,Treasury,1.10000000000054e-04,39,30-90 Days
SWPSIDN48NEQRTR,2025-12-02,2025-12-23,USD,CAD,1237515.54,1.259821,1.259171,Investment Banking,-6.50000000000039e-04,21,0-30 Days
SWPWA9AQ78HMKMU,2025-11-11,2026-04-06,CHF,JPY,6884981.46,1.424801,1.43057,Markets,5.76899999999991e-03,146,90+ Days
SWPQQK6S0FI79AX,2026-01-01,2026-01-08,USD,GBP,1455379.58,1.126057,1.128355,Investment Banking,2.29799999999991e-03,7,0-30 Days
SWP7KIP4NV8UVXH,2026-01-04,2026-01-12,CHF,EUR,8028254.52,1.039019,1.036924,Markets,-2.09499999999996e-03,8,0-30 Days
SWP9N9QN725YWF8,2025-12-06,2026-03-03,JPY,INR,3647413.57,1.358111,1.359853,Investment Banking,1.74199999999991e-03,87,30-90 Days
SWPRGL4XLXPY68X,2026-02-04,2026-07-12,CAD,INR,2259244.52,0.858408,0.86173,Treasury,3.32200000000005e-03,158,90+ Days
SWP0F530PFOAJ45,2026-02-18,2026-07-15,USD,AUD,3253917.79,0.922675,0.923084,Markets,4.08999999999993e-04,147,90+ Days
SWP51O993VC4TG8,2026-01-28,2026-04-11,JPY,AUD,3124830.71,1.38995,1.393915,Investment Banking,0.003965,73,30-90 Days
SWPL2C58AJF8MHE,2026-01-10,2026-03-06,CAD,CHF,6267592.66,1.471373,1.469354,Treasury,-2.01899999999999e-03,55,30-90 Days
SWPPXIJMDMTPXFP,2026-02-16,2026-05-22,JPY,CHF,2908027.56,0.940178,0.941078,Markets,9.00000000000012e-04,95,90+ Days
SWPE6TDJWLDLFUV,2026-02-08,2026-03-27,CAD,GBP,1988387.42,1.471026,1.473346,Investment Banking,2.3200000000001e-03,47,30-90 Days
SWPLXB9ZLVIEG8B,2025-11-30,2026-03-22,GBP,EUR,7027857.52,1.032981,1.034871,Markets,1.89000000000017e-03,112,90+ Days
SWPA89YF19Z6336,2025-11-27,2026-02-19,EUR,CHF,5048956.94,0.500147,0.501646,Treasury,1.49900000000003e-03,84,30-90 Days
SWPAIT677X4XPVX,2025-12-02,2026-03-23,INR,GBP,4315865.94,1.231741,1.234387,Investment Banking,2.64599999999993e-03,111,90+ Days
SWP6OG3T5KVNBQE,2025-10-29,2025-12-07,AUD,INR,16409399.83,1.106806,1.108862,Treasury,2.05600000000006e-03,39,30-90 Days
SWPKRA0EVJLD6R7,2025-11-14,2026-03-05,CAD,USD,7003977.97,1.44578,1.443754,Investment Banking,-2.02600000000008e-03,111,90+ Days
SWPPIV1FWU4RJFA,2025-11-17,2026-04-10,INR,CHF,2382052.06,1.344474,1.348184,Treasury,3.7100000000001e-03,144,90+ Days
SWP4UENTHQCQOW9,2026-01-26,2026-06-06,CAD,EUR,1090109.5,0.671073,0.671891,Treasury,8.17999999999985e-04,131,90+ Days
SWPY5SEVC46BQHI,2026-01-01,2026-04-25,GBP,USD,3516737.91,0.867919,0.868862,Treasury,9.43000000000027e-04,114,90+ Days
SWPWYWBEFAS83DC,2025-11-23,2026-04-25,EUR,AUD,1785369.82,0.989354,0.988957,Markets,-3.96999999999981e-04,153,90+ Days
SWP0Y68CBCQ7RG7,2025-11-07,2025-11-18,INR,EUR,2737425.22,1.305285,1.303601,Markets,-1.68400000000002e-03,11,0-30 Days
SWPSSX56V8GP8OL,2025-12-09,2026-01-17,GBP,CAD,10085647.62,1.419169,1.418586,Treasury,-0.000583,39,30-90 Days
SWP8QOKFU6UREII,2026-02-02,2026-07-13,EUR,GBP,21792108.85,1.487757,1.490129,Treasury,2.37200000000004e-03,161,90+ Days
SWPK05U9PUEAKSG,2026-02-03,2026-03-01,USD,EUR,1318609.54,1.023036,1.021402,Investment Banking,-1.63400000000014e-03,26,0-30 Days
SWPKH3YTWCP8H23,2026-02-12,2026-03-23,INR,GBP,5582449.1,1.47091,1.471234,Investment Banking,3.23999999999991e-04,39,30-90 Days
SWPKOCQ7B9H38OK,2025-12-18,2026-03-22,INR,GBP,2278423.66,1.427649,1.428423,Treasury,7.74000000000052e-04,94,90+ Days
SWPPZNX6NEDJAFP,2025-11-03,2025-12-16,CHF,AUD,2208271.07,1.416669,1.415015,Markets,-1.65400000000004e-03,43,30-90 Days
SWPA5D0GLU7VPN4,2026-01-06,2026-03-23,EUR,CAD,1843152.4,0.662102,0.664977,Markets,2.87500000000007e-03,76,30-90 Days
SWPY3JNIXXO6UEI,2025-11-13,2026-03-26,INR,CAD,773956.96,1.146121,1.145598,Treasury,-5.23000000000051e-04,133,90+ Days
SWPBIBN7P8L6S8J,2025-12-26,2026-05-12,INR,EUR,2396832.9,0.755016,0.753839,Investment Banking,-1.17699999999998e-03,137,90+ Days
SWPNBN255CXGLX8,2026-01-21,2026-05-07,CHF,CAD,1232436.63,1.259146,1.256395,Treasury,-2.75100000000017e-03,106,90+ Days
SWP1TYKNZJIVP51,2026-01-26,2026-03-18,EUR,CAD,945760.79,1.124819,1.124662,Investment Banking,-1.56999999999963e-04,51,30-90 Days
SWP6GESL1QW8O3W,2025-11-24,2026-02-07,EUR,AUD,1324065.93,0.584711,0.585378,Investment Banking,6.66999999999973e-04,75,30-90 Days
SWPICLC904OU0LO,2026-01-05,2026-03-13,USD,INR,19513842.87,1.498393,1.494956,Markets,-3.43700000000013e-03,67,30-90 Days
SWPEDBBBN2GT0RT,2025-12-04,2026-01-17,EUR,AUD,2110974.45,0.731879,0.734381,Investment Banking,0.002502,44,30-90 Days
SWPTWW6SO8R10OL,2025-11-03,2026-02-06,JPY,EUR,8761692.7,0.963341,0.962187,Investment Banking,-1.15399999999999e-03,95,90+ Days
SWPBA35BEQFHZDZ,2025-11-12,2026-04-26,GBP,CAD,4680567.21,0.697979,0.695673,Treasury,-2.30600000000003e-03,165,90+ Days
SWPSIWADR98M3XA,2025-11-24,2026-02-06,AUD,GBP,789426.31,0.611448,0.610853,Markets,-5.95000000000012e-04,74,30-90 Days
SWPEXJ0QRI74035,2026-01-06,2026-03-14,GBP,EUR,2908094.74,1.234339,1.237519,Investment Banking,3.17999999999996e-03,67,30-90 Days
SWP95F46PJLBN0T,2025-11-27,2026-01-28,EUR,USD,4075037.55,1.135136,1.135774,Markets,6.38000000000138e-04,62,30-90 Days
SWPFV5VU9F04JHL,2025-12-30,2026-04-06,GBP,CAD,2397048.77,1.321679,1.323569,Markets,1.88999999999995e-03,97,90+ Days
SWPB7ECDPUKSOQ4,2025-11-25,2026-02-23,AUD,INR,1181509.15,0.832758,0.835291,Markets,2.53300000000001e-03,90,30-90 Days
SWP1XISWGTKKTKL,2026-02-10,2026-06-09,EUR,CHF,7194583.39,0.568415,0.569621,Investment Banking,1.20600000000004e-03,119,90+ Days
SWPUQUWVU5V53CA,2026-02-01,2026-05-28,CAD,INR,9637030.39,0.907788,0.907115,Markets,-6.73000000000035e-04,116,90+ Days
SWPELFAEQAE7NS2,2026-01-02,2026-01-22,JPY,EUR,1262676.72,1.167348,1.168641,Markets,1.29299999999999e-03,20,0-30 Days
SWPMELRX5YXZ1QI,2026-01-16,2026-05-06,EUR,USD,1359611.29,0.763426,0.761843,Treasury,-0.001583,110,90+ Days
SWPQ2QYFYCC8H86,2026-01-14,2026-03-29,AUD,GBP,1632115.73,1.481367,1.482894,Treasury,1.52699999999983e-03,74,30-90 Days
SWPGNMW8CXMKDCY,2025-11-20,2026-05-09,INR,EUR,2153591.14,0.703874,0.705395,Investment Banking,1.52099999999999e-03,170,90+ Days
SWPUU95ESB2JJKR,2025-11-16,2025-11-28,CAD,USD,1215946.1,0.736055,0.738522,Investment Banking,0.002467,12,0-30 Days
SWPY7S9V1FVS46A,2026-01-20,2026-05-11,USD,JPY,2996442.35,1.489228,1.497025,Investment Banking,7.79700000000005e-03,111,90+ Days
SWP30R58RI0X9SF,2025-12-11,2026-04-10,EUR,INR,1161898.14,1.000969,1.00152,Markets,5.50999999999968e-04,120,90+ Days
SWP2GMA2D8NI96W,2025-11-12,2025-12-07,GBP,AUD,1872670.64,1.129126,1.129099,Markets,-2.69999999999992e-05,25,0-30 Days
SWPKCZKAVQQRI6N,2025-12-26,2026-02-04,EUR,JPY,10460887.69,0.555596,0.556329,Investment Banking,7.32999999999984e-04,40,30-90 Days
SWPFC3HO19615D3,2025-11-10,2026-04-14,CHF,USD,1630166.73,0.704723,0.705649,Investment Banking,9.25999999999982e-04,155,90+ Days
SWPQ3B2VMEP973B,2026-01-27,2026-05-31,AUD,JPY,5851859.9,1.107082,1.110557,Markets,3.47500000000012e-03,124,90+ Days
SWP9IT1V4LFK189,2026-02-11,2026-07-11,JPY,GBP,5389056.65,1.472261,1.472302,Markets,4.09999999999577e-05,150,90+ Days
SWP8POSNSGXW05W,2026-02-20,2026-06-10,AUD,USD,6686015.16,0.579583,0.581222,Markets,1.63900000000006e-03,110,90+ Days
SWPW1XYUKV4UM0D,2026-02-07,2026-04-09,INR,GBP,17133503.78,1.318565,1.321253,Markets,2.68800000000002e-03,61,30-90 Days
SWPPT5YD3TUHI0W,2026-01-26,2026-03-08,CAD,GBP,2663720.8,0.797862,0.796621,Markets,-1.24099999999994e-03,41,30-90 Days
SWPTVAE4QXM2610,2026-02-02,2026-04-07,INR,CHF,3236043.05,0.516805,0.517473,Investment Banking,6.68000000000002e-04,64,30-90 Days
SWPR1YJEP8N4J5Z,2026-01-12,2026-03-30,CHF,CAD,6406454.08,1.473612,1.472708,Markets,-9.04000000000016e-04,77,30-90 Days
SWPVVUHXUW5JIEO,2026-01-11,2026-06-28,CHF,AUD,7996416.93,1.287122,1.284687,Markets,-2.43500000000019e-03,168,90+ Days
SWPZFYE44E9B9QS,2025-10-28,2026-03-24,AUD,CAD,2482659.51,0.545333,0.548736,Investment Banking,3.40300000000004e-03,147,90+ Days
SWPYGTZZICRP45J,2025-12-16,2026-04-04,INR,EUR,1492617.24,1.110534,1.114036,Treasury,3.50200000000012e-03,109,90+ Days
SWP20L8LWBRI4DH,2025-11-23,2026-05-22,USD,GBP,1595396.63,1.18312,1.18685,Treasury,3.73000000000001e-03,180,90+ Days
SWPQH83UD42XTUN,2025-12-17,2026-02-20,EUR,JPY,8472172.99,1.247425,1.248021,Investment Banking,5.96000000000041e-04,65,30-90 Days
SWP4KFAFBDAL97B,2026-01-24,2026-05-27,INR,USD,4909069.72,1.435179,1.439617,Treasury,4.43799999999994e-03,123,90+ Days
SWPDD5HDKH3AE5K,2026-01-28,2026-04-11,INR,AUD,10567482.01,0.636811,0.637018,Markets,2.06999999999957e-04,73,30-90 Days
SWPSHROTI88Z585,2025-11-02,2026-03-11,JPY,GBP,3068099.82,1.41469,1.416869,Markets,2.17899999999993e-03,129,90+ Days
SWPHCRSYBNB39HZ,2026-01-30,2026-05-20,INR,JPY,962042.08,1.089306,1.08882,Markets,-4.86000000000208e-04,110,90+ Days
SWPQ2PXJE9KBRW4,2026-01-02,2026-04-30,INR,CHF,4730947.5,0.506552,0.507905,Investment Banking,1.35300000000005e-03,118,90+ Days
SWPXQS1KMM67387,2025-10-27,2026-02-01,AUD,INR,5712875.4,0.598814,0.597748,Investment Banking,-1.06600000000001e-03,97,90+ Days
SWP3ND2Y3UBPZYM,2026-02-12,2026-03-08,GBP,JPY,1909744.81,1.48379,1.485394,Treasury,1.60400000000016e-03,24,0-30 Days
SWP7GNQM1APMECZ,2026-01-02,2026-04-20,INR,CAD,12306465.81,1.337959,1.340202,Markets,2.24299999999999e-03,108,90+ Days
SWPGAC1ZDJ3FU8D,2025-12-29,2026-04-05,GBP,CAD,2482847.93,1.35938,1.362114,Markets,2.73400000000001e-03,97,90+ Days
SWPHFFQQY5BZT68,2026-02-10,2026-02-18,AUD,JPY,1393873.39,0.845976,0.845707,Markets,-2.68999999999964e-04,8,0-30 Days
SWP5XET2T0UAEP7,2025-12-12,2026-05-20,GBP,CHF,3094717.26,1.408335,1.405353,Treasury,-2.98199999999982e-03,159,90+ Days
SWPJHQOM61KOO65,2026-02-04,2026-05-21,AUD,CAD,2093299.99,0.776922,0.778021,Markets,1.09899999999996e-03,106,90+ Days
SWP98OCUN94FYK1,2026-01-18,2026-02-02,USD,CAD,10736258.63,1.03348,1.032177,Treasury,-1.30300000000005e-03,15,0-30 Days
SWP37V2BVZXXUIY,2026-01-14,2026-07-04,CAD,AUD,3369969.93,1.363666,1.366568,Treasury,2.90199999999996e-03,171,90+ Days
SWP84H888JHJXRW,2025-12-11,2026-05-31,USD,INR,3376688.75,1.332936,1.33537,Treasury,2.43400000000005e-03,171,90+ Days
SWPHYXUR8U9D0T0,2025-11-25,2025-12-25,EUR,CAD,5739495.2,0.729325,0.732537,Investment Banking,3.21199999999999e-03,30,0-30 Days
SWPGYDUUD5ASSJO,2026-01-24,2026-03-10,CAD,GBP,3432836.63,0.580394,0.579443,Treasury,-9.50999999999924e-04,45,30-90 Days
SWPQL8Q3WVZMPNG,2025-12-04,2026-01-27,CHF,INR,2195919.59,1.179213,1.181354,Investment Banking,2.14099999999995e-03,54,30-90 Days
SWPOOMZTHOHYSZT,2026-01-21,2026-06-12,CAD,CHF,1366411.14,1.102359,1.104282,Markets,1.9229999999999e-03,142,90+ Days
SWPVV2ZCZZW7K18,2025-10-26,2025-11-20,AUD,GBP,2471200.55,0.508314,0.507788,Treasury,-5.26000000000026e-04,25,0-30 Days
SWPZ4VA0FFIMY3S,2026-01-17,2026-02-14,JPY,USD,2881715.18,1.2875,1.28884,Treasury,1.3399999999999e-03,28,0-30 Days
SWPGL2D83F76YT1,2025-12-27,2026-06-15,CHF,GBP,1743622.4,1.074951,1.074756,Investment Banking,-1.94999999999945e-04,170,90+ Days
SWP784AYTNW4RRX,2026-02-10,2026-07-17,USD,CHF,5785977.81,1.279672,1.280151,Treasury,4.79000000000118e-04,157,90+ Days
SWP3X95T8OI01Z8,2026-01-14,2026-04-20,INR,AUD,3926691.63,0.936497,0.936283,Treasury,-2.14000000000047e-04,96,90+ Days
SWPEWCDZ8J40SCP,2025-12-27,2026-03-01,JPY,GBP,2278582.52,1.089824,1.091515,Investment Banking,1.69100000000011e-03,64,30-90 Days
SWP9H2FIAF3R4KB,2026-01-31,2026-03-20,CHF,AUD,2592179.61,0.631716,0.634665,Markets,2.94899999999998e-03,48,30-90 Days
SWPBYXED1CF492W,2026-02-04,2026-03-11,CAD,INR,2424782.72,0.682208,0.683217,Investment Banking,1.00899999999993e-03,35,30-90 Days
SWPQR43IMX7YV0K,2025-10-31,2026-04-09,CAD,USD,1966375.31,1.236514,1.234974,Treasury,-1.53999999999987e-03,160,90+ Days
SWPO0SEY7F0IGV3,2026-01-24,2026-07-02,INR,EUR,18115252.58,1.420682,1.423535,Investment Banking,2.85299999999999e-03,159,90+ Days
SWPMURMJT5JM264,2026-01-22,2026-06-10,GBP,CHF,1262826.61,0.772578,0.771143,Markets,-1.43499999999996e-03,139,90+ Days
SWPEPO99TCMZ7MO,2026-01-17,2026-05-03,CAD,JPY,1368021.61,1.453091,1.453972,Treasury,8.81000000000132e-04,106,90+ Days
SWP4XNF2SNZBOWE,2025-12-13,2026-04-26,CAD,AUD,3458784.21,0.543537,0.545409,Markets,1.87199999999998e-03,134,90+ Days
SWP3YMHQLGX7VG6,2026-02-16,2026-05-20,INR,EUR,2028110.6,1.46803,1.466659,Treasury,-1.37100000000001e-03,93,90+ Days
SWPGXFBWVCGC17V,2025-11-07,2026-01-24,USD,GBP,2576877.14,1.119972,1.119699,Investment Banking,-2.72999999999968e-04,78,30-90 Days
SWPH2DMDPBVYYFG,2025-10-30,2026-03-29,USD,AUD,2070674.3,0.705955,0.708471,Markets,2.51599999999996e-03,150,90+ Days
SWPIPEZDUFUF4MV,2026-01-04,2026-06-02,AUD,EUR,1205373.17,1.15507,1.155244,Treasury,1.73999999999896e-04,149,90+ Days
SWPPP2QFAFB40DI,2025-11-13,2026-03-05,EUR,USD,3867189.97,0.945472,0.947541,Investment Banking,2.06899999999999e-03,112,90+ Days
SWP7MTYHSTC5P6I,2026-01-26,2026-03-19,USD,CHF,2332402.95,0.690306,0.689198,Investment Banking,-0.001108,52,30-90 Days
SWPDX8NKN0IVD45,2026-01-22,2026-07-12,EUR,INR,5066219.46,1.324335,1.327659,Investment Banking,3.32399999999988e-03,171,90+ Days
SWPHXS8Y62XHX84,2025-11-07,2026-03-02,CHF,GBP,2104681.12,1.27342,1.277585,Investment Banking,4.16499999999997e-03,115,90+ Days
SWP305NAD878J37,2025-11-20,2026-01-23,AUD,EUR,3218272.85,1.351987,1.354211,Treasury,0.002224,64,30-90 Days
SWPAXQTHPH32GVD,2026-01-03,2026-02-21,JPY,EUR,6106422.12,1.030218,1.037675,Treasury,7.45699999999982e-03,49,30-90 Days
SWPQB2X4F0ODKSX,2026-01-13,2026-02-01,GBP,AUD,2709766.32,1.238144,1.241295,Treasury,3.15100000000013e-03,19,0-30 Days
SWPSN60H31MY89Q,2025-12-24,2026-03-12,USD,JPY,2326328.23,1.04949,1.047299,Markets,-2.19100000000005e-03,78,30-90 Days
SWPXUV1350LFUNG,2026-01-19,2026-03-30,USD,AUD,22152829.64,0.866813,0.869533,Investment Banking,2.72000000000006e-03,70,30-90 Days
SWPLJ4JO8ZLPCRU,2025-10-28,2026-04-12,USD,CAD,5790679.35,0.80278,0.803894,Investment Banking,1.11399999999995e-03,166,90+ Days
SWPVRMCJAWBFYTB,2025-12-30,2026-06-25,JPY,CHF,1446862.71,1.348648,1.346491,Treasury,-2.15699999999996e-03,177,90+ Days
SWPUIUR0LEA8ACG,2026-01-20,2026-06-17,AUD,CHF,5160398.58,1.486105,1.491396,Treasury,5.29099999999993e-03,148,90+ Days
SWPN4YR2320DTZA,2025-11-24,2026-03-13,JPY,AUD,2410930.32,0.641737,0.643407,Markets,1.66999999999995e-03,109,90+ Days
SWPAU04437G1B62,2026-02-08,2026-02-27,JPY,EUR,1306983.22,0.872763,0.875507,Markets,2.74400000000008e-03,19,0-30 Days
SWPZOGERHM9P2HN,2025-12-15,2026-05-20,JPY,USD,1057974.16,1.133645,1.134425,Investment Banking,7.80000000000003e-04,156,90+ Days
SWPGW4BC5GZPRWK,2026-01-10,2026-03-26,AUD,JPY,4966293.61,1.180114,1.185168,Treasury,5.05399999999989e-03,75,30-90 Days
SWPY3ZITZOTA4OB,2025-11-25,2026-05-13,EUR,JPY,2907992.27,0.938948,0.938776,Treasury,-1.7199999999995e-04,169,90+ Days
SWPJ5W99IU2HYDJ,2025-11-18,2026-01-29,CAD,INR,7287889.53,1.392735,1.393625,Markets,8.89999999999835e-04,72,30-90 Days
SWP5T89M4X8RYKP,2026-01-21,2026-05-16,JPY,USD,5686932.42,1.326757,1.324443,Investment Banking,-2.31399999999993e-03,115,90+ Days
SWPQJYSSVYODW8H,2026-02-08,2026-05-16,CAD,AUD,2345879.7,0.67736,0.678238,Investment Banking,8.78000000000045e-04,97,90+ Days
SWPVCMLD3N6KGMZ,2025-12-27,2026-01-12,USD,EUR,10687066.48,0.782661,0.784667,Markets,2.00599999999995e-03,16,0-30 Days
SWP655DHXY2Z285,2025-12-09,2026-03-05,EUR,AUD,5685179.99,1.426761,1.426825,Investment Banking,6.4000000000064e-05,86,30-90 Days
SWPAEAP4T91DAX4,2025-10-28,2026-01-05,CAD,EUR,2334095.03,0.757391,0.758136,Investment Banking,7.44999999999996e-04,69,30-90 Days
SWPM7DWAXA2VMEN,2026-02-03,2026-04-23,EUR,AUD,3668074.01,0.955606,0.954303,Markets,-1.30299999999994e-03,79,30-90 Days
SWPVHT75I53QAOY,2025-11-17,2026-03-31,CHF,CAD,2479583.79,1.343915,1.34949,Treasury,5.57500000000011e-03,134,90+ Days
SWP7CAY87CJSA1T,2026-01-15,2026-05-29,JPY,CHF,5208744.11,0.861969,0.861987,Markets,1.79999999999625e-05,134,90+ Days
SWPNRTR6LUY852T,2026-01-26,2026-03-19,INR,EUR,5051095.96,1.335511,1.338267,Markets,2.7560000000002e-03,52,30-90 Days
SWPD4TV7W2EBZUJ,2025-12-04,2025-12-30,INR,JPY,1224930.48,0.748163,0.748983,Investment Banking,8.19999999999932e-04,26,0-30 Days
SWP5VQTIGG0GHET,2025-11-08,2026-01-01,EUR,INR,1812713.71,1.205461,1.200406,Treasury,-5.05499999999981e-03,54,30-90 Days
SWP5D5R4W5V9VZT,2025-12-10,2026-03-09,AUD,EUR,4307729.41,0.962889,0.96355,Investment Banking,6.61000000000023e-04,89,30-90 Days
SWPT09RORCU34NV,2026-01-18,2026-03-24,AUD,CAD,5770247.04,0.526044,0.52657,Treasury,5.26000000000026e-04,65,30-90 Days
SWPDZXLPGFNDN6A,2026-02-21,2026-04-25,CHF,INR,2182742.66,1.078715,1.078678,Investment Banking,-3.70000000000648e-05,63,30-90 Days
SWPLRSZG3ZPBX0N,2026-02-02,2026-07-26,USD,AUD,1555942.39,0.648825,0.650071,Investment Banking,1.24599999999997e-03,174,90+ Days
SWPKAI827T4QOKW,2026-02-17,2026-07-29,EUR,JPY,6440670.17,0.502204,0.503355,Treasury,1.15100000000001e-03,162,90+ Days
SWPOM7H4N3357RZ,2025-11-03,2025-12-30,USD,INR,6584250.78,0.915546,0.917416,Markets,1.87000000000004e-03,57,30-90 Days
SWPMD0KHBMHPPQV,2026-01-04,2026-03-14,INR,CAD,10609704.1,1.471126,1.476112,Treasury,4.98600000000016e-03,69,30-90 Days
SWP96ADK2J2UJUR,2025-12-07,2026-03-11,CHF,INR,6412807.09,0.604987,0.605917,Markets,9.29999999999986e-04,94,90+ Days
SWPV4TZX1WY4BPO,2025-11-27,2025-12-18,INR,AUD,2618728.01,0.973336,0.974311,Treasury,9.75000000000059e-04,21,0-30 Days
SWP0J8E8PCNMX9T,2026-01-10,2026-02-18,CHF,JPY,4998055.13,1.084611,1.083897,Treasury,-7.13999999999881e-04,39,30-90 Days
SWPT8P5B5P1BX32,2026-01-08,2026-03-04,USD,JPY,3976949.71,0.596051,0.598045,Investment Banking,1.99400000000005e-03,55,30-90 Days
SWPTSTPGKY78EPE,2025-12-21,2026-03-10,CHF,USD,8972102.81,1.140936,1.140555,Treasury,-3.80999999999965e-04,79,30-90 Days
SWPPITUST9LQGXW,2025-12-18,2026-02-08,EUR,GBP,1910581.62,0.699867,0.6994,Markets,-4.66999999999995e-04,52,30-90 Days
SWPA8V53M95624T,2025-12-20,2026-02-16,EUR,JPY,5874101.64,1.411363,1.413149,Investment Banking,1.78600000000007e-03,58,30-90 Days
SWP0OI1E7Q5QS58,2026-01-20,2026-02-10,EUR,CHF,5867933.85,1.14285,1.143191,Markets,3.41000000000147e-04,21,0-30 Days
SWPTVCHSJKTG3T6,2025-12-13,2025-12-24,USD,INR,5053127.43,0.765173,0.765426,Treasury,2.53000000000059e-04,11,0-30 Days
SWPFM8XNWTNF4C1,2026-01-24,2026-05-08,GBP,CHF,708763.25,1.350679,1.34936,Markets,-1.31900000000007e-03,104,90+ Days
SWPCNXS6A1VIOCN,2025-11-05,2026-04-24,GBP,USD,5214684.89,1.146555,1.147817,Treasury,1.2620000000001e-03,170,90+ Days
SWP19L6XQ282QHW,2025-12-14,2026-03-05,AUD,INR,4170572.0,1.106205,1.106859,Markets,6.53999999999932e-04,81,30-90 Days
SWPLQJNJ58C5PDJ,2026-02-22,2026-04-08,CAD,USD,5318998.18,0.980464,0.980655,Investment Banking,1.91000000000052e-04,45,30-90 Days
SWPOOZCY83HBMEU,2026-01-05,2026-04-29,INR,GBP,8952716.74,0.852116,0.854931,Investment Banking,2.81500000000001e-03,114,90+ Days
SWPO13SL9B2LLO5,2026-01-24,2026-02-20,EUR,CAD,1742496.48,1.204269,1.205932,Investment Banking,1.66299999999997e-03,27,0-30 Days
SWPRPDFHSZF4WYU,2026-02-08,2026-08-07,EUR,JPY,4410114.99,0.980498,0.980647,Treasury,1.49000000000066e-04,180,90+ Days
SWP90LZ7MO6GXW7,2025-12-11,2026-04-06,GBP,CHF,5599003.39,1.203346,1.201094,Treasury,-2.25199999999992e-03,116,90+ Days
SWPFLKLY2HEVRGJ,2025-11-02,2025-12-04,EUR,CHF,7718047.64,1.346866,1.350353,Treasury,3.48700000000002e-03,32,30-90 Days
SWPDE8N6H4AGI2F,2025-11-28,2026-02-28,JPY,USD,23887259.79,0.740347,0.742161,Investment Banking,1.81399999999998e-03,92,90+ Days
SWP7744U5TXOLSR,2026-01-14,2026-03-25,EUR,AUD,2873049.51,0.765793,0.764444,Markets,-1.34899999999993e-03,70,30-90 Days
SWP6UBQGN0LIP48,2025-12-08,2026-05-06,USD,JPY,5584940.02,0.658758,0.659565,Treasury,8.07000000000002e-04,149,90+ Days
SWP55H4XMS3V0PS,2025-12-28,2026-06-16,CAD,EUR,1200032.82,1.311142,1.309172,Investment Banking,-1.97000000000003e-03,170,90+ Days
SWP77ZSUA0I1ELZ,2026-02-01,2026-07-05,GBP,EUR,1984617.77,1.000257,1.001167,Investment Banking,9.09999999999966e-04,154,90+ Days
SWPHMEOG3UTTYCR,2026-02-12,2026-04-10,JPY,CHF,15638327.9,1.375568,1.371359,Markets,-4.20899999999991e-03,57,30-90 Days
SWPTUHR2Q1GFN1F,2026-02-16,2026-03-03,EUR,CHF,2398301.52,0.651223,0.654008,Treasury,2.78500000000004e-03,15,0-30 Days
SWPI2VUYT70DDL2,2026-01-01,2026-05-28,INR,CHF,2478848.21,1.178652,1.183396,Markets,4.74399999999986e-03,147,90+ Days
SWP9SXOM7IO9TRV,2025-12-31,2026-01-10,EUR,JPY,2328913.14,1.093917,1.093524,Investment Banking,-3.93000000000088e-04,10,0-30 Days
SWPTP57YI3XD4PQ,2026-01-01,2026-01-17,USD,CHF,2087227.75,1.16715,1.167154,Investment Banking,4.00000000011502e-06,16,0-30 Days
SWP1ICV14TMQ94J,2025-12-31,2026-06-13,CAD,CHF,4299710.01,0.778571,0.779564,Treasury,9.93000000000022e-04,164,90+ Days
SWP3Y214J6KXDK4,2026-01-24,2026-05-28,EUR,JPY,1078788.33,1.427328,1.430552,Investment Banking,3.22400000000012e-03,124,90+ Days
SWPLHD8QMI4KWDP,2026-01-12,2026-06-30,CAD,USD,5433270.59,1.173294,1.174358,Markets,1.06399999999995e-03,169,90+ Days
SWPQCJL0ITDQQK2,2025-11-20,2026-04-28,JPY,USD,5407195.35,1.142843,1.143385,Treasury,5.42000000000042e-04,159,90+ Days
SWPZZT1P33MQI3T,2026-01-02,2026-02-17,CAD,INR,3370842.18,0.92923,0.933549,Treasury,4.31899999999996e-03,46,30-90 Days
SWPGN73HS65BXJ2,2025-12-26,2026-03-13,EUR,GBP,4102168.72,0.657522,0.657364,Investment Banking,-1.58000000000103e-04,77,30-90 Days
SWPXELUPOR73A78,2026-02-08,2026-02-23,JPY,AUD,4257854.34,0.882994,0.882107,Investment Banking,-8.86999999999971e-04,15,0-30 Days
SWPY0ZG8OD3GZUC,2025-12-26,2026-02-03,INR,JPY,25665475.03,1.16778,1.170263,Markets,2.48300000000001e-03,39,30-90 Days
SWP2KOSUEJGL5PG,2025-12-09,2026-04-16,AUD,GBP,1004501.36,0.935442,0.940611,Treasury,5.16899999999998e-03,128,90+ Days
SWPO3WY33LY91SQ,2025-10-30,2026-01-14,CAD,USD,2041389.55,0.934761,0.932532,Markets,-2.22899999999993e-03,76,30-90 Days
SWPE6RHF2I2X091,2025-11-14,2026-04-25,INR,EUR,4855510.35,1.177792,1.17943,Markets,1.63800000000003e-03,162,90+ Days
SWP7OEMJJE82WRE,2025-11-25,2026-03-12,INR,CAD,2507268.69,0.560584,0.562024,Investment Banking,0.00144,107,90+ Days
SWPLI5QWBIA9DDX,2026-02-10,2026-03-17,AUD,EUR,1152953.98,1.355731,1.35621,Investment Banking,4.78999999999896e-04,35,30-90 Days
SWPSH2Z22II2XRY,2026-02-03,2026-04-06,INR,EUR,4147446.49,1.252565,1.252218,Treasury,-3.46999999999875e-04,62,30-90 Days
SWPN8KI9DZD1798,2025-10-27,2026-04-05,USD,INR,2782004.36,1.09535,1.096316,Investment Banking,9.66000000000022e-04,160,90+ Days
SWP0IXY21B8TZKX,2025-12-12,2026-02-18,GBP,EUR,924835.01,1.017711,1.01523,Investment Banking,-2.48099999999996e-03,68,30-90 Days
SWP5CG7DTUIW0PX,2025-11-11,2025-12-05,EUR,USD,3134653.25,0.609798,0.60935,Treasury,-4.48000000000004e-04,24,0-30 Days
SWPZE57D34WAI6L,2025-11-01,2026-04-03,GBP,CAD,6789112.31,0.651623,0.652923,Markets,1.30000000000008e-03,153,90+ Days
SWPV40VHJIQLQJZ,2025-12-22,2026-05-16,GBP,AUD,6655237.34,1.096206,1.090124,Treasury,-6.08199999999992e-03,145,90+ Days
SWPVGLBI4JSHMUW,2026-02-01,2026-04-01,GBP,AUD,2731262.32,1.451353,1.454342,Markets,2.98900000000013e-03,59,30-90 Days
SWPCZMKWOQXMUGU,2025-12-28,2026-05-20,INR,AUD,5040558.83,1.03311,1.034173,Investment Banking,1.06300000000004e-03,143,90+ Days
SWPU8H9VWFTBZM8,2026-02-20,2026-06-18,INR,EUR,4478981.71,0.930821,0.932133,Treasury,1.31199999999998e-03,118,90+ Days
SWP0BLDLPEC7E4E,2025-12-30,2026-01-29,CHF,USD,1873595.9,1.342045,1.343886,Markets,1.84099999999998e-03,30,0-30 Days
SWPP5CBPKOU5JMA,2025-11-20,2026-04-08,INR,CAD,1802660.4,1.167851,1.168072,Investment Banking,2.21000000000027e-04,139,90+ Days
SWP1JOXM0GNL5CC,2025-11-11,2026-04-21,INR,USD,1868033.42,1.391328,1.394725,Treasury,3.39700000000009e-03,161,90+ Days
SWPU6521LHSW6M7,2025-11-13,2026-01-13,EUR,INR,2352048.95,0.525261,0.524406,Markets,-8.54999999999939e-04,61,30-90 Days
SWP6ON0ZATVU16W,2025-11-14,2026-01-17,CHF,AUD,8042764.47,0.76023,0.766203,Investment Banking,5.97300000000001e-03,64,30-90 Days
SWPI7XZZF8BQS1Z,2025-11-29,2026-04-23,JPY,CHF,6793320.62,0.712878,0.71298,Markets,1.01999999999935e-04,145,90+ Days
SWPPBLPEZV545QG,2025-11-21,2026-04-03,EUR,AUD,6817891.13,0.878761,0.879356,Treasury,5.95000000000012e-04,133,90+ Days
SWP4DPTN7U5I7XO,2025-12-01,2026-02-25,JPY,CAD,1980193.81,0.71598,0.717056,Treasury,1.07600000000008e-03,86,30-90 Days
SWPT0J7W2VMHK9B,2025-12-16,2026-03-10,JPY,USD,3671986.33,0.691733,0.692691,Treasury,9.57999999999903e-04,84,30-90 Days
SWPWP2Y7AJLDMAU,2025-11-18,2026-03-11,EUR,GBP,3676029.85,1.008697,1.00821,Investment Banking,-4.86999999999904e-04,113,90+ Days
SWPT30BIKC5YMRE,2026-01-03,2026-02-19,JPY,EUR,1353766.95,1.159079,1.158709,Investment Banking,-3.69999999999981e-04,47,30-90 Days
SWPQMNZ24CXN3LT,2025-11-30,2026-01-03,JPY,AUD,1525466.56,1.318241,1.319188,Markets,9.47000000000031e-04,34,30-90 Days
SWPI5JBEBIDXU5R,2025-11-17,2026-02-17,GBP,JPY,734262.45,0.685629,0.687026,Investment Banking,1.39699999999998e-03,92,90+ Days
SWP8GVUY3WB5YNR,2026-01-15,2026-05-05,EUR,CAD,1879607.53,0.580737,0.579245,Investment Banking,-1.49199999999994e-03,110,90+ Days
SWPN08HS9B9SHOB,2025-11-14,2025-12-16,INR,GBP,2040493.11,1.369143,1.372803,Investment Banking,0.00366,32,30-90 Days
SWPY6IYWU2BM2DM,2025-12-23,2026-01-26,GBP,USD,1438147.72,1.32144,1.322763,Investment Banking,1.32299999999996e-03,34,30-90 Days
SWPVR77AO3IPF7B,2026-01-28,2026-07-20,EUR,CHF,7319690.31,1.472744,1.475625,Markets,2.88099999999991e-03,173,90+ Days
SWPUNIWKO76E5NT,2025-12-01,2026-02-13,AUD,EUR,5442499.0,1.013639,1.016505,Markets,2.86600000000004e-03,74,30-90 Days
SWPXAB6TAQ1F6PY,2025-12-16,2026-06-01,INR,EUR,4779635.67,0.993913,0.993558,Markets,-3.54999999999994e-04,167,90+ Days
SWP08RS20BZLGAO,2025-12-19,2026-01-20,CHF,INR,2266021.45,0.894018,0.893961,Treasury,-5.69999999999737e-05,32,30-90 Days
SWPK3PUZQ57CJ57,2025-12-15,2025-12-26,JPY,GBP,3629575.07,0.937754,0.936339,Investment Banking,-1.41499999999994e-03,11,0-30 Days
SWPLYPMS31FG9DD,2026-01-09,2026-04-11,INR,AUD,3726808.48,0.862805,0.862218,Investment Banking,-5.87000000000004e-04,92,90+ Days
SWPCEVE5DAB9CIN,2026-01-22,2026-03-07,CAD,AUD,1512928.6,0.817252,0.819525,Investment Banking,2.27299999999997e-03,44,30-90 Days
SWPL9DVJ1W71UER,2025-12-11,2026-03-24,EUR,AUD,3085126.39,0.665787,0.66371,Investment Banking,-0.002077,103,90+ Days
SWPI6BFCIBWJD2L,2025-11-27,2026-05-21,CHF,JPY,3415890.34,1.22234,1.226403,Investment Banking,4.06299999999993e-03,175,90+ Days
SWP8EWL8AA2W345,2025-11-11,2026-05-09,CHF,EUR,1515396.91,1.209737,1.212389,Treasury,2.65199999999988e-03,179,90+ Days
SWPZH5YNQ1NCBUI,2026-01-18,2026-05-02,GBP,CAD,5538239.34,1.084669,1.086971,Treasury,2.3019999999998e-03,104,90+ Days
SWPF40MFLYDKLZK,2026-01-23,2026-03-03,AUD,EUR,4156725.15,1.477237,1.478672,Markets,1.43500000000008e-03,39,30-90 Days
SWP6ZVZRWANQPD3,2026-01-21,2026-05-03,AUD,JPY,7320596.63,1.005857,1.007637,Markets,1.77999999999989e-03,102,90+ Days
SWPF99L1FKU8719,2025-11-19,2025-12-24,JPY,INR,15335334.88,0.578741,0.579004,Markets,2.63000000000013e-04,35,30-90 Days
SWP2Q1UF1ZN8Q9J,2025-11-02,2026-04-28,USD,INR,3858051.58,0.559255,0.559665,Markets,4.10000000000021e-04,177,90+ Days
SWP6JNJ7MHQPBAJ,2026-01-08,2026-03-03,USD,AUD,3359161.56,1.452502,1.460422,Markets,7.92000000000015e-03,54,30-90 Days
SWP9NIICC83LEM8,2025-12-01,2026-02-27,USD,JPY,855046.34,0.763277,0.765976,Investment Banking,2.69900000000001e-03,88,30-90 Days
SWPZC2PEOGJVLMT,2026-02-07,2026-06-30,GBP,AUD,2397980.3,1.354078,1.353313,Markets,-7.64999999999905e-04,143,90+ Days
SWPG1FARBIX546S,2025-11-13,2026-04-24,USD,CAD,1302379.69,1.416123,1.418731,Investment Banking,2.60799999999994e-03,162,90+ Days
SWPTUT34JLTG71R,2025-11-09,2026-04-23,USD,JPY,4161554.24,0.818619,0.821841,Markets,3.22200000000006e-03,165,90+ Days
SWP46ISCQDEUQCP,2026-01-01,2026-06-15,CHF,AUD,6225108.24,1.104216,1.105261,Treasury,1.04499999999996e-03,165,90+ Days
SWPA1OT1GE89NL7,2025-12-24,2026-05-07,CAD,JPY,7019211.49,0.557416,0.556627,Treasury,-7.8900000000004e-04,134,90+ Days
SWP5VHJ5073G96J,2026-01-29,2026-06-02,CHF,INR,8305504.17,0.605054,0.60536,Treasury,3.06000000000028e-04,124,90+ Days
SWPS9AIK9X9499B,2025-11-24,2026-04-27,EUR,GBP,13728492.12,1.119699,1.121843,Treasury,2.14399999999992e-03,154,90+ Days
SWPL88F08JW6LIE,2025-12-15,2026-02-17,CHF,CAD,3278612.21,1.279277,1.273723,Markets,-5.55400000000006e-03,64,30-90 Days
SWPXUSBD0HXHY95,2025-11-13,2026-02-08,CAD,CHF,4497200.59,1.2518,1.248404,Investment Banking,-3.39599999999995e-03,87,30-90 Days
SWP8CEF9L6LL8NV,2026-01-23,2026-05-15,JPY,USD,9820806.66,0.658471,0.659707,Treasury,1.23600000000001e-03,112,90+ Days
SWPUA7KLE6YABF1,2025-11-04,2026-01-07,CAD,USD,3966340.09,1.092541,1.098453,Investment Banking,5.91199999999992e-03,64,30-90 Days
SWP35OMXAE245C0,2025-12-02,2026-01-03,AUD,INR,1043270.1,1.422289,1.426951,Treasury,4.66200000000017e-03,32,30-90 Days
SWP3Z7JK37P9CBV,2026-02-17,2026-04-02,CHF,GBP,1683026.27,1.283277,1.286242,Markets,2.96500000000011e-03,44,30-90 Days
SWPHW64IOMDT8ZE,2025-12-27,2026-03-28,JPY,INR,6292447.71,0.881657,0.881672,Treasury,1.49999999999872e-05,91,90+ Days
SWPC29NQRT5NGN6,2026-01-29,2026-06-25,INR,USD,3459854.41,1.192921,1.198086,Investment Banking,5.16500000000009e-03,147,90+ Days
SWPANV8K4C9257W,2025-10-30,2026-02-17,INR,AUD,2074649.02,1.312461,1.312838,Markets,3.7699999999985e-04,110,90+ Days
SWPD7PTGJAQB4CG,2025-11-01,2026-02-25,AUD,INR,4167713.05,0.757204,0.75574,Investment Banking,-1.46400000000002e-03,116,90+ Days
SWPSNIJBRGVULL5,2026-01-14,2026-03-09,CAD,CHF,4239495.65,1.065368,1.065717,Treasury,3.48999999999933e-04,54,30-90 Days
SWPRLQUVRRMDWV9,2025-11-08,2026-03-31,JPY,AUD,2940083.9,1.148397,1.149849,Investment Banking,1.45200000000001e-03,143,90+ Days
SWPAZVPVTW05TQC,2025-12-23,2026-01-18,AUD,INR,3397708.06,0.739602,0.740014,Treasury,4.11999999999968e-04,26,0-30 Days
SWPL3KZVS6ZNKR5,2026-01-20,2026-05-06,EUR,AUD,3703329.23,0.501168,0.501287,Markets,1.19000000000091e-04,106,90+ Days
SWPZ5DTVGJHW8HF,2025-12-18,2026-01-04,GBP,INR,4987543.96,0.711992,0.712954,Treasury,9.62000000000018e-04,17,0-30 Days
SWP55CJB984NLXA,2025-12-09,2026-02-12,JPY,EUR,341127.39,0.761907,0.763337,Investment Banking,1.43000000000004e-03,65,30-90 Days
SWPF9ZOY5F1CIYF,2026-01-27,2026-05-01,INR,CAD,1220726.88,1.034402,1.035689,Markets,1.28700000000004e-03,94,90+ Days
SWPWVWRJ3L18MNK,2026-01-29,2026-03-14,GBP,USD,1716164.36,1.130029,1.124226,Treasury,-0.005803,44,30-90 Days
SWPJOWT2SEMQPTX,2026-01-29,2026-02-22,USD,EUR,19300639.35,0.719989,0.722611,Markets,2.62200000000001e-03,24,0-30 Days
SWPST08N6SLTGGC,2025-12-17,2026-04-18,GBP,INR,1537322.0,1.429468,1.434972,Treasury,5.50399999999995e-03,122,90+ Days
SWPG8D2I757EDLY,2025-11-20,2026-01-28,GBP,EUR,10006626.28,1.283383,1.285472,Investment Banking,2.08900000000001e-03,69,30-90 Days
SWPSCPCSD2J2K85,2026-02-04,2026-06-11,EUR,CAD,993668.86,1.124546,1.125964,Treasury,1.41799999999992e-03,127,90+ Days
SWPWAIB4EMOYLKL,2025-11-03,2026-04-07,EUR,CHF,2781313.26,1.230045,1.231849,Markets,1.80399999999992e-03,155,90+ Days
SWPZUWRDP0IBWV3,2025-12-14,2025-12-29,USD,GBP,2444461.57,1.013368,1.012271,Markets,-1.09700000000013e-03,15,0-30 Days
SWPNG7UUVV06CKP,2025-12-01,2025-12-15,AUD,EUR,7438581.19,1.059994,1.059641,Investment Banking,-3.53000000000048e-04,14,0-30 Days
SWPW8W74UP0UAQE,2025-11-08,2025-12-05,USD,GBP,1798151.77,0.99645,0.99634,Treasury,-1.09999999999943e-04,27,0-30 Days
SWPUF13AGJTYUC3,2026-01-19,2026-06-05,USD,EUR,4483206.32,1.191277,1.192695,Treasury,1.41800000000014e-03,137,90+ Days
SWPNL3E089QGZPX,2026-01-04,2026-06-26,EUR,AUD,3630158.47,1.131467,1.132351,Investment Banking,8.84000000000107e-04,173,90+ Days
SWP1BNFOB084EXO,2026-01-25,2026-04-16,INR,USD,6179248.14,1.313729,1.316172,Markets,2.44299999999997e-03,81,30-90 Days
SWPXR7L6C4LVMER,2026-02-07,2026-05-26,INR,CHF,5830862.08,0.535312,0.536016,Investment Banking,7.04000000000038e-04,108,90+ Days
SWP1JFW9927BWFS,2025-12-11,2026-02-27,GBP,JPY,2130655.6,0.721713,0.726416,Treasury,4.7029999999999e-03,78,30-90 Days
SWPRLU03W65NIWZ,2026-01-05,2026-03-03,CAD,INR,9519130.32,0.580037,0.58262,Investment Banking,0.002583,57,30-90 Days
SWPOKNKF0M8BHD5,2025-11-16,2026-01-20,GBP,USD,6240595.17,1.295537,1.296644,Treasury,1.10699999999997e-03,65,30-90 Days
SWPLWFMT50HJOHG,2026-01-25,2026-04-01,CHF,CAD,4664169.49,0.779523,0.778948,Treasury,-5.74999999999992e-04,66,30-90 Days
SWPJ4FTLVULZKLN,2025-12-27,2026-04-22,GBP,INR,4354140.99,0.598714,0.599863,Treasury,1.14900000000007e-03,116,90+ Days
SWPBP45MRME7OGN,2026-01-21,2026-02-03,CHF,EUR,5164738.53,1.313814,1.314267,Treasury,4.53000000000037e-04,13,0-30 Days
SWPNNWBAEXNC3XU,2026-01-31,2026-07-26,CAD,CHF,3599033.4,1.127878,1.1279,Markets,2.19999999999665e-05,176,90+ Days
SWPKBSXDPP1N2CH,2025-11-12,2026-03-11,AUD,CAD,12098137.68,0.525539,0.525538,Treasury,-1.00000000002876e-06,119,90+ Days
SWP2KB0YUAOF0Q9,2026-02-18,2026-06-26,JPY,INR,7614970.92,0.539439,0.53962,Markets,1.80999999999987e-04,128,90+ Days
SWPWVBJMGVZ83JP,2025-10-30,2025-12-17,JPY,EUR,3276411.59,1.235398,1.239353,Investment Banking,3.95499999999993e-03,48,30-90 Days
SWP479YURGQMUJ4,2026-01-07,2026-07-03,CAD,GBP,10377545.36,1.002202,1.004339,Markets,2.13700000000006e-03,177,90+ Days
SWPA2FS88PFPG1M,2025-11-20,2025-11-29,EUR,USD,1727806.37,1.281466,1.281986,Investment Banking,5.20000000000076e-04,9,0-30 Days
SWPBYGRRGCXTR7Q,2025-11-23,2025-12-24,EUR,JPY,1826616.75,0.867095,0.869462,Markets,2.36700000000001e-03,31,30-90 Days
SWPZ8JKN3CKG9JF,2026-02-21,2026-05-24,EUR,CAD,5092201.93,0.986392,0.988026,Markets,1.63399999999991e-03,92,90+ Days
SWPEPOZIO3VXGTY,2025-12-30,2026-06-23,INR,AUD,2598442.48,1.257618,1.252756,Investment Banking,-4.86199999999992e-03,175,90+ Days
SWP4W5XWNHUUCO0,2025-12-21,2026-04-25,INR,AUD,3225269.6,0.968532,0.968131,Markets,-4.00999999999985e-04,125,90+ Days
SWPQ8AMTWSQN2RH,2025-11-17,2026-01-23,USD,CHF,879405.09,0.606321,0.60611,Treasury,-2.10999999999961e-04,67,30-90 Days
SWP10CDN6FIFOXJ,2025-11-19,2026-01-17,GBP,INR,1957681.17,0.567259,0.570776,Investment Banking,3.51699999999999e-03,59,30-90 Days
SWPWTWBY2F3WR7N,2025-12-04,2026-03-31,USD,CAD,6503488.44,1.460768,1.464894,Treasury,4.12599999999985e-03,117,90+ Days
SWPDZXJB9PDT7R6,2026-01-25,2026-06-02,AUD,USD,4221191.78,1.345366,1.346971,Treasury,1.60499999999986e-03,128,90+ Days
SWP2PTMSX2GLVD4,2025-12-24,2026-06-11,EUR,USD,2207102.01,1.384301,1.384735,Markets,4.34000000000045e-04,169,90+ Days
SWPI2YM5TCEITMC,2025-12-30,2026-03-26,AUD,USD,13586363.03,0.877498,0.878872,Investment Banking,1.37399999999999e-03,86,30-90 Days
SWP4IPLWL368IZG,2026-01-31,2026-02-18,CHF,INR,1408651.18,0.725827,0.726649,Treasury,8.21999999999989e-04,18,0-30 Days
SWPFHGKK7Q575UO,2026-01-14,2026-03-16,JPY,CAD,21207423.83,1.159175,1.156921,Treasury,-2.25399999999998e-03,61,30-90 Days
SWP170TN6I7ERTU,2026-01-22,2026-03-21,AUD,INR,23761603.88,0.524877,0.525955,Investment Banking,1.07799999999991e-03,58,30-90 Days
SWPN0LWWOSVT998,2025-11-25,2026-02-01,USD,CAD,7207270.99,0.783023,0.784811,Treasury,1.78800000000001e-03,68,30-90 Days
SWPZ4YGFTNK6ZJ1,2026-02-04,2026-07-31,INR,EUR,3274143.17,1.472363,1.471586,Treasury,-7.77000000000028e-04,177,90+ Days
SWPNF2G9BUJTQST,2026-01-21,2026-02-15,CHF,USD,3229173.19,1.428505,1.43045,Investment Banking,1.94500000000009e-03,25,0-30 Days
SWPLG2G2J4COXXQ,2025-12-20,2026-02-18,USD,GBP,2913180.13,1.002893,1.002383,Treasury,-5.1000000000001e-04,60,30-90 Days
SWP6GAJFXHVC0IM,2026-01-19,2026-06-08,CHF,AUD,1683606.45,0.624154,0.625153,Markets,9.98999999999972e-04,140,90+ Days
SWPM1PBYJGGPQA1,2025-11-26,2026-02-17,USD,GBP,4077345.67,1.031621,1.032576,Treasury,9.55000000000039e-04,83,30-90 Days
SWPNX6WT04ZUZBV,2026-01-17,2026-03-27,INR,JPY,1962976.31,0.659039,0.660865,Treasury,1.82599999999999e-03,69,30-90 Days
SWP9W9VHGT9TFTD,2025-12-27,2026-05-07,GBP,USD,1098696.38,1.323913,1.321769,Treasury,-2.14399999999992e-03,131,90+ Days
SWPADE5AB6QEADV,2026-01-27,2026-05-24,EUR,CHF,4070489.59,0.784896,0.784862,Markets,-3.40000000000895e-05,117,90+ Days
SWP0AUSJI2QJG3L,2025-11-07,2026-03-13,AUD,CHF,8485411.1,1.272834,1.275742,Markets,2.90799999999991e-03,126,90+ Days
SWPCEJEJCUUGFCK,2026-01-11,2026-01-31,EUR,CAD,3268470.84,0.691587,0.691557,Markets,-2.99999999999745e-05,20,0-30 Days
SWPVCUTDZT1ONXE,2025-12-05,2026-03-27,CAD,EUR,10146673.41,0.75524,0.754286,Treasury,-9.5400000000001e-04,112,90+ Days
SWP9RY97HUJ5MQS,2025-11-04,2026-03-04,JPY,AUD,2397344.0,0.660433,0.661438,Markets,1.00499999999992e-03,120,90+ Days
SWPO4UHWO7C13YD,2025-12-23,2026-02-27,USD,CAD,1197656.07,0.782424,0.781106,Investment Banking,-1.31800000000004e-03,66,30-90 Days
SWPS9MJAQRRHEN3,2025-12-31,2026-05-18,JPY,EUR,14150738.02,0.641283,0.641862,Markets,5.78999999999996e-04,138,90+ Days
SWPM7PHYNPGH20M,2026-01-19,2026-06-26,AUD,EUR,1196888.82,1.323067,1.322013,Treasury,-1.05399999999989e-03,158,90+ Days
SWP9EEANECRMAJK,2026-02-20,2026-03-28,INR,JPY,4596508.58,0.978644,0.98108,Markets,2.43599999999999e-03,36,30-90 Days
SWPMUPFIS0N07MI,2025-11-16,2025-12-28,AUD,JPY,2744248.1,1.45412,1.455312,Markets,1.19199999999986e-03,42,30-90 Days
SWPC8S34T4I4MAZ,2026-02-15,2026-04-01,CAD,GBP,2319020.12,1.499058,1.502374,Markets,3.3160000000001e-03,45,30-90 Days
SWPZBUU8MAMZL6T,2025-12-13,2026-03-15,USD,CHF,815835.06,1.33429,1.335708,Markets,1.41799999999992e-03,92,90+ Days
SWPVNQS2BDJBOAC,2026-01-12,2026-01-20,INR,EUR,1554462.76,0.576839,0.577002,Investment Banking,1.63000000000024e-04,8,0-30 Days
SWP8NHTGXHL6WQ8,2026-02-21,2026-04-24,EUR,AUD,12155872.67,1.405916,1.410296,Markets,4.38000000000005e-03,62,30-90 Days
SWPNW75NDCMOHR0,2025-12-29,2026-03-23,INR,EUR,2830287.44,1.451984,1.449446,Investment Banking,-2.53799999999993e-03,84,30-90 Days
SWPNVPZURVCANOW,2025-10-29,2025-11-25,USD,CHF,2389670.5,0.924803,0.928391,Treasury,3.58799999999992e-03,27,0-30 Days
SWP1ELPA05YK5BC,2025-11-14,2026-03-29,USD,JPY,5984086.44,0.766473,0.763503,Markets,-2.96999999999992e-03,135,90+ Days
SWPPZ4K28SYYUUK,2025-11-02,2026-02-11,JPY,EUR,1584545.82,0.954136,0.955368,Investment Banking,1.23200000000001e-03,101,90+ Days
SWP31TYL5EF8LMF,2026-01-21,2026-03-04,GBP,CAD,1850015.72,1.133873,1.134681,Treasury,8.08000000000142e-04,42,30-90 Days
SWPYC065MNVFPBR,2026-01-22,2026-03-16,CAD,EUR,3625277.76,0.758178,0.759288,Treasury,1.10999999999994e-03,53,30-90 Days
SWPFJJ8C11E5AQ8,2025-12-14,2026-02-21,INR,EUR,655805.76,1.027721,1.030453,Investment Banking,2.73199999999996e-03,69,30-90 Days
SWP5RLZ9I2JDOD1,2025-11-28,2026-04-11,GBP,CHF,9801945.22,0.645911,0.646821,Investment Banking,9.09999999999966e-04,134,90+ Days
SWPP7FKF7XO3NU4,2025-11-18,2025-12-07,INR,GBP,3141828.97,0.525791,0.528808,Treasury,3.01699999999994e-03,19,0-30 Days
SWPYF6YNHXBEZ6H,2025-11-23,2025-12-24,EUR,CHF,1776646.09,0.647796,0.64654,Treasury,-1.25600000000003e-03,31,30-90 Days
SWP84548JL2P4DE,2025-11-20,2026-02-20,INR,USD,3078552.44,0.986239,0.989279,Investment Banking,3.04000000000004e-03,92,90+ Days
SWP83W64R71OASO,2026-02-21,2026-06-24,CHF,JPY,1627361.94,1.384683,1.388648,Treasury,0.003965,123,90+ Days
SWPJ4H2W5N2N4GO,2025-11-10,2026-04-01,CAD,EUR,1056791.21,0.633256,0.632106,Treasury,-1.1500000000001e-03,142,90+ Days
SWP7ZP189JD5KX1,2026-01-22,2026-06-13,GBP,CHF,1732004.57,1.345626,1.347051,Markets,1.42500000000001e-03,142,90+ Days
SWPIL79GA7LM8NG,2025-12-03,2025-12-14,EUR,JPY,4027852.53,0.934112,0.93692,Investment Banking,2.80799999999992e-03,11,0-30 Days
SWPNGUEGC5XHGOU,2025-12-21,2026-06-17,USD,EUR,10080549.31,0.571226,0.571176,Treasury,-4.99999999999945e-05,178,90+ Days
SWPNA9K08U3C0BT,2025-12-12,2026-02-17,GBP,AUD,1872623.28,1.442343,1.447056,Markets,4.71299999999997e-03,67,30-90 Days
SWPVJOUVOWQEWFT,2025-12-06,2026-02-20,JPY,USD,6106263.35,1.321675,1.325897,Markets,4.22200000000017e-03,76,30-90 Days
SWPZE2GMYF9FVYP,2025-11-04,2026-01-01,JPY,GBP,1494117.98,0.645514,0.646355,Investment Banking,8.40999999999981e-04,58,30-90 Days
SWP6MG8K1UFV2Y2,2025-12-23,2026-01-17,EUR,AUD,4866607.84,0.840705,0.840906,Investment Banking,2.01000000000007e-04,25,0-30 Days
SWP2XKY3CA2V3QJ,2026-02-09,2026-04-26,CHF,CAD,2163027.53,1.166673,1.166283,Treasury,-3.90000000000112e-04,76,30-90 Days
SWPLFVE3OK3ZKFK,2025-12-03,2026-04-29,USD,AUD,2091850.37,0.693521,0.695397,Treasury,1.87599999999999e-03,147,90+ Days
SWPW7R145GU0UW3,2026-02-11,2026-03-05,JPY,USD,3416899.83,1.497269,1.495604,Treasury,-1.66500000000003e-03,22,0-30 Days
SWPXQ3H7UH0OHIS,2026-02-12,2026-02-19,USD,AUD,2193183.31,1.295476,1.295909,Markets,4.32999999999906e-04,7,0-30 Days
SWP33UBCRCHXTN5,2025-12-05,2026-05-03,USD,AUD,1050438.68,1.45284,1.455291,Treasury,2.45099999999998e-03,149,90+ Days
SWPZUZB9LJFBU4C,2025-12-25,2026-02-08,CHF,JPY,5973605.52,1.404907,1.409022,Treasury,4.11500000000009e-03,45,30-90 Days
SWPRW6242JEUZA7,2025-12-04,2026-01-05,INR,GBP,6512363.91,0.749713,0.749714,Treasury,1.00000000002876e-06,32,30-90 Days
SWPQKJR8R01Q9CX,2026-01-30,2026-05-04,CHF,EUR,268474.4,1.008257,1.006214,Treasury,-2.04300000000002e-03,94,90+ Days
SWPG1WU9ZPGNFGD,2025-11-02,2026-03-30,JPY,EUR,2609722.57,1.31215,1.316584,Investment Banking,4.43400000000005e-03,148,90+ Days
SWPX6ZP41JUQPF4,2025-11-29,2026-01-12,INR,CAD,1862352.68,1.412304,1.415519,Investment Banking,3.21499999999997e-03,44,30-90 Days
SWPN28CX6B37X67,2025-11-21,2026-03-17,EUR,GBP,8774866.23,0.946839,0.946939,Treasury,9.9999999999989e-05,116,90+ Days
SWPDQG68DUMYVNF,2025-10-31,2026-04-09,EUR,JPY,1452081.84,1.10036,1.101536,Investment Banking,1.17600000000007e-03,160,90+ Days
SWP3BPP058M0IPL,2025-10-27,2026-02-09,AUD,EUR,3071849.2,0.782077,0.785183,Investment Banking,3.10599999999994e-03,105,90+ Days
SWPK1YKWVJWAXOB,2025-12-05,2026-03-04,JPY,CAD,4973291.48,0.785054,0.78669,Markets,1.63599999999997e-03,89,30-90 Days
SWPH6YYTTE9CKGU,2026-02-14,2026-07-02,CHF,AUD,3687750.88,1.360997,1.361015,Treasury,1.80000000000735e-05,138,90+ Days
SWP8FTCI901LQBR,2026-02-02,2026-03-11,JPY,CAD,4604215.96,0.91299,0.913434,Markets,0.000444,37,30-90 Days
SWPV0ORLGJL40JG,2026-01-28,2026-04-05,JPY,CAD,3381551.66,0.767247,0.768393,Investment Banking,1.14599999999998e-03,67,30-90 Days
SWPMFIBYF32QEUJ,2025-11-14,2026-03-19,CAD,GBP,4401540.21,0.603757,0.604495,Markets,7.38000000000016e-04,125,90+ Days
SWPEVNPF6SUKJ9G,2026-02-12,2026-04-16,USD,INR,1251261.01,1.258478,1.260666,Markets,2.18800000000008e-03,63,30-90 Days
SWP524W45Q4OU1W,2026-01-29,2026-03-10,CHF,AUD,2132308.04,0.655057,0.652172,Treasury,-2.88500000000003e-03,40,30-90 Days
SWP9FRKP8G7NM2G,2026-01-17,2026-05-13,CHF,GBP,2782892.06,1.251849,1.25147,Investment Banking,-3.78999999999907e-04,116,90+ Days
SWPRGS6OH2BFAUG,2026-01-18,2026-07-08,EUR,JPY,1439910.72,1.444322,1.444792,Treasury,4.6999999999997e-04,171,90+ Days
SWP57MR2RA8GA9V,2025-11-16,2026-05-06,CAD,CHF,14152844.92,1.020338,1.019889,Investment Banking,-4.48999999999922e-04,171,90+ Days
SWPEZ6NIPRDLBB5,2025-11-09,2026-03-21,INR,EUR,4482822.55,1.287434,1.287931,Investment Banking,4.9699999999997e-04,132,90+ Days
SWP5VPE54SVOFLA,2025-11-12,2026-01-03,JPY,INR,6147556.78,1.11414,1.120997,Investment Banking,6.85700000000011e-03,52,30-90 Days
SWPPA04UWSCZYIH,2026-02-13,2026-05-25,USD,INR,1395762.33,1.355241,1.353758,Markets,-1.4829999999999e-03,101,90+ Days
SWPOFS959FUSFNR,2025-11-26,2026-04-08,CHF,INR,3681953.57,1.217167,1.224511,Treasury,7.3439999999998e-03,133,90+ Days
SWP7DEGMSXX3FG5,2025-12-03,2025-12-17,AUD,EUR,1432979.69,1.276985,1.274492,Treasury,-2.49300000000008e-03,14,0-30 Days
SWPI2J9R98N0D45,2026-02-01,2026-05-03,CHF,CAD,763017.03,0.914072,0.912529,Markets,-1.54299999999996e-03,91,90+ Days
SWPDFWRIFUJ1S19,2026-01-31,2026-03-10,CHF,GBP,2411710.37,1.285955,1.286082,Treasury,1.26999999999988e-04,38,30-90 Days
SWP7USTBUZ7VLPW,2025-12-02,2026-01-10,EUR,JPY,2556334.56,1.409769,1.411992,Investment Banking,2.22299999999986e-03,39,30-90 Days
SWPEF9CI3U79U2S,2026-01-13,2026-02-09,CAD,JPY,7693940.54,1.434505,1.435078,Treasury,5.73000000000157e-04,27,0-30 Days
SWPSO3TBBKHVU1N,2026-01-24,2026-04-30,JPY,AUD,3299878.17,0.592084,0.592325,Markets,2.40999999999936e-04,96,90+ Days
SWP3LOU251TBW66,2026-02-22,2026-05-20,GBP,USD,1948830.92,1.059494,1.056297,Treasury,-3.19699999999989e-03,87,30-90 Days
SWPK1I3UAKXMG0Y,2025-11-24,2026-02-23,INR,GBP,9176887.58,0.800178,0.801047,Treasury,8.69000000000009e-04,91,90+ Days
SWPZEQCG560POYQ,2025-12-26,2026-05-14,INR,USD,12192017.28,0.787396,0.789602,Investment Banking,2.20600000000004e-03,139,90+ Days
SWPMZSYKNSHVVEN,2025-11-22,2025-11-30,GBP,AUD,4120141.01,0.818278,0.818098,Markets,-1.79999999999958e-04,8,0-30 Days
SWPSX7HJ6PI4DI9,2025-12-10,2026-04-20,INR,AUD,3687084.15,0.639425,0.641101,Investment Banking,1.67600000000001e-03,131,90+ Days
SWPXA4U9OYGIKSM,2026-02-07,2026-04-29,JPY,USD,1318156.88,0.967614,0.968804,Markets,1.19000000000002e-03,81,30-90 Days
SWPX9OQRV2C0XFC,2025-12-30,2026-03-22,USD,GBP,3954382.59,1.442374,1.447184,Markets,4.80999999999998e-03,82,30-90 Days
SWPLD3MQNJVSMC7,2025-12-13,2026-04-21,INR,AUD,1035807.05,1.359308,1.361165,Markets,0.001857,129,90+ Days
SWPGFY1MTZNI2MW,2026-01-22,2026-02-11,CHF,EUR,1412909.41,0.570443,0.570698,Investment Banking,2.55000000000005e-04,20,0-30 Days
SWPBXZSPF7MI41D,2025-12-26,2026-03-30,CHF,USD,2313596.82,0.567965,0.568171,Investment Banking,2.05999999999928e-04,94,90+ Days
SWPZE9QZTXRFF3W,2026-01-31,2026-06-16,JPY,GBP,2426447.71,1.215902,1.217768,Markets,1.86599999999992e-03,136,90+ Days
SWPFAZK1GOXSLE1,2025-12-05,2026-06-02,AUD,JPY,10153726.83,1.059389,1.060156,Markets,7.67000000000184e-04,179,90+ Days
SWPKOF3J1NJWKSW,2025-11-13,2026-03-15,EUR,JPY,8978384.66,0.543332,0.543955,Investment Banking,6.22999999999929e-04,122,90+ Days
SWPUVC7Z8EDIXQK,2025-12-12,2026-03-09,INR,USD,11662869.29,0.921347,0.920049,Treasury,-1.29800000000002e-03,87,30-90 Days
SWPDU3VKE00A6W4,2025-12-05,2026-05-01,AUD,INR,1544644.6,0.967829,0.966539,Treasury,-1.29000000000001e-03,147,90+ Days
SWP9K1IGZ8ZLM8M,2025-11-27,2026-05-23,AUD,EUR,2896959.77,0.948774,0.948023,Markets,-7.51000000000057e-04,177,90+ Days
SWPY5SHGSYN0RP6,2026-01-17,2026-07-02,CHF,AUD,1629447.06,0.779263,0.779346,Investment Banking,8.29999999999442e-05,166,90+ Days
SWP4KL2SLWCWUAP,2026-01-31,2026-05-26,USD,AUD,3991103.39,1.00897,1.012454,Markets,3.48400000000004e-03,115,90+ Days
SWPZB6CI3ON6K59,2025-11-01,2026-01-11,EUR,JPY,1076373.23,0.987292,0.987926,Treasury,6.34000000000023e-04,71,30-90 Days
SWPOOYG0JXUQFKX,2026-02-14,2026-05-25,EUR,GBP,5948317.71,1.454891,1.457596,Treasury,2.70499999999996e-03,100,90+ Days
SWP2AO2AV0NFWIH,2025-12-28,2026-02-15,GBP,CHF,801273.41,0.902486,0.902761,Investment Banking,2.75000000000025e-04,49,30-90 Days
SWPVE5JDSBO8TYT,2025-11-16,2026-01-25,INR,EUR,9129652.21,1.166488,1.169115,Treasury,2.62699999999993e-03,70,30-90 Days
SWPBM1S9KUO00R8,2025-11-27,2026-01-31,JPY,EUR,5806948.21,0.565982,0.568044,Investment Banking,2.06200000000001e-03,65,30-90 Days
SWPQ31PEUWTHDCC,2026-01-25,2026-03-07,GBP,CHF,3118422.88,1.343573,1.343763,Investment Banking,1.90000000000135e-04,41,30-90 Days
SWPLJIAGRRS69TN,2026-02-22,2026-05-11,CAD,USD,1490930.07,0.657556,0.660202,Investment Banking,2.64599999999993e-03,78,30-90 Days
SWPH7LS8LXQTOCL,2025-12-03,2026-04-06,EUR,INR,14988364.54,1.007277,1.010091,Treasury,2.81400000000009e-03,124,90+ Days
SWPUVJWOB9OLGP3,2025-12-17,2026-02-20,USD,CAD,5030112.97,1.43955,1.442687,Treasury,3.13699999999995e-03,65,30-90 Days
SWPIBKLZJ8A18WT,2025-12-15,2026-01-18,CHF,CAD,2030689.32,1.195933,1.196653,Investment Banking,7.20000000000054e-04,34,30-90 Days
SWPN7WJZGF3HUC5,2026-01-16,2026-04-05,AUD,CAD,1027173.84,1.307192,1.311137,Treasury,3.94500000000009e-03,79,30-90 Days
SWPRR0QULSFPCJJ,2026-01-06,2026-05-19,INR,USD,9257901.61,1.395071,1.397186,Treasury,2.11500000000009e-03,133,90+ Days
SWPHDZE9Y6HW3V5,2025-10-28,2026-01-20,INR,CHF,1117370.67,1.015341,1.017251,Markets,1.90999999999986e-03,84,30-90 Days
SWP96MEOF86XUIR,2026-02-11,2026-06-10,GBP,USD,5198630.18,1.193027,1.1909,Treasury,-2.12699999999999e-03,119,90+ Days
SWP6JFBXV1TMNHJ,2025-11-13,2026-01-26,AUD,USD,3497777.23,1.363334,1.362191,Investment Banking,-1.14300000000012e-03,74,30-90 Days
SWPV5DQKXMNRM2L,2025-11-04,2026-04-14,CAD,INR,6201905.7,0.648,0.648093,Investment Banking,9.30000000000097e-05,161,90+ Days
SWPNWCPP6YOCUWT,2026-02-08,2026-03-24,CHF,EUR,308579.63,1.061369,1.065312,Treasury,3.94300000000003e-03,44,30-90 Days
SWPXBCL7ALTID7Z,2026-02-07,2026-05-18,AUD,EUR,8128532.78,1.207849,1.206519,Investment Banking,-1.33000000000005e-03,100,90+ Days
SWP9S152TYFM8K4,2026-01-06,2026-04-23,USD,EUR,22247407.8,1.14985,1.153386,Investment Banking,3.53599999999998e-03,107,90+ Days
SWPWZKRR2EVU7PQ,2026-02-18,2026-08-09,USD,AUD,2912707.31,0.509649,0.509876,Markets,2.26999999999977e-04,172,90+ Days
SWPSAQM6LWPEN8V,2025-12-10,2026-01-05,GBP,CHF,1757154.43,0.679019,0.677778,Markets,-1.24100000000005e-03,26,0-30 Days
SWPZF6I2EKP003B,2025-12-17,2026-04-01,CHF,AUD,2173928.16,1.488226,1.48821,Markets,-1.6000000000016e-05,105,90+ Days
SWPJZX8LG3J0QX5,2025-11-24,2026-01-11,INR,JPY,2334638.56,0.933872,0.932807,Treasury,-1.06499999999998e-03,48,30-90 Days
SWPJ4S4AOVEN6EE,2025-12-11,2026-04-21,INR,CAD,5003552.79,1.225879,1.22368,Investment Banking,-2.19899999999984e-03,131,90+ Days
SWPNKNPK8L3XH2O,2026-02-22,2026-06-02,AUD,CHF,10088887.11,0.991564,0.992451,Treasury,8.86999999999971e-04,100,90+ Days
SWPRX9ZIJHLQ81M,2025-12-27,2026-05-12,JPY,CAD,3394580.86,1.330903,1.333062,Investment Banking,2.15900000000002e-03,136,90+ Days
SWP3JP9WKWG449J,2026-01-12,2026-03-24,CHF,JPY,5721914.51,1.035221,1.034508,Markets,-7.12999999999964e-04,71,30-90 Days
SWPOOP2KFSKYDUE,2026-02-19,2026-06-12,GBP,EUR,1992269.27,0.722052,0.721019,Investment Banking,-1.03300000000006e-03,113,90+ Days
SWPBIG07881MAQI,2025-12-19,2026-05-20,USD,INR,980067.19,0.514256,0.514723,Markets,4.66999999999995e-04,152,90+ Days
SWPKL72LSNS3XSI,2025-11-22,2026-05-15,JPY,CHF,3956739.9,1.168747,1.16679,Markets,-1.95699999999999e-03,174,90+ Days
SWP945N3LQIABQP,2026-02-05,2026-07-12,CAD,AUD,5260023.22,0.629686,0.630948,Markets,1.26199999999999e-03,157,90+ Days
SWPS5RCF5TD4S9J,2025-12-31,2026-02-19,USD,EUR,3968038.49,0.74285,0.746621,Investment Banking,3.77099999999997e-03,50,30-90 Days
SWPJ2B2SDQEKO1R,2025-11-01,2026-01-15,INR,EUR,348398.41,1.194191,1.192468,Treasury,-1.72299999999992e-03,75,30-90 Days
SWP1ANWCW433WGW,2025-11-16,2025-12-04,INR,CHF,23597002.35,0.982322,0.980874,Investment Banking,-0.001448,18,0-30 Days
SWPQTCSNXNM3ERW,2025-12-01,2026-05-23,CAD,INR,5081552.81,0.98388,0.983864,Investment Banking,-1.6000000000016e-05,173,90+ Days
SWPVR36UGJ15YR8,2026-01-10,2026-04-02,GBP,EUR,14711645.78,0.962627,0.964516,Investment Banking,1.88900000000003e-03,82,30-90 Days
SWPX67Q2SS6DIKJ,2025-12-12,2026-04-06,AUD,GBP,1869715.62,0.796965,0.798225,Treasury,1.25999999999993e-03,115,90+ Days
SWPIQ8TV40FOHMY,2026-02-20,2026-04-12,INR,EUR,2670325.11,1.211214,1.212738,Investment Banking,1.52400000000008e-03,51,30-90 Days
SWP8CPTETBN5IT3,2025-11-08,2026-01-16,USD,CAD,3399465.3,1.32399,1.326016,Markets,2.02600000000008e-03,69,30-90 Days
SWPRXQSR8ZNRWOJ,2025-12-09,2026-01-26,CAD,EUR,7947539.66,1.048737,1.052302,Treasury,3.56500000000004e-03,48,30-90 Days
SWPK00CCPD3W6QE,2025-11-09,2026-01-23,JPY,CHF,10768365.14,1.238035,1.240148,Markets,2.11300000000003e-03,75,30-90 Days
SWPKVN3QS70KTXN,2025-12-07,2026-02-10,USD,AUD,856868.03,1.268806,1.270354,Markets,1.54799999999988e-03,65,30-90 Days
SWP9P7BOA09X3ZS,2025-12-26,2026-02-12,GBP,JPY,1194273.92,0.676501,0.674566,Investment Banking,-1.93500000000002e-03,48,30-90 Days
SWPCIW8D22DZNIA,2025-11-17,2026-03-23,AUD,CAD,1410209.94,0.527121,0.528678,Markets,1.55700000000003e-03,126,90+ Days
SWPBLX1W2F7RAJN,2025-10-26,2025-12-17,AUD,CHF,5887239.66,0.952772,0.953411,Markets,6.39000000000056e-04,52,30-90 Days
SWP3S2DB4IH8VYZ,2025-12-19,2026-02-05,CHF,USD,3456777.79,0.959231,0.95999,Markets,7.59000000000065e-04,48,30-90 Days
SWPXDR33U8PFF11,2025-10-27,2025-12-07,USD,CHF,3168074.14,1.424454,1.430787,Treasury,6.33299999999992e-03,41,30-90 Days
SWP01OZIZN75NLI,2026-02-15,2026-07-02,INR,AUD,1995785.38,1.207426,1.20793,Markets,5.03999999999838e-04,137,90+ Days
SWPIPLHCXB2HUV9,2026-01-06,2026-04-03,AUD,USD,7322802.72,1.400295,1.399017,Investment Banking,-1.27800000000011e-03,87,30-90 Days
SWP2WYRW77K94OW,2025-12-31,2026-05-25,GBP,USD,2089844.02,0.898992,0.903338,Markets,4.34599999999996e-03,145,90+ Days
SWPPFKN3APZYLR0,2025-12-12,2026-05-20,USD,CHF,2613923.48,1.233619,1.236532,Investment Banking,2.91299999999994e-03,159,90+ Days
SWP7N88OWUP6PAH,2026-02-03,2026-04-25,JPY,CHF,6887307.06,0.714384,0.716247,Treasury,1.86299999999995e-03,81,30-90 Days
SWP8O5GUPHI0LPN,2025-11-11,2026-01-09,EUR,CHF,4777780.5,1.022605,1.023561,Markets,9.55999999999957e-04,59,30-90 Days
SWPZN8JXEKDOJDK,2026-02-04,2026-04-23,USD,CHF,1960383.07,1.359018,1.359974,Treasury,9.55999999999957e-04,78,30-90 Days
SWPOONUGQSFXEDC,2025-12-02,2025-12-15,INR,EUR,7908038.33,0.714845,0.715242,Treasury,3.97000000000092e-04,13,0-30 Days
SWPWWBVR5KHMNJK,2026-02-02,2026-03-17,CHF,EUR,12798350.17,1.027504,1.026529,Markets,-9.74999999999948e-04,43,30-90 Days
SWPLG210AR5JF73,2025-11-15,2026-05-07,EUR,JPY,1869151.28,0.861611,0.864471,Markets,2.85999999999997e-03,173,90+ Days
SWPJF57S1MFH22T,2026-02-18,2026-08-04,JPY,GBP,1260250.47,1.486829,1.49185,Markets,5.02099999999994e-03,167,90+ Days
SWP9TWB1LF6S6R6,2026-02-19,2026-06-27,AUD,GBP,4084555.54,1.378086,1.379588,Markets,1.50200000000011e-03,128,90+ Days
SWPQBUIEKI3SIWZ,2025-12-24,2026-05-03,JPY,GBP,5186998.23,0.68301,0.686489,Investment Banking,3.47900000000001e-03,130,90+ Days
SWPLIDEPHGYR6JC,2025-11-17,2026-04-15,CAD,EUR,1323349.69,0.979294,0.978117,Markets,-1.17699999999998e-03,149,90+ Days
SWPPX4HPBWI0H8W,2025-12-07,2026-01-30,GBP,CHF,2232304.72,1.300728,1.297018,Investment Banking,-3.7100000000001e-03,54,30-90 Days
SWP3CUXDXLKG33C,2025-11-25,2026-05-06,INR,CHF,2153008.86,0.66174,0.661056,Markets,-6.84000000000018e-04,162,90+ Days
SWPO2XUGVHTABHO,2026-01-11,2026-05-19,JPY,CAD,815671.16,0.525429,0.52626,Markets,8.30999999999915e-04,128,90+ Days
SWP43HJHW4VWTUV,2025-11-03,2026-02-18,GBP,CHF,4673884.26,0.749039,0.748312,Investment Banking,-7.27000000000033e-04,107,90+ Days
SWPWT809UD4SKPZ,2025-12-13,2026-04-23,AUD,CHF,982236.05,0.94847,0.949879,Markets,1.40899999999999e-03,131,90+ Days
SWPTIA2XCO646II,2025-11-12,2026-02-22,CHF,AUD,5255796.82,0.599009,0.601493,Treasury,2.48400000000004e-03,102,90+ Days
SWPPZ1MCHYERY45,2025-11-17,2026-02-06,CHF,JPY,2337953.07,0.948738,0.947994,Treasury,-7.43999999999967e-04,81,30-90 Days
SWP23OD0OIGWHD8,2025-11-24,2026-04-03,INR,USD,1791210.2,0.50921,0.508973,Treasury,-2.37000000000043e-04,130,90+ Days
SWPPSZ7ZK6G7SJ3,2026-01-30,2026-06-17,CAD,EUR,2985259.31,0.626257,0.627462,Investment Banking,1.20500000000001e-03,138,90+ Days
SWP9DC61LEQKML1,2026-01-21,2026-05-03,JPY,CHF,971915.51,1.415965,1.417962,Markets,1.99700000000003e-03,102,90+ Days
SWP9R1LQRO1LIVW,2025-12-07,2026-04-21,INR,USD,3882256.91,0.967115,0.96817,Treasury,1.05500000000003e-03,135,90+ Days
SWPT6S60XP77BGZ,2025-12-14,2026-04-22,USD,CAD,3222039.52,1.130161,1.128896,Investment Banking,-1.26500000000007e-03,129,90+ Days
SWP5X1DI3EBAJI6,2025-12-06,2026-02-08,JPY,CHF,11455711.09,0.609938,0.611465,Markets,1.52700000000006e-03,64,30-90 Days
SWPM17H027ZNDVH,2026-02-01,2026-05-11,GBP,USD,3351128.19,0.611795,0.613215,Markets,1.41999999999998e-03,99,90+ Days
SWPXBMA08NZRTOG,2025-12-01,2026-03-26,INR,CHF,1519159.47,0.638942,0.640201,Treasury,1.25900000000001e-03,115,90+ Days
SWP4IDZP61F34WT,2025-11-09,2025-12-16,EUR,CAD,3613609.44,0.727245,0.728271,Investment Banking,1.02599999999997e-03,37,30-90 Days
SWPO0XGK2SIPD6H,2026-01-28,2026-03-08,INR,JPY,802661.84,0.50784,0.509168,Markets,0.001328,39,30-90 Days
SWPA1L1ZKSL8EAC,2025-11-12,2025-12-26,AUD,CHF,4687824.72,1.014932,1.019771,Investment Banking,4.83900000000004e-03,44,30-90 Days
SWPQVTUWRCTBF5H,2026-01-09,2026-07-04,CAD,USD,1665935.56,1.306871,1.310683,Treasury,3.81200000000015e-03,176,90+ Days
SWPIWBKFF2D9GHN,2025-10-26,2026-01-14,CAD,JPY,4927144.35,0.576519,0.578074,Investment Banking,1.55499999999997e-03,80,30-90 Days
SWPQYPJR4MS4NEC,2026-01-24,2026-03-16,USD,INR,7675856.05,1.432129,1.429602,Markets,-2.52699999999995e-03,51,30-90 Days
SWPAI13GEU7KTHJ,2026-02-08,2026-03-24,JPY,GBP,1591995.77,1.153337,1.155755,Markets,2.41800000000003e-03,44,30-90 Days
SWPKGNGQVAHM185,2025-12-21,2026-03-13,USD,AUD,3387055.03,1.376513,1.378388,Treasury,1.87499999999985e-03,82,30-90 Days
SWPMZZHDZWZYBPR,2025-10-30,2026-01-22,CAD,USD,5556260.72,1.126791,1.12771,Treasury,9.18999999999892e-04,84,30-90 Days
SWP794IPWAQUIYA,2025-11-11,2026-01-05,INR,GBP,2826925.58,1.290824,1.295063,Investment Banking,4.2390000000001e-03,55,30-90 Days
SWP0TDH9VT2UDQL,2026-01-11,2026-03-31,JPY,GBP,1745275.01,0.778723,0.780699,Treasury,1.97599999999998e-03,79,30-90 Days
SWPZTE2E05IK08O,2026-01-07,2026-06-04,EUR,CHF,4341588.17,0.763391,0.762467,Markets,-9.24000000000036e-04,148,90+ Days
SWPJPAIWFQ56DEL,2026-01-12,2026-02-19,JPY,CAD,3287482.72,0.904056,0.905099,Markets,1.04300000000002e-03,38,30-90 Days
SWPKKHR1LCDH8R0,2025-12-01,2026-02-08,EUR,CAD,16897971.42,1.35525,1.358552,Markets,3.30199999999992e-03,69,30-90 Days
SWPIJZVCX5FDQFJ,2026-02-22,2026-07-01,JPY,CAD,1936178.49,0.527231,0.526828,Treasury,-4.03000000000042e-04,129,90+ Days
SWPRWOQJ68A4VES,2025-12-07,2026-01-18,AUD,EUR,6968010.33,0.535153,0.535919,Markets,7.66000000000044e-04,42,30-90 Days
SWPAPSK8LDYSAWM,2025-12-23,2026-06-06,JPY,EUR,1798434.59,0.76019,0.759836,Investment Banking,-3.54000000000076e-04,165,90+ Days
SWP8BEQ6O6570BE,2025-11-10,2025-12-28,CAD,EUR,1715324.52,0.680524,0.682025,Investment Banking,1.50099999999997e-03,48,30-90 Days
SWP5JI9J9CLUCME,2026-01-29,2026-03-21,EUR,GBP,1897184.44,0.739851,0.740657,Investment Banking,8.05999999999973e-04,51,30-90 Days
SWPCHUO4FXBTI29,2025-11-14,2026-02-18,USD,CHF,2809325.85,0.535305,0.536359,Investment Banking,0.001054,96,90+ Days
SWP9GK5R639VQIJ,2025-11-28,2026-02-04,USD,AUD,15163160.37,0.866164,0.867678,Treasury,1.5139999999999e-03,68,30-90 Days
SWP2OUWHI0A5FMI,2026-02-09,2026-04-06,AUD,CAD,5248147.0,1.08726,1.088862,Investment Banking,1.6020000000001e-03,56,30-90 Days
SWP7ZM2I2FSAKH8,2026-01-03,2026-06-12,USD,GBP,3046127.85,0.902932,0.904454,Investment Banking,1.52200000000002e-03,160,90+ Days
SWP9K0D4ENHED1M,2025-12-07,2025-12-15,INR,EUR,2735337.84,0.797778,0.798157,Treasury,3.79000000000018e-04,8,0-30 Days
SWPEUYHGZ2XMM41,2025-12-27,2026-02-18,JPY,INR,14652687.33,1.044031,1.044878,Markets,8.47000000000042e-04,53,30-90 Days
SWPZR3JA9BLWSE0,2025-10-27,2025-11-08,GBP,AUD,5036013.89,1.401729,1.401046,Markets,-6.82999999999989e-04,12,0-30 Days
SWPDIFYWX6ICFCK,2026-02-19,2026-05-18,JPY,USD,4823500.74,1.454086,1.452552,Investment Banking,-1.53399999999992e-03,88,30-90 Days
SWP9NOG6QWULRQH,2026-01-17,2026-04-17,EUR,GBP,1888435.76,0.939075,0.94408,Markets,5.00500000000004e-03,90,30-90 Days
SWPMNSXWBZAD630,2025-11-25,2026-02-01,JPY,EUR,784228.39,1.454045,1.45952,Investment Banking,5.4749999999999e-03,68,30-90 Days
SWPHSW6B657SB9O,2026-01-12,2026-06-01,AUD,GBP,6628290.03,0.888771,0.888096,Investment Banking,-6.74999999999981e-04,140,90+ Days
SWPZV1XDHKDEDW4,2025-12-24,2026-02-07,CHF,INR,940551.37,1.118436,1.120602,Markets,2.16600000000011e-03,45,30-90 Days
SWPR1EH6MZC2K94,2025-11-27,2026-04-15,EUR,AUD,3973329.85,0.88949,0.891031,Investment Banking,1.54100000000001e-03,139,90+ Days
SWPLUA5XNA9EO6M,2025-12-04,2026-05-29,JPY,EUR,4350317.75,0.514004,0.514304,Treasury,2.99999999999967e-04,176,90+ Days
SWPLO1KPHDIE3SE,2026-02-03,2026-02-21,USD,JPY,1273129.38,1.22347,1.223069,Treasury,-4.01000000000096e-04,18,0-30 Days
SWPAGRORCPRMS9B,2026-02-22,2026-06-08,JPY,INR,2038600.66,1.114172,1.114256,Treasury,8.3999999999973e-05,106,90+ Days
SWP37RHOGSH7LVO,2025-12-27,2026-01-07,AUD,CAD,4245491.93,0.978464,0.97944,Treasury,9.75999999999977e-04,11,0-30 Days
SWPBXC7W510O10R,2026-02-11,2026-04-30,GBP,EUR,3821227.79,1.259707,1.261315,Investment Banking,1.60800000000005e-03,78,30-90 Days
SWPDUQA0Z656GRD,2025-11-16,2026-03-26,CHF,CAD,4270316.15,0.729378,0.729982,Investment Banking,6.04000000000049e-04,130,90+ Days
SWPHWKO509UQO5L,2025-12-02,2026-03-03,EUR,AUD,9307787.36,0.891277,0.89432,Markets,3.04300000000002e-03,91,90+ Days
SWPQE3QS7FZBRB9,2025-12-25,2026-05-17,CHF,USD,5746889.97,1.173285,1.173305,Investment Banking,2.0000000000131e-05,143,90+ Days
SWP2RDUB1KQITPZ,2026-02-21,2026-07-23,EUR,GBP,2563532.29,0.676404,0.674267,Markets,-2.13700000000006e-03,152,90+ Days
SWPDJ910OEWS131,2025-12-23,2026-06-19,AUD,GBP,1166472.22,0.586195,0.587491,Treasury,1.29599999999996e-03,178,90+ Days
SWPUA4FSCYL3G39,2025-11-22,2026-01-25,INR,CAD,1455985.32,0.582912,0.584688,Investment Banking,0.001776,64,30-90 Days
SWPHTSQ76M2C8D2,2025-12-06,2026-04-10,AUD,JPY,3183085.07,0.987111,0.983486,Markets,-3.62499999999999e-03,125,90+ Days
SWPG04ZTS83BGB4,2025-11-17,2026-04-22,USD,AUD,2154038.89,1.286169,1.287711,Treasury,1.54200000000015e-03,156,90+ Days
SWPLL6GN4HJS6GM,2026-01-16,2026-05-10,CAD,GBP,4803559.1,1.458983,1.465116,Treasury,6.13300000000017e-03,114,90+ Days
SWP919YA8VTXV7C,2026-01-15,2026-06-04,USD,GBP,5804908.58,0.648134,0.64648,Investment Banking,-1.65399999999993e-03,140,90+ Days
SWPV1L3T4BZ371F,2025-12-17,2026-01-31,AUD,INR,1194241.14,1.208139,1.210074,Investment Banking,1.93500000000002e-03,45,30-90 Days
SWPW7MKYEVSOHA7,2026-02-07,2026-05-27,USD,INR,8611626.86,1.013717,1.016534,Treasury,2.81700000000007e-03,109,90+ Days
SWPH69FJLJV43J9,2026-02-01,2026-04-08,INR,JPY,6044885.79,1.241921,1.243493,Markets,1.57199999999991e-03,66,30-90 Days
SWPBWFS387FRXSU,2025-12-02,2026-01-29,INR,CAD,3238370.2,0.899378,0.903789,Markets,4.41099999999994e-03,58,30-90 Days
SWPL929C5FTHTJH,2026-01-05,2026-07-03,CHF,USD,2850868.44,0.737813,0.73747,Markets,-3.43000000000093e-04,179,90+ Days
SWPYMGT98LHD4YS,2026-01-21,2026-06-25,GBP,INR,6981098.29,0.614704,0.615626,Markets,9.21999999999978e-04,155,90+ Days
SWPQ8LOZJ38ACEK,2026-01-06,2026-05-01,INR,USD,1104593.6,1.452793,1.450149,Treasury,-2.64400000000009e-03,115,90+ Days
SWPN0M6NGS57QQQ,2025-12-25,2026-06-12,AUD,JPY,15326613.16,1.355805,1.361573,Markets,0.005768,169,90+ Days
SWP9T2NWCQ3D431,2025-11-05,2026-01-29,CAD,USD,7359852.32,1.059181,1.061441,Markets,2.26000000000015e-03,85,30-90 Days
SWP58DJNYKPE34C,2026-01-24,2026-05-15,AUD,GBP,14188236.64,0.689075,0.6903,Investment Banking,1.22500000000003e-03,111,90+ Days
SWPOXR5H3L53R2N,2025-12-15,2026-04-07,GBP,EUR,1783369.87,0.618234,0.620207,Treasury,0.001973,113,90+ Days
SWPRDV2WNPM6TU4,2025-11-04,2025-11-11,USD,JPY,2719136.55,1.428871,1.435504,Treasury,6.63299999999989e-03,7,0-30 Days
SWPA8C1LC7RVDV3,2025-12-27,2026-05-04,GBP,CHF,54762264.24,0.54897,0.550842,Treasury,1.8720000000001e-03,128,90+ Days
SWPNWKMKVBEW90K,2026-01-29,2026-03-27,CAD,INR,3671473.8,1.49528,1.496753,Markets,1.47300000000006e-03,57,30-90 Days
SWPQWFHBZQZFRZS,2026-01-09,2026-02-05,AUD,CHF,3561826.09,0.661368,0.664709,Markets,3.34100000000004e-03,27,0-30 Days
SWPC1KI5YLNGDHH,2025-10-29,2025-11-09,USD,JPY,1844451.92,1.239826,1.242486,Investment Banking,2.65999999999988e-03,11,0-30 Days
SWP6BIDJLEISYHL,2025-12-24,2026-06-13,AUD,INR,1162996.87,1.451979,1.453172,Treasury,0.001193,171,90+ Days
SWPMZVPGMPGZ7Y8,2025-12-17,2026-04-24,USD,JPY,2825405.38,1.364545,1.364805,Markets,2.60000000000149e-04,128,90+ Days
SWP2MXQLUAWSA6R,2026-01-25,2026-07-12,GBP,JPY,4733841.7,1.473679,1.472973,Treasury,-7.05999999999873e-04,168,90+ Days
SWPNYKYKCA5XUHT,2025-11-26,2026-05-22,GBP,AUD,3722981.38,0.956601,0.95904,Treasury,2.43899999999997e-03,177,90+ Days
SWP1LFDLSA9E72T,2025-11-11,2025-12-19,JPY,CHF,4833253.69,0.791175,0.7925,Markets,1.32500000000002e-03,38,30-90 Days
SWPK9URL4N8U5IP,2026-02-21,2026-03-14,CAD,INR,3040587.94,1.441958,1.44457,Treasury,2.61199999999984e-03,21,0-30 Days
SWPV316ENY8VVL6,2025-11-09,2026-04-27,GBP,CAD,2126251.47,1.29614,1.296388,Treasury,2.48000000000026e-04,169,90+ Days
SWP6T3PSFJ5YIS1,2025-12-22,2026-04-30,USD,INR,2681111.59,1.304323,1.309744,Treasury,5.42100000000012e-03,129,90+ Days
SWPZTUYWVRN9FU1,2025-12-16,2026-06-10,EUR,GBP,8226319.11,0.957445,0.95553,Investment Banking,-0.001915,176,90+ Days
SWPZEAOM238YGTY,2025-11-23,2026-04-09,CHF,CAD,8586606.07,0.973616,0.974582,Markets,9.65999999999911e-04,137,90+ Days
SWPV5X8VAZUWH9H,2026-02-07,2026-06-19,CHF,AUD,1458966.03,1.188064,1.190785,Treasury,2.72099999999997e-03,132,90+ Days
SWP4COQKCWYA7KG,2026-01-20,2026-04-26,JPY,EUR,19461544.03,0.604265,0.605919,Treasury,1.65399999999993e-03,96,90+ Days
SWPTUXF24AEA1UU,2025-10-29,2026-01-13,AUD,USD,8684905.1,0.919257,0.920727,Investment Banking,1.46999999999997e-03,76,30-90 Days
SWPIHQ7E9VNQNJ8,2025-12-07,2026-04-15,EUR,JPY,3409550.74,0.753545,0.756468,Markets,2.92300000000001e-03,129,90+ Days
SWPU02DXEYGCIFS,2025-11-19,2026-02-01,CHF,GBP,2715140.46,1.358901,1.358866,Treasury,-3.50000000000072e-05,74,30-90 Days
SWPEQU1CD8VWAQA,2026-01-20,2026-02-03,USD,CAD,5971062.69,0.753926,0.755156,Investment Banking,1.23000000000006e-03,14,0-30 Days
SWP636QFL8XQRTU,2025-11-27,2026-02-07,AUD,INR,2447955.76,1.462357,1.463476,Treasury,1.11900000000009e-03,72,30-90 Days
SWPQ96NGVTUX46S,2026-02-01,2026-02-10,CHF,GBP,1708988.07,0.908499,0.907248,Treasury,-1.25099999999989e-03,9,0-30 Days
SWPJ9D25J0QYGXK,2026-02-02,2026-03-26,CHF,INR,5070261.37,0.957978,0.957055,Treasury,-9.23000000000007e-04,52,30-90 Days
SWPWDQAJUDIZB4J,2026-01-12,2026-03-16,CAD,CHF,7801531.62,1.290852,1.290388,Investment Banking,-4.6400000000002e-04,63,30-90 Days
SWPUPG4NLDHLYH2,2025-11-09,2026-02-28,AUD,JPY,2678205.73,1.085099,1.090529,Treasury,5.43000000000005e-03,111,90+ Days
SWPJ5UGBBK2QJZU,2026-01-12,2026-03-23,GBP,AUD,965277.87,1.136823,1.135942,Markets,-8.8099999999991e-04,70,30-90 Days
SWPIMQIJN10O9KG,2026-01-27,2026-04-16,CAD,CHF,1974386.26,1.00298,1.00247,Investment Banking,-5.1000000000001e-04,79,30-90 Days
SWP20YY4ZL0S9HS,2026-02-18,2026-06-04,AUD,CAD,1170408.73,1.46625,1.465004,Treasury,-1.24600000000008e-03,106,90+ Days
SWPQ507DS0V7EIN,2025-11-30,2026-02-15,GBP,CAD,4605643.49,1.321141,1.321088,Markets,-5.29999999998587e-05,77,30-90 Days
SWPXZRI86KKWKA3,2025-11-27,2026-01-16,AUD,EUR,1224138.95,0.661226,0.662217,Markets,9.90999999999964e-04,50,30-90 Days
SWPQ1JL0Z4CKRMT,2026-01-20,2026-07-06,GBP,JPY,10409241.72,1.322509,1.321989,Treasury,-5.19999999999854e-04,167,90+ Days
SWPWPQ578XNT5Z9,2026-01-11,2026-03-18,INR,CHF,5210224.97,1.082318,1.084509,Markets,2.19100000000005e-03,66,30-90 Days
SWPUJ02XRD95NQN,2025-11-08,2026-01-04,JPY,CAD,9258796.61,1.238735,1.23966,Markets,9.25000000000065e-04,57,30-90 Days
SWPC9XCSCG2Y07P,2026-01-18,2026-05-13,USD,JPY,2723789.02,1.258749,1.259524,Investment Banking,7.75000000000192e-04,115,90+ Days
SWPW36045ETQOL3,2025-11-14,2026-02-15,EUR,USD,1388634.41,0.641188,0.640187,Markets,-1.00100000000003e-03,93,90+ Days
SWPOP8ZRPNLWZF6,2025-12-22,2026-05-14,AUD,GBP,1594473.08,0.716112,0.717475,Investment Banking,0.001363,143,90+ Days
SWP8YPS61AKGPZW,2026-01-08,2026-02-21,AUD,GBP,3781428.88,0.976059,0.97645,Treasury,3.9100000000003e-04,44,30-90 Days
SWP28A0ZQXQPAJS,2025-11-12,2026-04-06,CHF,JPY,8366769.24,1.409153,1.409783,Markets,6.29999999999908e-04,145,90+ Days
SWPL9GOGMJ6AYWD,2025-10-29,2026-04-06,CAD,INR,8111606.17,0.818496,0.817385,Markets,-1.11099999999997e-03,159,90+ Days
SWP52Q8SEYACA50,2026-01-16,2026-02-24,EUR,JPY,9238582.24,0.610401,0.612262,Markets,0.001861,39,30-90 Days
SWPU05SH0JEIB6F,2026-02-20,2026-03-13,AUD,CHF,4092977.7,1.288394,1.29324,Markets,4.84599999999991e-03,21,0-30 Days
SWPUGRB7IWRN62T,2026-01-01,2026-05-08,AUD,GBP,10872209.59,0.507289,0.507444,Markets,1.55000000000016e-04,127,90+ Days
SWPZ6N6C98ADZ6C,2025-11-27,2026-03-06,CAD,GBP,4334682.28,1.072066,1.073673,Treasury,1.60700000000014e-03,99,90+ Days
SWPJA2UULU5SBOK,2025-12-29,2026-01-12,CAD,CHF,1976579.13,1.1509,1.151035,Treasury,1.34999999999996e-04,14,0-30 Days
SWPSEFYPX5AX8Z9,2025-11-01,2026-01-08,GBP,CHF,3278141.51,0.848212,0.851812,Markets,3.60000000000005e-03,68,30-90 Days
SWPSX5GC4YZ1PON,2025-11-12,2026-05-02,CHF,GBP,1346352.83,0.763057,0.76424,Treasury,1.18300000000005e-03,171,90+ Days
SWPQCOLNU3V295D,2025-12-29,2026-04-06,USD,EUR,2881087.19,0.924905,0.923485,Investment Banking,-1.41999999999998e-03,98,90+ Days
SWPC9N8TG2F0HL8,2025-12-11,2026-02-17,USD,EUR,3783353.23,0.864058,0.864992,Investment Banking,9.3399999999999e-04,68,30-90 Days
SWP97LUKV2LI1M1,2025-12-20,2026-02-28,JPY,USD,2569475.66,0.912655,0.910747,Treasury,-1.90800000000002e-03,70,30-90 Days
SWPFLRQZOGKZ6YZ,2026-02-01,2026-05-30,JPY,AUD,2624699.49,1.357507,1.356537,Markets,-9.69999999999915e-04,118,90+ Days
SWPZR9TIPC39GGG,2025-12-18,2026-01-13,CAD,JPY,3685774.94,1.342804,1.342992,Treasury,1.87999999999855e-04,26,0-30 Days
SWP04HWF0APZRHV,2026-01-07,2026-05-01,USD,GBP,3973138.86,0.573291,0.573846,Markets,5.54999999999972e-04,114,90+ Days
SWP03U3C5T1KASB,2025-11-09,2025-11-25,EUR,JPY,7727856.55,1.230843,1.230376,Investment Banking,-4.66999999999995e-04,16,0-30 Days
SWP29UDWXL5RZBK,2026-01-07,2026-05-17,EUR,JPY,1738259.96,1.157948,1.152615,Treasury,-5.33300000000003e-03,130,90+ Days
SWPGNOFZZ3UASMN,2025-11-02,2026-02-19,EUR,JPY,5787074.73,0.974955,0.975374,Investment Banking,4.18999999999947e-04,109,90+ Days
SWPIP49K487IO5S,2026-01-10,2026-05-02,INR,CAD,4586243.01,1.160978,1.160343,Markets,-6.35000000000163e-04,112,90+ Days
SWPOFML4FOMDR09,2026-01-18,2026-06-04,USD,CHF,5000216.81,1.357892,1.357994,Markets,1.01999999999824e-04,137,90+ Days
SWP5KZZ2Z7FR1KO,2025-12-15,2026-03-15,GBP,CHF,2998639.09,0.598679,0.601272,Markets,2.59300000000007e-03,90,30-90 Days
SWPCYHCVSSGVKN1,2025-11-22,2026-05-21,GBP,CAD,7718555.59,0.987078,0.987869,Markets,7.90999999999986e-04,180,90+ Days
SWPD0HF3RUAGH37,2025-12-15,2026-02-25,CAD,INR,2994620.09,1.367489,1.368287,Treasury,7.98000000000076e-04,72,30-90 Days
SWPGOQS4PB387QD,2025-11-29,2026-04-25,JPY,CHF,4217856.66,0.786862,0.789208,Markets,2.34600000000007e-03,147,90+ Days
SWPBBE6YDE75E80,2026-01-19,2026-02-12,CAD,AUD,1746012.53,0.771556,0.772135,Investment Banking,5.78999999999996e-04,24,0-30 Days
SWPVZV4DA6K1KER,2025-12-16,2026-01-05,JPY,EUR,1901979.89,1.430529,1.426684,Investment Banking,-3.84499999999988e-03,20,0-30 Days
SWPYKZCY3W95IET,2026-01-08,2026-02-15,JPY,USD,1859376.96,1.193193,1.198427,Treasury,5.23399999999996e-03,38,30-90 Days
SWP4K8OJL6XKVW2,2025-12-10,2026-03-25,USD,AUD,3058152.42,0.620062,0.619661,Investment Banking,-4.00999999999985e-04,105,90+ Days
SWPSFOZE5YKFX0A,2026-02-07,2026-08-04,CAD,INR,4536981.67,1.197435,1.197279,Treasury,-1.56000000000045e-04,178,90+ Days
SWPJKJJFMIFUXED,2025-12-04,2026-02-15,AUD,CAD,2528430.46,0.563551,0.565431,Treasury,1.87999999999999e-03,73,30-90 Days
SWP34PZJCB5CFT4,2026-01-21,2026-05-13,CHF,INR,4192374.21,0.728357,0.727211,Investment Banking,-1.14599999999998e-03,112,90+ Days
SWPJIA7SYFRVXR3,2025-12-21,2026-04-28,AUD,USD,1307405.02,1.15299,1.152946,Markets,-4.3999999999933e-05,128,90+ Days
SWPFSFTE7TYAVRT,2025-11-05,2026-02-05,GBP,EUR,15698322.53,1.223677,1.222761,Treasury,-9.15999999999917e-04,92,90+ Days
SWP5C4NIDWWDVZ1,2026-01-14,2026-06-27,AUD,CHF,205651.4,0.852133,0.852212,Investment Banking,7.89999999999402e-05,164,90+ Days
SWPM0PLPLJ5EOZT,2026-01-08,2026-04-04,GBP,INR,5483659.29,0.833527,0.833554,Markets,2.69999999999992e-05,86,30-90 Days
SWPWK3HFTSGGL5F,2025-12-05,2026-03-02,CAD,INR,3639716.89,0.51517,0.513882,Treasury,-1.28800000000007e-03,87,30-90 Days
SWP2AW3PSPD80FO,2025-11-25,2026-05-01,CAD,GBP,1362106.2,0.946289,0.945092,Investment Banking,-0.001197,157,90+ Days
SWP08JMTA22R2LD,2026-01-03,2026-05-01,JPY,INR,6201127.55,1.246643,1.249364,Investment Banking,2.72099999999997e-03,118,90+ Days
SWPYKHL7CVZJ2HL,2025-11-13,2026-03-07,USD,EUR,3448719.92,1.030071,1.031613,Treasury,1.54199999999993e-03,114,90+ Days
SWPS2BX5SRZE7XO,2025-10-28,2026-02-17,CHF,GBP,2344175.62,0.788479,0.789644,Markets,1.16499999999997e-03,112,90+ Days
SWPV7XZJP9DKHTM,2026-01-10,2026-05-04,GBP,USD,2852474.69,0.830275,0.831901,Markets,1.62600000000002e-03,114,90+ Days
SWP92Y198YWYUVP,2025-11-16,2026-05-07,EUR,GBP,4882265.13,0.773622,0.775285,Treasury,1.66299999999997e-03,172,90+ Days
SWPNHIN4D26XTL3,2025-11-05,2026-03-23,JPY,AUD,1754182.54,0.946739,0.94901,Markets,2.27100000000002e-03,138,90+ Days
SWP8J51W0G6FD1V,2026-01-28,2026-04-17,CAD,GBP,1736709.01,0.648876,0.649416,Investment Banking,5.39999999999985e-04,79,30-90 Days
SWPMLXTD9M8V2FV,2026-01-23,2026-06-06,EUR,JPY,829541.54,0.712166,0.713255,Markets,1.08900000000001e-03,134,90+ Days
SWPQOUU470FFIF7,2025-11-28,2026-04-29,AUD,EUR,1443147.41,0.949705,0.951296,Investment Banking,1.59100000000001e-03,152,90+ Days
SWPBOD1Q4Z3MLY7,2026-02-12,2026-05-11,INR,EUR,2501785.92,1.411762,1.413454,Treasury,1.69200000000003e-03,88,30-90 Days
SWPYGWWTENUFN36,2025-11-10,2026-01-15,CAD,CHF,1966307.48,1.350315,1.351606,Investment Banking,1.29100000000015e-03,66,30-90 Days
SWPZVBDQI5VWW8M,2025-12-16,2026-01-12,JPY,CAD,2413266.37,1.209193,1.213273,Investment Banking,4.08000000000008e-03,27,0-30 Days
SWP4ON1OO4RQ7H9,2025-10-26,2026-03-13,USD,CAD,2015602.81,1.328786,1.327516,Treasury,-1.2700000000001e-03,138,90+ Days
SWPKYBLFM2HVIP6,2026-02-17,2026-06-25,JPY,AUD,4597102.43,1.300829,1.307523,Investment Banking,6.69399999999998e-03,128,90+ Days
SWPN6JIQB75QDO3,2025-11-13,2025-12-29,INR,USD,7636062.46,1.257924,1.25973,Investment Banking,1.80599999999997e-03,46,30-90 Days
SWPKKMTMOIO27QH,2025-11-30,2026-02-10,JPY,GBP,10808392.19,1.098547,1.101987,Treasury,3.44000000000011e-03,72,30-90 Days
SWPG4WU2A6MP6WW,2025-11-05,2025-12-12,GBP,USD,2333847.27,1.396602,1.397417,Investment Banking,8.1500000000001e-04,37,30-90 Days
SWPCNXBZDQPFN8A,2026-02-16,2026-03-03,GBP,CHF,7886114.68,0.527513,0.528023,Investment Banking,5.1000000000001e-04,15,0-30 Days
SWPYJCMG4JGGOLX,2025-11-20,2026-04-27,GBP,USD,3853483.85,1.327508,1.326349,Investment Banking,-1.15899999999991e-03,158,90+ Days
SWPVOI08LHFERMS,2025-11-19,2026-02-25,INR,CHF,3881656.55,0.577197,0.577921,Markets,7.24000000000058e-04,98,90+ Days
SWP91VZMEYHNQWX,2025-11-11,2026-01-13,USD,CHF,734855.35,0.808451,0.810891,Investment Banking,0.00244,63,30-90 Days
SWPUQZK1IX9UGOF,2025-11-26,2026-01-09,USD,JPY,4164850.54,1.376134,1.378724,Investment Banking,2.59000000000009e-03,44,30-90 Days
SWPP4FO7ICO1HKN,2025-12-16,2026-03-07,INR,USD,1094146.02,0.515291,0.516978,Investment Banking,1.68699999999999e-03,81,30-90 Days
SWPYS458M7NUX2Z,2026-01-22,2026-04-19,EUR,AUD,1400689.53,1.319428,1.324141,Markets,4.71299999999997e-03,87,30-90 Days
SWPL6CZJI6K3ZEZ,2025-11-05,2025-12-02,USD,EUR,13167657.93,1.424621,1.432464,Investment Banking,7.84300000000004e-03,27,0-30 Days
SWPKK1M0XQ55DNG,2025-12-05,2026-03-05,CHF,EUR,1893029.88,1.204733,1.206879,Investment Banking,2.14599999999998e-03,90,30-90 Days
SWP7ADTJMU9Y2VM,2026-01-22,2026-04-07,CAD,GBP,2765699.2,0.659829,0.662369,Treasury,2.53999999999999e-03,75,30-90 Days
SWPKE0C4U4L2ETT,2026-01-01,2026-02-03,CAD,GBP,3379738.08,0.817707,0.817279,Treasury,-4.27999999999984e-04,33,30-90 Days
SWPUJ3R05HGN3BJ,2025-12-27,2026-01-11,INR,AUD,2147955.33,1.236053,1.23804,Treasury,1.98699999999996e-03,15,0-30 Days
SWP1XMFKZ8UK991,2025-11-21,2026-04-07,INR,AUD,1946196.84,0.621565,0.622683,Markets,1.11799999999995e-03,137,90+ Days
SWP4AUT1DO1BMK2,2026-02-12,2026-03-30,INR,CHF,1437596.23,0.825592,0.824704,Investment Banking,-0.000888,46,30-90 Days
SWPEHAV131JPFUW,2025-11-24,2026-02-04,USD,CHF,3301796.83,1.087684,1.08697,Investment Banking,-7.14000000000103e-04,72,30-90 Days
SWPZZ5L2J0G03K2,2025-10-29,2025-12-06,CAD,CHF,4785005.84,1.150265,1.149944,Treasury,-3.21000000000016e-04,38,30-90 Days
SWP7KUN1NRCM7N9,2026-02-20,2026-08-13,CHF,USD,10359200.26,0.729967,0.730495,Investment Banking,5.27999999999973e-04,174,90+ Days
SWP8EI6SE2DOBSN,2025-11-03,2025-11-27,INR,USD,1994178.66,0.826712,0.830163,Treasury,3.45099999999998e-03,24,0-30 Days
SWPYGL911HM9D9X,2025-11-24,2026-04-25,CAD,USD,3142950.27,0.738133,0.740054,Treasury,1.92099999999995e-03,152,90+ Days
SWP4T9WZY28FQ2P,2025-11-10,2025-12-10,GBP,INR,1958613.98,0.570462,0.571328,Investment Banking,8.65999999999922e-04,30,0-30 Days
SWP4YLF8E4EG0FJ,2025-11-22,2025-12-17,CHF,JPY,725315.13,0.557917,0.556102,Markets,-1.81500000000001e-03,25,0-30 Days
SWPWJZR3S1HRX7M,2025-10-30,2026-03-23,CHF,AUD,8690199.84,0.734075,0.737631,Markets,0.003556,144,90+ Days
SWPJ5M9AV2K94QR,2025-11-12,2026-02-11,INR,CAD,4447273.31,0.586206,0.587831,Investment Banking,1.62499999999999e-03,91,90+ Days
SWP5Q6J6RHHR5IE,2025-11-16,2026-04-17,INR,CAD,2562632.33,0.898096,0.899006,Investment Banking,9.09999999999966e-04,152,90+ Days
SWP1HJWF0I4MLIL,2025-12-13,2026-01-09,CAD,JPY,6591378.59,0.521165,0.521564,Investment Banking,3.99000000000038e-04,27,0-30 Days
SWP0MGZEEWELA6Q,2026-01-02,2026-02-16,USD,INR,1714606.27,0.518274,0.521471,Treasury,3.19700000000001e-03,45,30-90 Days
SWPVY4TV7L27ULQ,2025-12-09,2026-04-20,EUR,INR,1022183.12,1.406657,1.409146,Investment Banking,2.48899999999996e-03,132,90+ Days
SWPR6JIMAHJ3TH6,2026-01-16,2026-06-09,AUD,CAD,1534656.81,1.033537,1.036847,Markets,3.31000000000015e-03,144,90+ Days
SWPROH8D96QEZR4,2025-10-28,2025-12-10,INR,USD,4343107.42,1.285054,1.284503,Markets,-5.50999999999968e-04,43,30-90 Days
SWPIBQHY8NKKQCV,2025-11-05,2026-02-17,INR,USD,4534616.76,0.878108,0.879691,Markets,0.001583,104,90+ Days
SWPWZOG2SD1GV0G,2025-11-27,2025-12-14,CHF,GBP,3705391.49,0.744519,0.74722,Treasury,2.70099999999995e-03,17,0-30 Days
SWPXGPQETQWFO0R,2026-01-06,2026-02-28,JPY,USD,2020874.59,1.112779,1.115286,Investment Banking,2.50700000000004e-03,53,30-90 Days
SWPE18RU2NEE27G,2025-11-14,2026-04-11,GBP,CAD,18912104.92,1.331478,1.33129,Markets,-1.87999999999855e-04,148,90+ Days
SWPPZ0MTMVLYVAJ,2026-01-28,2026-02-11,JPY,CAD,4435347.2,1.497968,1.499416,Investment Banking,1.44800000000012e-03,14,0-30 Days
SWPSRJGYZHU68V3,2025-12-11,2026-03-13,EUR,JPY,2073823.17,1.25814,1.256722,Treasury,-1.41800000000014e-03,92,90+ Days
SWPACRLGD368L66,2025-11-18,2026-03-05,INR,EUR,5965047.9,1.409203,1.411985,Markets,2.78200000000006e-03,107,90+ Days
SWPI57MQDQZHD2X,2025-11-04,2025-12-09,CAD,EUR,1868608.5,1.3823,1.386131,Treasury,3.83099999999992e-03,35,30-90 Days
SWPQT72UDG8NZIP,2026-01-14,2026-04-25,GBP,USD,1936118.76,1.214173,1.214715,Treasury,5.42000000000042e-04,101,90+ Days
SWPIVCNTNSPVCWP,2025-12-23,2026-05-08,AUD,GBP,1928787.48,0.882456,0.883667,Markets,1.21099999999996e-03,136,90+ Days
SWP6VIIIO0HAQMW,2025-12-23,2026-02-21,CAD,USD,4624057.81,1.447272,1.45094,Treasury,0.003668,60,30-90 Days
SWPNKIZ39HZDHNS,2026-01-09,2026-05-07,CHF,EUR,3346936.74,1.424124,1.423339,Investment Banking,-7.85000000000036e-04,118,90+ Days
SWPQH1B04GO7QT9,2025-12-01,2026-03-07,CAD,GBP,6369901.4,0.552992,0.55268,Investment Banking,-3.1200000000009e-04,96,90+ Days
SWPFP3YQOBSIWTK,2025-11-25,2026-04-07,AUD,USD,8708328.83,0.907563,0.909323,Treasury,1.75999999999998e-03,133,90+ Days
SWPSMSXIZQAFJFP,2026-01-24,2026-02-15,AUD,JPY,3979412.25,1.299211,1.296857,Treasury,-2.35399999999997e-03,22,0-30 Days
SWP2W28PYEEKVRI,2025-11-10,2025-12-15,JPY,EUR,14796933.77,1.281615,1.283023,Treasury,1.40800000000008e-03,35,30-90 Days
SWPXVSVFLXG2I6F,2025-12-22,2026-06-14,CAD,EUR,2699997.44,1.056822,1.058118,Treasury,1.29599999999996e-03,174,90+ Days
SWP9TFQP40R938E,2026-01-02,2026-06-27,EUR,JPY,15589673.2,1.246406,1.246094,Investment Banking,-3.11999999999868e-04,176,90+ Days
SWP101RGTGBRHQN,2025-12-13,2026-01-26,GBP,AUD,5823999.41,0.52498,0.526819,Markets,1.83900000000004e-03,44,30-90 Days
SWPC3Y4MCDD7ZBM,2025-12-05,2026-03-20,EUR,GBP,2517029.37,0.873852,0.872647,Markets,-1.20500000000001e-03,105,90+ Days
SWPMTURVY45W8Y7,2026-01-17,2026-06-22,USD,EUR,9809881.69,1.144509,1.146784,Investment Banking,2.27500000000003e-03,156,90+ Days
SWP476JMJF9A4HS,2026-01-30,2026-04-13,AUD,JPY,4895182.94,1.143632,1.142625,Investment Banking,-1.00699999999998e-03,73,30-90 Days
SWPC0G3LKYLWCIW,2026-02-16,2026-04-11,INR,GBP,7310995.52,0.615966,0.617138,Investment Banking,1.17199999999995e-03,54,30-90 Days
SWPTNN8GNADD7J7,2025-11-16,2025-12-31,INR,CHF,3312581.74,0.718087,0.717304,Investment Banking,-7.82999999999978e-04,45,30-90 Days
SWPHBMX5BLGTKZQ,2026-02-08,2026-04-24,CAD,EUR,1664630.46,0.885085,0.88711,Investment Banking,2.02499999999994e-03,75,30-90 Days
SWPVX98L3IT71RR,2025-10-28,2026-01-19,CHF,INR,2956493.15,0.50524,0.50527,Treasury,2.99999999999745e-05,83,30-90 Days
SWP14DL9WE4KIHX,2026-02-08,2026-04-16,AUD,CHF,2217964.79,0.549574,0.549827,Markets,2.52999999999948e-04,67,30-90 Days
SWPHDWJ5YZSII56,2025-11-24,2026-05-11,GBP,AUD,3657945.62,1.283208,1.281613,Investment Banking,-1.59500000000001e-03,168,90+ Days
SWPKMIC9A2E213D,2025-11-25,2026-03-16,AUD,INR,6312237.76,0.890409,0.891018,Investment Banking,6.08999999999971e-04,111,90+ Days
SWPI305PIAUYJ5V,2026-01-27,2026-02-14,CAD,INR,5931749.98,1.448243,1.449162,Treasury,9.19000000000114e-04,18,0-30 Days
SWP19FZHUXHDJ7Z,2025-12-11,2026-01-12,INR,AUD,4949732.07,1.148556,1.148381,Investment Banking,-1.74999999999814e-04,32,30-90 Days
SWPFVCHS0M5EHGG,2025-11-15,2026-04-17,USD,AUD,1515152.98,1.030251,1.031298,Investment Banking,1.04700000000002e-03,153,90+ Days
SWP5IXUTJA5CCVY,2026-02-13,2026-04-08,USD,JPY,9437065.47,0.62832,0.62965,Treasury,1.33000000000005e-03,54,30-90 Days
SWPU5WD0JCZSTSB,2025-10-29,2025-11-12,EUR,CAD,1053421.63,1.147443,1.149978,Treasury,2.53499999999995e-03,14,0-30 Days
SWPMY3PRKMLPRE0,2025-10-28,2026-01-03,USD,JPY,2936945.47,1.248943,1.25098,Treasury,2.03700000000007e-03,67,30-90 Days
SWP0G24ARHUGA4U,2025-11-01,2025-12-05,INR,JPY,938687.83,0.876373,0.875024,Treasury,-1.34899999999993e-03,34,30-90 Days
SWPF094S429MAWW,2026-02-08,2026-03-01,USD,GBP,950050.4,1.403055,1.407012,Treasury,3.95699999999999e-03,21,0-30 Days
SWPG9Y9XL3PGOTB,2025-10-26,2026-02-18,CAD,GBP,7900393.01,0.763919,0.765481,Treasury,1.56199999999995e-03,115,90+ Days
SWPFNWR7MJOLCSS,2025-12-20,2026-05-06,CAD,EUR,1255102.51,1.256434,1.253815,Investment Banking,-2.61900000000015e-03,137,90+ Days
SWPIHSBB8232YNB,2026-01-17,2026-06-07,EUR,GBP,6334978.68,0.933926,0.935001,Markets,1.07499999999994e-03,141,90+ Days
SWPXGIP14RPUYH6,2025-11-23,2026-02-13,JPY,INR,2034445.39,1.159191,1.160966,Investment Banking,1.77499999999986e-03,82,30-90 Days
SWP4517G5SPQ3UX,2025-12-20,2026-02-05,USD,EUR,2727608.78,1.136634,1.139572,Investment Banking,2.93800000000011e-03,47,30-90 Days
SWPDZ32X52WQ1J6,2026-02-02,2026-07-23,INR,USD,2889225.58,0.578398,0.579316,Markets,9.18000000000085e-04,171,90+ Days
SWPKLMDIFJODI96,2025-11-25,2026-04-28,CAD,GBP,2050841.27,1.030911,1.030024,Treasury,-8.8699999999986e-04,154,90+ Days
SWPUTQ51HFTHDSK,2026-01-12,2026-03-21,AUD,CHF,3897250.17,0.908581,0.908111,Treasury,-4.6999999999997e-04,68,30-90 Days
SWPG64UTXNDZY4M,2026-02-15,2026-03-25,CAD,AUD,4482157.69,0.928438,0.932393,Markets,3.95500000000004e-03,38,30-90 Days
SWPV3T186VFZL05,2026-01-17,2026-03-15,EUR,GBP,15083087.07,1.412517,1.418375,Investment Banking,5.85799999999992e-03,57,30-90 Days
SWP1U5NMN38ZKBQ,2026-01-01,2026-05-19,CHF,JPY,651660.76,1.48152,1.479965,Markets,-1.55499999999997e-03,138,90+ Days
SWP9UO7V4DDPAFZ,2025-12-16,2026-02-06,AUD,CHF,13920207.13,1.00253,1.003935,Treasury,1.4050000000001e-03,52,30-90 Days
SWP8DL7J7N91FBQ,2025-11-20,2025-12-14,INR,GBP,2867643.08,1.100235,1.099992,Treasury,-2.42999999999993e-04,24,0-30 Days
SWPXVFXOTMGEG8K,2026-01-26,2026-03-10,CAD,JPY,6938955.74,1.108139,1.105901,Treasury,-2.23799999999996e-03,43,30-90 Days
SWP3ALXMEPYP41C,2026-02-16,2026-03-20,AUD,EUR,9200637.58,1.119002,1.11669,Investment Banking,-2.31200000000009e-03,32,30-90 Days
SWPG34F1CE272WN,2025-10-29,2026-03-22,EUR,GBP,3827391.72,1.230418,1.229485,Treasury,-9.33000000000073e-04,144,90+ Days
SWP9KJL4TMB9CT9,2025-10-30,2026-04-16,INR,USD,4731092.33,0.969821,0.971419,Markets,1.59799999999999e-03,168,90+ Days
SWP2D1HQ1JVB7UN,2026-02-18,2026-05-16,CHF,GBP,2036081.38,0.641342,0.640526,Treasury,-8.15999999999928e-04,87,30-90 Days
SWP9KL441A4S132,2025-12-18,2026-05-31,AUD,JPY,12148521.63,1.229007,1.235184,Markets,6.1770000000001e-03,164,90+ Days
SWPHA4UA9YPND4J,2026-01-27,2026-07-14,CAD,EUR,7139228.56,1.192202,1.18921,Markets,-2.99199999999988e-03,168,90+ Days
SWPXK9TF9YMER22,2026-01-11,2026-06-22,INR,CAD,5043389.09,1.424864,1.43089,Markets,6.02600000000009e-03,162,90+ Days
SWPJ72VWGE6MREF,2025-12-30,2026-01-22,JPY,INR,1984143.09,0.654044,0.656323,Treasury,2.27900000000003e-03,23,0-30 Days
SWPZDA4Q31OYNU7,2026-01-24,2026-02-08,USD,EUR,13588517.47,0.837231,0.837953,Investment Banking,0.000722,15,0-30 Days
SWPQ3JTUHB9H0MG,2025-11-01,2026-04-10,INR,EUR,6452059.21,1.298043,1.297072,Treasury,-9.71000000000055e-04,160,90+ Days
SWP7RFEG2TL7G4R,2025-11-09,2026-03-29,CHF,EUR,1782642.84,0.649937,0.648808,Treasury,-1.12899999999994e-03,140,90+ Days
SWPUA40Z4MO61BX,2026-01-02,2026-06-16,JPY,GBP,1804109.19,0.853696,0.854414,Treasury,7.17999999999996e-04,165,90+ Days
SWP057J6XIK9OBX,2026-01-22,2026-05-01,JPY,INR,1358567.68,1.167533,1.171795,Markets,4.26199999999999e-03,99,90+ Days
SWPCX58FIHTYTPU,2025-11-10,2026-01-23,USD,AUD,1478610.95,1.168523,1.169731,Treasury,1.2080000000001e-03,74,30-90 Days
SWPQIMRPRPR1RRX,2025-12-13,2026-06-03,INR,JPY,6030999.72,1.39001,1.390886,Markets,8.76000000000099e-04,172,90+ Days
SWPB57XEXRH6REH,2026-01-17,2026-06-25,JPY,CHF,5437382.0,0.500037,0.499448,Treasury,-5.88999999999951e-04,159,90+ Days
SWPFQWQHGXTO5AN,2025-12-04,2026-03-03,GBP,CAD,4345692.09,1.039085,1.043374,Markets,4.28899999999999e-03,89,30-90 Days
SWPW6IFNQ5AETVW,2025-11-12,2026-02-03,CHF,INR,6337977.46,1.34733,1.347956,Investment Banking,6.26000000000015e-04,83,30-90 Days
SWP3KMZLP05YB1U,2025-11-14,2025-12-22,JPY,EUR,2526459.59,0.878993,0.88308,Investment Banking,4.08699999999995e-03,38,30-90 Days
SWPU3AYT6FU91QC,2025-12-03,2026-03-04,GBP,CAD,2822503.62,0.522643,0.522376,Treasury,-2.67000000000017e-04,91,90+ Days
SWP114257T19PN2,2026-01-24,2026-07-12,INR,GBP,2841829.92,1.15453,1.154788,Investment Banking,2.57999999999869e-04,169,90+ Days
SWPQOT89CIY3WAU,2025-11-24,2026-02-07,GBP,EUR,6994649.86,0.60897,0.608562,Investment Banking,-4.07999999999964e-04,75,30-90 Days
SWP8VPVJZV0OWK3,2026-01-26,2026-07-14,GBP,INR,5498743.82,0.997817,1.000758,Markets,2.94100000000008e-03,169,90+ Days
SWPMRXS1QYAGGKT,2025-11-08,2026-03-06,JPY,INR,13358219.07,0.521164,0.521527,Investment Banking,3.63000000000002e-04,118,90+ Days
SWP3D4ZVNR1FNQI,2026-01-13,2026-04-30,JPY,AUD,8095583.97,0.688922,0.689196,Investment Banking,2.73999999999996e-04,107,90+ Days
SWP360H9FEOARSS,2026-01-09,2026-06-18,INR,USD,18623786.7,0.722281,0.722997,Investment Banking,7.1600000000005e-04,160,90+ Days
SWPAUQB87ARCBEU,2026-01-19,2026-04-29,GBP,USD,2897405.05,1.175352,1.178252,Treasury,2.90000000000012e-03,100,90+ Days
SWPDOTR2YWLLTCV,2025-12-24,2026-03-22,GBP,CHF,7060538.45,1.458589,1.458132,Markets,-4.5699999999993e-04,88,30-90 Days
SWPEEG2551TVP2G,2025-12-07,2026-02-23,USD,CAD,694039.74,0.662042,0.660282,Investment Banking,-1.75999999999998e-03,78,30-90 Days
SWP5A4Z51J4J6MX,2026-01-23,2026-03-25,AUD,CAD,2476528.11,1.324369,1.323543,Investment Banking,-8.25999999999993e-04,61,30-90 Days
SWPL7GDLP5FIQUD,2025-12-20,2026-03-17,AUD,USD,4305109.75,0.881269,0.886176,Treasury,4.90699999999999e-03,87,30-90 Days
SWPY4ZKXP25ZFFF,2025-10-31,2025-12-21,CAD,JPY,5672498.62,1.320678,1.314287,Treasury,-6.39100000000004e-03,51,30-90 Days
SWP2DL223MM51Q0,2026-01-04,2026-01-15,EUR,INR,2375868.03,1.086852,1.088723,Investment Banking,1.87100000000018e-03,11,0-30 Days
SWP01QRN96E8HYW,2025-12-30,2026-02-15,EUR,USD,2089567.81,1.135936,1.13902,Markets,3.08399999999986e-03,47,30-90 Days
SWPUAIKMB3LG3A8,2026-01-28,2026-06-01,USD,CHF,4346148.05,0.597577,0.598096,Treasury,5.18999999999936e-04,124,90+ Days
SWPXCMCWTQ5MBGC,2025-11-25,2025-12-11,EUR,USD,7037590.76,1.245386,1.244511,Investment Banking,-8.75000000000181e-04,16,0-30 Days
SWPBIC88613I0BJ,2025-10-28,2025-11-15,EUR,AUD,1331276.3,0.600666,0.600875,Treasury,2.09000000000015e-04,18,0-30 Days
SWPRYDKD0PZV1KR,2025-11-18,2026-05-06,EUR,JPY,2687364.99,1.456879,1.460749,Investment Banking,3.87000000000004e-03,169,90+ Days
SWP5PPGE0HDBRXB,2025-11-20,2026-01-10,CAD,CHF,3527923.55,1.306804,1.305528,Treasury,-1.27600000000005e-03,51,30-90 Days
SWPBSSZVAK25F3V,2025-12-24,2026-04-21,EUR,CAD,14890627.38,1.222315,1.222657,Treasury,3.42000000000064e-04,118,90+ Days
SWPSQO5PRBFPE4K,2025-12-22,2026-01-01,INR,USD,2330102.06,0.975468,0.976194,Markets,7.26000000000004e-04,10,0-30 Days
SWPXMIIO72WDWBX,2025-12-29,2026-03-12,INR,EUR,2153303.75,0.928944,0.928982,Markets,3.79999999999825e-05,73,30-90 Days
SWPBQJ083HSFUH6,2026-01-11,2026-04-15,CAD,JPY,3314233.98,0.768682,0.768223,Investment Banking,-4.58999999999987e-04,94,90+ Days
SWP8C9MMHDRTSGO,2025-11-03,2025-11-21,EUR,AUD,548167.11,0.989635,0.991097,Markets,1.46199999999996e-03,18,0-30 Days
SWPGV5SDPBOGT5P,2025-12-11,2026-04-06,GBP,EUR,7749839.87,1.052445,1.052592,Treasury,1.46999999999897e-04,116,90+ Days
SWPOMITR4WDXQZO,2025-12-12,2026-06-10,CHF,USD,1154127.68,1.32964,1.331605,Markets,1.96499999999999e-03,180,90+ Days
SWPLBAWHI2AV26W,2026-02-16,2026-06-21,EUR,GBP,1710125.52,1.287107,1.285352,Treasury,-1.75499999999995e-03,125,90+ Days
SWP80V1VYSSQLC0,2026-02-06,2026-06-08,GBP,CAD,1017622.57,0.811645,0.815042,Investment Banking,3.39700000000009e-03,122,90+ Days
SWPMHNS4GYZ8VBP,2025-12-11,2026-05-15,JPY,GBP,1873837.54,1.056022,1.057167,Investment Banking,1.14499999999995e-03,155,90+ Days
SWPG83TAXEN9PLR,2026-02-05,2026-04-24,USD,INR,9262126.26,1.272423,1.276853,Treasury,4.42999999999993e-03,78,30-90 Days
SWP50I7WFVUDR7S,2025-12-12,2026-04-11,INR,CAD,3621513.34,0.592704,0.591257,Investment Banking,-1.44699999999998e-03,120,90+ Days
SWPKS9Q1W06CNXE,2026-01-09,2026-05-15,CAD,CHF,2071360.34,1.268374,1.269997,Treasury,1.62300000000015e-03,126,90+ Days
SWPI6N924H5JM99,2026-01-23,2026-02-17,EUR,AUD,3305814.63,0.635436,0.635376,Markets,-5.9999999999949e-05,25,0-30 Days
SWP6FGMFQ9T8AWU,2025-12-04,2026-03-22,CAD,INR,9132110.48,1.007332,1.005761,Treasury,-1.57099999999999e-03,108,90+ Days
SWP0DQL6WSOQVGD,2025-11-10,2026-01-25,JPY,CHF,1965183.46,1.442436,1.438805,Treasury,-3.63100000000016e-03,76,30-90 Days
SWPJEDFH66WN3K7,2025-12-26,2026-01-08,EUR,CAD,2040147.06,1.311682,1.314582,Markets,2.8999999999999e-03,13,0-30 Days
SWPF0DB150QFCDE,2025-12-08,2026-01-09,JPY,USD,1297450.64,1.36182,1.365626,Investment Banking,3.80599999999998e-03,32,30-90 Days
SWPNKEYHBJ1WYAH,2026-01-30,2026-02-24,USD,CHF,11208388.19,0.945191,0.949807,Treasury,4.61599999999995e-03,25,0-30 Days
SWP4ZJ3H8RKDOCR,2025-11-25,2026-02-13,INR,EUR,3402158.32,0.700352,0.699528,Treasury,-8.23999999999936e-04,80,30-90 Days
SWP26XFGDQX2GSW,2026-02-14,2026-06-20,USD,EUR,2506502.0,1.235572,1.241709,Investment Banking,6.13700000000006e-03,126,90+ Days
SWPN7J1I4F892PY,2026-01-02,2026-01-29,INR,CHF,1071976.87,0.997738,0.998566,Investment Banking,8.2799999999994e-04,27,0-30 Days
SWPY6PNV6MRRIFG,2025-12-16,2026-02-05,CAD,USD,6376295.41,0.665046,0.665528,Investment Banking,4.81999999999982e-04,51,30-90 Days
SWPUUOYC648TVY9,2026-01-03,2026-03-05,JPY,AUD,10469940.05,0.816946,0.818162,Treasury,1.21599999999999e-03,61,30-90 Days
SWP4WBE0JU6M948,2025-11-18,2026-03-04,AUD,JPY,2122298.46,0.637522,0.637748,Treasury,2.25999999999948e-04,106,90+ Days
SWPMS1NVCO5EN2N,2025-12-28,2026-02-01,AUD,JPY,2770428.41,1.264752,1.262638,Markets,-2.11400000000017e-03,35,30-90 Days
SWP2E7NYDN2IPMD,2025-11-11,2025-12-14,CAD,JPY,1966067.02,0.538973,0.5381,Treasury,-8.73000000000013e-04,33,30-90 Days
SWPMOFDAQOYT1TM,2025-11-07,2026-03-10,EUR,INR,1537321.6,1.448879,1.452183,Investment Banking,3.30399999999997e-03,123,90+ Days
SWPPKJZDQIIMXET,2026-01-11,2026-04-29,INR,CHF,2678592.46,0.729066,0.730429,Investment Banking,0.001363,108,90+ Days
SWPPOXFNZ4JFC2J,2026-01-08,2026-02-01,CHF,JPY,4222080.69,0.735843,0.734273,Investment Banking,-1.57000000000007e-03,24,0-30 Days
SWP3XK3ZK9J4JFE,2025-12-19,2025-12-28,JPY,USD,5516860.1,1.213507,1.212989,Markets,-5.17999999999796e-04,9,0-30 Days
SWPESB1XH8LI6G2,2025-12-07,2026-06-02,CHF,GBP,1351724.67,0.551858,0.552381,Investment Banking,5.23000000000051e-04,177,90+ Days
SWPGDAU3R8IOYET,2026-02-02,2026-07-13,USD,GBP,3323675.98,0.903946,0.905166,Treasury,0.00122,161,90+ Days
SWPGB58WVCCEKBP,2026-01-23,2026-07-11,CAD,USD,1974264.21,1.426654,1.429057,Investment Banking,2.40299999999993e-03,169,90+ Days
SWPLDVB7RF8YA1Y,2025-12-21,2026-05-17,AUD,GBP,704222.86,1.388396,1.389732,Markets,0.001336,147,90+ Days
SWPL9O9YYUPWOUV,2026-01-01,2026-05-04,JPY,GBP,1398036.09,0.890847,0.891322,Treasury,4.74999999999892e-04,123,90+ Days
SWPBT1PFHNTQZK8,2025-11-06,2025-12-31,AUD,JPY,5784856.11,0.922545,0.925886,Markets,3.34100000000004e-03,55,30-90 Days
SWP0U7ODRWJSDOD,2026-01-20,2026-06-06,USD,EUR,1344918.79,1.28609,1.288344,Investment Banking,2.25399999999998e-03,137,90+ Days
SWPO50SIF4L88W3,2026-01-24,2026-03-27,CHF,JPY,11272643.25,0.730915,0.731596,Investment Banking,6.81000000000043e-04,62,30-90 Days
SWPAML4DP9CN5NU,2025-10-29,2026-02-06,JPY,EUR,5961156.7,0.857093,0.858174,Treasury,0.001081,100,90+ Days
SWPG8FB67IIIMVI,2026-02-09,2026-07-29,JPY,CHF,2882175.75,1.175677,1.178955,Investment Banking,3.27799999999989e-03,170,90+ Days
SWPI07QVGWTP7JO,2026-01-04,2026-06-26,EUR,CAD,4812569.6,0.98707,0.989436,Investment Banking,2.36599999999998e-03,173,90+ Days
SWPWGFCISF9UNTL,2025-12-08,2026-05-04,USD,CHF,2724925.14,0.930627,0.931503,Markets,8.75999999999988e-04,147,90+ Days
SWP16HTTX5SCH98,2025-12-11,2026-01-14,USD,INR,1943753.26,1.455903,1.457107,Markets,1.20399999999998e-03,34,30-90 Days
SWPO7ZNMDQR6RL2,2025-12-09,2026-06-03,EUR,CAD,2951576.89,1.31382,1.319754,Treasury,5.93400000000011e-03,176,90+ Days
SWPL82KILHUBD5U,2025-11-15,2026-01-17,CHF,INR,1986352.72,1.359599,1.359312,Markets,-2.86999999999926e-04,63,30-90 Days
SWPTWLP3LGUWF2X,2026-01-29,2026-06-22,EUR,AUD,1501684.77,1.246226,1.244055,Investment Banking,-2.17100000000015e-03,144,90+ Days
SWPMUM6N7JXIKHX,2025-12-26,2026-03-25,USD,CAD,8626568.85,1.112723,1.115982,Investment Banking,3.25900000000012e-03,89,30-90 Days
SWPAEQ230H0AOG8,2025-12-01,2026-05-24,AUD,INR,3870563.36,1.256961,1.262078,Investment Banking,5.11700000000004e-03,174,90+ Days
SWPOEPQS44J1FR9,2025-12-24,2026-02-03,GBP,JPY,3910411.24,0.506228,0.505674,Investment Banking,-5.54000000000054e-04,41,30-90 Days
SWPNG984AB4O4YQ,2025-12-29,2026-05-17,AUD,JPY,11646472.53,1.117956,1.11823,Treasury,2.74000000000107e-04,139,90+ Days
SWP12EHC0N4BLFC,2025-11-23,2025-12-08,CAD,USD,1945297.76,1.175327,1.174259,Markets,-1.06800000000007e-03,15,0-30 Days
SWPHOFJA0ERIWG8,2025-11-07,2026-02-11,INR,CAD,3163967.95,1.145453,1.144497,Markets,-9.55999999999957e-04,96,90+ Days
SWPVB92SKVT73LJ,2026-02-14,2026-03-10,GBP,AUD,2668310.75,0.604584,0.60441,Investment Banking,-1.74000000000007e-04,24,0-30 Days
SWPSK603SGKZT05,2026-01-30,2026-07-10,CHF,JPY,1257085.54,0.851203,0.851022,Markets,-1.81000000000098e-04,161,90+ Days
SWP6WSL71NRHMHQ,2025-12-03,2026-05-03,JPY,CAD,1596183.77,1.010081,1.010693,Markets,6.12000000000057e-04,151,90+ Days
SWP0QVCJH9KT83F,2025-12-08,2026-01-22,EUR,INR,6821097.35,1.3501,1.356662,Investment Banking,6.56199999999996e-03,45,30-90 Days
SWPOXNEDNIT5MC9,2026-02-09,2026-02-26,EUR,JPY,7055697.95,0.548056,0.548064,Markets,8.000000000008e-06,17,0-30 Days
SWPEH6P1Z3PGLY8,2025-11-03,2026-02-14,USD,INR,2208478.21,0.669447,0.672075,Investment Banking,2.62799999999996e-03,103,90+ Days
SWPKS2C8ZGQO80D,2026-02-07,2026-05-18,GBP,JPY,3491488.07,1.036313,1.038402,Treasury,2.08900000000001e-03,100,90+ Days
SWPE46FOI8ZMGK9,2025-12-04,2026-02-26,INR,CAD,17817678.78,1.166835,1.171008,Markets,4.17299999999998e-03,84,30-90 Days
SWP65TO6QHASQA8,2026-01-02,2026-02-16,AUD,JPY,4090487.86,1.03751,1.038352,Investment Banking,8.42000000000009e-04,45,30-90 Days
SWP5LT8E7SF5CKT,2025-12-22,2026-04-19,JPY,CHF,2794736.63,0.532443,0.533131,Markets,6.88000000000022e-04,118,90+ Days
SWP3QG4UV0SKURF,2026-02-18,2026-07-20,USD,CAD,1596597.19,1.421729,1.422287,Investment Banking,5.58000000000058e-04,152,90+ Days
SWPU3OEE8N7UXOI,2025-12-28,2026-04-11,EUR,JPY,3596425.54,0.902695,0.906268,Investment Banking,3.57299999999994e-03,104,90+ Days
SWPZD0ZAMLQY0KQ,2025-11-22,2026-05-05,JPY,USD,6036271.73,1.082662,1.085537,Treasury,2.87499999999996e-03,164,90+ Days
SWPGQ08E5Z6WGHK,2025-12-12,2026-03-08,USD,JPY,2583514.41,1.07267,1.071148,Investment Banking,-1.52200000000002e-03,86,30-90 Days
SWP7X59S78N2OFH,2025-12-03,2025-12-19,AUD,CAD,5109601.74,1.448121,1.44847,Treasury,3.48999999999933e-04,16,0-30 Days
SWP3BC25VHBOWZ2,2025-11-07,2026-02-19,CHF,USD,5389627.33,0.82222,0.824908,Treasury,2.68800000000002e-03,104,90+ Days
SWPA8CYER4LD4T8,2026-01-07,2026-05-26,GBP,CHF,7653743.9,0.603947,0.603186,Treasury,-7.61000000000012e-04,139,90+ Days
SWP14ROW4DPNTOC,2026-01-31,2026-04-11,EUR,INR,398863.56,0.945861,0.945807,Treasury,-5.39999999999985e-05,70,30-90 Days
SWPNFDGUQ5DRCRU,2025-12-05,2026-04-21,CAD,AUD,4416207.36,0.876149,0.876808,Markets,6.59000000000076e-04,137,90+ Days
SWPRG0LQNB2JAQG,2026-01-22,2026-02-09,INR,EUR,5882756.84,0.889257,0.888911,Treasury,-3.45999999999957e-04,18,0-30 Days
SWPTSUQMEO3N7CN,2026-01-09,2026-05-08,CAD,GBP,2414577.07,1.086629,1.088996,Investment Banking,2.36700000000001e-03,119,90+ Days
SWPV5RHMZDWKZRP,2026-01-02,2026-02-14,JPY,EUR,3039968.65,1.424637,1.426375,Investment Banking,1.73800000000002e-03,43,30-90 Days
SWPSVYOTADMAC3N,2026-02-04,2026-05-24,AUD,GBP,3159249.57,0.63402,0.634223,Investment Banking,2.02999999999953e-04,109,90+ Days
SWPZ3NVZXYIX4WY,2025-12-23,2026-05-05,GBP,CAD,1979720.69,0.892526,0.893841,Investment Banking,1.31499999999996e-03,133,90+ Days
SWPZJW3TPK6MXFF,2026-02-09,2026-05-05,JPY,INR,2662992.83,1.173175,1.174822,Markets,1.64699999999995e-03,85,30-90 Days
SWPTRYW0HTETGZB,2025-12-10,2026-01-18,AUD,CHF,2494903.6,0.72002,0.719797,Markets,-2.22999999999973e-04,39,30-90 Days
SWPKTBLP98X3V9U,2025-10-30,2026-04-26,CAD,USD,3251837.38,1.335396,1.339861,Investment Banking,4.46499999999994e-03,178,90+ Days
SWP9TZU4BZ75YMH,2025-11-01,2025-12-01,USD,EUR,533892.75,0.925258,0.924604,Investment Banking,-6.54000000000043e-04,30,0-30 Days
SWPDVKTB1IBW40N,2025-11-05,2026-03-16,AUD,JPY,537651.34,0.98591,0.98544,Markets,-4.6999999999997e-04,131,90+ Days
SWP5WFASBI3RAOO,2025-12-24,2026-06-21,EUR,GBP,8302923.87,0.980371,0.981277,Investment Banking,9.05999999999962e-04,179,90+ Days
SWPADR01RQSVC58,2025-12-02,2026-03-24,INR,CAD,7775869.7,1.085977,1.085796,Investment Banking,-1.80999999999987e-04,112,90+ Days
SWP1QSBQB1KDO3P,2026-02-08,2026-04-01,CHF,EUR,2273943.55,1.224744,1.226105,Investment Banking,1.36099999999995e-03,52,30-90 Days
SWPWYXVQFTHJT53,2026-02-04,2026-07-11,CHF,USD,7701048.71,1.4885,1.49296,Treasury,4.46000000000013e-03,157,90+ Days
SWP3PS0KESXMALX,2026-02-18,2026-05-05,EUR,AUD,894578.24,0.982503,0.982223,Investment Banking,-2.80000000000058e-04,76,30-90 Days
SWPWY3ZKZ8C98MO,2025-11-30,2026-04-21,USD,JPY,4915575.1,1.0148,1.01419,Investment Banking,-6.09999999999999e-04,142,90+ Days
SWPHLJTHN43UDAU,2025-11-05,2025-12-17,USD,CAD,12284859.97,0.869344,0.870613,Investment Banking,1.26899999999996e-03,42,30-90 Days
SWPU90GG9VLJET3,2025-11-11,2026-03-09,GBP,INR,1999454.12,0.631526,0.631988,Investment Banking,4.61999999999962e-04,118,90+ Days
SWPBKX7I31FGDQ8,2026-01-29,2026-04-13,JPY,USD,1057336.08,0.91178,0.911725,Markets,-5.50000000000272e-05,74,30-90 Days
SWPIAH2OE6WGZ32,2025-11-24,2026-04-09,USD,JPY,1918943.65,0.789481,0.790148,Markets,6.66999999999973e-04,136,90+ Days
SWP3VHA98SUT03W,2025-12-11,2026-04-25,GBP,AUD,14035286.25,0.984064,0.985951,Investment Banking,1.88699999999997e-03,135,90+ Days
SWPL4JKJM9F76J0,2026-01-22,2026-02-20,AUD,USD,1957864.82,1.403426,1.40147,Treasury,-1.95600000000007e-03,29,0-30 Days
SWPMIEC1LLHHX0Q,2025-12-07,2026-02-02,GBP,INR,2930180.05,0.568095,0.568047,Markets,-4.8000000000048e-05,57,30-90 Days
SWPKSXU3U3CS72Q,2026-01-04,2026-05-09,CHF,AUD,7054009.11,0.982669,0.983829,Investment Banking,1.15999999999994e-03,125,90+ Days
SWP2X3VMVB0HXBE,2025-12-21,2026-03-12,CAD,GBP,5995499.86,1.155845,1.15222,Treasury,-3.62499999999999e-03,81,30-90 Days
SWPD4UFZKWC9GOO,2026-01-31,2026-03-10,INR,CAD,1588599.96,1.085712,1.086054,Treasury,3.42000000000064e-04,38,30-90 Days
SWPCSM057C12I0N,2025-10-27,2026-03-20,AUD,INR,4756047.46,1.205245,1.210258,Investment Banking,5.01300000000016e-03,144,90+ Days
SWPPBG221FKPPFU,2025-11-01,2026-04-15,INR,GBP,1997908.93,0.947476,0.947471,Treasury,-5.00000000003276e-06,165,90+ Days
SWPBXC59BZBR0LD,2025-12-13,2026-02-22,GBP,CAD,812753.24,1.268813,1.267331,Treasury,-1.48199999999998e-03,71,30-90 Days
SWPI1YWLDTFXS2M,2026-01-15,2026-06-20,EUR,JPY,2104494.42,1.332189,1.33516,Markets,2.97099999999983e-03,156,90+ Days
SWP8TU53LJ3AQZU,2025-11-10,2026-04-07,INR,AUD,1518712.86,0.618629,0.618764,Markets,1.34999999999996e-04,148,90+ Days
SWPY451LVRR92QE,2026-01-10,2026-03-16,CAD,INR,6120978.78,1.320061,1.323816,Investment Banking,3.75500000000017e-03,65,30-90 Days
SWPSE7H6FX71F6W,2026-02-18,2026-03-12,USD,AUD,1721936.71,0.688221,0.688515,Markets,2.94000000000016e-04,22,0-30 Days
SWPRQBHEVVCP504,2025-11-19,2026-02-22,CHF,AUD,8585018.67,1.029792,1.032408,Investment Banking,2.61599999999995e-03,95,90+ Days
SWPQCXC8814T777,2025-11-30,2026-01-18,AUD,GBP,3725923.59,1.387412,1.386842,Markets,-5.70000000000181e-04,49,30-90 Days
SWP5NO0FR1MUEVG,2025-12-06,2026-02-15,AUD,INR,11356548.39,0.969303,0.970083,Markets,7.80000000000003e-04,71,30-90 Days
SWPZYAWGVF5GS5Z,2025-11-27,2025-12-11,AUD,GBP,6862527.8,0.627451,0.629413,Treasury,1.96200000000002e-03,14,0-30 Days
SWP40KL5YH4HSAY,2026-02-01,2026-07-07,EUR,AUD,1356441.21,1.261498,1.266052,Markets,4.55399999999995e-03,156,90+ Days
SWPGMA1BZ5PCTAR,2026-02-08,2026-03-31,EUR,INR,766691.63,1.237008,1.234934,Investment Banking,-2.07400000000013e-03,51,30-90 Days
SWP64HE0YN64E1L,2025-10-30,2026-02-02,CAD,AUD,6559938.09,0.992564,0.990473,Investment Banking,-2.09099999999995e-03,95,90+ Days
SWPELIXS81QS698,2026-01-12,2026-02-27,GBP,CAD,893178.73,0.663029,0.663988,Treasury,9.59000000000043e-04,46,30-90 Days
SWP1IE2WVYB72NB,2025-11-19,2026-02-28,AUD,EUR,3887907.21,1.247097,1.251003,Investment Banking,3.90600000000019e-03,101,90+ Days
SWPOPHGVPT89K6I,2026-01-30,2026-02-21,GBP,USD,2559140.95,0.761304,0.759836,Treasury,-1.46800000000002e-03,22,0-30 Days
SWPQ9OZAPPCIB44,2026-01-30,2026-06-29,USD,JPY,5873569.98,0.63688,0.636048,Treasury,-8.32000000000055e-04,150,90+ Days
SWPD04VKRMYGW3Z,2026-01-09,2026-05-19,EUR,CAD,913758.82,1.065197,1.064424,Investment Banking,-7.72999999999913e-04,130,90+ Days
SWP2PEJW3VDURY4,2025-11-22,2025-12-24,JPY,INR,3593168.29,0.754782,0.755187,Investment Banking,4.050000000001e-04,32,30-90 Days
SWP28BK2S2D5VCV,2025-11-01,2026-03-07,EUR,CHF,7450478.23,1.055752,1.05989,Investment Banking,4.13799999999998e-03,126,90+ Days
SWP8KAWTK8F6ZS6,2026-02-14,2026-06-16,EUR,CAD,3525699.97,1.201134,1.19995,Treasury,-1.18399999999985e-03,122,90+ Days
SWP9T57R4KMIKOF,2025-11-01,2026-01-18,CAD,CHF,1060770.63,0.919669,0.922448,Investment Banking,2.77900000000009e-03,78,30-90 Days
SWPNKR7SUH6REDC,2026-01-03,2026-05-29,CAD,EUR,4234990.24,1.482883,1.4883,Markets,5.41700000000001e-03,146,90+ Days
SWPELGAT9L871FS,2025-11-24,2026-01-14,INR,CAD,1871317.69,1.091066,1.096192,Markets,5.12599999999996e-03,51,30-90 Days
SWPW4SUGC3JC2FT,2026-02-13,2026-02-24,GBP,AUD,4134351.07,1.362985,1.365415,Treasury,2.43000000000015e-03,11,0-30 Days
SWPZQ3MM5164C5L,2026-02-15,2026-04-08,GBP,AUD,4866196.77,1.451495,1.454938,Treasury,3.44300000000008e-03,52,30-90 Days
SWPB8HJSB4CLW92,2025-12-14,2026-04-27,USD,CAD,1376388.54,0.763204,0.763413,Treasury,2.09000000000015e-04,134,90+ Days
SWPWK6PZ9N6358S,2026-02-05,2026-04-19,CHF,GBP,2660767.26,0.810396,0.809467,Markets,-9.28999999999958e-04,73,30-90 Days
SWPONU227TWBICI,2025-12-16,2026-04-04,CAD,USD,1018690.75,0.920545,0.920322,Treasury,-2.22999999999973e-04,109,90+ Days
SWPV5C2CHY15IL2,2025-11-29,2026-03-26,CAD,GBP,3097017.48,1.080566,1.080595,Markets,2.90000000000568e-05,117,90+ Days
SWPENDA05RL9OH9,2025-11-11,2026-02-05,INR,AUD,4309977.14,1.138021,1.137733,Markets,-2.87999999999844e-04,86,30-90 Days
SWPUNWUO2622JUP,2026-01-26,2026-03-31,EUR,AUD,3713224.47,0.514028,0.515654,Markets,1.62599999999991e-03,64,30-90 Days
SWPV2J6X6JE6G93,2025-12-24,2026-02-26,INR,JPY,3342100.76,1.248622,1.244387,Treasury,-4.23499999999999e-03,64,30-90 Days
SWPRKEBLSUPHCMV,2026-02-01,2026-03-28,JPY,AUD,5746261.2,0.525345,0.525156,Treasury,-1.88999999999995e-04,55,30-90 Days
SWPPQQLU21K4YKK,2025-11-12,2026-03-21,CAD,EUR,2688549.93,1.487971,1.490612,Markets,2.64100000000012e-03,129,90+ Days
SWPC8E2FY38DRUQ,2026-01-28,2026-03-09,GBP,JPY,2676492.53,0.936098,0.93635,Investment Banking,2.5200000000003e-04,40,30-90 Days
SWPQ81DD0CC7XPH,2026-01-06,2026-04-08,JPY,INR,3914269.69,0.625103,0.62559,Investment Banking,4.87000000000015e-04,92,90+ Days
SWPCXPG95V53PZT,2026-02-13,2026-07-07,INR,AUD,5848243.85,1.472076,1.47509,Treasury,3.01400000000007e-03,144,90+ Days
SWPTR2HZXBTNDXT,2025-11-06,2026-04-04,INR,JPY,4341533.27,1.218311,1.218922,Treasury,6.11000000000139e-04,149,90+ Days
SWPYL8K5GQNY55Q,2025-12-26,2026-05-15,JPY,INR,2528209.88,1.403685,1.40956,Treasury,5.87499999999985e-03,140,90+ Days
SWP4WJCJG9KQUSO,2025-12-25,2026-03-14,CAD,AUD,8686425.84,1.289644,1.290465,Markets,8.20999999999961e-04,79,30-90 Days
SWPYYX0JXW3TD97,2025-11-08,2025-12-30,USD,CHF,4570198.39,0.752738,0.755716,Markets,2.97800000000004e-03,52,30-90 Days
SWPC3F0LAJBXFWK,2025-10-29,2026-02-14,EUR,INR,1425212.97,1.376419,1.377537,Treasury,1.11799999999995e-03,108,90+ Days
SWPE8WCPZYAR3U4,2025-11-09,2026-04-19,INR,USD,5954916.78,1.192266,1.194032,Treasury,1.76599999999993e-03,161,90+ Days
SWP5UQ2UGDAK95H,2026-02-07,2026-04-22,AUD,INR,1417486.33,0.738557,0.738907,Markets,3.49999999999961e-04,74,30-90 Days
SWPMKQ55Q77R026,2026-01-09,2026-03-24,EUR,CAD,14690389.22,0.670453,0.671461,Investment Banking,1.00800000000001e-03,74,30-90 Days
SWP543OGP9AG9DO,2026-02-04,2026-06-22,GBP,INR,3930429.58,0.744943,0.744513,Markets,-4.30000000000041e-04,138,90+ Days
SWP7VH8914LR9PW,2025-10-29,2025-12-09,CAD,EUR,8327260.15,1.130241,1.128633,Investment Banking,-1.60800000000005e-03,41,30-90 Days
SWPI80DUCMJHYG7,2025-11-12,2026-04-09,GBP,AUD,1471125.87,0.547347,0.545826,Treasury,-1.52099999999999e-03,148,90+ Days
SWPIMHIKI8N2N07,2026-01-03,2026-05-13,EUR,CAD,13633602.41,1.202432,1.202161,Treasury,-2.7099999999991e-04,130,90+ Days
SWP4BLOZIT18SWY,2025-11-20,2026-02-13,EUR,CHF,1271054.85,1.157097,1.158001,Treasury,9.04000000000016e-04,85,30-90 Days
SWPX5U2FUDSIPLU,2026-02-20,2026-07-28,CAD,INR,3339799.71,1.341445,1.339168,Markets,-2.27700000000008e-03,158,90+ Days
SWPZFWXHUKPUWR3,2025-12-14,2026-05-06,USD,CAD,2182824.24,1.447208,1.450392,Investment Banking,3.18399999999985e-03,143,90+ Days
SWP49N98BK7RONP,2025-12-01,2026-01-24,CAD,USD,4659819.67,1.499334,1.497144,Markets,-2.18999999999991e-03,54,30-90 Days
SWPL32XAR11APFL,2025-11-10,2026-02-07,CAD,GBP,4544356.19,0.998869,0.998211,Markets,-6.58000000000047e-04,89,30-90 Days
SWPSY5W2LVFQRAM,2025-11-05,2025-11-29,GBP,AUD,5271026.83,1.476715,1.478215,Markets,1.50000000000006e-03,24,0-30 Days
SWP1K6TB2BRBSQV,2026-02-07,2026-08-01,INR,CAD,10191696.57,1.315977,1.321917,Investment Banking,5.94000000000006e-03,175,90+ Days
SWPLV6AJ80A0KAF,2025-11-22,2025-12-07,EUR,GBP,3234403.74,1.032754,1.033073,Investment Banking,3.18999999999958e-04,15,0-30 Days
SWP47EEMDFQLYK2,2026-01-15,2026-06-29,USD,JPY,685901.76,1.390877,1.391481,Treasury,6.04000000000049e-04,165,90+ Days
SWPZD0RB0N311BX,2026-01-02,2026-04-26,INR,AUD,2168680.6,1.138788,1.140706,Markets,1.91800000000009e-03,114,90+ Days
SWPCKU6TLX7ZMKC,2026-02-08,2026-02-24,EUR,GBP,15643236.47,1.007597,1.005729,Treasury,-1.86799999999998e-03,16,0-30 Days
SWPS9NAE2KWJLK0,2025-11-14,2026-04-29,USD,AUD,12765323.98,1.409121,1.413291,Treasury,4.17000000000001e-03,166,90+ Days
SWPJYWQIE0G2Q0V,2025-11-09,2026-02-03,JPY,CAD,16979797.2,1.224065,1.218379,Markets,-5.68599999999986e-03,86,30-90 Days
SWPVYPPJSAACO4C,2025-12-27,2026-06-20,EUR,INR,1687680.86,1.478676,1.478212,Treasury,-4.6400000000002e-04,175,90+ Days
SWPV39JUZUZQQGU,2025-12-18,2026-02-28,EUR,CHF,613731.32,1.23029,1.232619,Investment Banking,2.3289999999998e-03,72,30-90 Days
SWPZEYDSBTACK6Z,2025-12-26,2026-04-06,CAD,GBP,2074556.35,0.596609,0.595463,Treasury,-1.14599999999998e-03,101,90+ Days
SWPTQMP6AM48TQN,2026-02-02,2026-05-07,INR,CAD,3228094.59,0.776284,0.778569,Markets,2.28499999999998e-03,94,90+ Days
SWPG81V52FNDU36,2026-01-25,2026-05-23,CAD,USD,1446030.68,1.246915,1.246934,Markets,1.89999999999912e-05,118,90+ Days
SWP008MRRWHN03X,2025-10-28,2026-03-12,INR,USD,3103618.35,0.924261,0.922134,Investment Banking,-2.12699999999999e-03,135,90+ Days
SWP4HA9QJTBFJ0H,2026-01-05,2026-01-17,INR,JPY,1487799.35,0.656147,0.656148,Markets,9.99999999917733e-07,12,0-30 Days
SWPJBUZT14GUUGC,2025-10-31,2026-01-14,JPY,INR,1795950.12,1.027624,1.02975,Markets,2.12599999999985e-03,75,30-90 Days
SWPN6SXZOK26GJL,2026-02-13,2026-03-05,INR,CHF,4694845.17,1.435526,1.430565,Treasury,-4.96099999999999e-03,20,0-30 Days
SWPIZVXIANZMMCQ,2026-01-15,2026-06-19,CHF,AUD,5152201.15,1.198962,1.202424,Treasury,3.46199999999985e-03,155,90+ Days
SWPJUPHU7TVEEMJ,2025-12-16,2025-12-23,GBP,AUD,2438426.73,1.433095,1.43207,Markets,-1.02500000000005e-03,7,0-30 Days
SWPAAY263MCH6N4,2026-01-23,2026-03-20,EUR,CAD,1365403.26,1.405621,1.405614,Investment Banking,-7.00000000009027e-06,56,30-90 Days
SWP5B36S6ZEDOW8,2025-11-28,2026-05-07,EUR,JPY,7699679.39,0.921663,0.923047,Treasury,1.38399999999994e-03,160,90+ Days
SWPEIMLB5AQG6FJ,2025-12-06,2026-01-12,CHF,AUD,12230475.36,1.097837,1.096184,Investment Banking,-1.6529999999999e-03,37,30-90 Days
SWP230WCQRS1CNH,2025-11-20,2026-05-19,CHF,INR,2937073.32,1.492166,1.494629,Treasury,2.46299999999988e-03,180,90+ Days
SWPTZXCKROUND6E,2025-11-16,2026-05-04,CHF,INR,1490151.77,0.855938,0.857402,Investment Banking,1.46400000000002e-03,169,90+ Days
SWPIRLQ6KYZL3CT,2025-12-26,2026-02-01,INR,CAD,2172828.37,1.378911,1.384059,Markets,5.14799999999993e-03,37,30-90 Days
SWP6Y2AVDVQ6WRZ,2026-01-22,2026-04-03,INR,AUD,1174029.43,0.521997,0.522829,Investment Banking,8.31999999999944e-04,71,30-90 Days
SWPYDEGJVIWACB3,2025-12-10,2025-12-21,CAD,JPY,7940353.23,0.783949,0.78662,Markets,2.67099999999998e-03,11,0-30 Days
SWPSR95Z6RUOBI4,2025-12-02,2026-02-11,EUR,CAD,8032349.51,1.115957,1.114774,Treasury,-1.18300000000016e-03,71,30-90 Days
SWPXI4JAJERTMZS,2025-12-16,2026-04-22,GBP,AUD,6707398.43,0.717568,0.715757,Treasury,-1.81100000000001e-03,127,90+ Days
SWP3KJAJR7IJ5AT,2025-12-15,2026-02-10,CAD,AUD,1310381.23,0.847127,0.846928,Treasury,-1.98999999999949e-04,57,30-90 Days
SWPZRASIYWMHJ21,2025-11-08,2026-01-24,CHF,USD,4800527.44,0.80269,0.803495,Markets,8.04999999999945e-04,77,30-90 Days
SWPMXPSGPXIAANN,2026-01-16,2026-06-24,AUD,JPY,12106359.62,1.081889,1.083157,Treasury,1.26799999999982e-03,159,90+ Days
SWPMMJ1XJP3HG1S,2025-11-25,2026-01-23,JPY,CAD,1226229.39,1.277292,1.278082,Markets,7.89999999999846e-04,59,30-90 Days
SWPFKYU0ASXLQ28,2025-12-02,2025-12-14,EUR,JPY,9310726.06,0.739932,0.743242,Treasury,3.30999999999992e-03,12,0-30 Days
SWPZ087U3DBI9S7,2025-11-23,2026-02-17,CHF,EUR,14290275.16,1.485427,1.492192,Markets,6.76499999999991e-03,86,30-90 Days
SWPLVRPS075JUD2,2025-12-15,2026-05-02,USD,GBP,1281412.98,0.92401,0.922057,Treasury,-1.95299999999998e-03,138,90+ Days
SWPR6TLZP1JBP1D,2026-02-05,2026-06-19,EUR,AUD,714146.62,1.053586,1.052814,Treasury,-7.71999999999995e-04,134,90+ Days
SWP2X4FJ3BNX1J1,2025-11-07,2026-03-21,AUD,JPY,2105604.53,1.105218,1.105013,Treasury,-2.05000000000011e-04,134,90+ Days
SWPC2L2UO41O6NH,2026-02-15,2026-04-09,INR,AUD,2618590.82,0.917389,0.920522,Investment Banking,3.13299999999994e-03,53,30-90 Days
SWP1JV0HUTAF5Z8,2025-12-11,2026-06-08,INR,AUD,1027443.9,1.422117,1.423479,Treasury,1.36199999999986e-03,179,90+ Days
SWPVOUBN38FHHNW,2026-02-07,2026-03-26,CAD,USD,2571646.99,1.470139,1.471883,Investment Banking,1.74399999999997e-03,47,30-90 Days
SWP9PKP3HERZATO,2025-12-05,2026-02-04,CAD,INR,6674873.81,1.133707,1.133625,Treasury,-8.19999999999155e-05,61,30-90 Days
SWP52YKFBBDA7AX,2025-10-30,2026-04-02,INR,CHF,5261482.32,0.983668,0.985495,Investment Banking,1.82700000000002e-03,154,90+ Days
SWPUFPMQBTL9MUZ,2025-12-22,2026-02-02,CHF,INR,8412118.86,0.924965,0.925781,Treasury,8.15999999999928e-04,42,30-90 Days
SWPIZDXXVEUEXLZ,2025-12-18,2026-01-27,EUR,AUD,8643726.02,1.030466,1.027786,Treasury,-2.68000000000002e-03,40,30-90 Days
SWPPMJEUZNQOYAO,2025-11-12,2025-12-28,GBP,AUD,4757095.68,0.787054,0.786426,Treasury,-6.28000000000073e-04,46,30-90 Days
SWPETS2P6TQCOSG,2025-12-31,2026-06-08,EUR,JPY,964750.93,1.000739,0.99973,Treasury,-1.00900000000004e-03,159,90+ Days
SWPAGQ9VVB4YB80,2026-01-23,2026-04-17,AUD,JPY,1030324.91,0.961541,0.962405,Investment Banking,8.63999999999976e-04,84,30-90 Days
SWPIFKHC3HDG67D,2025-12-13,2026-01-05,USD,INR,2329260.27,1.23498,1.237607,Treasury,2.62699999999993e-03,23,0-30 Days
SWP0WZO0AYK9MBL,2025-11-01,2026-04-23,JPY,EUR,8114570.98,0.934208,0.936701,Investment Banking,2.49299999999997e-03,173,90+ Days
SWPYMN4PGFS8E9W,2025-11-04,2026-04-14,USD,CAD,4223384.75,0.907184,0.907366,Investment Banking,1.82000000000015e-04,161,90+ Days
SWPAJN96ZOLFMPR,2025-12-04,2026-01-09,JPY,EUR,3498752.21,0.909213,0.910778,Markets,1.56499999999993e-03,36,30-90 Days
SWP9I96QN76NQBP,2025-12-27,2026-03-20,CHF,CAD,7772379.96,1.499813,1.501643,Treasury,0.00183,83,30-90 Days
SWPL72YDM8NWAVJ,2026-02-18,2026-04-13,INR,JPY,2465180.43,0.632472,0.634279,Investment Banking,0.001807,54,30-90 Days
SWPWABIROM5J4RF,2025-11-04,2025-11-28,INR,EUR,5114384.42,1.456978,1.461604,Markets,4.6259999999998e-03,24,0-30 Days
SWPWISXHV870CJG,2025-12-08,2026-03-12,AUD,CAD,547545.36,1.298787,1.2991,Markets,3.13000000000008e-04,94,90+ Days
SWPEAELVZQZFIPT,2025-12-13,2026-05-25,INR,EUR,1480008.13,0.744641,0.744756,Markets,1.14999999999976e-04,163,90+ Days
SWP2H1UOE5VF1Z3,2026-01-21,2026-05-13,GBP,INR,5074254.52,1.173084,1.177719,Treasury,4.63499999999994e-03,112,90+ Days
SWP6CGEAW8ZCQG8,2026-01-18,2026-02-07,INR,USD,2155976.24,1.394514,1.396451,Markets,1.93700000000008e-03,20,0-30 Days
SWP30TV00PX36V4,2025-12-07,2025-12-28,CAD,USD,1535931.51,0.898793,0.897955,Treasury,-8.38000000000005e-04,21,0-30 Days
SWP57ABM008E8CM,2025-11-06,2025-12-28,AUD,GBP,2211407.74,0.858928,0.861713,Markets,2.78499999999993e-03,52,30-90 Days
SWPT2UA8A4QCVFS,2025-12-03,2026-01-30,GBP,JPY,4989910.31,1.03169,1.033066,Markets,1.37600000000004e-03,58,30-90 Days
SWPXMS86KP1W0WZ,2026-01-26,2026-05-13,EUR,GBP,3409061.73,0.908309,0.910506,Treasury,0.002197,107,90+ Days
SWP5LI8HNU0PUJJ,2025-11-09,2026-05-01,INR,GBP,4601043.09,1.334425,1.336318,Treasury,1.89299999999992e-03,173,90+ Days
SWPYJKPA3FRJAP9,2025-12-23,2026-03-17,AUD,EUR,1190270.1,1.132613,1.132094,Treasury,-5.19000000000158e-04,84,30-90 Days
SWPFTQ9HOMIHEOQ,2026-01-02,2026-02-21,EUR,CHF,7401464.78,0.557968,0.560627,Markets,2.65899999999997e-03,50,30-90 Days
SWPK13E332TSTUJ,2025-12-24,2026-01-21,USD,CHF,6047861.12,1.250749,1.250893,Treasury,1.43999999999922e-04,28,0-30 Days
SWPHUNYDZFMIIKM,2025-12-26,2026-01-11,JPY,USD,1450240.63,0.67712,0.677951,Investment Banking,8.30999999999915e-04,16,0-30 Days
SWPT22NLEOZK18L,2026-02-08,2026-06-15,JPY,AUD,1095358.7,0.767404,0.768563,Treasury,1.15900000000002e-03,127,90+ Days
SWP1EMWQI0A9HV1,2025-10-27,2026-03-25,INR,USD,1311837.64,1.101303,1.102572,Markets,1.26900000000019e-03,149,90+ Days
SWPL9AZMS3MZQTA,2026-01-03,2026-04-30,GBP,CAD,9743995.49,0.593944,0.595028,Investment Banking,1.08399999999997e-03,117,90+ Days
SWPUCBU12CO44XR,2026-02-03,2026-03-05,USD,EUR,5728252.38,1.096892,1.09597,Treasury,-9.21999999999867e-04,30,0-30 Days
SWPZ72TXIZKMW58,2025-11-24,2026-02-21,JPY,USD,809127.23,0.687147,0.688853,Investment Banking,1.7060000000001e-03,89,30-90 Days
SWPNTFIHGP2CI0Q,2026-02-08,2026-04-06,JPY,CHF,2644159.54,1.324705,1.33326,Markets,8.55499999999987e-03,57,30-90 Days
SWPP29BXJRGCFI9,2025-12-19,2026-02-10,EUR,INR,2398981.68,0.783208,0.783209,Investment Banking,1.00000000002876e-06,53,30-90 Days
SWP79CB2VP628YX,2025-12-05,2026-03-05,USD,CAD,1281458.62,1.018028,1.018194,Treasury,1.66000000000111e-04,90,30-90 Days
SWPWRKH4QYIAJD3,2025-11-14,2025-12-29,GBP,JPY,1740988.79,0.726266,0.725957,Treasury,-3.09000000000004e-04,45,30-90 Days
SWPM14A3V0QW0AK,2025-12-17,2026-04-23,CHF,EUR,2064733.32,1.384866,1.385573,Investment Banking,7.07000000000013e-04,127,90+ Days
SWP4JTZ6KOBSXN4,2025-11-03,2026-01-04,INR,CHF,1013120.47,0.894839,0.894309,Investment Banking,-5.3000000000003e-04,62,30-90 Days
SWPA047WA1HDHSW,2025-11-17,2025-11-25,CHF,JPY,1533873.04,1.12907,1.129369,Treasury,2.99000000000049e-04,8,0-30 Days
SWP38V6PYUP6QY7,2025-12-21,2026-03-28,CHF,JPY,4569026.76,0.638183,0.639661,Markets,1.47800000000009e-03,97,90+ Days
SWP20LYKK9O7CYV,2025-11-14,2025-11-28,CHF,USD,1892968.32,1.054952,1.055826,Investment Banking,8.74000000000041e-04,14,0-30 Days
SWPM1ZS8KAYVUI4,2026-01-22,2026-02-14,AUD,INR,5114496.98,0.919595,0.921451,Treasury,1.85599999999997e-03,23,0-30 Days
SWPQ0GAUS4DT8NA,2026-01-23,2026-05-05,GBP,USD,2439215.66,1.267256,1.272707,Markets,5.45100000000009e-03,102,90+ Days
SWP5FCWCUNMJ6QF,2026-01-28,2026-05-12,AUD,GBP,4118139.28,1.181095,1.181333,Treasury,2.3799999999996e-04,104,90+ Days
SWPN64UEZW9XMDQ,2025-11-02,2025-11-18,USD,CHF,2731143.46,0.926513,0.924468,Treasury,-2.04500000000007e-03,16,0-30 Days
SWPC9QVPFQL9VTF,2026-02-15,2026-02-25,USD,JPY,1688010.3,1.076585,1.079172,Markets,2.58700000000012e-03,10,0-30 Days
SWPWKILJUH9IDYR,2026-02-18,2026-08-03,GBP,CAD,3227386.54,0.573477,0.572296,Markets,-1.18099999999999e-03,166,90+ Days
SWPL5FJBOIOA1R5,2026-01-09,2026-04-13,JPY,CHF,7242353.96,0.890477,0.891123,Treasury,6.46000000000035e-04,94,90+ Days
SWP8RN3VTOZGINP,2026-01-09,2026-06-07,CAD,AUD,1050041.18,0.772502,0.774779,Investment Banking,2.27699999999997e-03,149,90+ Days
SWP0BCN62MKX1SB,2026-02-18,2026-06-28,JPY,EUR,2047606.84,1.238225,1.239457,Markets,1.23200000000012e-03,130,90+ Days
SWP5BCUUO497UKS,2026-02-09,2026-02-19,JPY,AUD,821018.02,0.920902,0.919239,Markets,-1.66299999999997e-03,10,0-30 Days
SWP6ZDX7UMCRFDU,2025-12-07,2026-03-07,JPY,INR,6226630.68,1.207673,1.206452,Treasury,-1.22099999999992e-03,90,30-90 Days
SWP0F7EI1C0SYZG,2026-01-03,2026-05-01,CAD,JPY,11130925.59,0.506892,0.507291,Markets,3.99000000000038e-04,118,90+ Days
SWPJL9BF7M1K7GE,2025-11-09,2025-12-28,USD,INR,2195296.18,0.77984,0.783032,Treasury,3.19199999999997e-03,49,30-90 Days
SWPZXIVYUDBM1P9,2026-02-04,2026-06-04,CAD,GBP,3798088.89,0.54672,0.544669,Investment Banking,-2.05100000000003e-03,120,90+ Days
SWPBB4XCC486PD4,2025-10-26,2026-02-26,JPY,INR,5077342.44,0.706884,0.708029,Treasury,1.14500000000006e-03,123,90+ Days
SWP9GUSMAF7JIBH,2025-11-21,2026-01-21,JPY,GBP,7887591.77,1.254328,1.252716,Investment Banking,-1.61200000000017e-03,61,30-90 Days
SWPWA7V2SKL96Z0,2026-01-29,2026-02-25,AUD,CAD,7099682.44,0.529063,0.527815,Treasury,-1.24799999999992e-03,27,0-30 Days
SWP30H2E0505WIS,2026-02-17,2026-06-13,AUD,CAD,9752420.62,0.775913,0.774958,Investment Banking,-9.54999999999928e-04,116,90+ Days
SWP93X1I0TILA7T,2025-12-15,2026-02-09,EUR,USD,1540365.89,1.475092,1.476937,Markets,1.84499999999987e-03,56,30-90 Days
SWP4DY8D3GQ1K6D,2025-12-28,2026-05-05,USD,CHF,1232574.95,0.527252,0.525523,Treasury,-1.72900000000009e-03,128,90+ Days
SWP9AW47VOV85KP,2025-11-16,2026-04-26,GBP,EUR,2793655.9,1.154494,1.152983,Treasury,-1.51099999999982e-03,161,90+ Days
SWPOQB9EZ2GMJVD,2026-01-06,2026-03-28,GBP,AUD,1950181.89,0.679049,0.677846,Investment Banking,-1.20300000000007e-03,81,30-90 Days
SWPMT65NL5A8WXK,2025-12-08,2026-05-03,INR,USD,651242.63,1.341175,1.341391,Treasury,2.15999999999994e-04,146,90+ Days
SWPJCAIG6D2MBVT,2025-12-25,2026-04-15,CHF,CAD,5936019.45,0.952628,0.953922,Markets,1.29400000000002e-03,111,90+ Days
SWPSH6KM6XGKZ4A,2026-01-24,2026-07-12,INR,CHF,3017152.45,1.215197,1.215815,Investment Banking,6.18000000000007e-04,169,90+ Days
SWP8RENBOUTO43B,2026-01-27,2026-02-09,GBP,CAD,1296182.34,0.720668,0.721166,Treasury,4.97999999999998e-04,13,0-30 Days
SWP2CODVSK4IEVO,2026-02-08,2026-07-15,INR,CAD,1227577.5,1.057811,1.058077,Treasury,2.65999999999877e-04,157,90+ Days
SWPDKVK9NGHUVWS,2026-01-08,2026-04-13,JPY,USD,886843.99,1.019894,1.019609,Investment Banking,-2.85000000000091e-04,95,90+ Days
SWPK75C9VIXPUX3,2025-11-08,2025-12-29,JPY,CAD,1199810.07,0.514474,0.516716,Markets,2.24199999999997e-03,51,30-90 Days
SWPYLTGB6BM2KHL,2025-12-30,2026-03-15,USD,CAD,4332446.47,0.976468,0.980303,Markets,3.83500000000003e-03,75,30-90 Days
SWP15IU80EWYWQQ,2025-11-07,2025-11-18,CAD,AUD,2569505.98,1.497946,1.495813,Investment Banking,-2.13299999999994e-03,11,0-30 Days
SWP3ASAA27W4N0T,2026-02-10,2026-06-14,AUD,USD,1600264.12,1.477869,1.476419,Investment Banking,-1.45000000000017e-03,124,90+ Days
SWPY8ONAOQID3RF,2026-01-25,2026-05-06,JPY,USD,5923939.89,1.369084,1.369609,Markets,5.25000000000109e-04,101,90+ Days
SWPILXCOH1XTNUV,2026-01-01,2026-03-13,INR,GBP,15518059.26,1.147601,1.149292,Investment Banking,1.69099999999989e-03,71,30-90 Days
SWPCA0NHNYPVBLB,2026-02-14,2026-05-21,CHF,GBP,1543920.1,1.097355,1.101468,Treasury,4.11299999999981e-03,96,90+ Days
SWPGGL8NIMKLZ9U,2026-02-17,2026-06-29,AUD,JPY,4120657.12,1.390786,1.392871,Treasury,2.08499999999989e-03,132,90+ Days
SWPUYR15741QT8Q,2026-01-28,2026-07-23,CAD,AUD,4850711.83,0.655708,0.655542,Investment Banking,-1.65999999999999e-04,176,90+ Days
SWP31WPKB6X66X3,2025-11-26,2026-01-12,USD,CHF,2360353.99,1.298129,1.297264,Treasury,-8.65000000000116e-04,47,30-90 Days
SWPUX5ZDKKJW55H,2026-01-03,2026-06-27,EUR,GBP,875508.26,1.227684,1.234754,Investment Banking,7.06999999999991e-03,175,90+ Days
SWP0S5ZX3KNFB9T,2025-10-26,2026-03-18,JPY,CHF,1666743.61,1.360126,1.3577,Treasury,-2.42600000000004e-03,143,90+ Days
SWPAPO6LLTL9QPP,2026-01-07,2026-02-25,EUR,INR,5316763.45,0.897757,0.896383,Investment Banking,-1.37399999999999e-03,49,30-90 Days
SWPOJAIQ591EHQD,2025-11-25,2026-01-11,INR,AUD,3715596.62,1.294891,1.297751,Treasury,2.86000000000008e-03,47,30-90 Days
SWPOUIKMST2NQ6U,2025-12-03,2025-12-11,JPY,GBP,16705480.41,0.635862,0.634229,Treasury,-0.001633,8,0-30 Days
SWPUE0Y00ZQN3JC,2025-12-22,2026-01-26,EUR,AUD,1720707.42,1.480071,1.480973,Investment Banking,9.0200000000018e-04,35,30-90 Days
SWPY47TF23OVIOM,2025-11-02,2025-12-12,GBP,USD,2474257.38,0.663723,0.665565,Markets,1.84200000000001e-03,40,30-90 Days
SWP16YRF9L25P5D,2025-12-03,2026-01-15,USD,CAD,3194667.93,0.725369,0.72399,Markets,-1.37900000000002e-03,43,30-90 Days
SWP1XWUAON7TMWV,2026-01-06,2026-05-26,USD,INR,873589.38,1.479242,1.476877,Treasury,-2.36499999999995e-03,140,90+ Days
SWPYTZBLX2FR0V8,2025-12-30,2026-01-28,JPY,CAD,12783940.95,0.530092,0.531023,Treasury,9.31000000000015e-04,29,0-30 Days
SWPXNWE9S39CUG8,2026-02-22,2026-06-14,USD,CAD,9826064.75,1.490212,1.493494,Markets,3.28200000000001e-03,112,90+ Days
SWPX19OV2AHGKJZ,2025-12-07,2026-02-13,EUR,AUD,2989562.25,1.01798,1.021344,Treasury,3.36399999999992e-03,68,30-90 Days
SWPO9KPANVZ2OSN,2025-12-28,2026-03-13,AUD,CHF,2457283.46,0.982571,0.980612,Treasury,-1.95899999999993e-03,75,30-90 Days
SWPOPBX1QWBP5P0,2025-11-09,2026-04-17,CHF,GBP,4023795.15,1.137603,1.134329,Investment Banking,-0.003274,159,90+ Days
SWPIQJNHNTHXI16,2025-12-07,2026-04-25,CAD,CHF,2367761.41,1.013969,1.016097,Investment Banking,2.12800000000013e-03,139,90+ Days
SWPSVMJK6AVC3ZY,2025-11-01,2026-01-27,GBP,INR,983674.73,0.611569,0.611938,Markets,3.68999999999953e-04,87,30-90 Days
SWPUMVL8XE3MJBS,2025-12-25,2026-02-22,USD,CAD,7314340.65,0.93869,0.941905,Investment Banking,3.21499999999997e-03,59,30-90 Days
SWPFGK592ISUHWF,2026-02-12,2026-03-19,EUR,AUD,17237769.79,1.156603,1.156003,Markets,-6.00000000000156e-04,35,30-90 Days
SWPZCFIWEO8W5RL,2026-02-02,2026-03-25,EUR,GBP,3553374.42,0.946468,0.948812,Markets,2.34400000000001e-03,51,30-90 Days
SWPK96XV5EERESW,2025-11-24,2025-12-16,CHF,USD,9379821.81,0.881548,0.883028,Investment Banking,1.48000000000004e-03,22,0-30 Days
SWPPTKQW2MBFJJ0,2025-11-24,2026-02-12,USD,CHF,2495033.06,0.930377,0.930696,Investment Banking,3.18999999999958e-04,80,30-90 Days
SWPCXR8OJ9ZH6RX,2026-01-31,2026-02-17,EUR,CHF,3895619.78,0.811305,0.811627,Treasury,3.21999999999933e-04,17,0-30 Days
SWP1DZGZ1TUGXHP,2025-12-15,2026-05-08,JPY,CAD,2139978.5,1.313167,1.316153,Markets,2.98599999999993e-03,144,90+ Days
SWPZ57NDBPUQWJD,2025-12-01,2026-05-29,INR,AUD,4790362.82,1.08727,1.090763,Investment Banking,3.49299999999997e-03,179,90+ Days
SWPE18XZ5GBNC6C,2025-11-16,2026-05-14,EUR,JPY,1952877.95,1.262403,1.265929,Markets,3.52600000000014e-03,179,90+ Days
SWPMOGF57R78GJX,2025-11-10,2026-01-19,GBP,CAD,2204228.46,0.509722,0.509605,Investment Banking,-1.17000000000034e-04,70,30-90 Days
SWPKNO2I4UXS89D,2025-12-16,2026-06-03,CHF,CAD,4684905.93,0.585773,0.585236,Investment Banking,-5.3700000000001e-04,169,90+ Days
SWP80RSAVMNC0SM,2025-12-11,2026-03-27,CAD,USD,2946058.87,1.136152,1.139853,Treasury,3.70099999999995e-03,106,90+ Days
SWPJ9X7VXBC7ZUU,2025-11-11,2025-11-25,INR,GBP,4150450.7,0.769133,0.769954,Investment Banking,8.21000000000072e-04,14,0-30 Days
SWPF3EYNTGS5CCM,2026-01-09,2026-06-03,CHF,JPY,5754055.45,1.465844,1.46369,Treasury,-2.15399999999999e-03,145,90+ Days
SWPE9YH35MPR398,2026-01-28,2026-06-08,GBP,USD,1281430.43,0.800486,0.800884,Treasury,3.98000000000009e-04,131,90+ Days
SWP2DGLLK1T6DM8,2025-12-11,2026-05-08,EUR,AUD,1960800.23,0.828932,0.828491,Markets,-4.41000000000025e-04,148,90+ Days
SWPEM77VUVW9T8R,2025-10-31,2026-01-18,JPY,INR,8708978.99,1.336237,1.33798,Investment Banking,1.74300000000005e-03,79,30-90 Days
SWPR20A6I183RY2,2025-12-08,2026-01-08,AUD,JPY,1273760.84,1.106458,1.111672,Investment Banking,5.21400000000005e-03,31,30-90 Days
SWPCD2RNYITT5N4,2025-12-06,2026-05-27,CAD,EUR,3138006.85,1.287815,1.292883,Treasury,5.06800000000007e-03,172,90+ Days
SWP0X3DVILGHKN8,2025-11-20,2026-03-30,EUR,AUD,1053463.86,1.392527,1.395661,Markets,3.13399999999997e-03,130,90+ Days
SWPGS67IKN4NLZW,2025-11-17,2026-05-14,JPY,USD,5426744.11,0.856876,0.856102,Treasury,-7.73999999999941e-04,178,90+ Days
SWPX5OT6DZD11FF,2026-01-19,2026-03-11,CHF,JPY,4426158.95,0.776912,0.777823,Treasury,9.10999999999995e-04,51,30-90 Days
SWPJ6ARV1JTRL1B,2026-01-03,2026-03-16,AUD,JPY,1231353.96,0.700164,0.698585,Markets,-0.001579,72,30-90 Days
SWPLKEEFN89LG04,2026-02-14,2026-04-29,EUR,GBP,587313.06,0.732119,0.733968,Investment Banking,1.84899999999999e-03,74,30-90 Days
SWPN34ZED9C51JP,2026-01-05,2026-02-16,JPY,EUR,6474311.04,0.904182,0.906906,Markets,2.72399999999995e-03,42,30-90 Days
SWPUD41SWWGA4IT,2026-01-19,2026-06-19,JPY,INR,5044757.08,1.399937,1.399754,Treasury,-1.83000000000044e-04,151,90+ Days
SWP6ICUWXKQTSXY,2025-12-20,2026-03-04,GBP,USD,594710.83,1.002456,1.003793,Investment Banking,1.33699999999992e-03,74,30-90 Days
SWPUDRVY8GVWVCF,2026-01-29,2026-02-08,USD,CHF,1644173.33,0.810396,0.812517,Investment Banking,2.12100000000004e-03,10,0-30 Days
SWPRYOZDGM3LMBW,2026-01-17,2026-04-04,AUD,CHF,10352656.99,1.016216,1.012795,Treasury,-3.42100000000012e-03,77,30-90 Days
SWPTY8GMRC6MNFR,2026-01-07,2026-06-01,AUD,USD,8796475.98,1.411754,1.411932,Markets,1.78000000000011e-04,145,90+ Days
SWP7CQ41ZRVMU8R,2025-12-17,2026-05-27,GBP,CAD,10570397.24,0.568545,0.568823,Treasury,0.000278,161,90+ Days
SWPP3YQQ91VQVCT,2026-01-29,2026-02-16,CHF,JPY,4616010.11,1.119322,1.119383,Markets,6.10000000000888e-05,18,0-30 Days
SWP8M58ECSEWA94,2026-01-27,2026-05-25,JPY,EUR,9203334.33,0.86575,0.864782,Markets,-9.67999999999969e-04,118,90+ Days
SWPJKDP1E4L41CD,2026-02-02,2026-03-14,INR,JPY,6482824.95,0.869482,0.871857,Investment Banking,2.37500000000002e-03,40,30-90 Days
SWP8LLIL5EWT71F,2025-11-02,2026-01-14,USD,INR,1075342.76,1.100649,1.097879,Investment Banking,-2.76999999999994e-03,73,30-90 Days
SWPJKEOCYIH3RGT,2026-01-24,2026-03-06,AUD,USD,5868293.93,0.792885,0.791337,Markets,-1.54799999999999e-03,41,30-90 Days
SWPPLIA60ND29S0,2026-01-13,2026-02-01,AUD,EUR,5673960.43,1.136101,1.139507,Treasury,3.40600000000002e-03,19,0-30 Days
SWPJX5NBG96K0YU,2026-02-10,2026-07-06,USD,GBP,3683243.9,0.591145,0.591638,Markets,4.92999999999966e-04,146,90+ Days
SWP4ZT38VDC8R6U,2025-12-03,2026-02-13,GBP,INR,1003872.04,0.80778,0.809338,Treasury,1.55799999999995e-03,72,30-90 Days
SWPAEI2DW29ZH8L,2025-11-16,2025-12-19,GBP,JPY,2188256.53,0.814302,0.818018,Markets,3.71600000000005e-03,33,30-90 Days
SWPJRDF6Y9H6ZCM,2025-11-24,2026-04-02,CHF,AUD,2164217.08,0.749103,0.752289,Treasury,3.18600000000002e-03,129,90+ Days
SWP071RTCKXG2EQ,2026-01-25,2026-04-02,USD,EUR,2133852.71,1.497684,1.498988,Treasury,1.30399999999997e-03,67,30-90 Days
SWPA90D1OI7V71W,2025-11-16,2026-03-09,CAD,AUD,4714158.74,0.519336,0.518796,Treasury,-5.39999999999985e-04,113,90+ Days
SWPYJ29KOT38I0U,2025-11-18,2026-03-22,USD,AUD,6446491.62,1.440286,1.442728,Treasury,2.44200000000006e-03,124,90+ Days
SWP8S8ZAHVMJA37,2025-11-30,2026-04-17,USD,CAD,9304349.6,0.661141,0.661972,Investment Banking,8.31000000000026e-04,138,90+ Days
SWP62YJNX4AC1AR,2025-12-29,2026-05-13,INR,AUD,7288259.06,1.350956,1.348005,Markets,-2.95100000000015e-03,135,90+ Days
SWPNF7XJCJH2NAH,2025-12-24,2026-02-04,CHF,AUD,2143621.61,0.884464,0.883665,Treasury,-7.98999999999994e-04,42,30-90 Days
SWP17BWCQ3JSUCL,2025-11-02,2025-12-30,CHF,EUR,10874538.56,0.566966,0.56839,Investment Banking,1.42399999999998e-03,58,30-90 Days
SWPUZFMXOY3ZLO4,2025-12-09,2026-05-25,INR,AUD,8298140.19,1.192601,1.194863,Markets,2.26199999999999e-03,167,90+ Days
SWP60HOT8K4C61C,2025-12-10,2026-05-11,CHF,JPY,8193843.76,0.979261,0.981135,Treasury,1.87399999999993e-03,152,90+ Days
SWP6QMBCMKXGRK9,2026-02-05,2026-04-19,EUR,GBP,586917.19,1.200256,1.197625,Investment Banking,-2.63100000000005e-03,73,30-90 Days
SWP2NSR3UPE92BX,2026-01-15,2026-02-11,GBP,USD,998993.15,0.947423,0.949918,Treasury,2.49500000000002e-03,27,0-30 Days
SWPINZNRTO7KV3P,2025-12-15,2026-03-05,CHF,GBP,2812330.13,0.940047,0.941143,Treasury,1.09599999999999e-03,80,30-90 Days
SWP9W929LZNAYIJ,2026-01-11,2026-05-19,AUD,JPY,1076402.75,1.003167,1.004266,Investment Banking,1.09900000000018e-03,128,90+ Days
SWP7IRFW2LAS9G1,2026-01-12,2026-02-17,USD,CHF,5913735.34,0.565095,0.564011,Investment Banking,-1.08399999999997e-03,36,30-90 Days
SWPZ4D9AYPASQ2Z,2026-01-31,2026-03-29,USD,CAD,3870494.56,1.464917,1.46555,Investment Banking,6.32999999999884e-04,57,30-90 Days
SWP63SYKHGIY9XW,2025-12-03,2026-04-15,INR,USD,3644559.67,1.213679,1.215258,Markets,0.001579,133,90+ Days
SWPQS0CIOH4MRI9,2025-12-02,2026-05-01,CHF,AUD,5017371.95,1.046586,1.048447,Markets,1.86099999999989e-03,150,90+ Days
SWPUJ9RQKSR0DXY,2025-12-06,2026-03-09,AUD,CHF,5391344.0,1.066212,1.064314,Markets,-1.89799999999996e-03,93,90+ Days
SWP780VEALXJY34,2025-12-12,2026-01-15,CHF,USD,1679821.0,0.727563,0.728912,Markets,1.34900000000004e-03,34,30-90 Days
SWPV96I7GRKTA39,2025-12-11,2026-05-18,EUR,CHF,457308.59,1.178881,1.177849,Markets,-1.03200000000014e-03,158,90+ Days
SWPAHVVJ7MF1Y28,2025-11-16,2026-01-14,AUD,JPY,2075983.84,1.260479,1.260624,Treasury,1.45000000000062e-04,59,30-90 Days
SWPPUA9XPIV6IUO,2025-11-10,2026-02-28,EUR,CAD,3542617.83,1.442399,1.443849,Investment Banking,1.44999999999995e-03,110,90+ Days
SWP7259IJR791KR,2025-11-14,2026-01-27,USD,GBP,2037817.48,0.962346,0.963775,Markets,1.42900000000001e-03,74,30-90 Days
SWPNB1NLYXJH8C6,2025-11-22,2026-04-30,USD,CHF,3448460.89,0.968337,0.970761,Investment Banking,2.42399999999998e-03,159,90+ Days
SWP70ATX8TQARUI,2026-01-12,2026-02-01,JPY,CHF,1351335.7,1.420524,1.42637,Investment Banking,5.84600000000002e-03,20,0-30 Days
SWPLU9WXF4GJBGA,2026-01-02,2026-06-12,USD,CHF,5545962.32,0.638054,0.638837,Treasury,7.82999999999978e-04,161,90+ Days
SWPBUS2B38B20RW,2025-12-15,2025-12-29,GBP,INR,5283608.59,1.096616,1.095089,Treasury,-1.52700000000006e-03,14,0-30 Days
SWP2QY1BOCG3AUO,2025-11-10,2026-03-07,INR,EUR,1557743.47,1.319221,1.322669,Treasury,3.44800000000012e-03,117,90+ Days
SWP3G23KOKWVG67,2026-01-07,2026-01-16,CHF,USD,2003255.03,1.195694,1.198333,Treasury,2.63900000000006e-03,9,0-30 Days
SWPDU600I08G4K0,2025-11-04,2025-12-08,INR,CHF,14578254.82,0.919554,0.919862,Markets,3.07999999999975e-04,34,30-90 Days
SWPTJYTLCT2P7YZ,2025-12-17,2026-01-10,EUR,INR,2479389.87,0.509557,0.510491,Markets,9.3399999999999e-04,24,0-30 Days
SWPVJDXO3HDED8B,2025-10-27,2025-12-24,AUD,CAD,3185083.19,0.728244,0.72945,Investment Banking,1.20600000000004e-03,58,30-90 Days
SWPI7NM975OSU2R,2026-01-24,2026-04-27,AUD,GBP,6179602.57,0.634121,0.63215,Markets,-1.97100000000006e-03,93,90+ Days
SWPAL8UZGTABSEC,2026-02-19,2026-08-01,USD,EUR,3464050.76,1.070229,1.068961,Investment Banking,-1.26800000000005e-03,163,90+ Days
SWP2H5PQXRAMOF5,2025-11-08,2026-04-17,INR,JPY,1786830.28,1.067625,1.065855,Investment Banking,-1.77000000000005e-03,160,90+ Days
SWPA45YJUEHUJ3F,2026-01-11,2026-04-21,CHF,AUD,6927792.98,0.639757,0.64197,Markets,2.21300000000002e-03,100,90+ Days
SWP422LUTKXNGWU,2025-12-16,2026-02-20,INR,CAD,958063.45,1.317443,1.319787,Investment Banking,2.34400000000012e-03,66,30-90 Days
SWPK3MH89FTVXFN,2025-12-07,2026-04-28,CAD,EUR,4971947.47,1.070941,1.067459,Markets,-3.48199999999999e-03,142,90+ Days
SWP5NJHNO6B4CUF,2025-12-08,2026-05-21,AUD,USD,3968927.62,0.678192,0.677343,Markets,-8.48999999999989e-04,164,90+ Days
SWP6T88R0WE1AYT,2025-10-28,2026-03-13,EUR,CAD,15326234.15,0.511984,0.511749,Investment Banking,-2.34999999999985e-04,136,90+ Days
SWPPZ3O8709TMQB,2026-02-17,2026-06-08,AUD,JPY,10250185.08,1.460995,1.465906,Treasury,4.91099999999989e-03,111,90+ Days
SWPZ5W3DABKDRAG,2025-12-04,2026-05-04,INR,CHF,3580932.72,1.042351,1.043594,Treasury,1.24299999999988e-03,151,90+ Days
SWPMX4FJTTH05ZP,2026-02-21,2026-08-10,CAD,GBP,10712516.97,0.649941,0.648629,Treasury,-1.31199999999998e-03,170,90+ Days
SWPAHZEIPL4MOAO,2025-11-03,2026-03-21,EUR,USD,850752.87,0.593885,0.595349,Markets,1.46400000000002e-03,138,90+ Days
SWPNB8AO12XHM4J,2026-02-04,2026-05-07,AUD,CAD,3662808.99,0.918268,0.922848,Investment Banking,4.58000000000003e-03,92,90+ Days
SWPNL8K4CFMXLWA,2025-11-04,2026-01-22,JPY,GBP,2764541.65,0.931899,0.934657,Treasury,2.75799999999993e-03,79,30-90 Days
SWPAXLOINST5ZZE,2026-02-17,2026-06-10,CHF,EUR,913844.05,1.179316,1.180498,Treasury,1.18200000000002e-03,113,90+ Days
SWPQKJWI05QISPK,2026-02-06,2026-06-07,JPY,EUR,2240349.56,0.717426,0.718667,Investment Banking,1.24099999999994e-03,121,90+ Days
SWPIYKKC6SPJNNZ,2025-11-08,2026-01-24,USD,CHF,4945138.99,0.926913,0.927495,Treasury,5.81999999999971e-04,77,30-90 Days
SWPS7ZC50ENHQSM,2026-02-01,2026-03-01,AUD,INR,4882257.56,0.995626,1.003067,Treasury,7.44099999999992e-03,28,0-30 Days
SWPW2V3LHVF667K,2025-12-03,2025-12-11,JPY,USD,9309362.49,1.018946,1.020169,Treasury,1.2230000000002e-03,8,0-30 Days
SWPYKPY6DM654R9,2026-01-12,2026-06-01,CHF,CAD,17951744.42,1.154363,1.156523,Treasury,2.15999999999994e-03,140,90+ Days
SWPR4J53DEUDUTV,2025-11-25,2026-02-12,INR,USD,825980.22,1.425772,1.431778,Markets,6.00599999999996e-03,79,30-90 Days
SWP373AIRAFATI4,2025-11-08,2026-04-23,GBP,CHF,940524.49,1.284955,1.289513,Investment Banking,4.55799999999984e-03,166,90+ Days
SWPXQHZX0Q28TD4,2026-01-18,2026-05-29,INR,EUR,7414139.46,0.936979,0.935713,Treasury,-1.26599999999999e-03,131,90+ Days
SWPHLNEUBZZOEOY,2026-01-08,2026-03-22,GBP,EUR,1498973.71,1.156241,1.159584,Treasury,3.34299999999987e-03,73,30-90 Days
SWPK2Q9YJ0MOH62,2025-12-05,2026-03-01,INR,AUD,4804759.51,0.735893,0.736697,Treasury,8.04000000000027e-04,86,30-90 Days
SWPZUZ41WW0KTF4,2026-01-20,2026-05-29,USD,CHF,4509295.08,1.30485,1.308028,Markets,3.1779999999999e-03,129,90+ Days
SWPRHHMHZ2ORV6Z,2026-02-16,2026-05-01,USD,GBP,2539172.29,1.335726,1.33667,Investment Banking,9.44000000000056e-04,74,30-90 Days
SWPXKY8RB86XJD3,2026-01-06,2026-03-28,JPY,GBP,2049164.49,1.057682,1.061825,Treasury,4.14300000000001e-03,81,30-90 Days
SWPWCUR5DI40GLF,2025-11-22,2025-12-12,INR,CAD,1228751.51,1.142337,1.141749,Investment Banking,-5.88000000000033e-04,20,0-30 Days
SWP0LX9AIXW6TGG,2026-01-23,2026-07-08,JPY,USD,3351851.4,0.774492,0.774093,Investment Banking,-3.98999999999927e-04,166,90+ Days
SWP8PVI76DNEDJ7,2025-11-03,2026-04-16,INR,USD,705764.08,0.861089,0.860803,Markets,-2.86000000000008e-04,164,90+ Days
SWPNMR35T0C9R3V,2026-02-13,2026-04-05,USD,CHF,3072703.85,1.210879,1.210335,Investment Banking,-5.440000000001e-04,51,30-90 Days
SWP8IJSLU160MT2,2025-10-31,2026-03-11,CHF,USD,3736660.07,0.670098,0.670973,Investment Banking,8.7500000000007e-04,131,90+ Days
SWP3LPSQTWSYBYX,2026-02-08,2026-02-28,GBP,EUR,850157.61,1.11879,1.119604,Investment Banking,8.14000000000092e-04,20,0-30 Days
SWPY7VYFO78TXVP,2025-12-23,2026-01-25,USD,EUR,4548463.1,0.636661,0.638682,Investment Banking,2.02099999999994e-03,33,30-90 Days
SWP6D3WY74R1HUF,2026-02-03,2026-07-28,CHF,JPY,2262435.29,1.34922,1.348385,Investment Banking,-8.35000000000141e-04,175,90+ Days
SWP0ZN3IJ1EE88B,2025-12-22,2026-03-14,AUD,CAD,1179882.28,1.278171,1.282893,Treasury,4.72200000000011e-03,82,30-90 Days
SWP00HM93LRPZ6P,2026-01-22,2026-06-07,EUR,CAD,3011358.92,0.5791,0.577474,Treasury,-1.62599999999991e-03,136,90+ Days
SWPWLDC004X7KQF,2026-01-18,2026-06-18,JPY,CAD,19013639.3,1.178028,1.17704,Treasury,-9.87999999999989e-04,151,90+ Days
SWPJGXIZCFHA73R,2025-11-14,2025-12-15,CAD,CHF,3345099.55,1.432704,1.433253,Treasury,5.49000000000133e-04,31,30-90 Days
SWPH4E3SFWLSKIC,2025-11-18,2026-01-12,USD,CHF,3219529.67,1.024546,1.02699,Investment Banking,2.44400000000011e-03,55,30-90 Days
SWPD5FGH239PHI5,2025-11-17,2026-04-16,EUR,AUD,1278382.59,1.298317,1.301988,Markets,3.67099999999998e-03,150,90+ Days
SWPTV7YMBYFGYRM,2025-12-26,2026-02-25,AUD,INR,4112833.8,1.267749,1.270954,Treasury,3.2049999999999e-03,61,30-90 Days
SWPJ4ZC7SIZI3Y4,2025-12-08,2026-04-13,CAD,USD,10497001.91,0.734135,0.73577,Markets,1.63500000000005e-03,126,90+ Days
SWPHHOL23ORHLY2,2025-12-04,2026-03-25,CAD,CHF,14034567.94,1.466015,1.465545,Investment Banking,-4.6999999999997e-04,111,90+ Days
SWPNYWVYEBGRQWM,2025-11-28,2026-02-04,EUR,INR,3600475.87,0.616101,0.617216,Investment Banking,1.11499999999998e-03,68,30-90 Days
SWP44CYOWCTUS81,2025-11-29,2026-01-23,GBP,EUR,5410271.73,0.832087,0.834823,Markets,2.73599999999996e-03,55,30-90 Days
SWPIF1S9UO11QRG,2026-01-27,2026-02-07,EUR,GBP,10471312.04,1.375261,1.375351,Markets,8.99999999999235e-05,11,0-30 Days
SWPD6VZNF1SE878,2026-01-30,2026-03-06,INR,AUD,18447475.5,0.508357,0.51016,Treasury,0.001803,35,30-90 Days
SWP8ZYG0S9JNGU5,2025-12-29,2026-03-06,USD,CAD,3601481.97,0.922875,0.923032,Investment Banking,1.56999999999963e-04,67,30-90 Days
SWPNW3J4Z9CDST7,2025-11-17,2025-12-13,AUD,CHF,2434253.16,1.409084,1.408481,Investment Banking,-6.02999999999909e-04,26,0-30 Days
SWPLEVLNAZ6G3EP,2026-01-19,2026-01-27,CAD,EUR,4802882.68,0.696472,0.699079,Markets,2.60700000000003e-03,8,0-30 Days
SWPBCERRF9686T4,2026-02-03,2026-05-20,EUR,INR,4694898.34,0.656338,0.655853,Investment Banking,-4.84999999999958e-04,106,90+ Days
SWPQC2840U04ETZ,2026-02-19,2026-06-07,GBP,INR,4582681.16,1.217364,1.220534,Investment Banking,3.17000000000012e-03,108,90+ Days
SWPU1X1Z3ERNXOU,2026-01-19,2026-06-03,CAD,JPY,5323051.87,1.167352,1.165836,Investment Banking,-1.51599999999985e-03,135,90+ Days
SWPQFDTMCTHG9KT,2026-02-11,2026-04-03,GBP,CHF,7244510.81,1.439726,1.440591,Treasury,8.64999999999894e-04,51,30-90 Days
SWPS9YNH2ELR8RP,2026-01-05,2026-06-26,INR,GBP,4700205.42,1.09151,1.094613,Treasury,3.10300000000008e-03,172,90+ Days
SWPLS1A6VCF8620,2026-01-15,2026-02-24,GBP,INR,7265461.87,0.855046,0.857917,Markets,2.87100000000007e-03,40,30-90 Days
SWP91YNJ6SPQYZR,2026-02-16,2026-06-12,CAD,GBP,808572.14,0.868933,0.86674,Treasury,-0.002193,116,90+ Days
SWP9PUDIS2KM08X,2026-02-17,2026-07-18,USD,CAD,3407752.99,0.906192,0.906009,Markets,-1.83000000000044e-04,151,90+ Days
SWPX9JFY7LMAH54,2026-01-07,2026-06-28,INR,CAD,723632.44,1.497019,1.499713,Treasury,2.69399999999997e-03,172,90+ Days
SWPUK7YQCJXYDX5,2025-11-03,2026-01-12,AUD,JPY,4345768.58,0.786185,0.786896,Treasury,7.11000000000017e-04,70,30-90 Days
SWPRI81COPNNIYR,2025-12-11,2026-02-19,CHF,CAD,4205551.64,1.10528,1.105632,Investment Banking,3.51999999999908e-04,70,30-90 Days
SWPED9VMYTHMO4S,2025-12-02,2026-02-01,USD,GBP,690222.17,0.881955,0.882618,Investment Banking,6.62999999999969e-04,61,30-90 Days
SWP8NGB9PMVTYD1,2025-11-18,2026-05-10,JPY,CAD,4127350.21,1.297572,1.296603,Investment Banking,-9.68999999999998e-04,173,90+ Days
SWP6226UHZHO5XE,2026-01-24,2026-07-19,EUR,INR,2306414.84,0.703573,0.703805,Investment Banking,2.3200000000001e-04,176,90+ Days
SWP8Z32I1LJYPA9,2025-11-08,2026-04-18,CHF,USD,4187328.82,0.530803,0.532941,Investment Banking,2.13799999999997e-03,161,90+ Days
SWPZUPFRGUPUHE0,2026-01-21,2026-07-16,GBP,AUD,9371033.9,1.499911,1.506903,Investment Banking,6.99200000000011e-03,176,90+ Days
SWPC797ETA3VAA7,2026-02-22,2026-07-18,INR,GBP,3383300.52,1.363946,1.363561,Markets,-3.8500000000008e-04,146,90+ Days
SWPLEZKI3V4G6S6,2026-01-04,2026-04-16,JPY,EUR,7553378.3,0.845674,0.848181,Markets,2.50699999999993e-03,102,90+ Days
SWP1GASI092167C,2025-12-01,2026-03-06,GBP,EUR,3621380.74,1.494128,1.494944,Treasury,8.1600000000015e-04,95,90+ Days
SWPPW6XWRL4IJDC,2026-01-24,2026-02-18,CAD,INR,2645443.49,1.454841,1.456533,Markets,1.69200000000003e-03,25,0-30 Days
SWPUUTE5PNDFWMZ,2026-01-25,2026-02-13,AUD,CAD,947779.21,0.756244,0.757629,Investment Banking,1.38499999999997e-03,19,0-30 Days
SWPYS2M80MV0GGR,2025-12-23,2026-03-02,EUR,CHF,1757843.53,0.528853,0.528387,Treasury,-4.65999999999966e-04,69,30-90 Days
SWP4XBDKSURN8IU,2026-02-07,2026-07-07,CAD,CHF,2592756.48,0.905241,0.905944,Investment Banking,7.03000000000009e-04,150,90+ Days
SWPZ6JEFKGN4CAV,2025-12-01,2026-01-14,INR,CAD,2246720.22,0.678596,0.67999,Investment Banking,1.39400000000001e-03,44,30-90 Days
SWP0GB6WIG86CR2,2025-12-17,2026-05-06,GBP,JPY,2934293.47,1.493976,1.492813,Markets,-1.16300000000003e-03,140,90+ Days
SWPJO28O0ZPWFB4,2025-11-29,2026-03-05,GBP,USD,6372003.8,1.27616,1.27612,Markets,-4.000000000004e-05,96,90+ Days
SWP6XWKXKZXWE7S,2026-01-17,2026-06-30,GBP,EUR,3112802.47,0.951951,0.953281,Markets,1.33000000000005e-03,164,90+ Days
SWP2CV9QPTU76CM,2025-12-13,2025-12-23,JPY,CHF,1240555.27,1.345623,1.349388,Markets,3.76500000000002e-03,10,0-30 Days
SWP4BWTFGKJV65S,2025-12-23,2026-04-13,AUD,CAD,2900836.02,1.122328,1.127543,Markets,5.21499999999997e-03,111,90+ Days
SWP1U9G4OZP4CNC,2026-02-16,2026-05-22,GBP,AUD,5573653.15,1.328272,1.329478,Investment Banking,1.20600000000004e-03,95,90+ Days
SWPSW1G4MMQB9C6,2026-01-02,2026-03-17,CHF,INR,12934459.5,1.151894,1.153199,Treasury,1.30500000000011e-03,74,30-90 Days
SWPB3RR2LQAP1GY,2026-01-13,2026-03-31,INR,GBP,1255093.6,1.325507,1.325841,Markets,3.34000000000056e-04,77,30-90 Days
SWPDI6I00HOPW74,2025-11-14,2025-12-10,GBP,INR,9846291.44,1.324327,1.325129,Treasury,8.01999999999969e-04,26,0-30 Days
SWP2HWFD89DBREQ,2025-11-29,2026-02-16,USD,AUD,1279796.03,0.531186,0.530113,Treasury,-1.0730000000001e-03,79,30-90 Days
SWPGXYRTVC7ZM1X,2026-01-28,2026-03-01,INR,JPY,1740893.33,0.700727,0.70088,Investment Banking,1.52999999999959e-04,32,30-90 Days
SWP7H3ZSC0TCA1G,2025-11-11,2026-05-08,CHF,CAD,12285269.18,0.911142,0.91295,Investment Banking,1.80800000000003e-03,178,90+ Days
SWPO0JSKL7Z8JFN,2025-11-03,2026-04-20,USD,GBP,2519177.86,1.062972,1.066396,Markets,3.42399999999987e-03,168,90+ Days
SWPASDASKZLYN3L,2025-12-26,2026-01-15,USD,INR,7567092.91,1.320423,1.317272,Markets,-3.1509999999999e-03,20,0-30 Days
SWPORM5MTP8LVKA,2025-12-25,2026-02-16,JPY,AUD,3138739.05,1.161278,1.162276,Investment Banking,9.98000000000054e-04,53,30-90 Days
SWPU4BE99620NBU,2025-12-09,2026-04-10,AUD,EUR,32787298.81,1.400602,1.400644,Markets,4.20000000000975e-05,122,90+ Days
SWPD373W4A0T9IZ,2025-12-28,2026-03-26,CAD,AUD,1528191.99,1.117079,1.119714,Treasury,2.63500000000016e-03,88,30-90 Days
SWPFCMTYSE4VL4W,2025-11-21,2026-04-15,USD,JPY,3851758.62,1.32607,1.33223,Investment Banking,6.15999999999994e-03,145,90+ Days
SWPG313V6WUUS18,2025-10-30,2025-11-22,CHF,INR,3909235.56,1.033682,1.033463,Markets,-2.18999999999969e-04,23,0-30 Days
SWP9SN1OWLAI4A9,2026-01-15,2026-03-14,GBP,INR,688757.92,1.145742,1.147833,Markets,2.09100000000007e-03,58,30-90 Days
SWP9PUYMZOBV7YX,2026-01-29,2026-05-05,GBP,CAD,5228825.82,0.634926,0.638075,Markets,3.14899999999996e-03,96,90+ Days
SWP429W24S0AS4K,2025-12-09,2026-04-04,CAD,JPY,1727790.54,0.700254,0.700613,Investment Banking,3.58999999999998e-04,116,90+ Days
SWPPPBYNI8Q7J3V,2026-01-03,2026-06-27,AUD,USD,4763695.86,0.954516,0.953388,Treasury,-1.12800000000002e-03,175,90+ Days
SWPF7DDTK7DBU2S,2026-01-16,2026-03-25,USD,CHF,6155201.33,0.970001,0.97066,Investment Banking,6.58999999999965e-04,68,30-90 Days
SWP8I5YYSGV6TP8,2026-01-20,2026-06-27,INR,GBP,8302719.79,0.672425,0.672746,Markets,3.20999999999905e-04,158,90+ Days
SWP4MYOFWSQ5FU1,2026-01-14,2026-05-29,JPY,CHF,6702719.06,1.130288,1.132069,Markets,1.78100000000003e-03,135,90+ Days
SWPM5FB2D4A3HZO,2025-11-19,2026-03-02,EUR,JPY,4950649.51,1.343449,1.3477,Treasury,0.004251,103,90+ Days
SWPQIJFRO2E8A57,2025-10-29,2026-04-06,AUD,EUR,4441573.36,0.956635,0.957657,Investment Banking,1.02199999999997e-03,159,90+ Days
SWP00VIVVUBC536,2025-11-27,2026-04-27,JPY,USD,1170312.88,1.182216,1.182533,Treasury,3.17000000000123e-04,151,90+ Days
SWPN6XVT6UPXP7Y,2025-12-27,2026-02-01,CAD,USD,5339443.46,0.966029,0.967989,Investment Banking,1.95999999999996e-03,36,30-90 Days
SWPFAQD28WXRPD7,2026-02-17,2026-07-26,INR,EUR,4953062.85,1.042502,1.044649,Treasury,2.1469999999999e-03,159,90+ Days
SWPK2PY9H5W30KW,2025-11-06,2026-01-20,AUD,CHF,1290105.26,1.15972,1.159402,Treasury,-3.1800000000004e-04,75,30-90 Days
SWPHUK9P11KJZ80,2025-12-10,2026-05-17,JPY,EUR,1625840.7,0.626431,0.624753,Treasury,-1.67799999999996e-03,158,90+ Days
SWPOFLPQ6H4NW22,2026-02-16,2026-07-08,EUR,AUD,9872979.12,1.284143,1.284926,Treasury,7.82999999999978e-04,142,90+ Days
SWPHOARE8J71ZTL,2025-12-14,2026-05-08,EUR,GBP,7642801.26,1.009841,1.011022,Treasury,1.1810000000001e-03,145,90+ Days
SWP3UAA1H77LLBS,2026-02-12,2026-05-22,GBP,JPY,8777770.35,1.431699,1.432631,Markets,9.31999999999933e-04,99,90+ Days
SWPKZ5WLYQP3AJX,2026-02-16,2026-08-03,INR,AUD,1460628.89,1.435091,1.43842,Markets,3.32900000000014e-03,168,90+ Days
SWP9M1KR2950V85,2026-02-16,2026-04-08,JPY,CAD,1508712.45,1.420868,1.421608,Markets,7.39999999999963e-04,51,30-90 Days
SWPC1PFIV39BP8V,2025-11-13,2025-11-28,CHF,INR,3162449.84,1.375081,1.374151,Treasury,-9.30000000000097e-04,15,0-30 Days
SWPPNPFBQYY2UOC,2026-02-08,2026-07-11,CAD,AUD,2515519.74,0.718455,0.720366,Markets,0.001911,153,90+ Days
SWPUCX6109CXJHI,2025-12-27,2026-04-23,USD,CAD,4740954.98,0.700708,0.702525,Investment Banking,1.81699999999996e-03,117,90+ Days
SWPYCFBDJ5IX5A0,2025-12-23,2026-01-11,GBP,INR,19699530.99,1.012902,1.015474,Markets,2.57200000000002e-03,19,0-30 Days
SWP7AWK7P6A28PE,2025-11-02,2026-03-31,EUR,INR,3363665.12,1.261408,1.264417,Investment Banking,3.00899999999982e-03,149,90+ Days
SWPK3BEBA9PMLNI,2025-11-23,2026-04-08,CHF,GBP,8425447.7,1.365192,1.36439,Treasury,-8.01999999999969e-04,136,90+ Days
SWPR1X8C5KG4DSX,2025-12-08,2026-02-03,GBP,USD,1489699.46,1.103099,1.103597,Investment Banking,4.97999999999887e-04,57,30-90 Days
SWP60Y7ZYG3RM46,2025-11-02,2025-12-13,AUD,EUR,2657996.11,1.041523,1.041129,Treasury,-3.94000000000005e-04,41,30-90 Days
SWPE283H30BAURV,2026-02-08,2026-04-09,CAD,JPY,5786338.65,0.812684,0.813797,Treasury,1.11300000000003e-03,60,30-90 Days
SWPB3A74XUU27EF,2026-02-09,2026-04-23,GBP,JPY,13062530.68,0.696427,0.694381,Treasury,-2.04599999999999e-03,73,30-90 Days
SWP9VP81FMNUWZY,2025-12-05,2026-05-27,GBP,USD,982870.81,0.860084,0.860794,Markets,7.09999999999988e-04,173,90+ Days
SWPEJSGB40I646C,2026-01-04,2026-02-02,AUD,INR,728311.63,0.551695,0.551296,Markets,-3.99000000000038e-04,29,0-30 Days
SWPVBWLIM9EAE3T,2026-01-24,2026-07-12,GBP,AUD,2343878.43,1.488661,1.487221,Treasury,-1.44000000000011e-03,169,90+ Days
SWPPCW21KGRBLYH,2025-11-17,2025-12-27,JPY,CAD,1145635.85,0.93501,0.936658,Treasury,1.64799999999998e-03,40,30-90 Days
SWP01U43VW0XH9H,2025-12-18,2026-05-28,CHF,AUD,1439357.91,0.880738,0.880032,Treasury,-7.05999999999984e-04,161,90+ Days
SWPVR58J6YSKLCH,2025-11-09,2025-12-05,INR,CHF,2862685.47,1.46214,1.465332,Treasury,3.19200000000008e-03,26,0-30 Days
SWP8DTRG1LONGRK,2026-01-02,2026-04-20,JPY,INR,3611262.99,1.051871,1.051193,Investment Banking,-6.77999999999956e-04,108,90+ Days
SWPLLONVTUU64H7,2025-11-21,2026-02-26,CHF,INR,3491612.7,1.477294,1.482258,Investment Banking,4.96399999999997e-03,97,90+ Days
SWP3Y0BWYUYBRA8,2025-12-10,2025-12-27,AUD,GBP,2940843.29,1.188534,1.194376,Treasury,5.84200000000012e-03,17,0-30 Days
SWPEGPHZ22F8OBQ,2026-02-06,2026-07-17,GBP,USD,2172204.98,0.609947,0.610353,Investment Banking,4.06000000000017e-04,161,90+ Days
SWPWBNPTMPXPECA,2025-12-15,2026-03-01,CHF,GBP,5579067.57,0.690978,0.69119,Treasury,2.1199999999999e-04,76,30-90 Days
SWPWWIH4CETIJZ4,2026-02-08,2026-04-01,CHF,GBP,2238262.33,1.161708,1.161483,Markets,-2.2499999999992e-04,52,30-90 Days
SWPPTZJ09F9HFM2,2026-01-20,2026-03-15,AUD,INR,3839564.28,0.998826,0.999646,Investment Banking,8.20000000000043e-04,54,30-90 Days
SWPQP1GS5I5WNV5,2025-12-10,2026-03-16,CAD,CHF,6305631.27,0.817603,0.820824,Treasury,3.22100000000003e-03,96,90+ Days
SWPTXUWQQ9LZF3S,2026-01-21,2026-06-15,USD,EUR,2845622.66,1.042323,1.043892,Markets,1.56899999999993e-03,145,90+ Days
SWPOQ7SNOQZ0U8X,2025-11-16,2026-04-16,AUD,JPY,5581871.33,1.022602,1.023554,Treasury,9.52000000000064e-04,151,90+ Days
SWPDTB8V9CLV39Q,2025-11-26,2026-05-12,CAD,JPY,587464.18,0.636812,0.638338,Treasury,1.52599999999992e-03,167,90+ Days
SWP8S1IYA9Q7QOZ,2025-10-28,2026-01-10,INR,GBP,2755567.28,0.693449,0.692902,Markets,-5.46999999999964e-04,74,30-90 Days
SWP8422ABOKUSHX,2025-11-20,2026-03-29,CHF,GBP,5190895.87,1.3923,1.393537,Treasury,1.23699999999993e-03,129,90+ Days
SWPNO8ZRYKQ6FIR,2026-01-31,2026-02-14,EUR,JPY,1788374.67,1.394778,1.392989,Treasury,-1.78900000000004e-03,14,0-30 Days
SWPDQLC3PW92KFT,2026-01-24,2026-03-15,INR,USD,5085569.87,0.735646,0.737301,Markets,1.65499999999996e-03,50,30-90 Days
SWPA893WNYBM4ZV,2025-10-28,2025-11-28,CAD,USD,7212513.18,1.06325,1.062261,Investment Banking,-9.89000000000129e-04,31,30-90 Days
SWPN71J2INKNC3D,2026-01-07,2026-06-30,AUD,EUR,1263916.81,1.198035,1.198634,Treasury,5.99000000000016e-04,174,90+ Days
SWPU3ZM4GYF9XDU,2026-01-06,2026-03-27,JPY,CAD,893607.56,0.506256,0.505894,Treasury,-3.62000000000084e-04,80,30-90 Days
SWPEK9LB8SK30UR,2025-12-29,2026-01-05,INR,JPY,8405984.96,1.478689,1.481964,Treasury,3.27500000000014e-03,7,0-30 Days
SWPNQC9XHG0NAGC,2025-12-26,2026-05-11,CAD,EUR,27525530.04,0.884599,0.889325,Markets,4.72600000000001e-03,136,90+ Days
SWP3P8GCXRC0ILS,2025-12-05,2026-03-01,JPY,AUD,2512647.55,0.57647,0.575912,Investment Banking,-5.58000000000058e-04,86,30-90 Days
SWP8R1GEWW6J6N4,2026-02-08,2026-06-24,INR,EUR,3549272.33,1.238091,1.243617,Treasury,5.52599999999992e-03,136,90+ Days
SWP0QPDV7CRLYHS,2025-12-13,2026-05-20,INR,JPY,5289042.86,1.144865,1.142398,Markets,-0.002467,158,90+ Days
SWPEVNSYNPDL7E2,2025-11-21,2026-02-22,CHF,CAD,1525208.58,1.171347,1.174908,Investment Banking,3.56100000000015e-03,93,90+ Days
SWP2R0GIZYS7HS3,2025-11-11,2025-12-23,EUR,GBP,2009554.39,1.138395,1.138366,Treasury,-2.90000000000568e-05,42,30-90 Days
SWP8PRP56X2779V,2025-12-07,2026-04-10,GBP,INR,4822037.25,0.981541,0.98091,Treasury,-6.31000000000048e-04,124,90+ Days
SWPM7AMITKQRCBC,2025-11-07,2026-02-03,USD,JPY,2437438.31,0.78556,0.784063,Investment Banking,-1.49700000000008e-03,88,30-90 Days
SWPYYX7B0LOAZ4F,2025-12-11,2026-04-14,CHF,CAD,7676514.78,0.791167,0.794283,Treasury,3.11600000000001e-03,124,90+ Days
SWPD00UV6FV06HS,2025-12-10,2026-05-02,JPY,AUD,1081920.93,0.533972,0.533192,Markets,-7.80000000000003e-04,143,90+ Days
SWPLH4LA8H03D9N,2025-12-28,2026-04-10,CHF,GBP,1967345.24,1.37722,1.37306,Markets,-4.16000000000016e-03,103,90+ Days
SWP1NQ0V6PGX6ED,2026-01-22,2026-03-12,EUR,JPY,11463288.84,0.676356,0.676987,Markets,6.31000000000048e-04,49,30-90 Days
SWPN5ANAQSQAV1D,2025-12-27,2026-05-13,CHF,CAD,5222561.06,1.223349,1.228131,Investment Banking,4.78200000000006e-03,137,90+ Days
SWPUQSO6H4K9YOW,2025-11-10,2026-01-21,CHF,JPY,419202.9,1.206064,1.203465,Treasury,-2.59900000000002e-03,72,30-90 Days
SWPC0C647VBWAOF,2026-02-22,2026-05-18,CAD,INR,7852819.47,1.152844,1.153674,Markets,8.30000000000108e-04,85,30-90 Days
SWPBP8ESQ5FGONY,2026-02-14,2026-07-01,USD,CHF,6023947.81,0.875575,0.875653,Markets,7.80000000000225e-05,137,90+ Days
SWP3MMAZLPBA6NN,2026-01-11,2026-01-20,CHF,JPY,5389261.06,1.415669,1.411004,Investment Banking,-4.66500000000014e-03,9,0-30 Days
SWPI4WPXBDLOHSA,2026-02-09,2026-03-26,EUR,AUD,4838841.6,0.900827,0.898236,Treasury,-2.59100000000001e-03,45,30-90 Days
SWPN0KETYDYTN7V,2025-12-09,2026-04-02,EUR,CHF,1741187.95,1.275335,1.275702,Treasury,3.66999999999784e-04,114,90+ Days
SWPDX01BQ0MHEOY,2025-12-08,2026-04-21,USD,INR,7387706.37,1.014366,1.015183,Treasury,8.16999999999846e-04,134,90+ Days
SWP935I8T640YZX,2025-11-16,2025-12-15,JPY,USD,6438958.66,0.821265,0.823294,Treasury,2.02899999999995e-03,29,0-30 Days
SWP0MZWTDI5PAW4,2026-02-06,2026-04-11,INR,USD,1192188.41,0.640873,0.641551,Markets,6.77999999999956e-04,64,30-90 Days
SWPFS8K5SHXBOWQ,2026-01-19,2026-06-12,AUD,JPY,1074272.24,1.358013,1.361664,Investment Banking,3.65100000000007e-03,144,90+ Days
SWP32SCJLA3Q1JC,2025-11-23,2026-04-13,USD,GBP,2317777.57,0.928373,0.929251,Treasury,8.78000000000045e-04,141,90+ Days
SWPIKQZYJX1CCO9,2025-11-07,2026-03-27,CHF,AUD,5754397.83,1.135687,1.135892,Investment Banking,2.05000000000011e-04,140,90+ Days
SWPXMK9YC2QYIW6,2026-01-26,2026-06-13,INR,CHF,5749349.22,1.090511,1.091969,Investment Banking,1.45799999999996e-03,138,90+ Days
SWPSZWRKSDKD0E2,2026-01-17,2026-07-01,EUR,CAD,10322833.43,1.407343,1.413552,Markets,6.20899999999991e-03,165,90+ Days
SWP9P1S3WQZKCAX,2025-11-23,2026-01-24,INR,USD,12368483.17,1.218167,1.219518,Markets,1.3510000000001e-03,62,30-90 Days
SWPDWV4KC5ZE786,2025-11-07,2025-12-30,JPY,EUR,4812269.56,1.147948,1.14716,Markets,-7.88000000000011e-04,53,30-90 Days
SWP1U1V3FENPOXM,2025-11-26,2026-01-18,GBP,USD,4496449.9,0.803757,0.804138,Markets,3.80999999999965e-04,53,30-90 Days
SWPFKT2U5ARUVAU,2025-11-17,2026-02-06,EUR,GBP,26157244.22,1.137535,1.138986,Investment Banking,1.45100000000009e-03,81,30-90 Days
SWP5MJ3E9M2I98S,2026-01-27,2026-05-03,AUD,CHF,6231742.94,1.241282,1.240588,Treasury,-6.93999999999972e-04,96,90+ Days
SWPRVUUUZUOIFB5,2025-12-31,2026-06-12,EUR,AUD,987405.82,1.475817,1.474084,Treasury,-1.73299999999998e-03,163,90+ Days
SWP5DA8CB80JG8F,2025-12-03,2026-01-23,EUR,INR,1241455.87,1.283617,1.288067,Treasury,4.45000000000007e-03,51,30-90 Days
SWPW5MU9Q51UVOY,2026-01-29,2026-05-29,AUD,CHF,7814999.28,1.157861,1.163639,Investment Banking,5.77800000000006e-03,120,90+ Days
SWPN53CTA8L0E43,2025-11-15,2026-03-21,AUD,CAD,1555991.64,0.727182,0.727272,Investment Banking,9.00000000000345e-05,126,90+ Days
SWPPV0BUSGQIHXZ,2026-02-07,2026-07-13,GBP,CHF,3633863.71,0.988201,0.986636,Markets,-1.56500000000004e-03,156,90+ Days
SWP12GLY8LWCP08,2026-01-28,2026-03-30,JPY,AUD,3544640.73,1.200578,1.202115,Treasury,1.53700000000012e-03,61,30-90 Days
SWPQEN28NEM9KE8,2025-12-13,2026-03-22,JPY,CHF,3033347.87,0.963273,0.966641,Investment Banking,3.36799999999993e-03,99,90+ Days
SWPV3L043FFKFQW,2026-01-18,2026-02-16,INR,CHF,1153145.28,1.170735,1.170911,Investment Banking,1.75999999999954e-04,29,0-30 Days
SWPJNDQZZ467XD7,2025-12-08,2026-01-10,INR,GBP,1590106.2,1.216648,1.216729,Investment Banking,8.09999999999977e-05,33,30-90 Days
SWPWVGM1R0Q03ZY,2026-01-08,2026-06-04,USD,CAD,1914578.65,0.828471,0.827673,Treasury,-7.97999999999965e-04,147,90+ Days
SWPEL9APSR7SGV5,2026-02-20,2026-04-13,JPY,CAD,8949964.34,1.439527,1.441252,Markets,1.72499999999998e-03,52,30-90 Days
SWPWH3Y77YGW7WC,2025-12-13,2026-03-31,AUD,INR,5131644.83,0.590838,0.591267,Treasury,4.29000000000013e-04,108,90+ Days
SWPXTANNZDCVB31,2025-11-10,2026-01-28,INR,CHF,1175460.87,1.269489,1.272293,Markets,2.80399999999981e-03,79,30-90 Days
SWPKE15IW4QLQNL,2025-11-11,2026-03-10,CAD,GBP,3359362.2,0.938901,0.93714,Investment Banking,-1.76100000000001e-03,119,90+ Days
SWP8H1TXFWXJ7DZ,2025-11-29,2026-03-25,AUD,CHF,12561238.56,1.372482,1.371626,Markets,-8.55999999999968e-04,116,90+ Days
SWPDNT2AXQGW7TN,2026-01-27,2026-06-17,INR,USD,2027228.15,0.866397,0.867017,Markets,6.20000000000065e-04,141,90+ Days
SWPT28DTGHE933C,2025-12-15,2026-03-11,USD,CAD,6315442.41,0.727054,0.727068,Investment Banking,1.40000000000695e-05,86,30-90 Days
SWPELQXDCHQYN2W,2026-01-01,2026-03-06,CAD,EUR,11652582.63,1.082079,1.085759,Markets,3.67999999999991e-03,64,30-90 Days
SWPA9I9HGGCOALE,2026-02-16,2026-06-17,EUR,AUD,10288513.82,1.120593,1.121069,Investment Banking,4.76000000000143e-04,121,90+ Days
SWPDEW98P45ZFZG,2025-11-09,2025-12-15,USD,AUD,3259517.71,0.655735,0.655943,Investment Banking,2.08000000000097e-04,36,30-90 Days
SWPC7P1PLVSY3OP,2025-11-23,2026-03-19,GBP,CAD,2161927.1,1.227122,1.227666,Investment Banking,5.43999999999878e-04,116,90+ Days
SWPKGFD89TZGXA6,2025-11-16,2026-01-05,CAD,AUD,5048803.66,0.852641,0.854197,Markets,0.001556,50,30-90 Days
SWPVQBEXXJAGK9A,2026-01-26,2026-02-03,AUD,GBP,3584295.08,1.365243,1.366651,Treasury,1.40800000000008e-03,8,0-30 Days
SWPAHR8G50R6WN6,2026-01-16,2026-07-02,AUD,GBP,3247061.03,0.645112,0.64729,Treasury,2.17800000000001e-03,167,90+ Days
SWPPP0N3S7PTJLC,2025-11-24,2026-03-12,CAD,EUR,4011687.47,0.797016,0.795973,Treasury,-1.04299999999991e-03,108,90+ Days
SWPDY53OITR03IK,2025-11-07,2026-01-10,CAD,USD,3643653.26,0.654532,0.655958,Investment Banking,1.42600000000004e-03,64,30-90 Days
SWPNZLK01YW95X9,2025-12-23,2026-05-31,JPY,USD,5628511.65,0.759308,0.761666,Investment Banking,2.35799999999997e-03,159,90+ Days
SWPC34IXDTN9LT3,2025-11-28,2026-01-06,USD,CAD,2001073.09,0.758506,0.760357,Treasury,1.85099999999994e-03,39,30-90 Days
SWPABXJ664CGBBE,2026-01-25,2026-04-26,AUD,EUR,646969.77,0.57086,0.571743,Treasury,8.82999999999967e-04,91,90+ Days
SWP3D5T5RNYU26W,2025-11-08,2026-03-30,JPY,CHF,2841661.79,0.769109,0.767984,Markets,-1.12500000000004e-03,142,90+ Days
SWPIW9UEKDXKT54,2025-12-16,2026-04-06,JPY,INR,4800873.47,1.471255,1.471942,Markets,6.87000000000104e-04,111,90+ Days
SWP6QJY4PA9P0EL,2026-02-16,2026-08-10,CHF,EUR,2565030.36,0.537412,0.537214,Investment Banking,-1.98000000000031e-04,175,90+ Days
SWPVP0H9T4NR0GM,2026-02-13,2026-07-10,EUR,AUD,3540756.47,0.937803,0.937474,Investment Banking,-3.29000000000024e-04,147,90+ Days
SWPE1GXU6G6CDVU,2026-01-22,2026-02-15,EUR,CHF,3170462.49,1.478024,1.485926,Investment Banking,7.90200000000008e-03,24,0-30 Days
SWP1UH0KVMQHXCF,2026-01-12,2026-05-23,GBP,JPY,23568005.69,0.764829,0.764794,Investment Banking,-3.50000000000072e-05,131,90+ Days
SWPGO7RD9Z4Z4CE,2026-01-22,2026-04-06,EUR,USD,1980486.8,1.35586,1.355759,Investment Banking,-1.01000000000129e-04,74,30-90 Days
SWPT12ZJXEVWD0G,2025-11-04,2026-03-14,CHF,USD,1745793.44,0.939313,0.937563,Treasury,-1.74999999999992e-03,130,90+ Days
SWP0HCSBV55K4XI,2025-12-06,2026-01-04,CHF,JPY,4289351.12,0.790109,0.792438,Investment Banking,2.32900000000003e-03,29,0-30 Days
SWPC1WVZNQMTZGM,2025-11-10,2026-03-19,JPY,INR,9618893.08,0.875233,0.878954,Treasury,3.72099999999997e-03,129,90+ Days
SWPPE56BQIMVXIZ,2025-12-08,2025-12-27,JPY,EUR,1954764.85,0.620608,0.620393,Investment Banking,-2.15000000000076e-04,19,0-30 Days
SWPZVCVVUM39ZJ3,2025-11-16,2026-05-05,EUR,USD,16629564.51,0.61143,0.611447,Investment Banking,1.69999999999337e-05,170,90+ Days
SWPFYT7135YF3J4,2026-01-26,2026-02-10,EUR,AUD,3179652.44,0.873431,0.876442,Investment Banking,3.0110000000001e-03,15,0-30 Days
SWP46033IXF9ADF,2025-12-17,2025-12-24,EUR,CAD,7621515.68,1.414417,1.413158,Investment Banking,-1.25900000000012e-03,7,0-30 Days
SWPPOGF6O4IK9C5,2025-11-18,2026-01-31,USD,CHF,446983.04,0.523383,0.523435,Investment Banking,5.1999999999941e-05,74,30-90 Days
SWP1308FPZYW5E6,2026-01-27,2026-06-11,AUD,CAD,2305108.24,0.894184,0.896326,Treasury,2.14199999999998e-03,135,90+ Days
SWPCC04LELVYESO,2026-01-31,2026-07-15,CHF,USD,7964689.31,1.008855,1.008602,Investment Banking,-2.53000000000059e-04,165,90+ Days
SWPA4CVJ8SUQBO6,2026-01-04,2026-06-18,CHF,GBP,8861755.12,0.803408,0.8028,Investment Banking,-6.08000000000053e-04,165,90+ Days
SWP0X7FWX1R8JU0,2025-11-11,2025-12-04,CHF,GBP,10211833.76,1.439933,1.443242,Markets,3.30900000000001e-03,23,0-30 Days
SWPG8DORNJT3ZXY,2025-11-10,2025-11-22,GBP,AUD,3604297.76,1.019124,1.019296,Treasury,1.72000000000061e-04,12,0-30 Days
SWPRNKJUS26QLKS,2025-12-05,2026-05-22,JPY,EUR,904569.33,1.151385,1.150914,Investment Banking,-4.7100000000011e-04,168,90+ Days
SWPT1HZS640L2WU,2026-01-27,2026-04-22,USD,JPY,1979097.33,1.079387,1.078418,Investment Banking,-9.68999999999998e-04,85,30-90 Days
SWPW9LYOBXR8ZLI,2026-01-21,2026-05-10,JPY,GBP,7048270.09,0.71075,0.711596,Treasury,8.46000000000013e-04,109,90+ Days
SWPUFMUL5RY9APS,2025-12-19,2026-04-25,JPY,USD,3216507.82,0.870833,0.870985,Markets,1.52000000000041e-04,127,90+ Days
SWPTOSQR12ZPRRU,2026-02-19,2026-04-05,EUR,GBP,15409365.11,1.171473,1.169632,Treasury,-1.84099999999998e-03,45,30-90 Days
SWP6ZSGJ7EMLQMY,2026-01-29,2026-05-14,AUD,CAD,1232528.95,1.47518,1.477556,Investment Banking,2.37600000000016e-03,105,90+ Days
SWPRS3EBT0FRFT8,2026-02-09,2026-05-30,JPY,AUD,1494259.95,1.05862,1.059541,Markets,9.21000000000172e-04,110,90+ Days
SWP1BJEBRM51GEF,2025-10-26,2026-01-10,CHF,GBP,3144775.68,0.548112,0.548319,Treasury,2.06999999999957e-04,76,30-90 Days
SWP6QCJC641TH45,2026-01-02,2026-06-06,AUD,CHF,2652571.88,0.649647,0.652436,Treasury,2.78900000000004e-03,155,90+ Days
SWPE1A4WJ0OBK0H,2026-02-19,2026-06-06,AUD,JPY,5226586.17,1.006225,1.002628,Markets,-3.59699999999985e-03,107,90+ Days
SWPHQJDHFNLHVOE,2026-01-06,2026-02-24,USD,GBP,3215214.01,1.104345,1.109971,Markets,5.62600000000013e-03,49,30-90 Days
SWPLHHXHBTGUFES,2026-01-15,2026-02-21,JPY,CHF,778354.52,0.628193,0.630655,Markets,2.46199999999996e-03,37,30-90 Days
SWPHIYPI6U41Q43,2026-02-15,2026-07-15,INR,JPY,9032448.86,0.700303,0.699561,Treasury,-7.4200000000002e-04,150,90+ Days
SWPTPCTVS90BPLG,2025-12-26,2026-01-12,CAD,EUR,2191196.12,0.771366,0.772467,Treasury,1.10100000000002e-03,17,0-30 Days
SWPOVR7W228YWSS,2025-11-04,2026-04-09,CAD,USD,1872921.31,0.716936,0.717138,Markets,2.02000000000035e-04,156,90+ Days
SWP5JC5VJGFHIXI,2026-01-11,2026-07-09,INR,JPY,14226410.16,1.229539,1.23412,Investment Banking,4.58100000000017e-03,179,90+ Days
SWPIES9JOPQZJPQ,2025-12-12,2026-01-29,GBP,EUR,2011469.78,1.368472,1.370092,Treasury,1.62000000000018e-03,48,30-90 Days
SWPDA2MTLLORUXW,2026-01-07,2026-05-18,CHF,EUR,8538265.57,1.280665,1.283784,Markets,3.11900000000009e-03,131,90+ Days
SWPZ4172KZT85X4,2025-11-09,2026-01-23,EUR,JPY,1662681.31,1.462774,1.46973,Investment Banking,6.95599999999996e-03,75,30-90 Days
SWP36XY80MWOECM,2025-12-10,2026-01-16,USD,INR,2536172.03,0.621944,0.621521,Treasury,-4.23000000000062e-04,37,30-90 Days
SWPJS89SU3K1Q44,2025-12-29,2026-05-14,CAD,CHF,6411033.96,1.067992,1.068394,Treasury,4.02000000000013e-04,136,90+ Days
SWPA1JMSZ0MJE74,2026-01-04,2026-02-13,AUD,USD,907736.12,1.195958,1.198022,Markets,2.06399999999984e-03,40,30-90 Days
SWPA18Q3OD7NHCB,2025-11-20,2026-04-30,EUR,USD,7594938.64,0.644725,0.645893,Treasury,1.16800000000006e-03,161,90+ Days
SWPILT4DE7PLCPH,2026-02-16,2026-07-10,EUR,USD,4066577.46,0.766081,0.766168,Treasury,8.69999999999482e-05,144,90+ Days
SWPMOHY0C74306N,2025-12-25,2026-02-19,AUD,EUR,7506186.79,1.132614,1.135087,Treasury,2.47299999999995e-03,56,30-90 Days
SWPI75E1OOBBFN6,2026-02-03,2026-02-17,AUD,JPY,2516227.7,1.261157,1.265934,Investment Banking,4.77699999999981e-03,14,0-30 Days
SWPMHHSIKCF8HAZ,2026-01-21,2026-04-01,EUR,GBP,3645864.87,0.800508,0.800917,Treasury,4.08999999999993e-04,70,30-90 Days
SWP5DIBL0IK2QVA,2025-12-20,2026-04-19,USD,INR,6192649.89,1.15544,1.156423,Treasury,9.82999999999956e-04,120,90+ Days
SWP0HBVK90ECB6H,2025-11-23,2025-12-06,CAD,USD,4318004.99,0.557432,0.558663,Treasury,1.23099999999998e-03,13,0-30 Days
SWP8KG7E5YOVFGW,2025-11-12,2025-12-20,JPY,AUD,1341082.45,0.862797,0.861112,Treasury,-1.68500000000005e-03,38,30-90 Days
SWP1DFUT1NJXBPT,2026-02-07,2026-04-17,INR,CAD,808944.38,0.606264,0.606046,Markets,-2.18000000000051e-04,69,30-90 Days
SWPGPQJQ1LXZLQX,2026-01-24,2026-06-21,AUD,INR,1058932.0,0.918438,0.919845,Markets,1.40700000000005e-03,148,90+ Days
SWPIKQL0PJ4F5L8,2026-01-05,2026-06-13,CAD,INR,2855444.66,1.040496,1.042831,Treasury,2.33499999999998e-03,159,90+ Days
SWPFJTZFIVNPIZV,2026-01-09,2026-05-19,CAD,USD,7136349.51,1.46547,1.463511,Investment Banking,-1.95900000000004e-03,130,90+ Days
SWPFNTJ2ME64RSS,2025-11-05,2026-03-22,CHF,USD,12806575.91,1.438271,1.438393,Treasury,1.21999999999955e-04,137,90+ Days
SWP3UTGWQBFU5A7,2026-01-12,2026-04-06,JPY,USD,1552402.97,1.378987,1.381592,Markets,2.60499999999997e-03,84,30-90 Days
SWPJUTYDGOQ0EDB,2026-01-30,2026-07-01,GBP,EUR,4630176.37,0.778,0.776007,Markets,-1.99300000000002e-03,152,90+ Days
SWP2LU4ZO2ITINK,2026-02-01,2026-03-09,INR,CHF,914173.93,1.079608,1.084767,Treasury,5.15900000000014e-03,36,30-90 Days
SWP6V27MVS5Q3VI,2026-01-25,2026-07-11,INR,JPY,1369785.57,0.576184,0.577848,Treasury,0.001664,167,90+ Days
SWPL6OO65B4E2D9,2026-02-21,2026-06-05,CAD,GBP,6947367.27,0.538968,0.540863,Investment Banking,1.89499999999998e-03,104,90+ Days
SWP9BUTD75BTCV9,2026-02-19,2026-03-03,USD,CHF,1120328.09,1.208277,1.210334,Markets,2.05699999999998e-03,12,0-30 Days
SWPW57JFMC18F3D,2026-01-31,2026-05-10,INR,AUD,1691996.47,0.520633,0.520985,Investment Banking,3.52000000000019e-04,99,90+ Days
SWPR0I312FGSIP9,2025-11-07,2026-04-21,AUD,CAD,1076682.41,0.538447,0.54034,Markets,1.89300000000003e-03,165,90+ Days
SWPF9EBOJ5TRYCD,2025-11-05,2025-12-26,INR,JPY,355512.9,1.315426,1.315088,Markets,-3.37999999999949e-04,51,30-90 Days
SWPLUOQN7GMGMJ4,2026-02-19,2026-08-05,INR,CAD,2262627.66,0.506071,0.50471,Investment Banking,-1.36100000000006e-03,167,90+ Days
SWPD6EMGGGSG4ZC,2025-11-02,2026-04-25,GBP,EUR,11631160.15,0.675889,0.675719,Treasury,-1.70000000000003e-04,174,90+ Days
SWPUG4E6TYP76LP,2025-12-03,2026-04-17,CHF,EUR,4385696.57,0.838381,0.841339,Markets,2.95799999999991e-03,135,90+ Days
SWPTUQ9FG290BSJ,2025-11-01,2025-11-10,INR,USD,9731748.95,1.208757,1.210294,Treasury,1.5369999999999e-03,9,0-30 Days
SWPQE0UQSAZ8PWP,2025-11-25,2025-12-08,EUR,CHF,2666286.14,1.07579,1.076788,Investment Banking,9.98000000000054e-04,13,0-30 Days
SWPPLXUVG7D3B1U,2026-01-18,2026-03-18,INR,JPY,6985825.03,1.303221,1.308449,Treasury,5.22800000000001e-03,59,30-90 Days
SWPCPWSEIH5UM96,2026-02-06,2026-05-16,AUD,GBP,4208072.86,0.648798,0.649693,Investment Banking,8.94999999999979e-04,99,90+ Days
SWPI9500DOW7Q7Z,2025-11-22,2026-03-10,GBP,CHF,875203.85,1.397451,1.400684,Markets,3.23300000000004e-03,108,90+ Days
SWPLD6JZFZRZS1K,2025-11-13,2026-05-12,CHF,JPY,1541676.61,1.303616,1.300267,Treasury,-3.34900000000005e-03,180,90+ Days
SWPUI8RJ0V2T8DD,2025-11-14,2025-12-10,EUR,USD,10226740.84,0.90509,0.903532,Investment Banking,-1.55799999999995e-03,26,0-30 Days
SWPKI16CPL0J502,2026-01-06,2026-03-04,CHF,AUD,3302081.95,0.720035,0.719651,Markets,-3.8399999999994e-04,57,30-90 Days
SWPX5TP2O1Y2WY0,2025-11-08,2026-04-23,JPY,EUR,5378535.56,1.404852,1.408317,Treasury,3.46500000000005e-03,166,90+ Days
SWPAV1J5PP7U9YS,2026-01-15,2026-01-24,JPY,USD,2137278.01,1.33881,1.338866,Investment Banking,5.5999999999834e-05,9,0-30 Days
SWPWQYX6QS7TNOE,2025-12-20,2026-04-16,CHF,USD,2399193.08,1.320025,1.324935,Treasury,4.90999999999997e-03,117,90+ Days
SWPP9RPPONLBSVY,2026-02-13,2026-07-10,AUD,EUR,2116995.14,0.644544,0.645029,Markets,4.84999999999958e-04,147,90+ Days
SWP25JQI6HBLDCQ,2026-02-14,2026-04-25,USD,CHF,4142582.47,0.771448,0.771047,Investment Banking,-4.00999999999985e-04,70,30-90 Days
SWPTO759I7KPDTZ,2026-01-27,2026-03-18,USD,CHF,4243876.8,0.515184,0.516147,Treasury,9.63000000000047e-04,50,30-90 Days
SWPT89RAE0MOZ5N,2025-12-29,2026-06-26,EUR,AUD,259633.84,1.447817,1.444949,Treasury,-2.86799999999987e-03,179,90+ Days
SWPX6N7WC7OOBCF,2025-12-19,2026-03-07,AUD,GBP,4021298.55,0.542798,0.543521,Investment Banking,7.23000000000029e-04,78,30-90 Days
SWPOQW9VGZ06VF7,2026-01-20,2026-04-23,EUR,CHF,4983499.73,0.705235,0.707468,Treasury,2.23300000000004e-03,93,90+ Days
SWPMVO8A69HI3XC,2026-02-22,2026-04-04,INR,CAD,4592889.44,1.35411,1.356354,Treasury,2.24400000000013e-03,41,30-90 Days
SWP6FR7V30CG3KD,2025-11-03,2026-04-09,JPY,GBP,2433288.9,1.119124,1.119766,Investment Banking,6.42000000000031e-04,157,90+ Days
SWPNW54EBDRIW3B,2026-02-16,2026-08-06,JPY,CHF,1608534.69,1.0329,1.036852,Investment Banking,3.95200000000018e-03,171,90+ Days
SWP74QMT4GCAE4N,2025-12-22,2026-02-27,AUD,GBP,4699502.66,0.618315,0.618729,Investment Banking,4.14000000000025e-04,67,30-90 Days
SWPQNNZKBKUEFK8,2025-12-13,2026-06-07,GBP,INR,2025819.51,1.017554,1.020776,Treasury,3.22199999999984e-03,176,90+ Days
SWPIJSW8Y3WXZ7O,2026-01-02,2026-02-08,GBP,CAD,937753.76,0.654033,0.656305,Markets,2.27200000000005e-03,37,30-90 Days
SWPA33051D4VVL7,2025-12-05,2026-04-30,GBP,CHF,6596191.35,0.545885,0.548129,Markets,2.24400000000002e-03,146,90+ Days
SWPON9B7GOPGG12,2025-11-01,2025-11-29,USD,JPY,3979759.88,1.450484,1.450176,Treasury,-3.08000000000197e-04,28,0-30 Days
SWPCUJOBQIXZ20O,2025-12-01,2025-12-10,JPY,USD,1956579.55,1.221556,1.220077,Markets,-1.47900000000001e-03,9,0-30 Days
SWP23UBFSY39N5J,2025-12-30,2026-06-03,GBP,INR,3559652.08,0.517922,0.517069,Markets,-8.52999999999993e-04,155,90+ Days
SWP0X1C7UIFVF7M,2025-11-17,2025-12-19,EUR,JPY,3903032.56,1.079748,1.085977,Treasury,6.22900000000004e-03,32,30-90 Days
SWPI0J1HX6C6AWZ,2026-02-21,2026-08-20,AUD,GBP,2448611.33,0.7443,0.745443,Markets,1.14300000000001e-03,180,90+ Days
SWP4Y9SZMB1W7WG,2025-11-07,2026-01-23,GBP,CAD,955468.84,1.491279,1.488472,Treasury,-0.002807,77,30-90 Days
SWPXAQPNHSCC0G2,2025-11-13,2026-03-03,GBP,JPY,1429613.01,1.365835,1.365864,Treasury,2.90000000000568e-05,110,90+ Days
SWPZX2LMLQZEN68,2025-12-03,2026-04-05,INR,AUD,1400066.35,0.778763,0.779735,Markets,9.71999999999973e-04,123,90+ Days
SWP5ZCH37MS8JBZ,2026-01-17,2026-01-28,EUR,AUD,6434939.15,1.126927,1.128802,Investment Banking,1.87500000000007e-03,11,0-30 Days
SWPXV7ZH6U4ZSP0,2025-10-31,2026-04-06,AUD,CHF,1672395.75,0.550314,0.549934,Treasury,-3.79999999999936e-04,157,90+ Days
SWPIT65GT1I0J4R,2025-12-06,2026-02-06,GBP,INR,2136640.57,1.275872,1.277479,Markets,1.60700000000014e-03,62,30-90 Days
SWP7CADS48KHOSW,2026-01-04,2026-06-29,USD,JPY,3299137.21,1.096461,1.09661,Treasury,1.49000000000177e-04,176,90+ Days
SWPKTINMMZYXTD8,2026-02-06,2026-05-11,JPY,CAD,598929.77,1.325216,1.32416,Investment Banking,-1.05599999999995e-03,94,90+ Days
SWPEBL2ANJ8Y335,2025-11-01,2026-01-29,INR,JPY,6753450.21,1.170132,1.168399,Markets,-1.73299999999998e-03,89,30-90 Days
SWPIBJSGDI817OU,2025-11-08,2026-04-28,JPY,USD,5856007.84,0.511433,0.51257,Markets,1.13699999999994e-03,171,90+ Days
SWP5C7ZM1LT2K19,2026-01-01,2026-03-10,GBP,AUD,627894.24,1.141155,1.142788,Markets,0.001633,68,30-90 Days
SWPV1SBQGGB581F,2025-11-26,2026-04-02,CHF,EUR,2864974.45,1.128233,1.127525,Investment Banking,-7.07999999999931e-04,127,90+ Days
SWP9Z80LYFYZAF4,2025-12-29,2026-04-19,EUR,CAD,4799673.46,0.973005,0.970278,Investment Banking,-2.72700000000003e-03,111,90+ Days
SWPXVQT0HEX7L9U,2025-12-16,2026-03-31,CHF,GBP,3671344.58,0.658704,0.657003,Treasury,-1.70099999999995e-03,105,90+ Days
SWPN1OOZOZDT4AG,2025-11-04,2025-12-24,CHF,USD,12692505.82,0.739077,0.740483,Investment Banking,1.40600000000002e-03,50,30-90 Days
SWPY5VVI5IFEA0W,2025-12-29,2026-05-30,CAD,USD,3022640.24,1.243181,1.242445,Treasury,-7.3600000000007e-04,152,90+ Days
SWPHQBCFMWKHRH3,2026-01-27,2026-06-13,AUD,EUR,4786255.93,0.992501,0.996241,Markets,3.74000000000008e-03,137,90+ Days
SWPE50QVVALIKNH,2026-02-07,2026-03-10,EUR,GBP,10399003.13,1.082925,1.084142,Investment Banking,1.21700000000002e-03,31,30-90 Days
SWP2ESCLII62GPT,2026-01-04,2026-05-21,EUR,JPY,1838219.47,1.11199,1.114246,Treasury,2.25600000000004e-03,137,90+ Days
SWPKM0D1T8YVZZY,2025-12-21,2026-03-28,CHF,EUR,5496767.3,0.94478,0.945113,Markets,3.33000000000028e-04,97,90+ Days
SWP0KDRE4FBZLYY,2026-02-20,2026-08-12,AUD,CAD,10388956.61,1.47201,1.475549,Markets,3.53899999999996e-03,173,90+ Days
SWPZ56SHCF8LXE9,2025-12-09,2026-04-28,CAD,GBP,5406249.61,1.440888,1.436124,Markets,-4.76399999999999e-03,140,90+ Days
SWPPWDMPW5SADTW,2025-10-30,2026-02-10,USD,CAD,890276.09,1.195017,1.196555,Treasury,1.53800000000004e-03,103,90+ Days
SWPJJWR9A9DMYCL,2026-01-12,2026-06-22,CHF,JPY,915083.93,1.394384,1.390165,Treasury,-4.21899999999997e-03,161,90+ Days
SWPZ1EGQF5TXIJS,2025-12-21,2026-04-13,INR,AUD,6436180.78,0.837195,0.835922,Treasury,-1.27299999999997e-03,113,90+ Days
SWPCQHODO73G9K7,2025-12-06,2026-01-19,INR,CHF,3601347.96,1.307445,1.309852,Treasury,2.40700000000005e-03,44,30-90 Days
SWP7CTCM5Z3YOYG,2026-01-01,2026-05-12,EUR,AUD,2127696.23,1.42263,1.426765,Investment Banking,0.004135,131,90+ Days
SWPVGNDQUCJBRF8,2026-01-25,2026-03-01,CHF,EUR,1844261.17,0.552997,0.55478,Markets,1.78300000000009e-03,35,30-90 Days
SWPWVVDGBE4VDNS,2025-11-26,2025-12-19,GBP,CHF,5028326.52,0.573503,0.575734,Markets,2.23099999999998e-03,23,0-30 Days
SWP0TMYJMSVU4MQ,2025-12-22,2026-04-16,JPY,AUD,4779802.0,1.207619,1.207427,Investment Banking,-1.9199999999997e-04,115,90+ Days
SWPJYE343932OV8,2025-11-27,2025-12-28,EUR,AUD,10634730.41,0.81748,0.819111,Treasury,1.63100000000005e-03,31,30-90 Days
SWPI5M5J8Q46JCB,2025-11-17,2026-03-19,JPY,CAD,4574723.61,0.586924,0.585943,Markets,-9.8100000000001e-04,122,90+ Days
SWPX1FBNPNIIXQ3,2025-11-24,2026-05-17,USD,EUR,11882379.66,1.317391,1.314093,Investment Banking,-3.29800000000002e-03,174,90+ Days
SWPNYCFDPVM7MCL,2025-11-26,2026-02-16,JPY,AUD,3043865.6,1.234653,1.23621,Markets,1.55700000000003e-03,82,30-90 Days
SWPMXY6JAYNBQEP,2026-01-17,2026-01-28,EUR,CAD,4530255.3,0.688315,0.690901,Treasury,2.58599999999998e-03,11,0-30 Days
SWPE96GA1X0LR0N,2026-02-05,2026-05-17,GBP,INR,642272.85,1.238792,1.23933,Markets,5.38000000000149e-04,101,90+ Days
SWP17Q6Z8PDBULQ,2026-01-17,2026-04-21,INR,GBP,2404367.94,0.576093,0.576391,Treasury,2.9800000000002e-04,94,90+ Days
SWPC8NZKZQOFSRF,2025-12-18,2026-03-02,GBP,INR,2827400.86,0.649976,0.650495,Markets,5.19000000000047e-04,74,30-90 Days
SWPDC00RRV4VJ8M,2026-01-18,2026-07-14,AUD,CHF,1587286.89,1.03476,1.034382,Markets,-3.77999999999989e-04,177,90+ Days
SWPZ9KKMXC2LQ55,2025-12-16,2026-02-26,EUR,INR,3144963.32,1.323483,1.324366,Treasury,8.82999999999967e-04,72,30-90 Days
SWPHZTOQPUFVQSH,2026-01-04,2026-02-01,EUR,INR,3877528.86,0.890294,0.891763,Treasury,1.46899999999994e-03,28,0-30 Days
SWPBM25FYW3OFP8,2026-01-06,2026-01-27,JPY,GBP,1449593.2,1.20065,1.200929,Treasury,2.78999999999918e-04,21,0-30 Days
SWP56ZHRAM6V0PA,2026-01-10,2026-03-19,CAD,USD,3213081.56,0.856071,0.855171,Treasury,-9.00000000000012e-04,68,30-90 Days
SWPZI618UANH5SO,2026-01-17,2026-03-20,EUR,USD,17574203.0,1.11358,1.113108,Markets,-4.72000000000028e-04,62,30-90 Days
SWPL4XGZRRD2YJE,2026-01-27,2026-04-09,GBP,INR,1875927.2,0.598254,0.59737,Treasury,-8.83999999999996e-04,72,30-90 Days
SWP4UV39AUQ6O21,2025-11-23,2026-04-13,AUD,EUR,1317057.33,1.45368,1.454946,Treasury,1.26599999999999e-03,141,90+ Days
SWP5QWPWV2MPWQE,2025-11-02,2026-04-20,INR,CHF,6260852.27,1.194076,1.198088,Treasury,4.01200000000013e-03,169,90+ Days
SWPMJXMJ9FTYR8Y,2026-02-15,2026-07-24,EUR,JPY,3137331.67,0.709786,0.710249,Investment Banking,4.62999999999991e-04,159,90+ Days
SWPHYFLZ9VH37ME,2025-11-01,2026-04-11,GBP,JPY,2620496.12,0.85426,0.856636,Treasury,2.37599999999993e-03,161,90+ Days
SWPZP5KSFOTEYHW,2026-01-29,2026-05-20,USD,AUD,3785501.52,0.778022,0.77842,Investment Banking,3.98000000000009e-04,111,90+ Days
SWPYN2IH0KM0GH0,2025-10-31,2025-12-30,EUR,INR,1573668.87,1.010772,1.008341,Investment Banking,-2.43100000000007e-03,60,30-90 Days
SWPK231VTJUGZQ7,2025-11-02,2026-04-15,JPY,INR,3609270.97,1.27616,1.278832,Investment Banking,2.67200000000001e-03,164,90+ Days
SWP28BIXCNGKKB4,2026-01-02,2026-01-20,EUR,CAD,2242651.19,0.860754,0.86105,Markets,2.95999999999963e-04,18,0-30 Days
SWPXB9J6MLH7IZA,2025-11-07,2025-12-27,INR,CHF,10491564.6,1.183159,1.187212,Treasury,4.05299999999986e-03,50,30-90 Days
SWPH8BW0PUIR953,2025-11-03,2025-12-29,AUD,GBP,2040954.22,1.21883,1.219278,Markets,4.48000000000004e-04,56,30-90 Days
SWPD3RGG2ZIZKU8,2025-10-27,2026-03-06,JPY,GBP,336342.57,1.074615,1.076396,Investment Banking,1.78099999999981e-03,130,90+ Days
SWP2ZK5C2FYYDG7,2026-01-27,2026-02-07,CAD,JPY,7700424.62,0.712854,0.711284,Treasury,-1.56999999999996e-03,11,0-30 Days
SWPIGCC9JYLQUO9,2025-12-27,2026-02-21,GBP,AUD,3603910.13,1.299581,1.299337,Markets,-2.44000000000133e-04,56,30-90 Days
SWPR8RX5BUI53SN,2026-01-29,2026-02-24,AUD,USD,5720014.41,0.717906,0.718928,Treasury,1.02199999999997e-03,26,0-30 Days
SWPLS95357YTPE2,2025-12-12,2026-03-07,AUD,JPY,4028906.29,1.312096,1.316237,Treasury,4.14100000000017e-03,85,30-90 Days
SWPXHKCS18A8VZA,2026-02-11,2026-05-18,USD,INR,1718342.41,1.127121,1.132801,Markets,5.67999999999991e-03,96,90+ Days
SWPS1FINYF0W7EV,2026-01-22,2026-02-01,GBP,USD,2337025.7,1.346901,1.348981,Markets,2.08000000000008e-03,10,0-30 Days
SWPMM4KE8ZXBCWM,2025-10-28,2025-12-01,CAD,GBP,4066160.48,0.849392,0.850663,Treasury,1.27099999999991e-03,34,30-90 Days
SWP13DM4TLSOKSX,2026-02-18,2026-05-03,EUR,USD,6420583.67,1.150743,1.15209,Treasury,1.34699999999999e-03,74,30-90 Days
SWPHN8BM2SHNVHO,2025-12-19,2026-06-02,CHF,JPY,5044323.01,0.741486,0.740605,Investment Banking,-8.81000000000021e-04,165,90+ Days
SWP14HTDZAZK0Y4,2025-11-15,2026-05-13,AUD,JPY,6181304.71,1.262036,1.264176,Investment Banking,2.14000000000003e-03,179,90+ Days
SWP5QV9HEU2HKL3,2025-11-25,2026-03-17,AUD,USD,781310.79,0.990417,0.995858,Investment Banking,5.44100000000003e-03,112,90+ Days
SWPDQ42FMMRIRJG,2025-12-23,2026-02-28,EUR,AUD,1175410.93,1.217319,1.213496,Markets,-3.82300000000013e-03,67,30-90 Days
SWPXZNDBB0K7574,2025-12-29,2026-06-24,EUR,USD,1757014.46,1.367622,1.372311,Investment Banking,4.68900000000017e-03,177,90+ Days
SWPZ12XP3ASNB2U,2026-01-21,2026-02-12,JPY,INR,5730257.33,1.008816,1.010871,Markets,2.05500000000014e-03,22,0-30 Days
SWP6RXX9J7ZFBA3,2026-01-21,2026-02-03,AUD,INR,2387199.23,1.421185,1.42212,Investment Banking,9.3500000000013e-04,13,0-30 Days
SWP3N18VKF969X9,2025-11-05,2026-03-23,CHF,GBP,3360446.11,1.486341,1.482605,Markets,-3.73599999999996e-03,138,90+ Days
SWP443U2HQ88OQF,2026-02-06,2026-06-18,USD,JPY,3771142.41,0.864832,0.865852,Treasury,1.01999999999991e-03,132,90+ Days
SWP0SNTN89DS4YJ,2025-12-01,2026-01-11,AUD,CAD,2581946.34,0.621136,0.621173,Markets,3.69999999999537e-05,41,30-90 Days
SWPPBJLTWWZP7UJ,2026-02-03,2026-04-24,JPY,CAD,3145870.81,1.362164,1.36399,Markets,1.82600000000011e-03,80,30-90 Days
SWP8KOUXY0NNVXB,2025-12-17,2026-05-13,INR,GBP,7752365.95,1.48123,1.486488,Investment Banking,5.25799999999998e-03,147,90+ Days
SWPEFJMLCFVRX6G,2025-11-17,2026-03-26,INR,GBP,1174246.02,0.993626,0.990984,Investment Banking,-2.64200000000003e-03,129,90+ Days
SWPWW4OTLQUSB7K,2026-02-19,2026-03-27,GBP,USD,3027535.38,1.426159,1.428848,Markets,2.68899999999994e-03,36,30-90 Days
SWPH7X8JDO21E9A,2026-01-20,2026-04-28,EUR,INR,1265026.32,1.283462,1.282955,Investment Banking,-5.07000000000035e-04,98,90+ Days
SWPG8A7S39CY1I5,2026-02-20,2026-03-21,INR,CHF,1263177.49,0.647843,0.648736,Investment Banking,8.93000000000033e-04,29,0-30 Days
SWPFL2K9QYP34ER,2026-01-29,2026-05-04,GBP,CHF,4913369.13,0.777692,0.778231,Investment Banking,5.38999999999956e-04,95,90+ Days
SWP9Y3MKFXIWXYO,2026-02-20,2026-03-02,AUD,USD,1622856.49,0.546932,0.547147,Markets,2.15000000000076e-04,10,0-30 Days
SWPGOV1AVS1PW6V,2025-12-05,2026-02-16,EUR,AUD,2994038.58,1.026333,1.027285,Treasury,9.52000000000064e-04,73,30-90 Days
SWPSITQNM498JQ9,2025-11-30,2025-12-25,CHF,AUD,2564104.24,1.239535,1.239155,Investment Banking,-3.80000000000047e-04,25,0-30 Days
SWPDU9EFNAT7DO8,2026-01-30,2026-03-15,USD,AUD,2090682.47,0.881772,0.882823,Treasury,1.05100000000002e-03,44,30-90 Days
SWP5050R73NW8XL,2025-11-18,2026-01-25,GBP,EUR,3223627.97,0.725368,0.726313,Treasury,9.44999999999974e-04,68,30-90 Days
SWPYOKNTVU0VN2F,2026-01-28,2026-03-05,JPY,CHF,4371663.65,1.493224,1.491329,Treasury,-1.8950000000002e-03,36,30-90 Days
SWPF7W8227H9QQ9,2025-11-11,2026-02-05,USD,AUD,8501483.57,1.000399,1.001922,Investment Banking,1.52299999999994e-03,86,30-90 Days
SWP8SDIFZWVQYSA,2026-02-22,2026-07-19,CAD,JPY,11089029.42,1.21762,1.218226,Markets,6.06000000000106e-04,147,90+ Days
SWPPE1XM1IPM5YB,2025-10-31,2026-03-25,JPY,EUR,1546996.17,1.170222,1.170708,Investment Banking,4.85999999999986e-04,145,90+ Days
SWPDTWPQS14DQTZ,2025-11-03,2026-01-19,USD,AUD,13126564.6,1.009913,1.010363,Treasury,4.49999999999839e-04,77,30-90 Days
SWPT7QCPA9ELJ3A,2025-11-30,2026-02-20,EUR,CAD,2084218.46,1.458126,1.457135,Treasury,-9.90999999999964e-04,82,30-90 Days
SWPXD7WCRMMPWS8,2026-01-17,2026-03-04,JPY,USD,545303.89,0.698345,0.699796,Investment Banking,1.45099999999998e-03,46,30-90 Days
SWP6JD1N9SCIWYO,2025-12-16,2026-02-21,AUD,INR,5897723.42,0.812328,0.813797,Treasury,1.46899999999994e-03,67,30-90 Days
SWP45DCBW8YILPB,2026-02-22,2026-03-05,CAD,JPY,10744008.45,0.765278,0.766701,Markets,1.42299999999995e-03,11,0-30 Days
SWPQEPHWUQ5EROJ,2026-01-06,2026-03-27,CAD,JPY,4777107.27,1.18554,1.187271,Investment Banking,1.73099999999993e-03,80,30-90 Days
SWP0713JAHZ9ZEU,2026-01-24,2026-06-15,JPY,AUD,6532373.8,0.708868,0.709398,Markets,5.29999999999919e-04,142,90+ Days
SWPMPWH18ZJVPQA,2025-11-18,2026-03-15,GBP,USD,1548213.67,0.707359,0.70936,Markets,2.00100000000003e-03,117,90+ Days
SWPXNNFI0NXXYA7,2025-10-26,2025-12-02,JPY,CAD,2940531.46,1.443119,1.44517,Markets,2.05100000000003e-03,37,30-90 Days
SWP1HZ6GLP8J3B0,2026-01-03,2026-05-08,JPY,AUD,1605179.62,0.564052,0.564249,Markets,1.97000000000003e-04,125,90+ Days
SWPU39VEGG5RLZ8,2025-11-24,2026-03-06,EUR,INR,3515728.23,1.087781,1.087647,Investment Banking,-1.34000000000079e-04,102,90+ Days
SWPZTTDMBHE5WIS,2026-01-13,2026-03-03,JPY,AUD,15917071.0,0.536209,0.536025,Investment Banking,-1.84000000000073e-04,49,30-90 Days
SWP0OIZVTWEX9Y7,2026-01-16,2026-06-30,USD,GBP,3748249.32,0.981183,0.983727,Treasury,2.54399999999999e-03,165,90+ Days
SWPZX7XF0HOY1J0,2026-01-17,2026-01-26,CAD,JPY,11971832.49,0.865886,0.863307,Markets,-0.002579,9,0-30 Days
SWP1SG45DFEO764,2025-10-30,2025-11-18,JPY,AUD,2428457.51,0.619684,0.618427,Investment Banking,-1.25700000000006e-03,19,0-30 Days
SWPOW0SD3MCCIVW,2026-02-09,2026-05-26,JPY,CAD,8654626.1,0.76231,0.76191,Investment Banking,-4.00000000000067e-04,106,90+ Days
SWP3YSEKLQC45HO,2026-02-18,2026-06-27,JPY,CAD,1711407.93,1.243061,1.246227,Markets,0.003166,129,90+ Days
SWPQTZJRYYS7HPU,2025-12-08,2026-04-22,USD,AUD,4558112.65,1.074793,1.074837,Treasury,4.3999999999933e-05,135,90+ Days
SWPXEGXCV6N5VZ4,2026-01-26,2026-06-06,USD,AUD,4533681.28,1.155041,1.154629,Treasury,-4.12000000000079e-04,131,90+ Days
SWP0XMTK4VZAHNR,2025-12-14,2025-12-26,EUR,JPY,15024451.33,0.653852,0.655088,Markets,1.23600000000001e-03,12,0-30 Days
SWPBTL2K1JMO4HS,2026-01-17,2026-02-07,EUR,AUD,4305056.32,1.327315,1.330024,Investment Banking,2.70900000000007e-03,21,0-30 Days
SWPFDOZ3XNO1G02,2026-01-29,2026-02-11,CHF,CAD,620592.2,1.133233,1.132018,Investment Banking,-1.21499999999997e-03,13,0-30 Days
SWPFGDU1K60ORSF,2026-02-07,2026-02-26,CAD,GBP,3726407.28,1.27711,1.283426,Markets,6.31599999999999e-03,19,0-30 Days
SWPWS595XLJOEXW,2026-01-18,2026-06-10,GBP,EUR,2217389.08,1.448425,1.447731,Markets,-6.93999999999972e-04,143,90+ Days
SWPPKBO0R5HSXE7,2025-12-28,2026-02-28,CHF,JPY,15261395.13,1.349754,1.35066,Investment Banking,9.06000000000073e-04,62,30-90 Days
SWPWBHJMPK9F3YG,2026-01-13,2026-04-03,INR,CAD,2890739.63,1.068707,1.069392,Markets,6.84999999999825e-04,80,30-90 Days
SWP1GB04BAD1HJY,2025-10-26,2026-03-26,EUR,AUD,10779882.04,0.92449,0.925818,Treasury,0.001328,151,90+ Days
SWPJBG115Q4N7ZE,2025-10-31,2026-04-24,AUD,INR,6865204.92,0.887056,0.884603,Treasury,-2.45299999999993e-03,175,90+ Days
SWPPG266NKLDGXT,2025-12-21,2026-03-07,EUR,INR,3118644.68,1.007574,1.010295,Markets,2.72099999999997e-03,76,30-90 Days
SWPX34IS2D1PTKL,2026-01-01,2026-06-04,AUD,EUR,7276092.62,1.033497,1.031885,Treasury,-1.61200000000017e-03,154,90+ Days
SWP4AAMVD78Z9XA,2025-11-06,2026-03-13,JPY,AUD,4118742.58,0.862274,0.86325,Treasury,9.75999999999977e-04,127,90+ Days
SWPJ060GACPIYE5,2026-01-29,2026-07-27,CAD,EUR,1898129.57,0.799879,0.80095,Investment Banking,1.07100000000004e-03,179,90+ Days
SWPQ24NEQIPU8V2,2025-11-02,2026-02-01,CAD,GBP,2122838.77,0.583196,0.583251,Markets,5.49999999999162e-05,91,90+ Days
SWPN982A9XKEYPX,2025-12-15,2026-03-28,CAD,USD,1954488.8,1.141012,1.145654,Investment Banking,4.64200000000003e-03,103,90+ Days
SWPEPP05YSL6V13,2025-12-06,2025-12-17,CHF,JPY,4235750.93,0.72095,0.721322,Markets,3.72000000000039e-04,11,0-30 Days
SWPWFV2YMJMYDK0,2026-01-01,2026-03-01,CAD,GBP,2936042.89,0.533197,0.532618,Treasury,-5.78999999999996e-04,59,30-90 Days
SWPZSKD3RCUMRQB,2025-11-29,2026-01-20,INR,AUD,2583452.74,0.925739,0.929864,Investment Banking,4.12500000000005e-03,52,30-90 Days
SWPBM38FQFB5DVC,2025-11-05,2025-12-10,INR,EUR,3609575.16,0.925513,0.926803,Markets,1.29000000000001e-03,35,30-90 Days
SWPF2B4DGE8FSA1,2025-11-13,2025-12-22,USD,CHF,4905546.04,0.615165,0.616398,Treasury,1.23300000000004e-03,39,30-90 Days
SWPFBRRBR6IVLUT,2025-12-23,2026-02-10,INR,CHF,762449.82,0.863536,0.861837,Treasury,-1.69900000000001e-03,49,30-90 Days
SWPAMHUL0H2SPF1,2026-02-03,2026-02-20,JPY,USD,27016510.14,0.85446,0.856118,Treasury,1.65800000000005e-03,17,0-30 Days
SWP5NM76NKNOGZW,2026-01-30,2026-03-09,JPY,CAD,6393220.63,1.075903,1.080456,Treasury,4.55300000000003e-03,38,30-90 Days
SWPHCK3WEIV07OQ,2025-10-29,2025-11-18,INR,JPY,1093069.95,0.794918,0.795919,Treasury,1.00100000000003e-03,20,0-30 Days
SWPLPEQ1S0YX7FC,2026-02-02,2026-05-26,AUD,USD,12791674.09,0.931595,0.933559,Markets,1.96400000000008e-03,113,90+ Days
SWPVRUI1GBULI1D,2026-02-07,2026-07-18,CAD,USD,1079876.35,1.192791,1.192734,Markets,-5.69999999999737e-05,161,90+ Days
SWPSLD013K5FU4F,2025-11-15,2025-12-03,GBP,USD,3848143.38,1.219342,1.222955,Markets,3.61300000000009e-03,18,0-30 Days
SWPK683XB8JCBTU,2025-12-24,2025-12-31,JPY,CHF,2240440.77,1.042337,1.043365,Investment Banking,1.02800000000003e-03,7,0-30 Days
SWP7R1Y8S7ZSEKW,2026-02-05,2026-02-22,CAD,CHF,1312392.78,1.396673,1.395691,Investment Banking,-9.82000000000038e-04,17,0-30 Days
SWP4H3QNG6LPUQC,2025-12-03,2025-12-27,EUR,CAD,2136635.9,0.532532,0.532584,Treasury,5.1999999999941e-05,24,0-30 Days
SWPMV0O8FO24H8P,2026-02-16,2026-06-20,CHF,USD,1949459.53,1.033657,1.033339,Markets,-3.1800000000004e-04,124,90+ Days
SWPSRXOO2DJ2QVQ,2025-11-09,2025-12-05,JPY,CHF,3426455.36,0.902209,0.902343,Investment Banking,1.33999999999967e-04,26,0-30 Days
SWPK1CSIYGIH5H0,2026-02-17,2026-08-14,GBP,AUD,3969185.35,1.378714,1.378858,Markets,1.43999999999922e-04,178,90+ Days
SWP0O70SN6LTLIZ,2026-01-19,2026-03-22,EUR,CAD,1738079.0,1.075157,1.077085,Markets,1.92800000000015e-03,62,30-90 Days
SWPQ3WDJUXMCQ5Q,2026-02-14,2026-04-23,EUR,GBP,2261981.1,0.69455,0.696074,Treasury,1.52399999999997e-03,68,30-90 Days
SWPF8A19UKQGI0J,2026-01-15,2026-03-19,EUR,CAD,5483106.8,0.811237,0.812857,Treasury,1.62000000000007e-03,63,30-90 Days
SWPFGOPMWSCUF6M,2026-02-05,2026-04-24,EUR,USD,4075522.42,0.819639,0.822473,Treasury,0.002834,78,30-90 Days
SWPY4BDV0X6OEDQ,2025-11-22,2025-12-13,CHF,JPY,8803397.62,1.344245,1.341477,Investment Banking,-2.76799999999988e-03,21,0-30 Days
SWPLSCOSQ8N61M1,2026-01-18,2026-06-27,USD,EUR,2011660.13,1.472037,1.474165,Markets,2.12799999999991e-03,160,90+ Days
SWPVIBVOY71J05W,2026-01-24,2026-02-01,CHF,EUR,3208016.42,0.565376,0.56642,Treasury,1.04400000000004e-03,8,0-30 Days
SWPECSG649P6PTO,2025-11-13,2026-04-07,INR,CAD,1399654.13,1.366508,1.368206,Investment Banking,1.69799999999998e-03,145,90+ Days
SWPM38HAS020Z6O,2025-11-10,2026-03-18,CHF,INR,3154490.71,0.641526,0.642126,Investment Banking,5.99999999999934e-04,128,90+ Days
SWPYFPJ27PM3F4E,2025-10-27,2026-04-12,INR,JPY,2392343.9,1.41689,1.421054,Treasury,4.16400000000006e-03,167,90+ Days
SWPTUNWOEFSKDA4,2025-11-01,2026-04-17,AUD,USD,13487203.55,0.538213,0.540493,Markets,2.27999999999995e-03,167,90+ Days
SWPKRBWPG5PPXL4,2026-02-06,2026-04-06,EUR,CHF,2089879.85,1.420949,1.423495,Markets,2.54599999999994e-03,59,30-90 Days
SWPPVFRTKYPSARW,2025-11-05,2026-02-16,INR,CHF,3645797.53,1.288946,1.286263,Investment Banking,-2.68299999999999e-03,103,90+ Days
SWP36BBACQD3ZER,2026-02-07,2026-06-13,USD,JPY,40413310.35,0.843054,0.842587,Markets,-4.66999999999995e-04,126,90+ Days
SWP8J0SCMV8775X,2025-12-07,2026-03-22,CAD,CHF,1429136.96,1.200001,1.199129,Markets,-8.72000000000206e-04,105,90+ Days
SWPOD5MUDIHJ9MH,2026-01-08,2026-04-04,EUR,CHF,9250351.52,1.404916,1.404131,Investment Banking,-7.85000000000036e-04,86,30-90 Days
SWP2DZMRG019KW6,2026-01-01,2026-04-03,CAD,GBP,2849498.12,1.221042,1.222134,Markets,1.09200000000009e-03,92,90+ Days
SWP37WU0IXG7PSK,2025-11-24,2025-12-10,GBP,USD,816171.48,0.642565,0.643896,Investment Banking,1.33099999999997e-03,16,0-30 Days
SWP7M4BZFEZX8A3,2025-12-05,2026-03-10,USD,CHF,4584305.01,1.144423,1.145794,Markets,1.37100000000001e-03,95,90+ Days
SWPNRCJSXN5JI6M,2025-10-28,2026-04-17,INR,EUR,9319405.47,0.79536,0.795338,Treasury,-2.19999999999665e-05,171,90+ Days
SWPWRG7EM8RSGZE,2025-12-15,2026-02-11,EUR,CAD,19412095.07,0.620565,0.622355,Investment Banking,1.78999999999996e-03,58,30-90 Days
SWP8HNHB0D7RLUF,2025-11-03,2026-02-24,INR,CAD,2538548.37,0.529052,0.529193,Treasury,1.41000000000058e-04,113,90+ Days
SWPKHVCCU7L4XW1,2025-11-01,2026-01-26,INR,AUD,2980659.81,0.934306,0.935753,Markets,1.44699999999998e-03,86,30-90 Days
SWPP5S9NYZQBDMT,2025-12-01,2026-01-22,AUD,JPY,4652609.73,1.03126,1.033257,Treasury,1.99700000000003e-03,52,30-90 Days
SWPFQQ8KEJ61SWU,2026-01-22,2026-06-16,CAD,INR,2360317.94,1.450234,1.453139,Investment Banking,2.90499999999994e-03,145,90+ Days
SWPT3RTLIDQ30NK,2026-01-29,2026-06-13,JPY,INR,3640333.82,0.671796,0.671192,Treasury,-6.03999999999938e-04,135,90+ Days
SWPM5VTP6642JY0,2025-11-12,2025-12-31,GBP,EUR,2679999.35,0.834926,0.836152,Investment Banking,1.22600000000006e-03,49,30-90 Days
SWPJQ1W05X03WXZ,2026-02-14,2026-07-27,JPY,CAD,2484862.46,1.110403,1.112408,Treasury,2.00500000000003e-03,163,90+ Days
SWPRIM6DFHMJ15I,2025-12-22,2026-03-15,JPY,EUR,2154955.97,1.142346,1.142972,Treasury,6.26000000000015e-04,83,30-90 Days
SWPDTKSPZMOKPQ9,2026-01-22,2026-03-14,EUR,GBP,1998645.15,0.632019,0.632996,Markets,9.77000000000006e-04,51,30-90 Days
SWPHCK2NHWBB609,2026-02-20,2026-05-06,CHF,AUD,2178050.5,0.630269,0.631406,Markets,1.13700000000005e-03,75,30-90 Days
SWPLHQB93X0NQSR,2026-02-09,2026-05-12,GBP,AUD,1081123.92,1.422433,1.421425,Treasury,-1.00800000000012e-03,92,90+ Days
SWPAPV1ERVQWN8I,2025-12-16,2026-06-03,CHF,USD,10884438.38,1.150807,1.151193,Markets,3.85999999999997e-04,169,90+ Days
SWP68BBGRREYB7I,2025-10-31,2026-04-05,GBP,INR,4465205.7,0.608074,0.609967,Investment Banking,1.89300000000003e-03,156,90+ Days
SWPQ8URIRMLBD8D,2026-01-19,2026-02-11,AUD,CHF,6271767.16,1.332161,1.336056,Investment Banking,3.89499999999998e-03,23,0-30 Days
SWPWQSJ6TT892AR,2025-11-23,2025-12-05,EUR,AUD,1449829.94,0.629831,0.630728,Treasury,8.96999999999926e-04,12,0-30 Days
SWPSKZ7N7YCCSCY,2025-11-04,2026-01-09,INR,USD,1744898.48,0.562366,0.563577,Investment Banking,1.21099999999996e-03,66,30-90 Days
SWP1PJ7D2GC5WS2,2025-11-15,2026-04-06,GBP,EUR,2174879.78,0.524897,0.525883,Treasury,9.86000000000042e-04,142,90+ Days
SWP9P91XWK0N8ED,2025-11-30,2026-02-01,INR,USD,863371.56,1.424495,1.42608,Markets,1.58499999999995e-03,63,30-90 Days
SWPR2BOST4GEI0M,2025-11-15,2026-01-04,USD,EUR,4274853.39,1.384705,1.387164,Investment Banking,2.45899999999999e-03,50,30-90 Days
SWPZLVAQ8ORUH2U,2026-01-27,2026-05-04,EUR,JPY,1518018.83,0.822425,0.824939,Investment Banking,2.51400000000002e-03,97,90+ Days
SWPODAG644JMHNE,2026-02-08,2026-07-04,CHF,USD,5215440.36,1.0204,1.022206,Investment Banking,1.80599999999997e-03,146,90+ Days
SWPSXC625TS0KNB,2025-12-04,2026-05-09,GBP,INR,1443723.05,0.849429,0.850449,Treasury,1.02000000000002e-03,156,90+ Days
SWPHDYM3LOKTJLJ,2025-11-14,2026-04-18,GBP,INR,2405742.97,1.069903,1.071831,Investment Banking,1.92799999999993e-03,155,90+ Days
SWPD2K1CNXIPCYF,2025-10-26,2026-01-18,INR,GBP,1260833.79,1.140537,1.142589,Markets,2.05200000000016e-03,84,30-90 Days
SWPGQVATXFPE6NA,2025-11-08,2026-04-04,CHF,USD,442542.92,1.127861,1.133348,Treasury,5.48700000000002e-03,147,90+ Days
SWP1OJQKRIML929,2025-11-19,2026-01-24,GBP,CAD,4659627.44,1.192167,1.195162,Markets,2.99500000000008e-03,66,30-90 Days
SWPWMDCCVX2T4OF,2025-12-01,2025-12-08,AUD,GBP,4235956.96,1.127343,1.129589,Markets,2.24599999999997e-03,7,0-30 Days
SWPSV4U7YSW4DKI,2026-01-15,2026-02-01,USD,INR,9561049.12,1.378907,1.380859,Markets,1.95199999999995e-03,17,0-30 Days
SWPIUT9SEAUD9I5,2025-12-26,2026-02-09,CAD,JPY,5412957.8,0.689912,0.691263,Investment Banking,1.35099999999999e-03,45,30-90 Days
SWPLMF13B5SAOH7,2026-02-20,2026-03-16,GBP,CAD,9120023.37,1.271784,1.271926,Markets,1.41999999999864e-04,24,0-30 Days
SWP0LXSY0VO1YKN,2025-12-16,2026-05-10,CHF,CAD,2648931.06,0.979016,0.980439,Treasury,1.42299999999995e-03,145,90+ Days
SWPTDU3XGYCB1J7,2025-12-02,2026-02-22,AUD,EUR,2610589.62,1.11274,1.114132,Markets,1.39199999999984e-03,82,30-90 Days
SWPQY0JTL896LBA,2026-01-02,2026-04-19,INR,AUD,2711698.73,0.888155,0.886352,Markets,-0.001803,107,90+ Days
SWPXHINZVE7GM3O,2025-11-29,2026-01-10,EUR,CHF,906474.5,0.675581,0.678764,Markets,3.18300000000005e-03,42,30-90 Days
SWPMYLCFW6GMKG0,2025-11-24,2026-04-13,EUR,INR,1266596.4,0.715796,0.719745,Treasury,3.94899999999998e-03,140,90+ Days
SWPYF6OAPAIVLAV,2026-01-29,2026-05-16,CHF,EUR,2622874.87,0.983183,0.980581,Markets,-2.60199999999999e-03,107,90+ Days
SWP1A1ZGQIJKFFZ,2025-12-05,2026-02-23,CAD,EUR,5985737.83,0.612266,0.612979,Investment Banking,7.13000000000075e-04,80,30-90 Days
SWP2UEKDTA8R01C,2026-02-13,2026-03-21,CHF,JPY,868553.6,0.761155,0.76341,Markets,2.25500000000001e-03,36,30-90 Days
SWP5C3PX34GY803,2025-11-13,2026-04-01,USD,INR,4794994.39,1.214959,1.213565,Investment Banking,-1.3939999999999e-03,139,90+ Days
SWPPNNAID6TFVL1,2026-01-17,2026-07-10,CHF,JPY,4192748.94,1.39017,1.394317,Treasury,4.14700000000012e-03,174,90+ Days
SWPA85WNZQ1WO2O,2026-01-21,2026-04-06,JPY,AUD,2829240.12,1.117862,1.117228,Markets,-6.33999999999801e-04,75,30-90 Days
SWPU5J6X1CCW3LD,2026-02-01,2026-07-15,JPY,CAD,2778140.74,0.803022,0.805154,Investment Banking,2.13200000000002e-03,164,90+ Days
SWPJP8B34ZTBOJ2,2025-11-01,2026-03-23,USD,INR,2683656.38,0.830821,0.83199,Investment Banking,1.16899999999998e-03,142,90+ Days
SWPPAX537WE5CPE,2025-10-30,2026-02-08,EUR,CHF,8141659.64,0.969184,0.970573,Treasury,1.38899999999997e-03,101,90+ Days
SWPZ19ZJ8WDW0VE,2026-02-20,2026-05-15,CHF,GBP,837229.88,0.599762,0.599326,Treasury,-4.35999999999992e-04,84,30-90 Days
SWP3D4T6GXI4336,2026-01-03,2026-06-14,USD,INR,7463433.58,1.364634,1.365675,Investment Banking,1.04100000000007e-03,162,90+ Days
SWPKO6461SJCI1V,2025-11-17,2026-05-12,USD,JPY,1120649.05,1.156137,1.160121,Markets,3.98399999999999e-03,176,90+ Days
SWP53FR72Y6M4T5,2026-01-24,2026-05-23,JPY,AUD,2085545.88,1.052557,1.049907,Treasury,-2.65000000000004e-03,119,90+ Days
SWPNOLEYWBEWOX9,2026-02-15,2026-03-18,GBP,CHF,7359139.29,0.600935,0.60075,Markets,-1.84999999999991e-04,31,30-90 Days
SWP7VKQL29IYA2O,2025-11-20,2025-12-04,CAD,JPY,4190530.91,0.94396,0.943707,Markets,-2.53000000000059e-04,14,0-30 Days
SWPISLBMDW1VBT6,2026-01-03,2026-02-02,EUR,JPY,6710335.27,0.948547,0.949512,Treasury,9.64999999999994e-04,30,0-30 Days
SWPPDZZMSQYCVW2,2025-11-12,2026-01-11,JPY,GBP,1205066.0,1.484055,1.486701,Investment Banking,2.64600000000015e-03,60,30-90 Days
SWPGCJFETJYQG0M,2026-02-12,2026-02-19,JPY,CAD,1901087.93,0.689232,0.689766,Markets,5.34000000000034e-04,7,0-30 Days
SWPE16O8TRXNUPS,2026-01-08,2026-05-18,CAD,AUD,1999281.0,0.53805,0.538385,Markets,3.34999999999974e-04,130,90+ Days
SWP8ZQBO5U0N5C3,2026-01-17,2026-05-23,AUD,USD,1814680.35,1.083127,1.082308,Treasury,-8.18999999999903e-04,126,90+ Days
SWPFSLANK92CX1Q,2025-12-30,2026-02-04,INR,USD,2400748.86,0.658195,0.65889,Treasury,6.95000000000001e-04,36,30-90 Days
SWPSGV5QM3T8B3F,2026-02-13,2026-05-05,USD,INR,2790289.66,1.031299,1.030879,Treasury,-4.19999999999865e-04,81,30-90 Days
SWP2WWSBA7SWWP3,2026-02-16,2026-05-04,CAD,CHF,3201200.65,0.556274,0.558356,Markets,2.08199999999992e-03,77,30-90 Days
SWPBU7VJ549YZX4,2026-01-02,2026-05-26,EUR,JPY,1539387.11,1.168802,1.170993,Treasury,2.19100000000005e-03,144,90+ Days
SWP4ZEAM43GSMWV,2025-12-13,2026-03-18,CAD,EUR,1840696.25,0.850615,0.851081,Investment Banking,4.65999999999966e-04,95,90+ Days
SWPS4IGZC0TG1IT,2025-11-03,2026-02-09,AUD,CHF,1026143.54,1.365671,1.366924,Markets,1.25299999999995e-03,98,90+ Days
SWP6M8V5WD10IIY,2025-11-17,2026-04-16,INR,CAD,9164072.99,0.850328,0.851902,Investment Banking,1.57400000000008e-03,150,90+ Days
SWP7JPK20G0T7A5,2025-11-17,2026-03-22,INR,EUR,2917233.17,0.909761,0.912284,Treasury,2.52299999999994e-03,125,90+ Days
SWPI8IM2QFR6W3K,2026-01-15,2026-06-27,AUD,CAD,3186955.66,0.752272,0.752071,Markets,-2.01000000000007e-04,163,90+ Days
SWPAWTLG04LZ4RX,2026-01-05,2026-06-15,JPY,CAD,5720046.08,1.404751,1.402341,Investment Banking,-2.41000000000002e-03,161,90+ Days
SWPPXHI3RFNWO6J,2026-02-17,2026-03-18,JPY,EUR,1002820.68,1.198489,1.198012,Treasury,-4.76999999999839e-04,29,0-30 Days
SWP5FC3DF6XWITL,2026-01-06,2026-06-09,JPY,EUR,4120626.94,0.853244,0.853305,Treasury,6.09999999999777e-05,154,90+ Days
SWP8IOJXFFBQ1FZ,2026-01-07,2026-06-24,CAD,GBP,1541264.09,0.781757,0.784122,Investment Banking,2.36499999999995e-03,168,90+ Days
SWP5AUAE7886ACM,2025-11-09,2026-01-06,GBP,EUR,8110806.7,1.446667,1.446969,Treasury,3.02000000000024e-04,58,30-90 Days
SWPSCC23KKVTMLO,2026-02-19,2026-04-28,GBP,INR,1856480.9,1.11787,1.115078,Investment Banking,-2.79199999999991e-03,68,30-90 Days
SWPNXBTLQ6EXEMK,2026-01-23,2026-05-22,AUD,CHF,4383391.47,1.243083,1.244234,Markets,1.15100000000012e-03,119,90+ Days
SWP671R7GU32O4S,2026-01-12,2026-04-24,JPY,GBP,3130061.32,1.051806,1.053692,Investment Banking,1.88600000000005e-03,102,90+ Days
SWP9JLTELB4H5T2,2025-12-11,2026-01-12,CAD,USD,3312924.21,1.225772,1.230951,Investment Banking,5.17899999999982e-03,32,30-90 Days
SWPCPOG9RPVDS4K,2025-11-12,2026-03-20,EUR,CAD,2149096.16,0.648696,0.649359,Treasury,6.62999999999969e-04,128,90+ Days
SWP0M8080YPPQK5,2025-10-26,2026-02-02,USD,EUR,2214536.48,1.193154,1.193653,Treasury,4.99000000000027e-04,99,90+ Days
SWPCHP4JROZJODK,2025-11-22,2026-02-25,INR,CHF,2468486.71,1.48159,1.481983,Treasury,3.93000000000088e-04,95,90+ Days
SWP4U794WCB9L9D,2025-11-17,2026-02-13,CHF,INR,2207566.03,0.877109,0.877048,Investment Banking,-6.09999999999777e-05,88,30-90 Days
SWPGTUR53UBOHB1,2025-10-26,2026-02-20,CAD,EUR,6212162.24,1.293819,1.29644,Treasury,2.62099999999998e-03,117,90+ Days
SWPMFYPUTBB7I0V,2026-01-11,2026-03-23,JPY,EUR,3577324.28,1.382295,1.383903,Investment Banking,1.60800000000005e-03,71,30-90 Days
SWPCXTQ9EILHZOB,2025-12-30,2026-01-22,AUD,EUR,6637868.13,1.147785,1.151199,Markets,3.41400000000003e-03,23,0-30 Days
SWPB0B21A1I39LG,2025-12-11,2026-05-28,CHF,JPY,3207281.23,0.84195,0.843738,Investment Banking,1.78800000000001e-03,168,90+ Days
SWPAFAMCCL8ZBVJ,2025-11-27,2026-02-21,AUD,CHF,2823465.58,1.38689,1.384689,Treasury,-2.2009999999999e-03,86,30-90 Days
SWPQYKHAINAKAUL,2025-11-27,2025-12-08,EUR,GBP,4832415.97,1.460606,1.463972,Treasury,3.36599999999998e-03,11,0-30 Days
SWPU3PRMY2E1EBB,2025-11-23,2026-03-02,USD,INR,5688799.06,1.156843,1.156486,Investment Banking,-3.57000000000163e-04,99,90+ Days
SWPCOE8RHNO4P3G,2025-11-02,2026-04-08,INR,CHF,7163230.25,1.487177,1.483506,Investment Banking,-3.67099999999998e-03,157,90+ Days
SWPRA6EQTCOY6CI,2026-01-06,2026-02-18,GBP,EUR,6741853.45,1.486875,1.490129,Markets,3.25400000000009e-03,43,30-90 Days
SWPXS4O80LUBK81,2025-12-17,2026-04-21,GBP,JPY,2397785.66,0.800965,0.802209,Treasury,1.24399999999991e-03,125,90+ Days
SWPH0H5XPL5E2RB,2025-12-04,2026-05-03,GBP,JPY,794446.54,1.421373,1.427961,Markets,6.58800000000004e-03,150,90+ Days
SWPIFLYM2RIIXQ9,2025-12-09,2026-05-30,USD,INR,4487630.75,0.900618,0.902501,Treasury,1.88299999999997e-03,172,90+ Days
SWPMUSTP4W6A0B6,2026-01-21,2026-07-12,AUD,JPY,2975228.07,1.111083,1.116349,Treasury,5.26599999999999e-03,172,90+ Days
SWPAVKQWOCHXS7M,2025-12-22,2026-01-28,INR,EUR,22049403.65,0.925303,0.926765,Markets,1.46199999999996e-03,37,30-90 Days
SWPP0IACBLFW1PE,2025-11-26,2026-03-30,INR,USD,1967787.45,0.677707,0.676376,Treasury,-1.33099999999997e-03,124,90+ Days
SWP9SBVQAVM5Z4O,2026-01-09,2026-05-30,AUD,CHF,3741436.96,0.777775,0.778222,Markets,4.46999999999975e-04,141,90+ Days
SWP2WDWNE3FH8RH,2025-11-27,2026-03-07,CHF,INR,2705690.92,1.303602,1.306705,Treasury,3.10300000000008e-03,100,90+ Days
SWP0Z8JB3KW23OJ,2025-11-24,2026-03-07,EUR,USD,2210697.57,1.008535,1.009654,Investment Banking,1.11900000000009e-03,103,90+ Days
SWPYMXDCDCB6UQ4,2025-12-26,2026-04-17,CAD,EUR,266267.63,1.283776,1.28644,Markets,0.002664,112,90+ Days
SWPE81TZEGU0RCS,2025-12-19,2026-04-14,INR,CAD,1355113.0,1.164914,1.16545,Markets,5.36000000000092e-04,116,90+ Days
SWP8I0NB4YEXFZK,2025-11-23,2026-04-24,USD,CAD,3172808.29,0.783673,0.782154,Markets,-1.51899999999994e-03,152,90+ Days
SWPI34UHD8HZ5DD,2026-01-30,2026-06-09,USD,CAD,9685284.15,1.214249,1.219244,Investment Banking,4.99500000000008e-03,130,90+ Days
SWP4H5CWRGLN462,2025-10-29,2025-11-26,GBP,INR,1057793.63,1.218864,1.220877,Markets,2.01300000000004e-03,28,0-30 Days
SWP1QUCAV3QT1L4,2025-11-26,2026-04-12,AUD,JPY,5483239.3,1.05808,1.061592,Markets,3.51200000000018e-03,137,90+ Days
SWPY9M7T709GLRH,2025-12-29,2026-03-19,USD,GBP,1247370.42,1.399866,1.4049,Markets,5.03399999999998e-03,80,30-90 Days
SWP5FH2QKZ9DG27,2026-01-08,2026-04-05,AUD,CHF,2264572.99,0.865533,0.870406,Investment Banking,4.87300000000002e-03,87,30-90 Days
SWPUSSUAHPXIG63,2025-12-10,2025-12-23,JPY,INR,1670732.54,0.92252,0.923735,Markets,1.21499999999997e-03,13,0-30 Days
SWPKXRD65H6Y08U,2026-01-25,2026-06-04,CHF,CAD,3351330.26,1.385264,1.389139,Treasury,3.87499999999985e-03,130,90+ Days
SWP2DBD2VGOI0M3,2025-12-08,2025-12-29,EUR,AUD,8035639.71,1.079624,1.07808,Investment Banking,-1.54399999999999e-03,21,0-30 Days
SWPNHP70WURHCML,2026-01-20,2026-05-17,EUR,JPY,4751727.06,0.917659,0.920929,Markets,0.00327,117,90+ Days
SWPRK9LXWH6Q8H3,2026-02-11,2026-04-02,GBP,USD,3667913.54,1.217851,1.220083,Treasury,2.23200000000001e-03,50,30-90 Days
SWPPE7EXEZIGQI9,2026-01-26,2026-02-08,EUR,JPY,6919630.76,0.544748,0.545105,Investment Banking,3.56999999999941e-04,13,0-30 Days
SWPYXYZNAZR4F75,2025-12-11,2026-06-09,EUR,INR,24663128.14,0.680475,0.68134,Treasury,8.64999999999894e-04,180,90+ Days
SWPKOM922VX0NB2,2025-11-26,2026-02-11,INR,CHF,1348741.77,1.173282,1.171585,Treasury,-1.69699999999984e-03,77,30-90 Days
SWP7BQP6U2BS6EK,2025-12-08,2026-01-24,CHF,EUR,2598587.59,1.057961,1.060561,Markets,2.60000000000016e-03,47,30-90 Days
SWPXYV4832YNBQ0,2025-11-02,2026-01-25,JPY,CHF,6576715.3,0.630162,0.630745,Markets,0.000583,84,30-90 Days
SWP1KQM5ZS2TDMJ,2026-01-03,2026-02-23,INR,GBP,1420779.01,1.337771,1.341865,Markets,4.09400000000004e-03,51,30-90 Days
SWP3WDUOJ8WUK9A,2026-01-08,2026-05-09,EUR,USD,8183130.32,1.379087,1.378919,Treasury,-1.67999999999946e-04,121,90+ Days
SWP6W716VMUM3NZ,2026-02-22,2026-08-20,CAD,CHF,7376707.95,0.581848,0.582007,Investment Banking,1.5900000000002e-04,179,90+ Days
SWPGX1XYVXKRV6U,2026-01-12,2026-05-21,CAD,GBP,1572723.39,1.097957,1.099875,Treasury,1.91799999999986e-03,129,90+ Days
SWPIRVJPFMB0FNG,2025-11-20,2026-01-21,EUR,USD,1538186.45,1.308425,1.310181,Markets,1.75600000000009e-03,62,30-90 Days
SWPTZUG56FBI15Z,2025-12-25,2026-06-20,JPY,CHF,4695463.84,1.462308,1.463038,Treasury,7.30000000000119e-04,177,90+ Days
SWPLKRRZM4JR06L,2025-11-19,2026-01-14,EUR,CHF,4986100.49,1.461278,1.462589,Investment Banking,1.31099999999984e-03,56,30-90 Days
SWPZ9XLA3RUV8TV,2025-10-29,2026-01-25,JPY,AUD,1821914.42,0.656503,0.657048,Treasury,5.45000000000018e-04,88,30-90 Days
SWPWHPHN0FYFA15,2026-01-01,2026-01-19,INR,AUD,2111043.27,1.037653,1.037883,Investment Banking,2.29999999999952e-04,18,0-30 Days
SWPHG27TY0K2PP5,2026-01-10,2026-07-09,CAD,CHF,1976598.43,0.812521,0.815982,Markets,3.46099999999994e-03,180,90+ Days
SWPXSEDUN135IVM,2025-12-07,2026-05-20,CHF,EUR,2726452.11,1.28284,1.285756,Markets,2.91599999999992e-03,164,90+ Days
SWPK5VPW8A794MC,2025-10-26,2025-12-09,EUR,GBP,2337421.0,0.675555,0.675085,Markets,-4.6999999999997e-04,44,30-90 Days
SWPWINH2CEVTJ1G,2026-01-09,2026-02-25,INR,CHF,1392695.99,1.172449,1.175229,Investment Banking,0.00278,47,30-90 Days
SWPTAO2FNEM5WY0,2026-01-02,2026-04-27,CHF,CAD,1018173.35,0.541043,0.541487,Treasury,0.000444,115,90+ Days
SWPXHM3EVMR4BFQ,2026-01-18,2026-04-29,CHF,INR,2155690.01,1.276266,1.276428,Investment Banking,1.61999999999995e-04,101,90+ Days
SWPCCWJ15RJX4LN,2025-11-22,2026-05-04,JPY,GBP,9258433.94,1.109537,1.111208,Treasury,1.67099999999998e-03,163,90+ Days
SWP9PP2W2SKU8BH,2026-01-31,2026-07-18,AUD,INR,3053649.83,1.115507,1.114711,Treasury,-7.96000000000019e-04,168,90+ Days
SWPNNUTN5YU15BX,2025-11-02,2026-01-27,CHF,INR,9304512.88,1.382245,1.38278,Investment Banking,5.34999999999952e-04,86,30-90 Days
SWPW5K7ZSWDWVR0,2025-12-20,2026-03-15,JPY,USD,5462471.27,1.301301,1.300397,Investment Banking,-9.04000000000016e-04,85,30-90 Days
SWPD2L4F6TN9M4O,2025-12-04,2026-04-23,JPY,CAD,10450277.6,0.675662,0.676757,Treasury,1.09500000000007e-03,140,90+ Days
SWPHZI4N6A0GRFI,2025-12-28,2026-01-06,GBP,JPY,1670752.52,0.946023,0.949642,Treasury,3.61900000000004e-03,9,0-30 Days
SWP8GVP592NL8IJ,2025-11-09,2026-04-04,GBP,USD,6013769.03,0.903353,0.903811,Markets,4.58000000000069e-04,146,90+ Days
SWP3L89QIM667J1,2025-12-24,2026-01-06,CHF,INR,7002799.1,0.540636,0.540172,Treasury,-4.6400000000002e-04,13,0-30 Days
SWPURIIJUJCHMB3,2026-01-31,2026-07-08,CAD,JPY,2262317.75,0.558684,0.558786,Markets,1.02000000000046e-04,158,90+ Days
SWPJ4N7QVAQH0W7,2026-01-16,2026-04-03,JPY,GBP,1959785.02,1.188662,1.190653,Markets,1.99099999999985e-03,77,30-90 Days
SWPTQUEF8O1L67H,2025-12-20,2025-12-29,GBP,AUD,3414341.95,0.817049,0.820073,Treasury,3.02400000000003e-03,9,0-30 Days
SWPJ2CNYWUI1HCO,2025-11-29,2026-01-18,EUR,CAD,2459060.41,0.942111,0.941044,Markets,-1.06700000000004e-03,50,30-90 Days
SWPCIBT2SILIASG,2025-12-29,2026-04-16,CAD,USD,5837417.46,1.130616,1.13535,Investment Banking,4.73400000000002e-03,108,90+ Days
SWP1UZH5M9UG094,2025-12-20,2026-02-05,CAD,EUR,833342.02,1.104163,1.107854,Treasury,3.69099999999989e-03,47,30-90 Days
SWP7DXDIO4I2X9Z,2025-11-24,2026-01-17,INR,CAD,4517090.41,1.364764,1.366574,Treasury,1.80999999999987e-03,54,30-90 Days
SWPA4U3Y3DWYYL0,2025-11-26,2026-02-18,CAD,INR,836616.48,1.419121,1.417605,Investment Banking,-1.51600000000007e-03,84,30-90 Days
SWP946E0E9N70CU,2026-01-31,2026-03-07,INR,GBP,3822421.15,0.941154,0.943661,Markets,2.50699999999993e-03,35,30-90 Days
SWPV2HSTO0S9BRN,2025-11-14,2025-11-23,JPY,CAD,1958413.55,1.356268,1.362273,Investment Banking,6.00500000000004e-03,9,0-30 Days
SWPP2BNSGCBHVSF,2025-12-25,2026-04-20,CHF,EUR,1630681.78,0.684371,0.685661,Treasury,1.29000000000001e-03,116,90+ Days
SWP5WZ24JSWLD20,2025-11-08,2025-11-18,USD,JPY,5511838.53,0.93616,0.93893,Markets,2.77000000000005e-03,10,0-30 Days
SWPUF7KVSVBHBU0,2025-12-18,2026-06-05,EUR,GBP,1357495.22,0.919375,0.920449,Investment Banking,1.07399999999991e-03,169,90+ Days
SWPJ7K3RULG67ZR,2025-11-29,2026-02-26,GBP,CAD,6538154.45,0.969777,0.970172,Treasury,3.95000000000034e-04,89,30-90 Days
SWPV15S6SSY94MN,2026-02-22,2026-03-04,CAD,EUR,7400632.3,0.956088,0.957313,Investment Banking,1.22499999999992e-03,10,0-30 Days
SWP9OQFP7SOBDWR,2025-12-12,2026-04-24,GBP,EUR,6914064.64,1.100668,1.100265,Treasury,-4.02999999999931e-04,133,90+ Days
SWP2D79RBO25BGM,2026-01-19,2026-01-30,JPY,CHF,7930061.57,1.001462,1.001858,Treasury,3.95999999999841e-04,11,0-30 Days
SWPOD6J01GK0COH,2026-01-23,2026-03-20,USD,CAD,3751787.2,1.431712,1.431909,Treasury,1.97000000000003e-04,56,30-90 Days
SWP2QXNLQPXR1H5,2025-11-01,2026-03-20,CAD,CHF,1211951.03,0.622415,0.623299,Markets,8.83999999999996e-04,139,90+ Days
SWPH796WP41ZT50,2026-01-14,2026-05-08,INR,EUR,1722755.55,0.927679,0.93107,Investment Banking,3.39099999999992e-03,114,90+ Days
SWPVVFX3T8B5M5B,2026-02-05,2026-03-03,INR,JPY,4388234.99,0.517762,0.517492,Markets,-2.69999999999992e-04,26,0-30 Days
SWP6K3IJS3QB262,2026-01-01,2026-02-03,INR,USD,1472487.83,0.89563,0.893761,Treasury,-1.86900000000001e-03,33,30-90 Days
SWPVSR3QCY2QVI0,2025-12-10,2026-03-15,GBP,CAD,12116738.1,1.452202,1.45034,Treasury,-1.86200000000003e-03,95,90+ Days
SWPWJULB9WQI7MK,2026-02-08,2026-04-07,CHF,EUR,1998933.82,0.617322,0.618316,Treasury,9.93999999999939e-04,58,30-90 Days
SWPZ5QEO2UO0FCA,2026-02-02,2026-05-02,USD,INR,3524464.33,0.671782,0.672767,Treasury,9.85000000000014e-04,89,30-90 Days
SWPGNAU6HLY3T3G,2025-12-22,2026-05-25,INR,EUR,2041851.92,1.242201,1.24854,Markets,6.33899999999987e-03,154,90+ Days
SWPYVZAGZQYEIT9,2026-01-23,2026-02-07,JPY,USD,499454.39,0.642457,0.6441,Markets,1.64300000000006e-03,15,0-30 Days
SWPZ3BCAX05J5NX,2025-12-01,2026-02-11,INR,JPY,3948193.28,0.832231,0.83104,Markets,-1.19100000000005e-03,72,30-90 Days
SWP9TKAKEO7FM4U,2026-01-01,2026-01-27,USD,CHF,2028453.74,1.288446,1.286485,Treasury,-1.96099999999988e-03,26,0-30 Days
SWPPIK6C2YND62H,2026-02-03,2026-03-28,EUR,USD,24323443.64,0.994766,0.99603,Treasury,1.26399999999993e-03,53,30-90 Days
SWP6NBK8CGVL2YP,2026-02-08,2026-07-06,EUR,INR,1952031.57,0.565652,0.564968,Treasury,-6.84000000000018e-04,148,90+ Days
SWPG4CY3SUCXC8R,2025-12-27,2026-04-28,EUR,USD,3824083.61,1.299067,1.30055,Investment Banking,1.48300000000012e-03,122,90+ Days
SWPMSQ3LGWU5IGV,2025-12-10,2026-04-01,CAD,USD,6366331.42,1.426382,1.429297,Treasury,0.002915,112,90+ Days
SWPU2F0K0F7CVG8,2025-10-29,2026-04-26,JPY,USD,1773998.81,0.750051,0.752477,Treasury,2.42599999999993e-03,179,90+ Days
SWP4VOE9I5HCFL8,2026-02-12,2026-07-12,CAD,EUR,1859283.59,1.430272,1.433573,Markets,0.003301,150,90+ Days
SWPJVOOLKGA4XUV,2025-11-06,2026-03-26,GBP,USD,10833276.46,1.238292,1.239504,Markets,1.21199999999999e-03,140,90+ Days
SWP8TOQN1PAUVC7,2026-02-22,2026-07-31,INR,AUD,1406090.79,0.537032,0.537333,Markets,3.00999999999996e-04,159,90+ Days
SWPF31US5CTAKI0,2025-12-05,2026-04-28,INR,CAD,5001753.39,1.222282,1.224654,Markets,2.37199999999982e-03,144,90+ Days
SWPEUGOAPBAE7ZU,2025-11-11,2026-03-15,JPY,CAD,8850671.5,1.195738,1.197569,Treasury,1.83100000000014e-03,124,90+ Days
SWPBSQIF3VJGGPG,2026-01-02,2026-03-17,EUR,AUD,4303944.11,0.501319,0.502776,Treasury,1.45700000000004e-03,74,30-90 Days
SWP8786M21BK302,2025-12-07,2026-05-23,USD,CAD,4177338.66,1.002049,1.004925,Treasury,2.8760000000001e-03,167,90+ Days
SWPD77W9IIEH9WR,2025-11-15,2026-02-05,INR,GBP,6640823.75,1.391574,1.390472,Treasury,-1.10200000000016e-03,82,30-90 Days
SWPM1ACVIC3VSIS,2025-10-26,2025-11-17,AUD,GBP,3331384.89,0.59137,0.593623,Markets,2.25300000000006e-03,22,0-30 Days
SWPK96ERUJYBXZ7,2025-12-27,2026-04-18,CHF,AUD,6373055.7,0.757213,0.757297,Treasury,8.3999999999973e-05,112,90+ Days
SWP73339KMGHIZ2,2025-12-06,2026-05-22,JPY,CHF,3806034.46,1.471527,1.475844,Markets,4.3169999999999e-03,167,90+ Days
SWPVOVPAJHD1XAA,2026-01-15,2026-03-05,AUD,USD,934314.12,0.501383,0.500756,Markets,-6.27000000000044e-04,49,30-90 Days
SWP4LYNVHDG7OMY,2026-01-12,2026-01-22,GBP,CHF,4732463.67,1.160135,1.165837,Markets,5.7020000000001e-03,10,0-30 Days
SWP1GQEPQ3U9N7E,2025-12-30,2026-01-09,JPY,EUR,2321911.12,0.933671,0.935546,Investment Banking,1.87499999999996e-03,10,0-30 Days
SWPQNE9C8ANB0V3,2026-01-14,2026-04-15,EUR,INR,905383.09,1.400439,1.40349,Investment Banking,3.05099999999991e-03,91,90+ Days
SWPOOWMTJXSW5MQ,2025-12-06,2026-05-14,JPY,EUR,4604409.99,1.238321,1.239608,Treasury,1.28700000000004e-03,159,90+ Days
SWP5GLDWF9DJ6RG,2025-12-24,2026-05-14,INR,EUR,3193703.46,0.809028,0.80802,Investment Banking,-1.00800000000001e-03,141,90+ Days
SWPZZ7WC87U2MCS,2025-12-09,2026-01-20,CHF,EUR,5441060.09,0.945212,0.944494,Treasury,-7.18000000000107e-04,42,30-90 Days
SWPLKVZQ5TCTSGP,2026-01-08,2026-06-18,AUD,EUR,6640925.86,1.06174,1.064814,Markets,3.07400000000002e-03,161,90+ Days
SWPHFC72JBE9PPR,2025-11-11,2026-04-26,CAD,CHF,5978502.5,0.800582,0.801501,Markets,9.19000000000003e-04,166,90+ Days
SWPVIZWFN0PPTHJ,2025-11-15,2025-11-28,USD,EUR,4110912.05,1.364565,1.361348,Markets,-3.21700000000003e-03,13,0-30 Days
SWPQLRTYLDYBZYE,2025-11-01,2026-01-20,CAD,AUD,3660494.01,1.157536,1.160707,Treasury,3.17100000000003e-03,80,30-90 Days
SWP9OSPARFVVF8H,2026-02-04,2026-05-20,JPY,USD,2711736.01,1.441728,1.439545,Markets,-2.18299999999982e-03,105,90+ Days
SWPUDAK35WHAXND,2025-11-15,2026-01-08,CHF,EUR,1019981.91,1.286545,1.289001,Investment Banking,2.45600000000001e-03,54,30-90 Days
SWP93XLUTVXRAOV,2026-02-16,2026-07-02,JPY,INR,4752876.79,1.16859,1.168842,Markets,2.51999999999919e-04,136,90+ Days
SWPRJG80I45A28F,2026-01-31,2026-03-30,INR,JPY,7833327.89,1.335055,1.344702,Treasury,9.64699999999996e-03,58,30-90 Days
SWP7RT3OD9KFW6W,2025-11-04,2026-03-22,AUD,JPY,3053882.49,1.435982,1.436452,Treasury,4.6999999999997e-04,138,90+ Days
SWP09K75ULNQ7FQ,2025-12-30,2026-03-17,EUR,CAD,4623097.61,0.76535,0.766985,Markets,1.63500000000005e-03,77,30-90 Days
SWPRZ8NNLSM05HN,2026-02-16,2026-04-03,USD,EUR,2223931.22,1.003152,0.999859,Markets,-3.29299999999999e-03,46,30-90 Days
SWPP0DJ4IA8W5MH,2026-02-06,2026-04-23,AUD,EUR,2185573.36,1.328857,1.326184,Investment Banking,-2.67299999999993e-03,76,30-90 Days
SWPHYAKLCTCZY6K,2026-01-13,2026-03-22,USD,EUR,3358771.98,1.224397,1.223603,Treasury,-7.93999999999961e-04,68,30-90 Days
SWPFHSG26981U36,2026-02-01,2026-07-23,EUR,AUD,2623408.42,1.179353,1.183109,Treasury,3.75599999999987e-03,172,90+ Days
SWP7LUC2IAYCBBH,2026-02-07,2026-07-07,CHF,GBP,7141798.85,1.443898,1.444277,Markets,3.79000000000129e-04,150,90+ Days
SWPAHYGWMWX7SAJ,2025-11-20,2025-12-22,INR,JPY,1708388.33,0.757484,0.759229,Markets,0.001745,32,30-90 Days
SWPM7IBZ2R41BJD,2026-01-21,2026-04-02,CAD,CHF,11615080.39,1.140508,1.137493,Markets,-3.01499999999999e-03,71,30-90 Days
SWPJTG2KC1D0T3I,2025-12-04,2026-02-16,EUR,CAD,574594.39,1.270262,1.268503,Investment Banking,-1.75900000000007e-03,74,30-90 Days
SWPEEBWQAYDHO4D,2026-01-19,2026-04-03,USD,JPY,3048803.96,0.835551,0.834626,Treasury,-9.25000000000065e-04,74,30-90 Days
SWPS4FZB82A84XN,2025-10-28,2026-04-08,EUR,INR,11518328.89,1.417967,1.420493,Investment Banking,2.52600000000003e-03,162,90+ Days
SWPC6DV6XWBKMV3,2025-11-30,2026-03-25,AUD,CAD,9404940.03,1.365678,1.365452,Investment Banking,-2.25999999999837e-04,115,90+ Days
SWPU2CRPH0AZX21,2025-12-17,2025-12-28,EUR,GBP,2929462.59,1.279635,1.280055,Markets,4.19999999999865e-04,11,0-30 Days
SWPL5G0X69T01YJ,2025-11-12,2026-03-04,USD,CHF,1662062.89,0.983638,0.984684,Treasury,1.04599999999999e-03,112,90+ Days
SWPVQUIYK36PVOC,2025-10-31,2026-02-20,CAD,USD,3697909.5,1.369513,1.367191,Markets,-2.32199999999994e-03,112,90+ Days
SWPJ9WMNXACICBK,2025-11-11,2026-02-13,AUD,JPY,2739099.88,0.726147,0.729166,Investment Banking,3.01899999999999e-03,94,90+ Days
SWPGKBTA2HXYDX1,2025-12-31,2026-04-10,GBP,JPY,4318194.35,0.51645,0.516668,Markets,2.18000000000051e-04,100,90+ Days
SWP55NHG7NLMYS0,2025-12-24,2026-04-08,JPY,CAD,19625123.82,0.737063,0.734927,Investment Banking,-2.13600000000003e-03,105,90+ Days
SWPJZ3N7CKS3ONB,2025-12-01,2026-03-09,AUD,JPY,12907165.91,0.642051,0.643543,Treasury,1.49199999999994e-03,98,90+ Days
SWPJBNHMMB3QIDA,2025-10-28,2026-04-08,USD,AUD,4566429.64,1.40751,1.408644,Treasury,1.13399999999997e-03,162,90+ Days
SWPQUAHOS8IGXDW,2025-12-07,2026-02-09,CHF,AUD,5258969.88,0.883257,0.884001,Treasury,7.44000000000078e-04,64,30-90 Days
SWP3NBO6LLXTHR0,2025-11-24,2025-12-11,CAD,AUD,4974015.24,1.141781,1.143666,Treasury,1.88500000000014e-03,17,0-30 Days
SWPG5SSAOILBRGM,2025-12-22,2026-03-19,INR,CAD,2011116.05,1.255845,1.262724,Investment Banking,6.87899999999986e-03,87,30-90 Days
SWPW4HMEC3UM3E5,2025-12-06,2026-04-19,CHF,USD,4120643.63,1.12175,1.12283,Treasury,1.07999999999997e-03,134,90+ Days
SWP29DK1WSQEP1E,2026-01-06,2026-04-02,INR,GBP,8112613.81,0.894704,0.897406,Treasury,2.70199999999998e-03,86,30-90 Days
SWPZYOMC62L7ASV,2025-12-23,2025-12-30,USD,JPY,603883.26,1.099827,1.098554,Treasury,-1.27300000000008e-03,7,0-30 Days
SWPIYA2XFEVB0L0,2026-02-22,2026-03-03,CAD,JPY,2394629.94,0.747302,0.748841,Treasury,1.53899999999996e-03,9,0-30 Days
SWPHH25OSSU27AJ,2025-12-10,2026-04-29,USD,AUD,4323855.71,0.717854,0.718107,Treasury,2.53000000000059e-04,140,90+ Days
SWPJ1N2CKHI4DXI,2026-02-17,2026-04-10,JPY,INR,2912094.41,1.043357,1.047706,Investment Banking,4.34899999999994e-03,52,30-90 Days
SWPF5KKBGVNA2MC,2026-01-27,2026-05-13,GBP,JPY,881690.57,1.387146,1.3877,Treasury,5.53999999999943e-04,106,90+ Days
SWPZOE51BK3SIY6,2026-01-20,2026-04-28,CAD,USD,1773568.58,0.681369,0.680384,Treasury,-9.85000000000014e-04,98,90+ Days
SWPVITSNF9J6XDF,2025-11-22,2026-05-21,JPY,USD,2269073.26,1.46627,1.462876,Investment Banking,-3.3939999999999e-03,180,90+ Days
SWPQHEYSSR4MNNQ,2025-10-31,2026-04-25,GBP,USD,2618967.8,0.60442,0.60591,Investment Banking,1.48999999999999e-03,176,90+ Days
SWP4LCMSFFA4RUR,2025-12-05,2026-03-28,GBP,CHF,3571795.74,1.209856,1.212234,Investment Banking,2.37799999999999e-03,113,90+ Days
SWPUF4C61O10Y48,2026-01-15,2026-05-22,JPY,CHF,2300197.17,0.783928,0.786526,Investment Banking,2.59799999999999e-03,127,90+ Days
SWPQI2PNC0FGSHO,2026-01-11,2026-02-21,CAD,AUD,3378137.21,0.876295,0.876275,Markets,-2.000000000002e-05,41,30-90 Days
SWP1WLW0TO5AFCX,2025-11-10,2026-02-10,CAD,CHF,3417503.42,1.179601,1.180071,Treasury,4.70000000000192e-04,92,90+ Days
SWPV2OH5BL3Y4L9,2026-02-01,2026-03-24,INR,CAD,901811.47,0.574406,0.573046,Markets,-1.35999999999992e-03,51,30-90 Days
SWPOZ5HM0F3C5GX,2025-12-29,2026-03-19,EUR,AUD,3825100.51,0.762772,0.762746,Markets,-2.59999999999705e-05,80,30-90 Days
SWPLZD13V7GZ7O9,2025-11-15,2025-12-13,GBP,EUR,4215520.93,0.787029,0.786805,Investment Banking,-2.24000000000002e-04,28,0-30 Days
SWPNDTG5LBM44JF,2025-10-27,2025-12-11,GBP,CAD,7243270.63,1.210749,1.213611,Treasury,2.86199999999992e-03,45,30-90 Days
SWPIKY2UK0ZY0YL,2026-01-23,2026-02-06,JPY,EUR,9166019.05,1.258923,1.259883,Markets,9.60000000000072e-04,14,0-30 Days
SWPS6CQXYSOCGEE,2025-12-13,2026-03-19,GBP,JPY,13855503.26,0.866363,0.868781,Investment Banking,2.41800000000003e-03,96,90+ Days
SWP4LO0HI4XNRK1,2026-02-11,2026-06-11,INR,JPY,13054281.56,1.209335,1.214319,Treasury,4.98399999999988e-03,120,90+ Days
SWPQAG1Q2B2Q773,2026-01-28,2026-02-08,GBP,JPY,4153153.86,1.248304,1.249048,Markets,7.43999999999856e-04,11,0-30 Days
SWP3PK7CTPQDZYB,2026-01-22,2026-02-28,CAD,INR,6234669.69,1.396017,1.39514,Treasury,-8.77000000000017e-04,37,30-90 Days
SWP7LJYUOOGH2JP,2026-01-09,2026-04-02,INR,CHF,8511696.62,1.159855,1.158248,Treasury,-1.60700000000014e-03,83,30-90 Days
SWPJR0Q8H2DAEV4,2026-02-10,2026-07-02,CHF,GBP,1629717.57,0.877537,0.878512,Investment Banking,9.74999999999948e-04,142,90+ Days
SWPQU66CZLYYVWK,2025-11-16,2026-01-24,CAD,GBP,2046243.63,1.478913,1.480822,Treasury,1.90900000000016e-03,69,30-90 Days
SWP1010PNCHKFOG,2026-02-08,2026-03-14,GBP,CAD,2117281.08,0.519863,0.520487,Treasury,6.24000000000069e-04,34,30-90 Days
SWPPLUPAO9LBU6E,2025-12-25,2026-04-14,USD,JPY,23238982.02,1.201223,1.202525,Treasury,1.30200000000014e-03,110,90+ Days
SWPL9TVA20A5XBK,2025-11-09,2026-03-11,GBP,USD,5850656.33,1.269542,1.273205,Investment Banking,3.66299999999997e-03,122,90+ Days
SWPTWP7EBC0UNCH,2026-02-22,2026-08-06,USD,GBP,29896116.62,0.546846,0.54772,Treasury,8.7399999999993e-04,165,90+ Days
SWP2I2VBD5XHWFE,2025-12-31,2026-06-15,GBP,INR,7657981.02,1.350087,1.349721,Markets,-3.66000000000088e-04,166,90+ Days
SWPFFU6MIPTCIA0,2025-11-15,2026-04-04,JPY,CAD,2593562.54,0.642995,0.64428,Investment Banking,1.28499999999998e-03,140,90+ Days
SWP3NH8XYYLUCW9,2025-11-11,2026-01-05,USD,EUR,5568718.29,0.884913,0.885489,Treasury,5.76000000000021e-04,55,30-90 Days
SWPTPSV1XV47FWL,2025-12-24,2026-03-01,INR,JPY,858441.16,1.4891,1.48866,Markets,-4.39999999999996e-04,67,30-90 Days
SWPLA52R7U6LL2F,2025-11-13,2026-03-10,JPY,INR,3771044.85,0.81503,0.815801,Investment Banking,7.70999999999966e-04,117,90+ Days
SWPIGDG28O2CS3Z,2025-12-22,2026-05-12,EUR,CAD,6502307.12,1.310239,1.310966,Markets,7.27000000000144e-04,141,90+ Days
SWPJNNJQ6S6YZWL,2026-02-22,2026-05-30,GBP,INR,2527267.77,1.217004,1.221354,Investment Banking,4.35000000000008e-03,97,90+ Days
SWP0EGJ0NSCRMPP,2026-01-15,2026-05-23,CAD,EUR,6151694.75,1.113037,1.116206,Markets,3.16899999999998e-03,128,90+ Days
SWPLJMF9M7IAAD3,2026-02-15,2026-06-11,JPY,EUR,1377154.21,0.673918,0.67275,Treasury,-1.16800000000006e-03,116,90+ Days
SWPE1HEKGVC1H86,2026-01-24,2026-06-26,AUD,CHF,2688199.14,1.115461,1.113712,Treasury,-0.001749,153,90+ Days
SWPFC8UV65SHAL4,2025-12-10,2026-01-09,GBP,AUD,2291261.34,0.671396,0.669987,Investment Banking,-1.40899999999999e-03,30,0-30 Days
SWP7YICZHXMCWZX,2025-12-26,2026-02-06,GBP,CHF,3768937.47,0.574186,0.574333,Investment Banking,1.47000000000008e-04,42,30-90 Days
SWP51VT9LY3567V,2025-11-21,2026-05-06,EUR,AUD,2511145.35,1.418999,1.420489,Treasury,1.48999999999999e-03,166,90+ Days
SWPNW1A0XFJQHJ8,2026-01-12,2026-05-28,USD,AUD,2827374.15,0.90152,0.905619,Markets,4.09899999999996e-03,136,90+ Days
SWP843LDJZA2RF2,2025-11-06,2025-12-18,EUR,USD,4486007.28,0.527662,0.52934,Investment Banking,1.67800000000007e-03,42,30-90 Days
SWPJEECQC2B5X4S,2026-01-17,2026-03-24,USD,EUR,2229940.12,1.204618,1.203082,Treasury,-1.53599999999998e-03,66,30-90 Days
SWPIBU12JURVJ0W,2026-02-19,2026-05-02,INR,USD,2124317.7,1.21453,1.218593,Investment Banking,4.06299999999993e-03,72,30-90 Days
SWP0E5QPMR0MGD7,2025-10-28,2026-03-16,CHF,CAD,2566364.3,0.526595,0.527116,Treasury,5.20999999999994e-04,139,90+ Days
SWPRF1TBONHA4QQ,2025-12-31,2026-05-05,CHF,INR,3595364.38,0.616696,0.617241,Investment Banking,5.45000000000018e-04,125,90+ Days
SWPJMFPD42977UZ,2026-02-14,2026-05-21,INR,USD,926205.9,1.375277,1.374889,Investment Banking,-3.88000000000055e-04,96,90+ Days
SWPZ1O9H64E62G0,2026-01-19,2026-07-02,USD,AUD,2094381.0,0.709643,0.710521,Treasury,8.77999999999934e-04,164,90+ Days
SWPHS3UVWLH8WJ2,2025-10-26,2026-01-06,EUR,CAD,20327031.58,1.305611,1.305707,Treasury,9.5999999999874e-05,72,30-90 Days
SWPQ0OFG0ZE6O3N,2025-11-17,2026-05-04,USD,CAD,12231189.83,0.686687,0.687226,Treasury,5.38999999999956e-04,168,90+ Days
SWPXY8NXEMK734H,2025-12-10,2026-05-31,INR,CAD,3160255.18,1.198502,1.198847,Treasury,3.4500000000004e-04,172,90+ Days
SWP5DX35E93NEWS,2026-01-27,2026-07-24,CHF,USD,8833564.28,0.689541,0.690082,Treasury,5.41000000000014e-04,178,90+ Days
SWP3QZ9M4I2EK63,2025-12-22,2026-01-21,EUR,USD,1357903.17,1.215592,1.215877,Investment Banking,2.85000000000091e-04,30,0-30 Days
SWPEVHRCO25DQ7Y,2026-02-12,2026-06-11,USD,EUR,2740504.09,1.31882,1.319905,Markets,0.001085,119,90+ Days
SWPP9XPQN67A739,2025-12-18,2026-02-05,EUR,USD,4335237.24,1.010992,1.009939,Treasury,-1.05299999999997e-03,49,30-90 Days
SWPMPXV1J4RPFC6,2025-12-04,2026-02-27,GBP,EUR,3482363.57,1.425701,1.426713,Treasury,1.01199999999979e-03,85,30-90 Days
SWPU3JMJQ6QA1ZY,2025-12-25,2026-02-07,JPY,CAD,3393837.55,0.945549,0.940644,Investment Banking,-4.90499999999994e-03,44,30-90 Days
SWPZWWLTH6LRF8D,2025-11-03,2026-03-14,AUD,EUR,2499679.44,0.921375,0.924141,Treasury,2.76599999999994e-03,131,90+ Days
SWP7DKZOS2WQOSF,2026-02-03,2026-03-03,EUR,GBP,2001553.4,1.291867,1.294597,Markets,2.7299999999999e-03,28,0-30 Days
SWPN8BBAOP52JJC,2026-01-26,2026-05-27,CAD,USD,5500189.31,1.179004,1.180286,Markets,1.28200000000001e-03,121,90+ Days
SWPOVPXE1IKAVFX,2025-12-22,2026-02-28,USD,INR,2039369.85,1.498053,1.496506,Treasury,-1.54700000000019e-03,68,30-90 Days
SWPXDJTQXIEW5YX,2025-12-12,2026-06-05,EUR,JPY,4772391.3,0.51113,0.512428,Markets,1.29800000000002e-03,175,90+ Days
SWPWM0720N4L7CQ,2026-01-09,2026-02-07,JPY,EUR,9868639.12,1.340222,1.347027,Markets,6.80499999999995e-03,29,0-30 Days
SWPR0ZPLIHE5L7J,2025-12-22,2026-02-06,CHF,EUR,2289164.81,1.18185,1.187598,Investment Banking,5.74799999999986e-03,46,30-90 Days
SWPH6CXR3HZNOEE,2025-11-11,2026-02-12,CHF,USD,1871798.28,1.093508,1.0961,Investment Banking,2.59200000000015e-03,93,90+ Days
SWPCA13I6PYAGLW,2026-01-13,2026-06-13,USD,CAD,5859603.01,0.757288,0.757391,Investment Banking,1.03000000000075e-04,151,90+ Days
SWPLPQA8VG270EJ,2026-02-04,2026-05-06,GBP,INR,4471505.0,1.118749,1.120709,Markets,1.95999999999996e-03,91,90+ Days
SWPS8X3E5BVVJB2,2026-02-22,2026-07-23,EUR,INR,4436244.32,1.18748,1.187517,Investment Banking,3.69999999998427e-05,151,90+ Days
SWPF30PKQ0HAHMZ,2026-01-27,2026-07-07,CAD,JPY,2661511.13,0.73346,0.733247,Investment Banking,-2.13000000000019e-04,161,90+ Days
SWPSC9SJ0W9I84X,2026-01-24,2026-04-13,GBP,JPY,732840.53,1.382711,1.379608,Treasury,-3.10300000000008e-03,79,30-90 Days
SWPD4ULC8WKLX8K,2025-10-28,2026-01-06,GBP,CAD,2962598.56,0.908111,0.906462,Markets,-1.64900000000001e-03,70,30-90 Days
SWPFOW7UND82GXM,2026-01-08,2026-06-21,AUD,CAD,5353583.49,1.230136,1.232249,Treasury,2.11300000000003e-03,164,90+ Days
SWPWIJGPTYSAIJP,2025-11-21,2026-04-04,JPY,INR,5994040.31,0.773154,0.775673,Treasury,2.51899999999994e-03,134,90+ Days
SWP0PEF6F0PLBHM,2025-11-16,2026-04-05,GBP,USD,2253992.46,0.989687,0.990648,Investment Banking,9.6099999999999e-04,140,90+ Days
SWPPNIQ00ZNEBTB,2026-01-30,2026-05-12,INR,CHF,4452619.27,1.387066,1.388842,Treasury,0.001776,102,90+ Days
SWP3J1Y4LDA11NE,2025-12-02,2026-01-10,CHF,AUD,2383971.76,0.562763,0.564305,Treasury,1.54199999999993e-03,39,30-90 Days
SWP5DVK1YS2GG0Q,2025-10-31,2026-04-21,EUR,GBP,3185329.06,1.219457,1.217632,Treasury,-1.82499999999997e-03,172,90+ Days
SWPMRJ6EEVM1JCN,2026-02-12,2026-05-29,GBP,USD,1741183.66,0.983888,0.98531,Treasury,1.42200000000003e-03,106,90+ Days
SWPARAEXRWPCT3U,2026-01-24,2026-03-11,CHF,INR,17133050.31,1.279061,1.279908,Treasury,8.47000000000042e-04,46,30-90 Days
SWP64OCP9FK4EJE,2026-02-13,2026-06-25,CAD,USD,2471504.42,0.929313,0.929094,Treasury,-2.18999999999969e-04,132,90+ Days
SWPJ54ELRIB1PL4,2026-02-22,2026-03-11,CAD,USD,7376090.09,1.060162,1.058183,Markets,-1.97899999999995e-03,17,0-30 Days
SWPSODGRLMH4V7S,2026-01-11,2026-05-08,AUD,USD,13555916.48,0.913853,0.914425,Investment Banking,5.72000000000017e-04,117,90+ Days
SWPWTTZWQXBLUQN,2026-01-23,2026-02-02,EUR,AUD,1325022.63,1.022351,1.02361,Markets,1.2589999999999e-03,10,0-30 Days
SWPQCG8GMDEG0U7,2026-01-03,2026-02-23,GBP,EUR,2217806.7,1.471701,1.470278,Markets,-1.42299999999995e-03,51,30-90 Days
SWPEXA4CHX0Z1JK,2026-02-03,2026-03-18,INR,GBP,3281739.51,0.974459,0.975681,Markets,1.22200000000006e-03,43,30-90 Days
SWP8CPWE3APWXI1,2025-11-02,2025-11-26,EUR,CHF,5907433.84,0.713999,0.711609,Treasury,-0.00239,24,0-30 Days
SWP8RI6M1EQZCB7,2026-02-07,2026-05-15,CAD,GBP,4928748.11,1.246636,1.248782,Treasury,2.14599999999998e-03,97,90+ Days
SWPXG6DRMGDL6QI,2026-02-01,2026-05-05,USD,CHF,5651447.06,0.68995,0.688962,Markets,-9.87999999999989e-04,93,90+ Days
SWPBWG508SX92TH,2025-11-02,2026-03-02,CHF,JPY,12725493.5,1.48376,1.479382,Investment Banking,-4.37799999999999e-03,120,90+ Days
SWP2RE0APVDD0KL,2025-10-28,2026-04-21,CHF,INR,3780541.18,1.146335,1.149228,Markets,2.89299999999981e-03,175,90+ Days
SWPI2NR63TU8UPS,2025-12-03,2026-03-09,EUR,GBP,4321148.79,1.012609,1.011679,Treasury,-9.30000000000097e-04,96,90+ Days
SWPJHZ1ZK1ZSN9S,2025-11-30,2026-05-03,JPY,INR,3353408.89,1.49599,1.495557,Markets,-4.32999999999906e-04,154,90+ Days
SWPS7HT78HL4QEV,2026-02-14,2026-04-17,GBP,CHF,7351871.56,1.428026,1.429358,Treasury,1.33199999999989e-03,62,30-90 Days
SWPRZV9L3HNOOYT,2025-11-04,2025-12-22,JPY,AUD,3593932.13,0.84687,0.850262,Markets,3.39199999999995e-03,48,30-90 Days
SWPD3SH9DMCBGJ8,2026-01-05,2026-06-09,USD,INR,5751260.2,1.116994,1.121961,Markets,4.96699999999994e-03,155,90+ Days
SWPQ5W3TW270KAK,2026-02-09,2026-04-13,CAD,INR,9172698.8,1.279444,1.275875,Investment Banking,-3.56899999999993e-03,63,30-90 Days
SWPRZHJG0GO6R3L,2026-01-23,2026-07-08,AUD,CAD,5398732.79,0.881886,0.880951,Investment Banking,-9.34999999999908e-04,166,90+ Days
SWPSJ537WS5CWI0,2025-12-18,2026-03-24,CHF,CAD,2551994.37,1.134106,1.133282,Investment Banking,-8.24000000000158e-04,96,90+ Days
SWP3K5HUVVEX5EB,2026-01-06,2026-01-29,GBP,CAD,1291464.37,1.347915,1.349315,Treasury,1.40000000000007e-03,23,0-30 Days
SWP6NE47RYYN88H,2026-01-31,2026-03-12,CAD,JPY,4891725.45,0.777771,0.778745,Treasury,9.7400000000003e-04,40,30-90 Days
SWP27V7NR50W1WU,2025-12-30,2026-02-06,CAD,USD,3547899.3,1.137061,1.140349,Treasury,3.28799999999996e-03,38,30-90 Days
SWP1I5D13S2U5BN,2026-01-13,2026-05-17,USD,CAD,4368142.64,0.802736,0.801192,Markets,-1.54399999999999e-03,124,90+ Days
SWPJT9I4TAKYJBZ,2026-01-16,2026-03-02,GBP,CHF,2909826.11,0.695833,0.694062,Markets,-1.77100000000008e-03,45,30-90 Days
SWPVKP5XI528XGX,2026-02-18,2026-05-16,CHF,INR,3813046.09,1.248369,1.247915,Treasury,-4.53999999999954e-04,87,30-90 Days
SWP1NCMFO3R82L3,2026-01-26,2026-07-23,INR,GBP,5125046.24,0.81821,0.816961,Treasury,-1.24899999999994e-03,178,90+ Days
SWPBL3UG5UP60QV,2026-01-27,2026-05-15,CAD,AUD,2267615.87,1.278131,1.280031,Treasury,1.90000000000001e-03,108,90+ Days
SWPPCTG83QNJW9O,2025-11-09,2025-12-25,JPY,CAD,1511441.82,1.257225,1.258463,Treasury,1.23800000000007e-03,46,30-90 Days
SWPLM26XY86PD5M,2025-12-11,2026-03-17,INR,GBP,2217813.05,1.373486,1.37221,Investment Banking,-1.27600000000005e-03,96,90+ Days
SWPKQ3RNCKCCAWQ,2026-02-04,2026-06-12,JPY,CHF,3186377.21,1.102858,1.104236,Markets,1.3780000000001e-03,128,90+ Days
SWP2J9QV2LMQCMF,2025-11-09,2025-12-21,JPY,INR,2353822.76,1.028165,1.030591,Markets,2.42600000000004e-03,42,30-90 Days
SWPLOU54G41HAHV,2025-11-24,2026-01-08,USD,GBP,3452639.83,1.086414,1.084511,Investment Banking,-1.90299999999999e-03,45,30-90 Days
SWPII4UDCSBVSEE,2026-02-15,2026-03-25,EUR,CAD,5004991.14,0.927897,0.930492,Treasury,2.59500000000001e-03,38,30-90 Days
SWPYZQCH85K06C3,2025-11-25,2025-12-13,CAD,JPY,3671474.6,1.383404,1.387703,Investment Banking,4.29899999999983e-03,18,0-30 Days
SWP9XUQA24GBTUE,2025-11-08,2026-03-29,JPY,USD,4518609.7,1.460436,1.46402,Treasury,3.58400000000003e-03,141,90+ Days
SWPYOC1P7TB31DG,2025-12-13,2026-02-15,EUR,CHF,2199008.22,1.449799,1.454384,Markets,4.58499999999984e-03,64,30-90 Days
SWPI60JB25BM6YC,2025-12-16,2026-04-17,USD,INR,4042785.34,1.114325,1.114598,Investment Banking,2.72999999999968e-04,122,90+ Days
SWP86SQAB60CZV8,2026-01-01,2026-04-27,EUR,JPY,6439755.31,1.408412,1.407126,Markets,-1.2859999999999e-03,116,90+ Days
SWP4A402268SVMQ,2026-01-22,2026-05-15,EUR,CHF,16050751.48,1.178791,1.181522,Markets,2.73100000000004e-03,113,90+ Days
SWP9WRPFD6CBW2Z,2026-02-11,2026-05-05,INR,EUR,4311736.66,0.677721,0.681438,Investment Banking,3.71699999999997e-03,83,30-90 Days
SWPDDGMUY4H63FV,2025-11-03,2026-03-02,AUD,CHF,1447863.55,1.051205,1.054868,Treasury,3.66299999999997e-03,119,90+ Days
SWP0LBT90R4E9DJ,2026-02-10,2026-04-22,JPY,AUD,1129479.6,1.139288,1.13905,Treasury,-2.38000000000183e-04,71,30-90 Days
SWP74I6LY0DCGJ3,2025-10-30,2026-03-10,JPY,GBP,2787087.11,0.971711,0.971082,Markets,-6.28999999999991e-04,131,90+ Days
SWPCA8KB9P24SP8,2025-11-11,2026-01-31,USD,JPY,1839119.87,1.175366,1.172723,Treasury,-2.64299999999995e-03,81,30-90 Days
SWPXXFH6ETAOFTP,2025-11-26,2026-01-25,CAD,USD,1785471.3,1.344792,1.344986,Investment Banking,1.94000000000027e-04,60,30-90 Days
SWP59CVW5HRVXGH,2025-11-11,2025-11-24,GBP,EUR,1352302.0,0.915808,0.916306,Markets,4.97999999999998e-04,13,0-30 Days
SWPY286OTRGQM1B,2025-11-25,2025-12-13,CAD,AUD,1582440.22,1.401496,1.400384,Markets,-0.001112,18,0-30 Days
SWPEY7BOKZ3ZLA5,2025-12-04,2026-01-23,AUD,CAD,12726684.57,1.09059,1.093752,Treasury,3.16200000000011e-03,50,30-90 Days
SWP37FXHMO9BEAW,2026-01-14,2026-02-10,EUR,USD,5180688.18,0.577838,0.578825,Treasury,9.87000000000071e-04,27,0-30 Days
SWPFVX6S113DW3S,2025-11-18,2025-12-08,AUD,CHF,3146590.24,1.072622,1.074601,Treasury,1.97899999999995e-03,20,0-30 Days
SWPWNR9B3JCYC8J,2025-12-31,2026-06-14,EUR,USD,1079456.73,1.337858,1.341155,Investment Banking,3.29700000000011e-03,165,90+ Days
SWPYZAFIF4WL3PM,2026-02-22,2026-06-09,USD,AUD,4866521.18,0.733799,0.736919,Markets,3.12000000000001e-03,107,90+ Days
SWP04E4X9B0IIUC,2025-12-04,2026-05-01,CAD,JPY,1171301.06,0.965654,0.964634,Markets,-1.02000000000002e-03,148,90+ Days
SWPL73NWS0KLA70,2025-12-26,2026-01-19,AUD,USD,1044852.27,1.361293,1.364512,Investment Banking,3.21899999999986e-03,24,0-30 Days
SWPSNYLX37C6ODW,2026-01-26,2026-02-05,CHF,JPY,2570018.77,1.00204,1.004338,Treasury,2.29799999999991e-03,10,0-30 Days
SWP63G7C7OZVJOD,2026-01-20,2026-04-02,EUR,AUD,8636370.17,1.327831,1.323386,Markets,-4.44500000000003e-03,72,30-90 Days
SWP9PYZ56BILBU2,2026-01-05,2026-03-23,CHF,EUR,7274067.34,1.176196,1.17744,Investment Banking,1.24400000000002e-03,77,30-90 Days
SWPOV8SC6XOFZZX,2026-02-06,2026-08-04,CAD,EUR,1891121.35,1.334768,1.333869,Treasury,-8.98999999999983e-04,179,90+ Days
SWPB2O0DARMI05B,2025-12-19,2026-06-16,AUD,INR,7482113.82,1.164797,1.169462,Investment Banking,4.66499999999992e-03,179,90+ Days
SWP3T4JV4JJK39Z,2026-02-13,2026-03-05,AUD,EUR,639897.72,0.537206,0.537317,Investment Banking,1.11000000000083e-04,20,0-30 Days
SWPFZ3C7EO9BHYJ,2026-01-07,2026-02-23,JPY,CAD,10448897.83,1.407111,1.411102,Markets,3.99100000000008e-03,47,30-90 Days
SWPWU2F9HP69VIM,2025-10-30,2025-12-07,EUR,INR,806924.0,0.629389,0.629385,Investment Banking,-4.000000000004e-06,38,30-90 Days
SWPWOL9PGTAAGIY,2025-11-15,2026-05-11,USD,EUR,2972639.6,0.801946,0.80403,Treasury,2.08399999999997e-03,177,90+ Days
SWPJFLDS9V9LE2B,2025-11-08,2026-01-11,CAD,AUD,9876058.65,1.105239,1.112596,Investment Banking,7.35699999999984e-03,64,30-90 Days
SWPLQ530ORW0K3D,2025-12-11,2026-04-27,EUR,CAD,10413174.96,1.273327,1.271547,Treasury,-1.78000000000011e-03,137,90+ Days
SWPX90JVGA66YIO,2025-12-10,2026-04-20,USD,JPY,4755015.92,1.090647,1.092387,Markets,1.74000000000007e-03,131,90+ Days
SWPIOVMSZ6OSEIS,2025-12-12,2026-03-22,USD,GBP,2939766.44,0.744492,0.744254,Treasury,-2.38000000000071e-04,100,90+ Days
SWP4EXKW82HAAVB,2025-12-10,2026-03-22,GBP,JPY,748732.6,1.36447,1.367021,Markets,2.55099999999997e-03,102,90+ Days
SWPUK6CUXWZHEBW,2025-12-08,2026-04-26,AUD,CHF,3074437.7,1.486173,1.487932,Investment Banking,1.75900000000007e-03,139,90+ Days
SWPX8CK3AZZJ9GE,2026-01-25,2026-06-02,USD,EUR,4086701.76,0.75863,0.75988,Investment Banking,1.24999999999997e-03,128,90+ Days
SWPYVHHT0HP1WMQ,2025-12-13,2025-12-23,INR,JPY,1764521.82,0.58492,0.583792,Markets,-1.12800000000002e-03,10,0-30 Days
SWPT6I85NLP2PUK,2025-12-06,2026-06-03,EUR,CAD,384215.44,0.515355,0.515339,Markets,-1.6000000000016e-05,179,90+ Days
SWPR2X82UAOT7X8,2025-12-02,2026-05-04,USD,EUR,2264719.26,1.179465,1.182111,Markets,2.64599999999993e-03,153,90+ Days
SWPBLOA9H057FNP,2025-11-30,2026-05-02,AUD,CHF,16479893.89,0.979612,0.979852,Investment Banking,2.39999999999907e-04,153,90+ Days
SWPQPY84NT3BG8T,2025-11-03,2025-12-11,EUR,INR,2330193.99,0.58144,0.584224,Markets,2.78400000000001e-03,38,30-90 Days
SWPDRVD3YI73NF6,2025-12-20,2026-01-05,EUR,AUD,9195186.4,1.335456,1.340409,Markets,4.95299999999999e-03,16,0-30 Days
SWPNWRUP52JYMEI,2026-01-12,2026-04-05,AUD,CAD,2149181.42,0.70082,0.701962,Treasury,1.14199999999998e-03,83,30-90 Days
SWP4TVFEPOMQ522,2025-12-02,2026-01-19,AUD,CHF,11599111.51,1.065621,1.067889,Investment Banking,2.26800000000016e-03,48,30-90 Days
SWPWJDUBYOM30C8,2025-12-08,2026-05-30,INR,EUR,10901644.58,0.5126,0.513954,Markets,1.35400000000008e-03,173,90+ Days
SWP9LVC0RUA92SJ,2026-01-11,2026-06-29,AUD,CAD,5918755.16,0.747794,0.747735,Markets,-5.89999999999202e-05,169,90+ Days
SWPJC1JUC7FB5AW,2025-12-07,2026-05-30,USD,INR,8552065.53,0.570421,0.569756,Treasury,-6.64999999999916e-04,174,90+ Days
SWP00E8NZENAZ9H,2025-11-30,2026-05-16,USD,INR,1529712.3,0.663098,0.66232,Treasury,-7.77999999999945e-04,167,90+ Days
SWPU6P9BE6E9CXQ,2025-10-30,2026-04-21,INR,EUR,2718811.67,0.981846,0.986767,Treasury,4.92099999999995e-03,173,90+ Days
SWPVI048EGW1VNG,2026-02-05,2026-05-15,CAD,GBP,3823616.6,1.012139,1.013625,Treasury,1.4860000000001e-03,99,90+ Days
SWPS12IHPDLRIR4,2025-10-28,2025-11-10,GBP,AUD,5103534.35,1.051942,1.050758,Treasury,-1.18399999999985e-03,13,0-30 Days
SWPSLQ4YVFMXXIP,2025-12-26,2026-01-09,EUR,GBP,2035019.62,1.033369,1.034355,Markets,9.85999999999931e-04,14,0-30 Days
SWPY9CHI2WY80WF,2025-10-29,2026-04-13,AUD,USD,1419682.77,1.430619,1.427637,Treasury,-2.98200000000004e-03,166,90+ Days
SWPRVYEXK3WLOME,2025-11-11,2026-03-11,INR,USD,1517025.21,0.57108,0.571834,Markets,7.53999999999921e-04,120,90+ Days
SWP53K2NR0MQDX5,2026-01-31,2026-02-08,JPY,CHF,4522814.19,0.825015,0.828856,Treasury,3.84099999999998e-03,8,0-30 Days
SWPPOP2S1J9SVTB,2025-11-24,2026-01-01,EUR,CHF,30844406.5,1.195968,1.198955,Investment Banking,2.98700000000007e-03,38,30-90 Days
SWP63IZA0X4XU0L,2025-11-11,2025-11-21,JPY,GBP,3392192.23,0.619453,0.619607,Markets,1.53999999999987e-04,10,0-30 Days
SWP2AVQ3KDNHDSA,2026-02-06,2026-02-28,CHF,GBP,3719165.42,1.290615,1.296596,Treasury,5.98100000000001e-03,22,0-30 Days
SWPUS0377M0G6ET,2026-02-15,2026-05-04,GBP,JPY,12246515.58,0.977023,0.97869,Investment Banking,1.66699999999997e-03,78,30-90 Days
SWPXR4COSKGNC02,2026-02-07,2026-05-06,CHF,INR,1645131.14,1.033455,1.031539,Treasury,-1.91600000000003e-03,88,30-90 Days
SWP16LETGO87KV3,2025-10-30,2026-04-14,JPY,EUR,4128052.84,1.265869,1.268543,Investment Banking,2.67400000000007e-03,166,90+ Days
SWPEO3LR7MLLRM7,2026-02-21,2026-04-04,AUD,USD,8833603.21,1.286775,1.286087,Treasury,-6.88000000000022e-04,42,30-90 Days
SWP70JIKE8T4F6E,2026-02-20,2026-05-14,EUR,JPY,4446580.43,1.145057,1.14499,Investment Banking,-6.70000000000393e-05,83,30-90 Days
SWP3U3H6ESVBSBG,2026-01-15,2026-05-21,AUD,JPY,3953079.99,1.466116,1.463594,Treasury,-2.52199999999991e-03,126,90+ Days
SWP17A54CWTIUW3,2025-10-29,2026-04-17,CAD,GBP,1853928.89,0.751107,0.751654,Markets,5.47000000000075e-04,170,90+ Days
SWP200BXMCYA9AJ,2025-12-25,2026-03-20,CAD,AUD,3713388.58,0.764613,0.765639,Markets,1.02599999999997e-03,85,30-90 Days
SWP6WQF226PDBJB,2026-02-21,2026-05-20,INR,AUD,2956182.39,0.526888,0.526424,Investment Banking,-4.6400000000002e-04,88,30-90 Days
SWPVW4TX61UHHS2,2025-12-15,2026-01-31,EUR,USD,5022727.2,1.06087,1.062883,Investment Banking,2.01300000000004e-03,47,30-90 Days
SWPVH38YBRN29V1,2025-11-09,2025-11-22,CAD,EUR,1041220.19,1.259963,1.263071,Treasury,3.10800000000011e-03,13,0-30 Days
SWPCC7TQJL45TIJ,2026-01-10,2026-01-31,JPY,INR,3185132.69,0.585466,0.587027,Markets,1.56099999999992e-03,21,0-30 Days
SWPDEPDT60JMKPP,2026-01-07,2026-04-10,CHF,USD,4197584.29,1.011697,1.012195,Investment Banking,4.97999999999887e-04,93,90+ Days
SWPHOTT6L0J8U52,2026-02-02,2026-04-20,GBP,JPY,6610847.04,0.657888,0.658515,Treasury,6.26999999999933e-04,77,30-90 Days
SWP027OUT6YA2YG,2025-11-18,2026-01-11,USD,INR,2866632.22,0.777804,0.779932,Investment Banking,2.12799999999991e-03,54,30-90 Days
SWPLB74JLEC050Q,2025-11-05,2026-05-02,CHF,USD,2559820.77,1.487791,1.495984,Investment Banking,8.19299999999989e-03,178,90+ Days
SWPJPYXGMSQX0QQ,2025-11-17,2026-04-18,AUD,GBP,2347562.74,1.259858,1.263831,Investment Banking,0.003973,152,90+ Days
SWPT4UYGPU9F9GC,2025-12-16,2026-01-15,JPY,INR,4179962.3,1.423052,1.423195,Investment Banking,1.43000000000004e-04,30,0-30 Days
SWP53WUBSVV4Q90,2025-11-03,2025-12-29,JPY,CHF,1812725.0,0.553339,0.555014,Markets,1.67499999999998e-03,56,30-90 Days
SWPMP6OCOSZT5XS,2025-11-09,2026-02-06,USD,CAD,2708699.58,1.358365,1.357053,Treasury,-1.31199999999998e-03,89,30-90 Days
SWPJQIO68E7IJRI,2026-01-09,2026-02-18,AUD,CHF,1473542.9,1.246591,1.25253,Markets,5.93899999999992e-03,40,30-90 Days
SWPNORALL1MUJQ8,2026-01-05,2026-01-26,GBP,EUR,3467912.66,1.253602,1.26138,Markets,7.77799999999984e-03,21,0-30 Days
SWP7YKBEVG2EHDH,2025-11-22,2026-03-20,AUD,CAD,6899057.45,1.200071,1.201583,Markets,1.51199999999996e-03,118,90+ Days
SWPM3QBBFKE8QPJ,2026-02-22,2026-05-07,INR,AUD,1728780.56,0.717696,0.715773,Investment Banking,-1.92300000000001e-03,74,30-90 Days
SWPEV4VY6RKO9WI,2025-12-12,2026-05-24,CAD,CHF,1539944.13,1.449264,1.450476,Investment Banking,1.21199999999999e-03,163,90+ Days
SWPM6IK3JWXNZN0,2025-11-24,2026-01-18,GBP,JPY,3849847.82,1.487929,1.480916,Markets,-7.01300000000016e-03,55,30-90 Days
SWPGRVN0G1O6RPL,2025-11-20,2026-04-30,GBP,JPY,2308913.49,1.163357,1.165796,Investment Banking,2.43900000000008e-03,161,90+ Days
SWPKWMJ6XOE0HGG,2026-01-15,2026-02-10,JPY,AUD,755605.77,0.975978,0.973851,Markets,-2.12699999999999e-03,26,0-30 Days
SWP8755K9MI7NGO,2025-12-04,2026-05-29,EUR,INR,18142774.99,1.182972,1.184542,Investment Banking,1.57000000000007e-03,176,90+ Days
SWPYLWR7MGGJ945,2025-11-25,2026-04-30,JPY,EUR,4232974.15,1.096203,1.097894,Treasury,1.69099999999989e-03,156,90+ Days
SWPW5JM4C3VBGWV,2025-11-09,2025-12-06,AUD,CHF,5961735.27,1.0217,1.022581,Markets,8.8099999999991e-04,27,0-30 Days
SWPJBQZE45G6K60,2026-02-21,2026-08-05,JPY,EUR,2086651.79,0.80864,0.808717,Markets,7.69999999999937e-05,165,90+ Days
SWPKYAA6M0TOT66,2026-01-10,2026-02-11,AUD,CAD,3887078.12,1.176877,1.175605,Investment Banking,-1.27199999999994e-03,32,30-90 Days
SWPESNHXMYFY6B4,2025-11-03,2026-04-03,AUD,CHF,1346427.77,0.978054,0.978435,Treasury,3.81000000000076e-04,151,90+ Days
SWP4HFERNAFP7DD,2026-01-08,2026-06-23,GBP,INR,3178060.87,0.743042,0.745463,Treasury,2.42100000000001e-03,166,90+ Days
SWPC1NNHSOSNQIR,2025-10-29,2025-11-07,CHF,GBP,4774591.55,0.797695,0.798491,Markets,7.95999999999908e-04,9,0-30 Days
SWPY2D6QBF331CL,2026-02-12,2026-07-22,INR,USD,4448943.86,0.674199,0.676013,Markets,1.81399999999998e-03,160,90+ Days
SWPTOKXCUCU0LUV,2025-11-03,2026-01-20,AUD,EUR,4360905.02,0.978867,0.980337,Markets,1.46999999999997e-03,78,30-90 Days
SWPBOON5L58YP1M,2025-12-17,2026-03-22,CHF,EUR,2846308.44,0.614339,0.615755,Investment Banking,1.41600000000008e-03,95,90+ Days
SWPMFNAAZU1FX47,2026-01-20,2026-07-12,JPY,EUR,2837537.44,0.768881,0.76961,Investment Banking,7.2899999999998e-04,173,90+ Days
SWPVM92O161HNK7,2025-11-14,2026-02-28,AUD,CAD,2833420.95,1.441355,1.440118,Treasury,-1.23699999999993e-03,106,90+ Days
SWPZ1KP32T0WGVX,2025-11-06,2025-11-15,AUD,USD,7331266.74,0.919732,0.91969,Markets,-4.19999999999865e-05,9,0-30 Days
SWPFNHMQ51RB3XM,2026-02-07,2026-07-24,INR,USD,3733325.94,0.639284,0.63861,Treasury,-6.73999999999952e-04,167,90+ Days
SWPGW3ZST3C6KAK,2026-02-02,2026-06-13,USD,CAD,7427852.37,1.174332,1.175652,Investment Banking,1.31999999999999e-03,131,90+ Days
SWP8QPQGOEZUO8B,2025-12-20,2026-04-17,GBP,JPY,961476.74,0.731879,0.731185,Treasury,-6.93999999999972e-04,118,90+ Days
SWPSANBTHTHB0X3,2025-12-08,2026-06-05,CHF,AUD,8029987.73,1.460192,1.462069,Treasury,1.87700000000013e-03,179,90+ Days
SWPW0RDOO9GK6YY,2026-01-02,2026-05-07,INR,CAD,3664430.62,1.183352,1.182046,Treasury,-1.30600000000003e-03,125,90+ Days
SWP29HTR55V3TDD,2026-01-17,2026-06-06,AUD,USD,4713709.58,0.520235,0.521446,Treasury,1.21099999999996e-03,140,90+ Days
SWPUHKDZ45S0ETI,2025-12-17,2026-01-11,INR,CAD,584315.15,1.313995,1.311353,Treasury,-2.64200000000003e-03,25,0-30 Days
SWP8TLRY9O6BPNJ,2025-12-10,2026-01-03,AUD,JPY,1965817.93,0.807843,0.809714,Markets,1.87100000000007e-03,24,0-30 Days
SWPGK4H5CJLLG3O,2026-02-15,2026-03-23,GBP,USD,1769143.71,1.137903,1.140018,Treasury,2.11499999999987e-03,36,30-90 Days
SWP6KXRFYINWWJK,2026-01-15,2026-02-26,INR,CAD,2779625.41,0.693745,0.695706,Treasury,1.9610000000001e-03,42,30-90 Days
SWPGNKI5D7Y5VS4,2026-02-16,2026-07-24,CHF,CAD,3118989.55,0.564508,0.564827,Markets,3.18999999999958e-04,158,90+ Days
SWPYFXO72MXS52X,2025-12-13,2025-12-22,AUD,USD,9475476.68,0.946222,0.949559,Investment Banking,3.33700000000003e-03,9,0-30 Days
SWPXV8PIKOB11UZ,2025-11-11,2026-03-25,INR,CHF,2778995.53,1.40707,1.405106,Treasury,-1.96400000000008e-03,134,90+ Days
SWPA1KT24F42QKJ,2025-12-21,2026-04-25,CHF,CAD,2370328.88,1.182035,1.18051,Markets,-0.001525,125,90+ Days
SWP6H07F0ZFE193,2026-01-08,2026-06-11,INR,EUR,7938618.52,1.127673,1.130826,Treasury,3.15300000000018e-03,154,90+ Days
SWP09EOPN4KJ2VG,2026-01-16,2026-07-06,CAD,USD,4508780.36,1.099073,1.099094,Investment Banking,2.10000000000488e-05,171,90+ Days
SWPUO2JHFRFMVFR,2025-12-16,2026-05-04,JPY,GBP,3977240.25,0.577739,0.578325,Markets,5.85999999999975e-04,139,90+ Days
SWP247QQ9O4FPOY,2025-10-26,2026-04-20,USD,INR,5786528.0,1.469148,1.475344,Investment Banking,6.19600000000009e-03,176,90+ Days
SWP5D2PGFOVWYIE,2025-12-24,2026-02-17,EUR,INR,7152875.36,0.795898,0.796212,Treasury,3.14000000000036e-04,55,30-90 Days
SWP7SBIKCZ6LX15,2026-01-23,2026-03-28,INR,CAD,905155.36,1.378504,1.381761,Markets,3.25700000000007e-03,64,30-90 Days
SWPEU0TTZWDNZBC,2025-12-25,2026-05-11,EUR,INR,5465099.56,1.282323,1.285282,Treasury,2.95899999999993e-03,137,90+ Days
SWPP48AOUH8PJ3J,2026-01-14,2026-05-12,INR,AUD,521985.66,1.496085,1.498432,Markets,2.34699999999988e-03,118,90+ Days
SWPC5AHEO4GF3NU,2025-11-04,2025-11-21,AUD,CHF,8482251.49,1.227316,1.231428,Treasury,4.11199999999989e-03,17,0-30 Days
SWPMP4VPQGZIJNF,2025-11-26,2026-02-21,CHF,USD,2009202.64,0.782693,0.78175,Markets,-9.43000000000027e-04,87,30-90 Days
SWP9INXGPGK9L2N,2025-11-03,2026-03-14,CAD,JPY,457702.85,1.380258,1.378957,Markets,-0.001301,131,90+ Days
SWPJP3UK7A3HX4X,2025-12-29,2026-06-15,INR,USD,4610091.48,1.45794,1.458734,Investment Banking,7.93999999999961e-04,168,90+ Days
SWP3AZ3UUZACIJ7,2025-11-23,2026-03-30,USD,EUR,5430228.36,1.388143,1.395163,Markets,7.02000000000003e-03,127,90+ Days
SWPWX3ANATYY4TC,2026-01-07,2026-06-16,CAD,JPY,713691.41,0.929301,0.931902,Investment Banking,2.60099999999996e-03,160,90+ Days
SWP2I9G4SI64CEI,2025-10-28,2026-01-22,USD,CAD,6271377.5,1.368283,1.36379,Markets,-4.49299999999986e-03,86,30-90 Days
SWPBTMPI9FAKMO8,2026-01-23,2026-04-04,AUD,INR,3104877.89,0.994565,0.99283,Markets,-1.73500000000004e-03,71,30-90 Days
SWPKKN7ANWZDM8X,2025-11-05,2025-12-26,INR,EUR,2269293.62,1.322217,1.326139,Markets,3.92199999999998e-03,51,30-90 Days
SWPTSA3CXK0QLZD,2025-11-29,2026-04-18,USD,INR,1089183.14,0.694721,0.697146,Markets,2.42500000000001e-03,140,90+ Days
SWPBBE15FC1LWGP,2026-01-29,2026-05-27,GBP,INR,3026243.73,0.832779,0.834989,Treasury,2.20999999999993e-03,118,90+ Days
SWP4AKIZX8DV2TW,2025-12-26,2026-01-18,CHF,INR,1210098.94,1.485537,1.482761,Markets,-2.77600000000011e-03,23,0-30 Days
SWPXRLSM3WQ1YRB,2026-02-17,2026-08-15,INR,AUD,3423753.07,0.708562,0.707145,Treasury,-0.001417,179,90+ Days
SWPDPJOWKPFR3T3,2026-02-15,2026-04-24,EUR,INR,11298731.41,0.747199,0.747382,Treasury,1.83000000000044e-04,68,30-90 Days
SWPWLOVDCQD6VP2,2026-02-15,2026-06-06,INR,JPY,2002822.91,0.715463,0.714849,Investment Banking,-6.14000000000003e-04,111,90+ Days
SWPOQOMQKZ8OMEV,2025-12-26,2026-02-07,EUR,CAD,4647753.22,0.740504,0.742176,Markets,1.6719999999999e-03,43,30-90 Days
SWP8E1AXQGPFRQ7,2026-01-03,2026-06-17,AUD,EUR,3474109.62,1.454418,1.45583,Investment Banking,1.41199999999997e-03,165,90+ Days
SWPGT40099OVWNC,2025-12-23,2026-01-24,CHF,EUR,3720712.84,0.566803,0.566602,Investment Banking,-2.00999999999896e-04,32,30-90 Days
SWPUYXWPVTOLSWJ,2025-10-28,2026-04-17,CHF,CAD,4705788.12,1.196912,1.196225,Investment Banking,-6.86999999999882e-04,171,90+ Days
SWPWPHZL9FDAW9E,2025-12-08,2026-03-15,INR,GBP,1050886.28,1.262195,1.261658,Investment Banking,-5.3700000000001e-04,97,90+ Days
SWP7TUZ8UCUHXSB,2026-02-06,2026-07-06,CHF,USD,1989104.39,0.561428,0.560004,Investment Banking,-1.42400000000009e-03,150,90+ Days
SWPQTVOZDC6737G,2026-02-08,2026-06-05,USD,INR,1033571.1,1.138142,1.140968,Investment Banking,0.002826,117,90+ Days
SWPBTI2XMODF3H3,2025-11-27,2026-01-26,CAD,EUR,1655919.78,0.80087,0.802919,Markets,2.04900000000008e-03,60,30-90 Days
SWPS480A8QHD150,2026-01-07,2026-06-02,EUR,AUD,8257678.5,0.808315,0.809015,Markets,7.00000000000034e-04,146,90+ Days
SWPA7E2TD8D96B1,2026-01-05,2026-01-17,EUR,CAD,3364201.61,0.574518,0.574483,Markets,-3.50000000000072e-05,12,0-30 Days
SWPGDFVQLQ9TMDK,2025-11-09,2026-03-09,AUD,EUR,2425637.86,1.331302,1.328905,Treasury,-2.39699999999998e-03,120,90+ Days
SWPC9G6FJGRMJQV,2025-12-02,2026-01-07,CAD,EUR,1629812.02,1.264355,1.266906,Investment Banking,2.55100000000019e-03,36,30-90 Days
SWPAAWJD30ED833,2026-01-31,2026-05-05,CAD,CHF,1517982.26,1.139334,1.141533,Treasury,2.19899999999984e-03,94,90+ Days
SWPCIROK7K2Y6KE,2025-11-25,2025-12-24,CHF,GBP,9673496.4,1.282168,1.284747,Investment Banking,2.57900000000011e-03,29,0-30 Days
SWPFPAG7RYUXQY0,2026-02-06,2026-03-29,JPY,INR,1635412.68,0.596284,0.596245,Investment Banking,-3.90000000000112e-05,51,30-90 Days
SWP10LOL4GQBAZ8,2026-01-24,2026-06-20,USD,EUR,1591594.45,1.43732,1.439074,Treasury,1.75400000000003e-03,147,90+ Days
SWPXG1OC2SNU4VS,2026-01-13,2026-07-02,JPY,CHF,2869803.38,1.392362,1.39655,Investment Banking,4.18799999999986e-03,170,90+ Days
SWPLC3QF67DGYJI,2025-12-03,2026-05-31,JPY,USD,1192068.2,0.822935,0.827209,Investment Banking,0.004274,179,90+ Days
SWP8EF691KAFH3A,2025-11-06,2026-01-20,JPY,INR,529722.36,1.151114,1.150313,Treasury,-8.01000000000052e-04,75,30-90 Days
SWPDQ0QOB3B3PZK,2026-02-09,2026-04-21,INR,GBP,7113945.72,1.112543,1.112773,Treasury,2.29999999999952e-04,71,30-90 Days
SWPZSYMVBVQFGAL,2025-12-09,2026-04-10,EUR,USD,3576270.16,1.059515,1.05788,Investment Banking,-1.63500000000005e-03,122,90+ Days
SWPWX61PTE5ZJDM,2026-02-14,2026-04-16,CAD,AUD,7698605.22,0.747277,0.747864,Treasury,5.87000000000004e-04,61,30-90 Days
SWPLXHP1W6KA4Z7,2025-12-06,2026-05-24,GBP,CHF,5590365.62,0.828333,0.829503,Markets,0.00117,169,90+ Days
SWPNAM571N3500P,2026-01-26,2026-04-30,USD,JPY,7069955.38,0.66278,0.662662,Markets,-1.18000000000062e-04,94,90+ Days
SWPA1F6DL1MCID9,2026-02-21,2026-06-21,USD,CHF,4328448.59,1.36202,1.368564,Treasury,6.54399999999988e-03,120,90+ Days
SWP2PDCQSN53VAE,2026-02-01,2026-04-11,JPY,CHF,1776847.6,1.211593,1.214615,Treasury,3.02200000000008e-03,69,30-90 Days
SWPW0DT77ERTOZ7,2026-02-17,2026-04-01,CHF,INR,1709740.71,0.80829,0.809435,Markets,1.14500000000006e-03,43,30-90 Days
SWPJ8QTZNJX7WFO,2026-02-10,2026-05-01,CHF,CAD,2682122.85,1.489172,1.489813,Investment Banking,6.41000000000114e-04,80,30-90 Days
SWP6DLHV7KHB029,2026-01-08,2026-03-20,GBP,EUR,3794168.83,1.227996,1.227375,Investment Banking,-6.20999999999983e-04,71,30-90 Days
SWPW8W3R55XSZDN,2026-01-10,2026-04-19,INR,CAD,5615007.9,0.616218,0.615918,Investment Banking,-3.00000000000078e-04,99,90+ Days
SWP6ZJ7835PWIGD,2026-01-07,2026-06-03,USD,GBP,5511207.75,0.646185,0.647584,Investment Banking,1.39900000000004e-03,147,90+ Days
SWPYBLJ0Z4FLX93,2025-12-17,2026-05-13,JPY,GBP,7651957.43,0.684382,0.684063,Markets,-3.19000000000069e-04,147,90+ Days
SWP7D6BMACUE1PN,2025-12-11,2026-05-22,GBP,JPY,536438.54,1.488278,1.496113,Treasury,7.83500000000004e-03,162,90+ Days
SWPDB44ZLINK6G5,2026-02-15,2026-08-08,EUR,AUD,1212218.63,1.182769,1.184455,Investment Banking,1.68600000000008e-03,174,90+ Days
SWPNTUXKVF3PNA2,2025-10-31,2026-02-21,INR,EUR,8395115.69,1.266875,1.267336,Markets,4.61000000000045e-04,113,90+ Days
SWPNCPHU8DU369F,2025-11-08,2026-03-09,CAD,INR,1497124.67,0.659143,0.66117,Markets,0.002027,121,90+ Days
SWP0L8P46OYTINW,2025-11-29,2026-04-04,GBP,EUR,12284577.49,1.121019,1.118609,Markets,-2.41000000000002e-03,126,90+ Days
SWP5ZF12GS0WAXP,2025-11-10,2026-05-06,GBP,EUR,6893027.08,1.231285,1.234545,Treasury,3.26000000000004e-03,177,90+ Days
SWPH1HFTQ9Z4B6F,2026-01-04,2026-02-21,INR,USD,2685710.05,1.298199,1.300669,Investment Banking,2.46999999999997e-03,48,30-90 Days
SWPG3Y9MNK8CQK2,2026-02-14,2026-04-14,USD,JPY,1188804.06,0.839877,0.84223,Investment Banking,2.35300000000005e-03,59,30-90 Days
SWPJ2JUIP7AP2T0,2025-12-12,2026-01-23,INR,USD,2019428.61,1.463235,1.462457,Treasury,-7.78000000000167e-04,42,30-90 Days
SWP83WYMRX8PM23,2026-02-18,2026-03-29,INR,EUR,3096367.65,0.551231,0.552787,Investment Banking,0.001556,39,30-90 Days
SWP7JZ0ABCF9O74,2025-12-27,2026-06-03,USD,CHF,6271477.01,1.400308,1.399623,Investment Banking,-6.85000000000047e-04,158,90+ Days
SWPVXYJGF0YLLZR,2025-12-01,2026-03-02,AUD,EUR,1508232.4,0.987755,0.989129,Markets,1.37399999999999e-03,91,90+ Days
SWPAMPM9DN70DIY,2025-12-09,2026-01-19,INR,AUD,11613620.21,1.462388,1.462752,Markets,3.64000000000031e-04,41,30-90 Days
SWPA6MNI1P97O06,2026-01-02,2026-05-17,CHF,JPY,6635445.4,1.158322,1.163782,Investment Banking,5.46000000000002e-03,135,90+ Days
SWPEPT6UZRTEICP,2026-01-27,2026-02-17,INR,AUD,15559046.93,0.558674,0.560365,Markets,0.001691,21,0-30 Days
SWPI4OX22KF8JQJ,2026-01-22,2026-05-09,INR,JPY,1968085.72,1.489054,1.489973,Investment Banking,9.18999999999892e-04,107,90+ Days
SWP0U1R8KH0UO1G,2025-11-06,2026-01-09,USD,EUR,3248104.46,1.347565,1.349028,Investment Banking,1.46299999999999e-03,64,30-90 Days
SWPRIYP6184EZ5X,2026-02-08,2026-06-05,EUR,CAD,14164133.61,0.576076,0.576085,Investment Banking,8.99999999992573e-06,117,90+ Days
SWPE9Z5E4RLUBAA,2026-02-14,2026-06-30,USD,JPY,5889367.0,1.00304,1.00209,Investment Banking,-9.50000000000006e-04,136,90+ Days
SWPQH9TXMZ28FUC,2026-01-31,2026-06-24,INR,EUR,4947550.02,1.020659,1.019704,Treasury,-9.55000000000039e-04,144,90+ Days
SWPV5NIRAV0HS3R,2025-12-22,2026-04-26,GBP,CHF,3144907.82,0.892088,0.891625,Treasury,-4.62999999999991e-04,125,90+ Days
SWPOEZRWZQZUBRG,2026-02-20,2026-03-28,EUR,USD,3636758.29,1.487929,1.488352,Investment Banking,4.2299999999984e-04,36,30-90 Days
SWPYWJIRYMW1JAL,2026-01-10,2026-05-01,AUD,CAD,5008093.94,1.439131,1.440499,Treasury,1.36800000000004e-03,111,90+ Days
SWPUX9AUHT9754M,2025-12-15,2026-05-31,JPY,CAD,4560353.11,1.083665,1.084108,Treasury,4.42999999999971e-04,167,90+ Days
SWPQG7WYO6P148F,2025-12-07,2026-04-07,USD,CAD,6335238.66,0.91844,0.918801,Treasury,3.60999999999945e-04,121,90+ Days
SWPJGTHZD4X7W7V,2025-12-15,2026-02-02,AUD,USD,6503112.94,1.42792,1.432556,Investment Banking,4.63599999999986e-03,49,30-90 Days
SWPYMIQ4WUJD5RR,2025-11-06,2026-03-01,JPY,CHF,4581768.2,1.155461,1.157987,Treasury,2.52600000000003e-03,115,90+ Days
SWP71X6QC2D7W1A,2026-01-24,2026-03-22,INR,USD,9479332.87,1.445338,1.44702,Treasury,1.68199999999996e-03,57,30-90 Days
SWPAJK1SJM30FBL,2025-11-18,2026-04-21,GBP,JPY,1088334.98,0.912051,0.916367,Treasury,4.3160000000001e-03,154,90+ Days
SWPXYM4BCZ8XX0X,2026-01-21,2026-05-26,INR,CHF,5910950.4,1.202281,1.200919,Markets,-1.36199999999986e-03,125,90+ Days
SWP30Q4O0SN2VOM,2026-01-09,2026-04-09,GBP,AUD,3761112.04,1.054941,1.052996,Treasury,-1.94499999999986e-03,90,30-90 Days
SWPIG3V4OEU1L5O,2025-11-19,2025-12-02,CAD,AUD,3847662.2,0.898937,0.901398,Markets,2.46100000000005e-03,13,0-30 Days
SWPG9ZV11R30J7D,2026-02-05,2026-05-01,EUR,INR,2708309.25,0.845688,0.845877,Markets,1.88999999999995e-04,85,30-90 Days
SWPPENZ3MM1322Y,2025-12-14,2026-04-18,CHF,INR,5434574.78,1.106667,1.106032,Treasury,-6.35000000000163e-04,125,90+ Days
SWP1IM4Q1D9G1NS,2025-12-17,2026-02-12,AUD,USD,3676959.45,1.117094,1.116779,Treasury,-3.15000000000065e-04,57,30-90 Days
SWP9NT2GSJK5FD3,2026-01-27,2026-03-02,CAD,AUD,230697.07,1.486059,1.488092,Markets,2.03299999999995e-03,34,30-90 Days
SWP41EGBCEK3O5N,2025-11-15,2025-12-13,EUR,INR,252747.27,1.296401,1.29902,Markets,2.61900000000015e-03,28,0-30 Days
SWP84ZFLLZ0PCF4,2025-11-02,2026-04-19,AUD,CHF,2066270.8,1.322313,1.322015,Treasury,-2.98000000000131e-04,168,90+ Days
SWP5ZQH4PP7GOYJ,2026-02-21,2026-06-23,JPY,EUR,5790402.65,0.804966,0.809256,Treasury,4.29000000000002e-03,122,90+ Days
SWP3K9UGC4GNHB3,2025-12-24,2026-04-30,AUD,EUR,2021550.84,1.30398,1.30222,Treasury,-1.75999999999998e-03,127,90+ Days
SWPM4FB7UGXSEQN,2025-11-22,2026-02-25,CAD,USD,1755978.08,0.912798,0.912714,Investment Banking,-8.3999999999973e-05,95,90+ Days
SWPEMK8ZOJPDFZ1,2026-01-19,2026-02-24,GBP,CAD,2869794.14,0.567635,0.568692,Markets,1.05699999999997e-03,36,30-90 Days
SWPRQ1BC6YR3WEO,2026-01-14,2026-02-21,CHF,EUR,2709868.47,0.985629,0.986226,Investment Banking,5.9700000000007e-04,38,30-90 Days
SWP90CDVD2HU6QA,2025-11-02,2026-04-26,INR,AUD,5969632.43,0.759032,0.759408,Investment Banking,3.75999999999932e-04,175,90+ Days
SWPDG9631SFAD9D,2025-12-13,2026-06-09,EUR,CAD,3001490.82,1.434567,1.438743,Treasury,4.17600000000018e-03,178,90+ Days
SWPUEOOY5O012TG,2025-12-27,2026-03-07,GBP,AUD,1020495.76,1.244207,1.243772,Treasury,-4.34999999999963e-04,70,30-90 Days
SWPO6IEJ8O64IHU,2026-01-15,2026-04-22,INR,CAD,1359422.35,1.212334,1.215348,Treasury,3.01400000000007e-03,97,90+ Days
SWPCGCESHXVFQI1,2026-01-16,2026-05-15,JPY,CHF,1375459.07,1.068287,1.072091,Markets,3.80399999999992e-03,119,90+ Days
SWP7Z5FXOZVT495,2025-11-18,2026-02-28,CHF,CAD,6721210.26,1.427572,1.429231,Markets,1.65899999999986e-03,102,90+ Days
SWPG829I8ITEI83,2025-11-06,2025-12-24,GBP,EUR,2092762.46,1.225524,1.223364,Investment Banking,-2.16000000000016e-03,48,30-90 Days
SWPE3ME03262NED,2025-11-15,2026-01-15,JPY,CHF,1508832.33,1.152909,1.151814,Treasury,-1.09500000000007e-03,61,30-90 Days
SWPNNDL7OXBVZ8B,2025-11-18,2026-04-12,AUD,CHF,7562473.16,1.231667,1.232989,Treasury,1.32199999999982e-03,145,90+ Days
SWPTLVQC2U3MZEG,2025-12-24,2026-03-19,AUD,JPY,6309068.02,0.544634,0.546245,Treasury,1.61100000000003e-03,85,30-90 Days
SWPQTG3K9DQXXVA,2026-01-28,2026-06-04,USD,GBP,9836699.1,1.437561,1.445306,Investment Banking,7.74499999999989e-03,127,90+ Days
SWPBQUDBVQDWJLD,2026-01-09,2026-06-17,EUR,USD,3345038.22,1.214189,1.211861,Treasury,-2.32799999999989e-03,159,90+ Days
SWPBWDIBD2K98M4,2026-02-11,2026-07-07,CHF,JPY,6516888.69,1.313579,1.311231,Investment Banking,-2.34800000000002e-03,146,90+ Days
SWP6YZX4K3V33JD,2025-12-31,2026-05-27,EUR,INR,7441539.16,1.467737,1.467809,Treasury,7.199999999985e-05,147,90+ Days
SWPQEBXWUK49AW0,2026-02-22,2026-04-24,AUD,CAD,2110181.83,0.515386,0.514856,Markets,-5.3000000000003e-04,61,30-90 Days
SWPIBW5N82KEPQ6,2025-11-19,2026-05-07,JPY,EUR,1592950.34,1.395157,1.393122,Treasury,-2.03500000000001e-03,169,90+ Days
SWPLESAYSJTXPFC,2025-11-08,2026-04-03,CAD,USD,3821498.12,0.952972,0.953941,Markets,9.68999999999998e-04,146,90+ Days
SWPL5PXW05SHC0J,2026-01-02,2026-01-09,AUD,CHF,17937444.28,0.529998,0.531381,Markets,1.38300000000002e-03,7,0-30 Days
SWPBPT70ABNU25D,2026-01-31,2026-02-16,EUR,CAD,3186669.25,0.577536,0.577331,Investment Banking,-2.05000000000011e-04,16,0-30 Days
SWP48M304QPT139,2025-12-15,2026-03-08,USD,AUD,1923812.58,1.039089,1.043192,Investment Banking,4.10299999999997e-03,83,30-90 Days
SWPUW072Q3N9W92,2025-12-31,2026-03-18,CAD,EUR,561228.2,0.544703,0.545064,Investment Banking,3.60999999999945e-04,77,30-90 Days
SWPG7H5MUUKNRGU,2025-11-16,2026-05-13,USD,GBP,10382889.06,1.052562,1.05172,Investment Banking,-8.42000000000009e-04,178,90+ Days
SWPC9PZI5ZVYTNU,2025-10-29,2026-04-02,CHF,INR,1990162.08,0.717357,0.715729,Markets,-1.62800000000007e-03,155,90+ Days
SWPJP4MU4CW97PN,2026-01-20,2026-02-11,CAD,USD,5921463.53,1.212789,1.213177,Markets,3.88000000000055e-04,22,0-30 Days
SWPAJCV7SRMUZOA,2025-11-19,2026-05-04,JPY,AUD,3670860.51,0.605231,0.606334,Treasury,1.10300000000008e-03,166,90+ Days
SWPBN2KF83E5JYE,2025-12-12,2026-05-02,INR,GBP,1642250.58,1.429701,1.430668,Treasury,9.6699999999994e-04,141,90+ Days
SWPH9IZYVHHR1AK,2025-12-22,2026-05-22,CAD,CHF,9023400.63,1.092316,1.093144,Treasury,8.27999999999829e-04,151,90+ Days
SWPFWIT7CPIU1S3,2026-01-03,2026-03-01,USD,CHF,3522607.87,0.972913,0.975012,Markets,2.09899999999996e-03,57,30-90 Days
SWP82GDY7S58JET,2025-12-14,2026-02-01,JPY,USD,3550525.42,0.771582,0.772859,Investment Banking,1.27699999999997e-03,49,30-90 Days
SWPVP3RH8RRNU5K,2025-12-09,2026-02-27,JPY,USD,1462833.71,0.953258,0.951944,Markets,-1.31400000000004e-03,80,30-90 Days
SWPVVNN5P1LHUOB,2025-12-02,2026-04-28,AUD,CAD,3000890.15,1.152932,1.156898,Treasury,3.96599999999991e-03,147,90+ Days
SWPMI32JDPX8H5I,2025-11-09,2026-03-03,CHF,GBP,2429900.99,0.756752,0.758961,Investment Banking,2.20900000000002e-03,114,90+ Days
SWPYD4WBZT5M7OF,2026-01-09,2026-01-30,CHF,INR,45282471.56,1.499172,1.504993,Markets,5.82100000000008e-03,21,0-30 Days
SWPOCGIUQBR55PI,2026-01-30,2026-07-03,CAD,GBP,1081257.88,1.196995,1.197788,Markets,7.93000000000044e-04,154,90+ Days
SWPRVTVHAM5D76E,2026-01-30,2026-06-12,CAD,CHF,3152569.04,1.096668,1.096078,Treasury,-5.89999999999868e-04,133,90+ Days
SWPNDGRK1KN04I7,2026-01-20,2026-07-07,EUR,CHF,317915.58,0.870133,0.870044,Treasury,-8.90000000000057e-05,168,90+ Days
SWPNY1JR5WRW1BV,2025-11-23,2025-12-22,AUD,CAD,1141277.22,1.47551,1.48249,Treasury,6.97999999999999e-03,29,0-30 Days
SWP2S7Y77ODEKC4,2026-02-18,2026-05-23,USD,INR,204465.12,0.616551,0.617498,Markets,9.47000000000031e-04,94,90+ Days
SWPD7E2APU913UG,2025-12-25,2026-01-21,GBP,AUD,5766579.39,1.421625,1.420057,Treasury,-1.56800000000001e-03,27,0-30 Days
SWP4700MVXGR8YL,2025-12-06,2025-12-29,CAD,AUD,5933727.52,0.566285,0.565767,Investment Banking,-5.18000000000018e-04,23,0-30 Days
SWPT5WP2D79UNS1,2025-11-05,2026-05-02,EUR,JPY,4969545.45,1.045793,1.043054,Investment Banking,-2.73900000000005e-03,178,90+ Days
SWPSYFN85POESYD,2025-11-01,2025-12-02,AUD,CAD,10381301.3,1.408104,1.417034,Investment Banking,8.92999999999988e-03,31,30-90 Days
SWP1YR9KO7PUCQK,2026-02-21,2026-04-22,INR,USD,2367968.2,0.896555,0.896908,Investment Banking,3.53000000000048e-04,60,30-90 Days
SWPM2GN684W66WP,2025-11-06,2026-02-18,INR,CHF,5532138.45,0.973606,0.972786,Investment Banking,-8.19999999999932e-04,104,90+ Days
SWP1DPHCOEL8Y0R,2025-10-30,2026-04-18,JPY,USD,3428628.58,0.655497,0.654729,Markets,-7.67999999999991e-04,170,90+ Days
SWP4ONS4SNM0YIL,2026-01-17,2026-06-03,EUR,CAD,32129552.97,0.936627,0.936535,Investment Banking,-9.1999999999981e-05,137,90+ Days
SWPG303WPYRA5W3,2026-01-30,2026-02-26,USD,INR,4443012.25,1.40072,1.399181,Treasury,-1.53899999999996e-03,27,0-30 Days
SWP0IPXLZI445KU,2025-12-10,2026-02-04,AUD,CAD,3868428.41,0.603986,0.605791,Markets,1.80499999999995e-03,56,30-90 Days
SWPNWF3EC774DP0,2026-02-05,2026-04-21,EUR,INR,3543416.42,1.431174,1.433737,Markets,2.56300000000009e-03,75,30-90 Days
SWPSMKWFZMJEPEN,2025-11-18,2025-12-13,JPY,USD,2217286.61,1.159705,1.160633,Markets,9.2800000000004e-04,25,0-30 Days
SWPWGEZP59HMWEL,2025-12-03,2026-02-21,JPY,USD,2039943.97,0.902682,0.9028,Treasury,1.18000000000062e-04,80,30-90 Days
SWPGU7I7QAW6UDA,2025-12-19,2026-03-19,CAD,INR,4021903.86,0.595385,0.597413,Investment Banking,2.02799999999992e-03,90,30-90 Days
SWP7FLY64XKZRXP,2026-02-05,2026-04-08,GBP,USD,4099933.83,0.723661,0.722432,Treasury,-1.22900000000004e-03,62,30-90 Days
SWPREYPS6XOKZOW,2025-11-10,2026-02-13,EUR,JPY,1479855.46,0.562502,0.562834,Markets,3.31999999999999e-04,95,90+ Days
SWP72C6Q3GRWGQI,2026-02-02,2026-04-20,JPY,EUR,1690657.24,0.705857,0.706315,Markets,4.58000000000069e-04,77,30-90 Days
SWPQ3RFECVVKK0V,2026-01-03,2026-03-05,CAD,GBP,28883349.25,1.163238,1.165411,Treasury,2.17299999999998e-03,61,30-90 Days
SWPP031NQH5BQ8N,2026-01-21,2026-06-29,AUD,EUR,3305841.67,0.964586,0.967599,Treasury,3.01299999999993e-03,159,90+ Days
SWP6LOBJVGAVTXO,2025-11-23,2026-02-21,USD,CHF,3037002.32,0.531061,0.532709,Markets,1.64799999999998e-03,90,30-90 Days
SWPGQM0V3A8MLB9,2026-01-09,2026-03-22,JPY,INR,1797205.19,1.022055,1.021619,Markets,-4.35999999999881e-04,72,30-90 Days
SWPVUHMFP2V39Y4,2025-11-07,2026-02-13,EUR,GBP,4413672.93,1.13736,1.139533,Investment Banking,2.17299999999998e-03,98,90+ Days
SWPEUM5RWHKWACO,2026-01-05,2026-02-13,USD,AUD,5842915.0,1.007639,1.007532,Treasury,-1.06999999999857e-04,39,30-90 Days
SWP1HZTXQWWQB3U,2025-11-02,2026-03-13,CAD,AUD,4244747.38,1.071364,1.073343,Investment Banking,1.97899999999995e-03,131,90+ Days
SWPA7165BQ0V0NA,2025-11-22,2026-05-11,AUD,EUR,1281236.79,1.387374,1.38627,Investment Banking,-1.10400000000022e-03,170,90+ Days
SWPUWL4ZDPLOMI8,2025-12-09,2026-02-01,GBP,EUR,19773840.0,1.301691,1.302058,Treasury,3.67000000000006e-04,54,30-90 Days
SWPF2D6PVEMN7WN,2026-01-31,2026-04-18,CAD,JPY,6641614.23,1.465077,1.467137,Investment Banking,2.05999999999995e-03,77,30-90 Days
SWPBT73WS8TVFFY,2026-01-22,2026-06-02,EUR,CHF,952598.07,0.864172,0.869317,Treasury,5.14499999999996e-03,131,90+ Days
SWPILXSDR1P4U3X,2026-01-03,2026-04-27,CHF,AUD,12054436.61,1.106034,1.108784,Markets,2.75000000000003e-03,114,90+ Days
SWPMQARCW6MU0B0,2025-12-27,2026-03-26,CHF,INR,1636643.43,1.371168,1.370842,Investment Banking,-3.26000000000048e-04,89,30-90 Days
SWPP6N8C22NGI71,2026-01-07,2026-06-14,INR,CHF,944945.83,1.340942,1.346914,Investment Banking,5.97199999999987e-03,158,90+ Days
SWPUIMRTKCGOXHV,2026-01-06,2026-02-04,EUR,INR,1461393.11,1.090575,1.091075,Investment Banking,4.99999999999945e-04,29,0-30 Days
SWPRHDEV0AHCSAR,2026-01-28,2026-04-30,GBP,CAD,2574795.84,1.410853,1.412653,Markets,1.80000000000002e-03,92,90+ Days
SWPIB031BPDTY6W,2025-11-05,2026-03-17,CHF,USD,2257085.49,0.996825,0.997785,Markets,9.60000000000072e-04,132,90+ Days
SWPNEAKFSWG1DKC,2026-01-01,2026-06-02,USD,AUD,5053477.01,0.889364,0.888143,Treasury,-1.22100000000003e-03,152,90+ Days
SWP468AEDTAVX09,2025-10-31,2025-11-08,INR,CAD,5037039.32,0.860859,0.864216,Markets,3.35699999999994e-03,8,0-30 Days
SWPG8ZJZ4WH0VMU,2025-12-19,2026-03-26,AUD,CHF,13618972.42,0.783127,0.783453,Markets,3.25999999999937e-04,97,90+ Days
SWP6175BFMRRD6M,2026-01-05,2026-05-26,CHF,EUR,3726503.97,1.01643,1.014841,Treasury,-1.58899999999984e-03,141,90+ Days
SWP13O5V352KDD3,2026-02-04,2026-03-12,JPY,INR,10082648.63,0.78267,0.782967,Markets,2.96999999999992e-04,36,30-90 Days
SWPIFQRVS39OH0O,2026-01-28,2026-03-23,EUR,CAD,30611805.53,0.859435,0.858365,Investment Banking,-1.0699999999999e-03,54,30-90 Days
SWPSEANMAOFI2VR,2026-02-11,2026-03-13,INR,JPY,2032877.23,1.477119,1.477039,Treasury,-8.000000000008e-05,30,0-30 Days
SWP63ARFVFY5OD3,2026-01-12,2026-04-09,EUR,CHF,1696211.64,1.19139,1.188825,Treasury,-2.56499999999993e-03,87,30-90 Days
SWP4G8SOQKXC29W,2025-10-28,2026-01-20,CHF,GBP,4420414.26,0.555609,0.557182,Markets,1.57299999999994e-03,84,30-90 Days
SWPG4I894D2X00U,2026-02-11,2026-04-17,AUD,CAD,1801337.89,1.480353,1.488212,Markets,7.85900000000006e-03,65,30-90 Days
SWP6TXCFCKTISGD,2026-02-17,2026-04-07,CHF,GBP,7747123.05,0.698374,0.698011,Markets,-3.63000000000002e-04,49,30-90 Days
SWPJFDX5ZK7195L,2026-02-06,2026-07-24,CHF,INR,4609610.92,1.35413,1.35831,Markets,4.17999999999985e-03,168,90+ Days
SWPE93N0TNJSGAZ,2025-11-05,2025-11-25,USD,AUD,5763752.17,1.025181,1.024305,Investment Banking,-8.75999999999877e-04,20,0-30 Days
SWP3A7552GWBBIB,2026-01-29,2026-07-03,EUR,CAD,5670758.97,1.125561,1.123291,Markets,-2.26999999999999e-03,155,90+ Days
SWP1HKITVNAJPYR,2025-12-07,2026-04-18,USD,INR,2011951.25,1.423627,1.429946,Investment Banking,6.31899999999996e-03,132,90+ Days
SWPV0AP6Q0IWCRS,2025-11-01,2026-03-09,INR,EUR,4765478.12,0.586551,0.586249,Treasury,-3.02000000000024e-04,128,90+ Days
SWPENWNUN1N3514,2026-02-19,2026-05-05,GBP,CHF,2617307.65,1.05046,1.051918,Investment Banking,1.45799999999996e-03,75,30-90 Days
SWPSM0PN7E5TB6Z,2026-02-21,2026-05-06,GBP,JPY,2046643.66,0.872633,0.872263,Treasury,-3.69999999999981e-04,74,30-90 Days
SWP9M8T9NYW2L76,2025-12-12,2026-02-14,CHF,JPY,3173349.66,1.495763,1.496797,Markets,1.03399999999998e-03,64,30-90 Days
SWPI9BMQS7TDV36,2025-12-06,2026-01-05,CAD,GBP,3942646.38,0.887165,0.88743,Markets,2.65000000000071e-04,30,0-30 Days
SWPDHNFPTJJC3YA,2025-12-01,2026-02-14,AUD,GBP,2953791.62,0.68822,0.688587,Investment Banking,3.66999999999895e-04,75,30-90 Days
SWP68CMC9A083B9,2025-10-30,2025-11-30,JPY,CAD,609843.93,0.856871,0.856914,Treasury,4.29999999999042e-05,31,30-90 Days
SWP1ZM2QCNEGJEO,2026-02-17,2026-04-05,JPY,GBP,967381.23,0.551432,0.552011,Investment Banking,5.78999999999996e-04,47,30-90 Days
SWPN73YP5QS94RY,2025-12-14,2026-03-05,CAD,GBP,1701804.62,1.32488,1.32617,Investment Banking,1.29000000000001e-03,81,30-90 Days
SWP9P8H1E9JQPR2,2026-01-10,2026-05-15,USD,JPY,918671.63,0.681302,0.680153,Markets,-1.14899999999996e-03,125,90+ Days
SWPZRUM0GLZO8BZ,2026-01-25,2026-04-21,CHF,CAD,4837900.42,0.609167,0.60993,Treasury,7.62999999999958e-04,86,30-90 Days
SWPNJRISY05PS1P,2026-02-19,2026-06-03,EUR,CAD,15663829.46,1.247919,1.24759,Markets,-3.29000000000024e-04,104,90+ Days
SWPC6HCX899GSMB,2026-02-21,2026-04-22,CHF,JPY,2876687.09,1.448409,1.451114,Investment Banking,2.70499999999996e-03,60,30-90 Days
SWP5OLXZT5APUT9,2025-12-29,2026-03-21,INR,CAD,1986652.89,1.126532,1.131912,Treasury,5.37999999999994e-03,82,30-90 Days
SWPKEESPWWLUTNR,2025-12-14,2026-02-09,CHF,AUD,5636034.93,1.331476,1.333297,Investment Banking,1.82099999999985e-03,57,30-90 Days
SWPX40UNU7RMNGA,2026-01-30,2026-05-06,INR,AUD,5391615.34,1.178308,1.179532,Markets,1.22400000000011e-03,96,90+ Days
SWP4SQCWDMGVM5Z,2026-01-29,2026-03-20,JPY,AUD,3667895.18,1.376886,1.381691,Markets,4.80499999999995e-03,50,30-90 Days
SWPJGQHKPYVJEPB,2026-02-07,2026-06-29,CHF,GBP,2023589.64,1.086981,1.08655,Investment Banking,-4.3100000000007e-04,142,90+ Days
SWPI1TUJC04A9QM,2026-01-28,2026-03-15,USD,CHF,959354.26,0.817596,0.817359,Markets,-2.37000000000043e-04,46,30-90 Days
SWPE3CZOBSDPBR1,2025-12-02,2026-04-14,USD,INR,3614722.46,1.19657,1.197485,Treasury,9.14999999999999e-04,133,90+ Days
SWPPPHTW4LZ6LO9,2025-11-24,2026-04-06,AUD,GBP,16644371.03,1.067483,1.069631,Treasury,2.14800000000004e-03,133,90+ Days
SWPXJSA4U663J1B,2026-02-14,2026-04-02,JPY,CHF,8046181.34,0.566382,0.565362,Treasury,-1.02000000000002e-03,47,30-90 Days
SWPTU4NAC8YUWVP,2025-11-21,2026-01-17,CHF,USD,2273271.94,0.737179,0.740495,Treasury,3.31599999999999e-03,57,30-90 Days
SWPL25HBBFHAFIM,2025-12-16,2026-03-19,USD,CAD,2179209.49,1.048181,1.047787,Markets,-3.94000000000005e-04,93,90+ Days
SWPE879OY8M64HA,2026-02-14,2026-02-21,EUR,INR,2487141.94,0.848343,0.850267,Markets,1.92400000000004e-03,7,0-30 Days
SWPK1LOIT4P5HGT,2025-11-30,2026-03-13,EUR,USD,5451961.32,1.219582,1.221076,Treasury,1.49400000000011e-03,103,90+ Days
SWPRA7PJ9GFV1F4,2026-02-08,2026-06-03,CAD,GBP,1489687.65,1.264324,1.266872,Treasury,2.54799999999999e-03,115,90+ Days
SWPM3CM6M5D2Z1M,2026-02-11,2026-08-05,GBP,INR,2908192.48,1.040801,1.038616,Markets,-2.1850000000001e-03,175,90+ Days
SWP99O9LR8J6MP7,2026-02-10,2026-05-19,USD,AUD,3416424.6,1.188209,1.192084,Markets,3.87499999999985e-03,98,90+ Days
SWP5ID75KOEOEVB,2025-11-14,2026-04-27,USD,EUR,2042662.17,0.592771,0.594541,Treasury,1.76999999999994e-03,164,90+ Days
SWPOC8AH6E39MJW,2026-02-17,2026-04-12,AUD,JPY,18290927.55,1.061445,1.064722,Treasury,3.27699999999997e-03,54,30-90 Days
SWPR3F3WNKNJRTS,2025-11-30,2026-01-11,CAD,CHF,16304551.99,1.090646,1.092435,Investment Banking,1.78900000000004e-03,42,30-90 Days
SWP6232RFPRW72V,2025-12-10,2026-04-22,USD,GBP,648570.43,1.027583,1.027962,Markets,3.79000000000129e-04,133,90+ Days
SWPGQTHUA5B9Q7X,2025-11-25,2026-02-13,EUR,USD,1197237.72,0.541164,0.54175,Markets,5.85999999999975e-04,80,30-90 Days
SWPU2IRXNLY1AI5,2025-12-17,2026-01-04,INR,GBP,5895040.27,0.929991,0.930206,Markets,2.14999999999965e-04,18,0-30 Days
SWPVWUP62NMXGRA,2025-12-04,2026-02-03,CHF,EUR,1224244.57,1.219275,1.215891,Markets,-3.38400000000005e-03,61,30-90 Days
SWP545AFXSGO01T,2025-12-09,2026-01-04,CAD,GBP,5006541.98,0.710306,0.710286,Markets,-2.000000000002e-05,26,0-30 Days
SWPTNH8NX3RN54S,2025-12-25,2026-02-09,CAD,USD,5057726.73,0.509816,0.50984,Markets,2.3999999999913e-05,46,30-90 Days
SWPYB5TT1IV9VHM,2025-12-28,2026-02-28,AUD,USD,7844575.5,0.65057,0.6528,Treasury,2.23000000000007e-03,62,30-90 Days
SWPCOK3AWBBWO42,2026-01-01,2026-04-07,CHF,CAD,4211610.86,0.652494,0.654454,Investment Banking,1.95999999999996e-03,96,90+ Days
SWP8S1Y3HYQ3AQE,2025-11-28,2026-03-19,INR,AUD,1756122.38,1.180111,1.181001,Treasury,8.90000000000057e-04,111,90+ Days
SWP65DVY6CS4OBV,2025-10-27,2025-11-18,CAD,GBP,1821676.32,1.211461,1.212063,Treasury,6.01999999999991e-04,22,0-30 Days
SWPSMO5IX95VS9M,2026-02-05,2026-05-16,AUD,EUR,7520407.84,1.213178,1.215424,Markets,2.24599999999997e-03,100,90+ Days
SWPZGO8QXTY11MD,2025-11-15,2026-03-22,CHF,CAD,3827236.35,1.338013,1.340828,Investment Banking,2.81500000000001e-03,127,90+ Days
SWPMJEGJQU8IB3C,2026-01-16,2026-04-29,CAD,GBP,2815202.06,0.5136,0.513558,Markets,-4.19999999999865e-05,103,90+ Days
SWPXIUHPY0CSY59,2025-11-28,2026-05-03,CHF,AUD,1704881.19,0.879533,0.878973,Markets,-5.60000000000005e-04,156,90+ Days
SWPTGVMIF27T00O,2025-10-31,2026-03-01,INR,AUD,863781.95,0.788367,0.790166,Treasury,0.001799,121,90+ Days
SWPEXIJDX9RP4NZ,2025-11-03,2026-04-13,EUR,INR,2320474.57,1.149292,1.148979,Investment Banking,-3.13000000000008e-04,161,90+ Days
SWP73D3IVLIFA6I,2025-11-24,2025-12-26,USD,CAD,2714989.9,0.916775,0.918572,Treasury,1.79700000000005e-03,32,30-90 Days
SWPO5HPFDEYHI70,2025-12-24,2026-03-27,AUD,JPY,2465452.12,1.298071,1.302096,Markets,4.02499999999995e-03,93,90+ Days
SWPHHEHEOY5ADZC,2025-11-30,2026-05-21,EUR,CAD,4201257.94,0.67521,0.676449,Markets,1.23899999999999e-03,172,90+ Days
SWPOJ2STN1WKJXE,2025-12-28,2026-03-13,USD,CHF,1238838.38,0.773921,0.775114,Treasury,0.001193,75,30-90 Days
SWPCPG5TV7CH977,2026-01-12,2026-07-06,GBP,USD,276717.5,0.729886,0.731796,Markets,1.90999999999997e-03,175,90+ Days
SWP5U8QASA1ZSOH,2025-12-10,2025-12-18,AUD,CHF,8787828.72,1.17106,1.168571,Treasury,-2.48899999999996e-03,8,0-30 Days
SWPPPPYMJUE4DCJ,2026-01-24,2026-03-28,USD,CAD,1734901.57,1.031991,1.033254,Markets,1.26299999999979e-03,63,30-90 Days
SWPMWUHD20NY9XL,2025-11-05,2026-03-08,GBP,INR,3790049.48,1.477141,1.481731,Treasury,4.58999999999987e-03,123,90+ Days
SWP4ES9IFQN5S9Q,2026-02-18,2026-03-07,CAD,AUD,3918455.24,1.369406,1.372608,Markets,3.20200000000015e-03,17,0-30 Days
SWP4I9RM8RNN8G8,2025-11-06,2026-01-06,GBP,USD,2407219.96,1.29003,1.286964,Treasury,-3.06600000000001e-03,61,30-90 Days
SWP9FKWFDM73LOU,2025-11-20,2026-02-20,GBP,INR,2466634.62,0.84597,0.846359,Markets,3.88999999999973e-04,92,90+ Days
SWP0RFONY30XZFP,2026-02-05,2026-03-30,GBP,CHF,2427524.58,1.21322,1.215353,Investment Banking,2.13299999999994e-03,53,30-90 Days
SWP4XLF74WI42U1,2025-12-14,2026-02-10,JPY,CAD,1782808.42,0.754286,0.752562,Markets,-1.72400000000006e-03,58,30-90 Days
SWPKNP0RS89ZRVD,2025-11-10,2026-01-23,EUR,AUD,6418357.27,0.827102,0.828923,Investment Banking,1.82099999999996e-03,74,30-90 Days
SWPH9JFPB5CYE4Z,2025-12-20,2026-01-10,USD,CHF,1307557.37,0.886818,0.890181,Investment Banking,0.003363,21,0-30 Days
SWPYQSL3GIIQ9VF,2025-11-17,2026-05-04,CAD,USD,12039504.63,1.190673,1.196015,Investment Banking,5.34199999999996e-03,168,90+ Days
SWPVXNP4W20IC9V,2025-11-12,2026-03-04,USD,AUD,2365763.42,0.693661,0.695671,Markets,2.01000000000007e-03,112,90+ Days
SWPS7VC80WBSOTF,2026-01-24,2026-03-09,EUR,CAD,11232232.77,1.125518,1.126183,Treasury,6.64999999999916e-04,44,30-90 Days
SWPHH0AGPMKAHPF,2025-12-16,2026-05-13,GBP,CHF,2324331.85,1.094484,1.093651,Investment Banking,-8.33000000000084e-04,148,90+ Days
SWPLHBSBM5DOQMX,2026-01-10,2026-03-18,JPY,GBP,3736220.45,0.557606,0.556701,Markets,-9.05000000000045e-04,67,30-90 Days
SWPZQMPVJSP1IZL,2026-01-20,2026-05-16,JPY,INR,1005650.6,0.854785,0.854048,Investment Banking,-7.36999999999988e-04,116,90+ Days
SWP72IN7EX9MIRJ,2025-11-24,2025-12-31,USD,INR,6484255.47,0.670089,0.671707,Investment Banking,1.61800000000001e-03,37,30-90 Days
SWP1T854Q7P0N1D,2025-10-31,2026-04-08,AUD,EUR,2974579.06,1.318786,1.325088,Treasury,6.30200000000003e-03,159,90+ Days
SWP1DCZNPZVT9KN,2025-11-25,2026-03-29,EUR,GBP,3659075.45,0.634536,0.636032,Investment Banking,1.49600000000005e-03,124,90+ Days
SWPVQ5KOCG2GAMQ,2025-12-06,2026-05-03,CAD,CHF,5008543.71,0.806735,0.805412,Treasury,-1.32299999999996e-03,148,90+ Days
SWPKWY8G2HV6LCR,2025-11-10,2025-11-20,USD,EUR,4248428.09,0.798623,0.800145,Investment Banking,1.52200000000002e-03,10,0-30 Days
SWPX39X36H9KWNT,2026-02-06,2026-05-25,EUR,INR,2142929.45,1.098652,1.102827,Investment Banking,4.17500000000004e-03,108,90+ Days
SWPKCIARBFNO690,2026-01-25,2026-05-11,INR,GBP,10044431.27,0.628232,0.626973,Investment Banking,-1.25900000000001e-03,106,90+ Days
SWP9QFS2LQL1QV6,2026-02-05,2026-07-16,JPY,GBP,6266210.9,0.513382,0.516383,Treasury,3.00100000000003e-03,161,90+ Days
SWP14LXAOHV08T0,2025-12-02,2026-01-09,EUR,JPY,4764231.62,1.426018,1.428077,Treasury,2.05900000000003e-03,38,30-90 Days
SWPEVQV2LB0SLFY,2025-12-30,2026-04-27,GBP,JPY,1647063.69,0.878414,0.876454,Investment Banking,-1.96000000000007e-03,118,90+ Days
SWPZ7URZ7WG4DBV,2025-12-28,2026-05-15,CAD,GBP,9397046.4,0.841284,0.840539,Investment Banking,-7.44999999999996e-04,138,90+ Days
SWPOQ2N2PKCST55,2025-11-13,2026-03-04,GBP,AUD,2481195.97,0.553182,0.554458,Investment Banking,1.27600000000005e-03,111,90+ Days
SWP7Z21ZNP9XEKW,2025-11-14,2026-01-27,CAD,JPY,3789338.83,1.395928,1.396489,Markets,5.61000000000034e-04,74,30-90 Days
SWPCQZ1Z813R3JZ,2025-12-09,2026-06-02,GBP,INR,403930.95,1.421689,1.424471,Markets,2.78200000000006e-03,175,90+ Days
SWPC2NEISL0M3US,2025-12-23,2026-05-07,AUD,EUR,1517213.78,0.501508,0.500976,Investment Banking,-5.31999999999977e-04,135,90+ Days
SWPHYTO9KR1HL80,2025-12-11,2026-04-21,GBP,USD,2811963.45,1.034782,1.035777,Treasury,9.94999999999857e-04,131,90+ Days
SWPX8G1L61DZUME,2026-02-12,2026-07-22,AUD,JPY,6898011.15,0.830169,0.827573,Markets,-2.59600000000004e-03,160,90+ Days
SWPWABIJ2VJ4CYR,2026-02-21,2026-08-18,AUD,GBP,4034552.31,0.674148,0.674298,Treasury,1.49999999999983e-04,178,90+ Days
SWPXOF8EPX6W1PC,2025-12-03,2025-12-30,GBP,JPY,2253568.2,1.065518,1.067458,Treasury,1.94000000000005e-03,27,0-30 Days
SWP6U7SD4F59XA4,2026-01-26,2026-02-23,GBP,USD,6583382.03,0.972028,0.970902,Treasury,-1.12599999999996e-03,28,0-30 Days
SWPXQ3HT1TNKIS7,2026-01-24,2026-05-26,USD,CHF,724046.66,0.582871,0.58237,Markets,-5.00999999999974e-04,122,90+ Days
SWP00QUV4RJGZKX,2025-11-01,2026-03-14,EUR,INR,2745999.86,1.257088,1.259341,Investment Banking,2.25300000000006e-03,133,90+ Days
SWPVJVNEI05TFRA,2025-12-04,2026-01-14,CHF,USD,1868223.04,1.421661,1.419745,Treasury,-1.91600000000003e-03,41,30-90 Days
SWPQOX0PB7SVVR5,2025-11-20,2025-12-14,GBP,CHF,212541.89,1.264838,1.264378,Investment Banking,-4.59999999999905e-04,24,0-30 Days
SWP7DDOZTQ5Q7TX,2025-11-27,2026-02-27,CAD,JPY,347963.01,1.290393,1.291636,Investment Banking,1.24300000000011e-03,92,90+ Days
SWPL47NIUBFHA2X,2026-02-07,2026-02-28,CHF,INR,8232399.64,1.274722,1.279943,Investment Banking,5.22100000000014e-03,21,0-30 Days
SWPFDVG6V5M1ZMO,2025-11-24,2026-05-09,INR,USD,4255159.4,1.458605,1.457416,Investment Banking,-1.18899999999988e-03,166,90+ Days
SWPXHC1TDQV9RBK,2025-11-29,2026-02-21,CHF,JPY,4240440.03,0.898619,0.897604,Investment Banking,-1.01499999999999e-03,84,30-90 Days
SWP4UE3TP7D7T0O,2026-01-06,2026-06-22,AUD,EUR,3965583.68,0.868874,0.87264,Investment Banking,3.76599999999994e-03,167,90+ Days
SWPPFYTSUGAPYMM,2025-11-08,2026-02-22,AUD,CAD,1396301.24,0.546204,0.546247,Markets,4.30000000000152e-05,106,90+ Days
SWP6E87TQMI8B4X,2025-11-21,2026-02-09,JPY,AUD,3361021.97,0.562764,0.564745,Investment Banking,1.98100000000001e-03,80,30-90 Days
SWPCUY58QN1SHZ1,2025-11-01,2025-11-08,CAD,GBP,6123863.09,1.083492,1.084723,Investment Banking,1.2310000000002e-03,7,0-30 Days
SWPLI7714G4MXD5,2025-12-16,2026-01-04,JPY,CHF,1547065.33,1.036319,1.039906,Investment Banking,3.58700000000001e-03,19,0-30 Days
SWPWX00I2QD7YCE,2025-11-12,2026-04-25,JPY,CAD,4595563.76,0.986601,0.984014,Investment Banking,-2.58699999999989e-03,164,90+ Days
SWPOHXMTWZL0DNH,2025-12-09,2026-05-21,CHF,AUD,16008044.27,1.35485,1.35729,Treasury,0.00244,163,90+ Days
SWP4866YD24BTTH,2026-02-06,2026-05-22,EUR,JPY,1392193.24,0.502867,0.503331,Markets,4.6400000000002e-04,105,90+ Days
SWPY3AD3HEM35R4,2025-11-17,2026-04-12,JPY,USD,1970884.85,1.223963,1.225324,Treasury,1.36100000000017e-03,146,90+ Days
SWPZJB3D6E8W41J,2025-10-26,2026-01-07,USD,AUD,1368039.97,0.957263,0.957738,Investment Banking,4.75000000000003e-04,73,30-90 Days
SWPIXEDLIVYFNO2,2025-12-28,2026-04-10,EUR,CHF,4947252.38,0.855947,0.855954,Investment Banking,6.99999999997925e-06,103,90+ Days
SWP20Q40BDU8YJE,2025-12-24,2026-04-11,JPY,USD,4765331.96,1.484758,1.487048,Investment Banking,2.2899999999999e-03,108,90+ Days
SWP56E3HCJXM5CB,2025-12-30,2026-03-26,GBP,INR,2583845.52,1.300104,1.301914,Treasury,1.81000000000009e-03,86,30-90 Days
SWPAZV3TRQ8GXO3,2025-12-14,2026-03-18,INR,CHF,6861312.26,0.700908,0.701266,Investment Banking,3.57999999999969e-04,94,90+ Days
SWP1WG3FRZY12F0,2026-01-24,2026-06-10,USD,CAD,11340174.82,1.187159,1.18849,Markets,1.33099999999997e-03,137,90+ Days
SWPRA1OG4FCHWVN,2025-11-09,2026-02-19,CAD,AUD,2731553.83,0.921893,0.924721,Treasury,2.82800000000005e-03,102,90+ Days
SWPHNV1Q9M1VZXU,2025-11-04,2026-01-23,INR,CAD,14351011.33,1.476246,1.476783,Treasury,5.3700000000001e-04,80,30-90 Days
SWPDJDX9NQJLJVH,2025-12-06,2026-02-21,CHF,EUR,3321795.98,0.735418,0.734512,Investment Banking,-9.05999999999962e-04,77,30-90 Days
SWPSO1AEE82ERVJ,2025-12-19,2026-04-09,EUR,JPY,5212409.36,1.3859,1.388629,Investment Banking,2.72899999999998e-03,111,90+ Days
SWPWGTX3OYPS3FI,2026-01-18,2026-02-22,JPY,EUR,8921630.29,0.620917,0.618167,Investment Banking,-2.75000000000003e-03,35,30-90 Days
SWP8S8GI8AUS49K,2025-12-27,2026-04-20,GBP,CHF,4034543.97,0.729472,0.731169,Markets,1.69699999999995e-03,114,90+ Days
SWP366WQNHILWVM,2025-11-08,2026-03-18,EUR,CHF,2992790.14,1.073183,1.072984,Investment Banking,-1.9900000000006e-04,130,90+ Days
SWP1TR0T5MMML36,2025-12-06,2025-12-19,AUD,CHF,1773044.19,0.954226,0.950987,Investment Banking,-3.23899999999999e-03,13,0-30 Days
SWP6IG7X5HOTA01,2026-01-05,2026-06-29,EUR,CHF,3145424.77,0.722177,0.725246,Investment Banking,3.06899999999999e-03,175,90+ Days
SWPOHPRMGI3T0SO,2025-11-10,2026-01-20,AUD,GBP,2418833.57,1.011593,1.010901,Markets,-6.91999999999915e-04,71,30-90 Days
SWPG9H14MTXEYJV,2025-11-15,2026-01-17,EUR,CAD,7990438.98,1.172792,1.174002,Treasury,1.20999999999993e-03,63,30-90 Days
SWPZOSMQLK4R04C,2025-12-25,2026-06-13,EUR,CHF,1500635.83,0.632173,0.633758,Investment Banking,1.58500000000006e-03,170,90+ Days
SWPVQ1NHNWAUMEN,2025-11-28,2026-05-05,CAD,INR,3294938.96,0.635896,0.635893,Investment Banking,-2.99999999997524e-06,158,90+ Days
SWP2304N383SC67,2025-11-03,2026-04-11,GBP,INR,1182417.35,0.798161,0.798544,Investment Banking,3.83000000000022e-04,159,90+ Days
SWPUS16CUFQRVYF,2025-11-13,2026-04-06,USD,JPY,1345455.25,1.157327,1.161945,Treasury,4.61800000000001e-03,144,90+ Days
SWP3DRAL168GSUR,2025-12-28,2026-03-25,USD,EUR,4443683.17,0.975282,0.975227,Markets,-5.50000000000272e-05,87,30-90 Days
SWP61XCC5B6M7LJ,2025-10-27,2025-12-04,USD,CHF,4378011.43,1.140019,1.141755,Treasury,1.73600000000018e-03,38,30-90 Days
SWPLFE272836FGQ,2025-12-22,2026-04-04,JPY,CHF,3308286.05,0.697677,0.695902,Investment Banking,-1.77499999999997e-03,103,90+ Days
SWPH9JKGLMXZZCA,2026-01-20,2026-02-01,USD,AUD,1483821.15,0.842812,0.843569,Treasury,7.57000000000008e-04,12,0-30 Days
SWPF6ZKG0GBVXX6,2025-12-02,2026-05-18,CAD,INR,783388.71,0.827425,0.829566,Markets,2.14100000000006e-03,167,90+ Days
SWP57J12XITVRAK,2025-12-20,2026-01-22,JPY,GBP,3440153.54,0.972136,0.973914,Investment Banking,1.77799999999995e-03,33,30-90 Days
SWPAFQFQMM20YQG,2026-02-01,2026-06-18,JPY,CHF,3681775.23,0.83114,0.834783,Investment Banking,3.64300000000006e-03,137,90+ Days
SWPHCHJ4EW5BO3I,2025-12-10,2026-02-19,GBP,CHF,5330893.54,1.276026,1.278357,Treasury,2.33099999999986e-03,71,30-90 Days
SWPMLGVRNT5YD8W,2025-11-21,2026-03-28,USD,GBP,9948335.56,1.479342,1.478434,Investment Banking,-9.07999999999909e-04,127,90+ Days
SWP5GXV2D9B0MQM,2026-01-20,2026-05-02,EUR,CHF,837583.09,1.002977,1.007825,Markets,4.84799999999996e-03,102,90+ Days
SWP6W354TRPZEDQ,2026-01-26,2026-07-20,USD,EUR,2076551.35,1.389982,1.392773,Investment Banking,2.79099999999999e-03,175,90+ Days
SWP5VS7SSHGQPK6,2026-02-04,2026-06-06,AUD,USD,6518064.38,1.459393,1.464183,Markets,4.79000000000007e-03,122,90+ Days
SWPPA7HFKQTXU9C,2025-10-28,2026-01-25,GBP,CHF,3455802.72,0.884075,0.888011,Treasury,3.93599999999994e-03,89,30-90 Days
SWPH3S6ZN7WPUNP,2025-12-12,2026-04-16,JPY,CHF,2515683.8,1.037085,1.038307,Markets,1.22200000000006e-03,125,90+ Days
SWPV1T70WY3OG6F,2025-12-17,2026-05-06,USD,GBP,4228987.23,1.45445,1.45766,Markets,3.20999999999994e-03,140,90+ Days
SWPD6JLLQDS4NST,2025-10-26,2025-11-19,CHF,CAD,5141843.18,0.711431,0.708198,Markets,-3.23300000000004e-03,24,0-30 Days
SWPGZU3TDXHJR4W,2025-11-24,2026-02-20,USD,GBP,1331352.29,1.140154,1.140851,Treasury,6.9700000000017e-04,88,30-90 Days
SWPAQ24N7PPYAHJ,2026-01-14,2026-05-18,CAD,GBP,3472373.06,1.195169,1.193827,Treasury,-1.34199999999995e-03,124,90+ Days
SWP8QL5FV3X6OM6,2026-02-17,2026-06-10,GBP,JPY,8691237.55,1.038062,1.040871,Investment Banking,2.80900000000006e-03,113,90+ Days
SWP3AHOFFZRG0B5,2026-01-13,2026-05-29,CAD,INR,1960353.94,1.287003,1.29131,Markets,4.30700000000006e-03,136,90+ Days
SWPALN71GKRK8HF,2025-12-19,2026-01-02,GBP,JPY,12436265.11,1.099144,1.099566,Investment Banking,4.22000000000144e-04,14,0-30 Days
SWPHD8AYUTXLS9I,2025-11-27,2026-05-06,EUR,INR,3565850.94,0.694107,0.695042,Markets,9.35000000000019e-04,160,90+ Days
SWPR991OZXUC5KF,2025-12-13,2026-05-22,INR,CHF,2731585.02,1.474514,1.473844,Markets,-6.7000000000017e-04,160,90+ Days
SWPDVUI0O1QD0W5,2025-11-10,2025-12-19,CAD,EUR,6124319.24,1.197217,1.199406,Markets,0.002189,39,30-90 Days
SWPBO64EKCXL9KJ,2025-10-29,2026-01-10,INR,GBP,3665166.35,1.055432,1.054121,Markets,-1.31099999999984e-03,73,30-90 Days
SWPPJN998DJOEGF,2026-02-20,2026-05-27,EUR,INR,1274750.24,0.71309,0.713337,Treasury,2.46999999999997e-04,96,90+ Days
SWP4C0J9OLNEAXT,2025-12-27,2026-06-15,USD,CAD,3300549.06,1.028703,1.025961,Markets,-2.74200000000002e-03,170,90+ Days
SWPKPDD6X7Y5YU3,2026-02-18,2026-07-31,JPY,AUD,7010291.12,0.693403,0.69178,Treasury,-1.62300000000004e-03,163,90+ Days
SWPG7STWI69A2G1,2025-12-09,2026-04-28,GBP,JPY,4660745.2,0.59353,0.595703,Investment Banking,2.17299999999998e-03,140,90+ Days
SWPW4V9BPLBEYH6,2026-02-05,2026-07-31,CAD,JPY,2065312.29,0.55631,0.555691,Treasury,-6.18999999999925e-04,176,90+ Days
SWPQTBGUM9OGN8H,2025-12-13,2026-03-27,EUR,INR,3549742.07,1.195633,1.196622,Investment Banking,9.89000000000129e-04,104,90+ Days
SWPLZU96M0A7WYK,2025-12-15,2025-12-31,JPY,INR,2004712.15,1.427567,1.42653,Investment Banking,-1.03699999999995e-03,16,0-30 Days
SWP8EGI2BTLV29X,2025-11-06,2025-12-22,INR,GBP,8640881.4,1.475328,1.474944,Treasury,-3.8399999999994e-04,46,30-90 Days
SWPDKGT5517KUZ4,2026-02-01,2026-04-28,CAD,USD,3648751.83,1.071582,1.070278,Investment Banking,-1.30399999999997e-03,86,30-90 Days
SWP6GNXIHQNABVD,2025-11-19,2026-02-08,EUR,AUD,4836541.7,1.439888,1.445978,Treasury,6.08999999999993e-03,81,30-90 Days
SWPNH8APQ4GONDO,2026-01-03,2026-02-16,AUD,EUR,6208945.07,1.296401,1.292799,Investment Banking,-3.60199999999988e-03,44,30-90 Days
SWPWFH6ZXRNGE35,2026-01-08,2026-06-02,AUD,USD,2070380.16,1.040771,1.042425,Treasury,1.65400000000004e-03,145,90+ Days
SWPI8TJUHNF9M8T,2026-02-19,2026-07-28,INR,AUD,751817.53,1.164303,1.163946,Treasury,-3.57000000000163e-04,159,90+ Days
SWPBYZ1KG6YGF0U,2025-11-30,2026-05-23,AUD,GBP,2812975.74,0.681965,0.683528,Treasury,1.56299999999998e-03,174,90+ Days
SWPNX7ISV6RM54J,2026-01-28,2026-04-26,CAD,JPY,1680630.45,0.862887,0.862596,Investment Banking,-2.9099999999993e-04,88,30-90 Days
SWPIBS7ALKVF2EP,2025-12-05,2026-05-16,GBP,CAD,3125613.68,1.003193,1.00236,Treasury,-8.33000000000084e-04,162,90+ Days
SWPCPN7M1SSN9I4,2025-10-28,2025-11-13,INR,CHF,1594161.48,0.609635,0.611214,Markets,0.001579,16,0-30 Days
SWPKKFMGRT72P5B,2025-12-15,2026-05-01,CHF,AUD,1799260.09,0.950694,0.952321,Treasury,1.62699999999993e-03,137,90+ Days
SWPC7LAHTGFWNJV,2025-12-08,2026-04-02,INR,CAD,7655825.53,0.51291,0.511667,Markets,-1.24299999999999e-03,115,90+ Days
SWP3OU5VUNMU0T2,2025-11-29,2026-04-15,AUD,EUR,2132431.66,0.548368,0.549303,Treasury,9.35000000000019e-04,137,90+ Days
SWPYPHLNW993YRW,2026-01-31,2026-02-10,EUR,CAD,792348.58,0.746629,0.747229,Treasury,6.00000000000045e-04,10,0-30 Days
SWPC9OA3RV4KCJE,2026-02-03,2026-03-08,JPY,GBP,4324884.4,0.656111,0.65665,Investment Banking,5.38999999999956e-04,33,30-90 Days
SWP181Z1CK8CG36,2025-12-31,2026-03-31,AUD,JPY,1775826.05,0.946005,0.947145,Treasury,1.14000000000003e-03,90,30-90 Days
SWPVCW0UM6N11T5,2026-01-29,2026-05-24,CHF,INR,2611519.86,1.297946,1.296144,Markets,-1.80200000000008e-03,115,90+ Days
SWPVQ4HDV3M96I2,2026-01-10,2026-06-14,CAD,JPY,2404031.59,0.525428,0.526908,Treasury,1.48000000000004e-03,155,90+ Days
SWPE6QVP57F5BUL,2025-12-18,2026-01-23,GBP,EUR,3004110.37,0.600995,0.600625,Markets,-3.69999999999981e-04,36,30-90 Days
SWPQP2U1SUUHZJ3,2025-10-28,2025-11-17,INR,CAD,17163408.6,1.453434,1.45676,Investment Banking,3.32600000000016e-03,20,0-30 Days
SWPWAQT07USSP0K,2025-12-23,2026-04-10,GBP,CHF,2108934.78,1.15407,1.156073,Treasury,2.00299999999998e-03,108,90+ Days
SWPESX07H6EMK1R,2025-12-16,2026-04-21,GBP,JPY,4914586.24,0.761867,0.763544,Investment Banking,1.67700000000004e-03,126,90+ Days
SWPPIWP0Y7IW3K0,2026-02-20,2026-04-29,USD,CHF,2723339.93,0.934785,0.932977,Investment Banking,-1.80800000000003e-03,68,30-90 Days
SWPDLUJYB34NZ7L,2025-12-23,2026-03-29,CAD,GBP,2230918.59,1.084173,1.08474,Treasury,5.66999999999984e-04,96,90+ Days
SWPOXOAHBFT1P7U,2025-11-14,2026-01-11,JPY,INR,5523834.63,0.667008,0.66813,Investment Banking,1.12199999999996e-03,58,30-90 Days
SWPKMDGAUKIWVXR,2025-11-28,2026-01-05,AUD,EUR,4253723.97,1.251892,1.252112,Treasury,2.19999999999887e-04,38,30-90 Days
SWP2HHO8RDPB5KY,2025-12-15,2026-03-11,CAD,EUR,5129538.69,1.373353,1.371632,Markets,-1.72100000000008e-03,86,30-90 Days
SWPPW4DPS85U2F9,2026-01-22,2026-02-17,AUD,INR,1624488.01,1.43526,1.430986,Investment Banking,-4.27399999999989e-03,26,0-30 Days
SWPC9VAEIK5CKWN,2025-11-27,2026-03-28,AUD,GBP,17185712.85,0.784168,0.783818,Treasury,-3.49999999999961e-04,121,90+ Days
SWP0DMRX5YB1HMR,2025-11-30,2026-04-04,EUR,GBP,4727307.48,0.67307,0.672956,Markets,-1.13999999999947e-04,125,90+ Days
SWPC1565L4S0Y40,2025-11-20,2026-02-22,CAD,CHF,3503021.49,0.892403,0.892252,Treasury,-1.50999999999901e-04,94,90+ Days
SWPFCP38LWCAYQE,2025-11-27,2026-04-24,GBP,USD,439688.21,1.201657,1.199868,Investment Banking,-1.78900000000004e-03,148,90+ Days
SWPBAWUY5P9GW0I,2025-10-26,2026-02-10,USD,AUD,2836662.86,0.82327,0.822827,Investment Banking,-4.42999999999971e-04,107,90+ Days
SWPILIY81TQJOD3,2026-02-16,2026-03-23,EUR,INR,5617417.41,1.12133,1.120673,Investment Banking,-6.56999999999908e-04,35,30-90 Days
SWPEE2WSQ5Q1W8O,2025-12-30,2026-03-07,AUD,CAD,2125442.83,0.679485,0.680117,Markets,6.31999999999966e-04,67,30-90 Days
SWP6XA9PI13MUZY,2026-02-21,2026-05-09,CAD,INR,6838665.5,1.190978,1.193429,Markets,2.45099999999998e-03,77,30-90 Days
SWPGZSE8TZZ0JE8,2025-11-16,2026-02-24,GBP,CHF,2755187.66,0.867896,0.870144,Treasury,2.24800000000003e-03,100,90+ Days
SWPLN0XEDMNMWG4,2025-11-03,2026-03-24,CHF,EUR,775678.96,0.775797,0.775345,Markets,-4.52000000000008e-04,141,90+ Days
SWPQ4GSVF5SKE2D,2025-11-29,2026-04-03,CHF,USD,4541905.17,1.119081,1.118835,Treasury,-2.45999999999968e-04,125,90+ Days
SWPUBB90PQDBC01,2025-10-31,2026-03-25,EUR,AUD,1543088.46,0.900079,0.898361,Treasury,-0.001718,145,90+ Days
SWPZOW08U73NKH8,2025-10-29,2026-01-16,USD,JPY,12461132.58,0.951223,0.952969,Markets,1.74599999999991e-03,79,30-90 Days
SWPEY8WH789W39O,2025-11-28,2026-02-06,GBP,USD,3701993.12,1.004585,1.009295,Markets,4.70999999999999e-03,70,30-90 Days
SWPLOAVUCECC5SW,2026-02-21,2026-06-13,CAD,GBP,14538940.59,1.055379,1.056485,Investment Banking,1.10599999999983e-03,112,90+ Days
SWPWOF6CH6XCZU0,2026-02-22,2026-04-21,EUR,CHF,5206348.71,1.192341,1.195259,Markets,2.91799999999998e-03,58,30-90 Days
SWPR2Z36UWE9MQ0,2025-12-21,2026-04-19,CAD,INR,2583041.87,1.247422,1.247626,Markets,2.03999999999871e-04,119,90+ Days
SWP6VBU6TPXK8JD,2026-02-08,2026-07-05,JPY,CHF,2147669.87,1.416257,1.414703,Markets,-1.55400000000006e-03,147,90+ Days
SWPY0V7AJA5K1QD,2026-02-15,2026-06-13,CAD,JPY,3589740.54,1.17625,1.179857,Investment Banking,3.60699999999992e-03,118,90+ Days
SWP2YMFDSIS9PLZ,2026-02-20,2026-05-11,CAD,CHF,10173588.68,0.983845,0.989389,Investment Banking,5.54399999999999e-03,80,30-90 Days
SWPIE3BVRS77GJM,2026-01-03,2026-03-02,EUR,USD,1673501.34,1.374078,1.377644,Markets,3.56600000000018e-03,58,30-90 Days
SWPJ7XRF44AL2Q6,2026-01-15,2026-03-06,CHF,GBP,6208183.26,0.838261,0.839122,Investment Banking,8.61000000000001e-04,50,30-90 Days
SWPF89JX0UB8OC4,2025-11-13,2026-01-06,JPY,CAD,7437441.36,0.65392,0.654212,Investment Banking,2.9200000000007e-04,54,30-90 Days
SWPNC0XUC2Y4MRI,2025-11-10,2026-04-23,CAD,JPY,4071118.92,1.012959,1.013933,Treasury,9.7400000000003e-04,164,90+ Days
SWPRTLHRFLZYT45,2025-11-01,2026-03-14,EUR,CAD,15807748.37,0.64753,0.648971,Investment Banking,1.44099999999991e-03,133,90+ Days
SWPTN9KLUAZ1EC0,2026-01-23,2026-05-29,INR,AUD,2328298.76,0.681138,0.681974,Markets,8.35999999999948e-04,126,90+ Days
SWPE5C1V2JT1WJB,2025-12-12,2026-01-19,GBP,AUD,2493004.17,1.290289,1.289073,Investment Banking,-1.21600000000011e-03,38,30-90 Days
SWP6KT6W9QMJ7T5,2026-02-06,2026-06-01,GBP,JPY,2073488.28,1.420551,1.419813,Markets,-7.37999999999905e-04,115,90+ Days
SWPYA0TNWDTCFYW,2025-12-09,2026-02-26,INR,CAD,7058311.95,0.563174,0.563846,Investment Banking,6.72000000000006e-04,79,30-90 Days
SWPLSM5865W8Y4I,2025-12-24,2026-01-03,JPY,GBP,11403067.81,0.889323,0.890483,Treasury,1.16000000000005e-03,10,0-30 Days
SWPA1F8N0E4IL21,2025-11-04,2026-03-23,INR,JPY,2022785.8,0.804712,0.807751,Investment Banking,3.03900000000001e-03,139,90+ Days
SWPL1L3ROLG4WPY,2026-01-06,2026-04-05,JPY,INR,3573572.52,0.76745,0.769912,Markets,2.46200000000008e-03,89,30-90 Days
SWPV5I9EMRBNFUK,2025-11-03,2026-01-27,CAD,INR,4447614.64,1.377361,1.379447,Investment Banking,2.08600000000003e-03,85,30-90 Days
SWPZB0HIXB7ZE2O,2025-11-23,2026-03-05,GBP,JPY,3267277.42,1.0106,1.012811,Investment Banking,2.21099999999996e-03,102,90+ Days
SWPA7D7CMUZ2U2E,2026-02-10,2026-08-06,USD,INR,1366039.72,1.269996,1.269621,Investment Banking,-3.74999999999792e-04,177,90+ Days
SWPW88YRV0TUL6W,2025-11-02,2026-03-03,CHF,INR,11103995.25,0.830514,0.831032,Markets,5.18000000000018e-04,121,90+ Days
SWP9XTGUEV7UZ03,2026-02-02,2026-02-09,JPY,CAD,2526173.85,1.229453,1.230972,Markets,1.51900000000005e-03,7,0-30 Days
SWPHH03CZSWBCKX,2025-11-18,2026-03-31,AUD,USD,1321611.86,0.815001,0.816891,Treasury,1.89000000000006e-03,133,90+ Days
SWPPM8DOIBMONTY,2026-02-05,2026-07-08,AUD,CHF,3781942.82,0.6033,0.604043,Markets,7.43000000000049e-04,153,90+ Days
SWP7CD4KGUKS7FM,2025-11-24,2026-01-07,GBP,USD,2843980.87,0.839064,0.839692,Markets,6.27999999999962e-04,44,30-90 Days
SWPPTNX0A4UIKFT,2025-12-26,2026-01-30,JPY,CAD,3248374.01,1.328135,1.331943,Investment Banking,3.80800000000003e-03,35,30-90 Days
SWPIRFDLV982MS5,2026-02-14,2026-04-04,USD,CHF,868528.03,0.871187,0.873437,Markets,2.24999999999997e-03,49,30-90 Days
SWPG2K3MV0CCFZK,2025-12-29,2026-03-30,EUR,INR,6268118.16,1.186155,1.184519,Treasury,-1.63599999999997e-03,91,90+ Days
SWPTUEDS84JIXIZ,2025-11-20,2026-03-04,CAD,GBP,3061517.53,1.345683,1.344787,Markets,-8.96000000000008e-04,104,90+ Days
SWPUWE9C1SJ7K5G,2025-11-15,2026-01-29,INR,CAD,898135.39,1.051582,1.054061,Markets,2.4789999999999e-03,75,30-90 Days
SWPFPKUWOUV389C,2026-01-19,2026-07-12,AUD,EUR,4494124.66,0.685493,0.68563,Treasury,1.36999999999943e-04,174,90+ Days
SWPIWT2IKSXJ19Y,2026-02-06,2026-05-20,CHF,GBP,2573426.52,0.920413,0.921509,Markets,1.09599999999999e-03,103,90+ Days
SWPUYBP87IXHBFU,2025-11-01,2025-11-18,CHF,CAD,8589248.98,0.59313,0.594816,Markets,1.68599999999997e-03,17,0-30 Days
SWPGWK0X92CV3E2,2025-12-12,2025-12-25,GBP,AUD,3161327.65,0.918241,0.921464,Treasury,3.22299999999998e-03,13,0-30 Days
SWP6CQI7ISWRFIF,2025-12-26,2026-01-22,CHF,JPY,14985355.8,0.756068,0.758366,Investment Banking,2.29800000000002e-03,27,0-30 Days
SWP3J9X7X9CKLLK,2025-11-19,2026-03-04,CHF,EUR,2698503.61,1.225008,1.228561,Investment Banking,3.55299999999992e-03,105,90+ Days
SWPEG0KWVLA8RKT,2025-12-25,2026-05-05,AUD,INR,8962012.71,0.735975,0.737335,Treasury,1.35999999999992e-03,131,90+ Days
SWPDVNXHXG3412S,2025-11-10,2025-12-27,USD,CAD,911404.24,1.299416,1.298363,Markets,-1.05299999999997e-03,47,30-90 Days
