transaction_date,currency,business_unit,Daily_Net_Flow,Transaction_Volume,Rolling_7Day_FlowNew Field,date,total_hqla_usd,net_stressed_outflows_30d,lcr_ratio,Liquidity_Stress_Flag
2026-02-07,INR,Corporate Banking,373102.93,12,-465.821428571412,2026-02-07,11961228424.89,7729604676.17,154.75,Normal
2026-02-07,jpy,Markets,254157.43,1,49847.2271428571,2026-02-07,11961228424.89,7729604676.17,154.75,Normal
2026-02-07,GBP,Investment Banking,38406.42,11,78802.25,2026-02-07,11961228424.89,7729604676.17,154.75,Normal
2026-02-07,JPY,Treasury,-1819003.22,13,446713.191428571,2026-02-07,11961228424.89,7729604676.17,154.75,Normal
2026-02-07,GBP,Corporate Banking,249592.82,8,-43880.6285714286,2026-02-07,11961228424.89,7729604676.17,154.75,Normal
2026-02-07,gbp,Markets,-1132278.52,2,42388.6728571428,2026-02-07,11961228424.89,7729604676.17,154.75,Normal
2026-02-07,CAD,Investment Banking,101561.71,11,-43740.6957142857,2026-02-07,11961228424.89,7729604676.17,154.75,Normal
2026-02-07,INR,Markets,-2962852.22,16,-612173.574285714,2026-02-07,11961228424.89,7729604676.17,154.75,Normal
2026-02-07,GBP,Retail Banking,42165.56,7,-12997.9914285714,2026-02-07,11961228424.89,7729604676.17,154.75,Normal
2026-02-07,AUD,Investment Banking,-368688.98,15,-57192.4728571429,2026-02-07,11961228424.89,7729604676.17,154.75,Normal
2026-02-07,AUD,Retail Banking,140929.3,11,20412.9414285714,2026-02-07,11961228424.89,7729604676.17,154.75,Normal
2026-02-07,EUR,Retail Banking,233267.2,7,-34904.8228571429,2026-02-07,11961228424.89,7729604676.17,154.75,Normal
2026-02-07,cad,Retail Banking,12423.7,1,-12585.4585714286,2026-02-07,11961228424.89,7729604676.17,154.75,Normal
2026-02-07,CAD,Retail Banking,127024.87,8,-78636.3771428571,2026-02-07,11961228424.89,7729604676.17,154.75,Normal
2026-02-07,INR,Retail Banking,-140903.29,6,-36185.0285714286,2026-02-07,11961228424.89,7729604676.17,154.75,Normal
2026-02-07,CHF,Corporate Banking,-41890.81,7,-33117.6085714286,2026-02-07,11961228424.89,7729604676.17,154.75,Normal
2026-02-07,GBP,Markets,-643442.39,25,546698.531428571,2026-02-07,11961228424.89,7729604676.17,154.75,Normal
2026-02-07,USD,Corporate Banking,-335691.49,15,-7746.91428571426,2026-02-07,11961228424.89,7729604676.17,154.75,Normal
2026-02-07,EUR,Investment Banking,-179441.87,15,-133127.124285714,2026-02-07,11961228424.89,7729604676.17,154.75,Normal
2026-02-07,USD,Markets,-1281837.91,20,-1002095.82714286,2026-02-07,11961228424.89,7729604676.17,154.75,Normal
2026-02-07,INR,Treasury,-620876.53,17,-267956.478571429,2026-02-07,11961228424.89,7729604676.17,154.75,Normal
2026-02-07,USD,Retail Banking,139730.38,8,-49468.0742857143,2026-02-07,11961228424.89,7729604676.17,154.75,Normal
2026-02-07,CHF,Treasury,2075101.51,13,430320.398571429,2026-02-07,11961228424.89,7729604676.17,154.75,Normal
2026-02-07,CAD,Corporate Banking,-58663.38,10,-7647.68285714287,2026-02-07,11961228424.89,7729604676.17,154.75,Normal
2026-02-07,JPY,Retail Banking,111302.25,10,-98178.6014285715,2026-02-07,11961228424.89,7729604676.17,154.75,Normal
2026-02-07,JPY,Investment Banking,-37438.49,9,-22483.4371428571,2026-02-07,11961228424.89,7729604676.17,154.75,Normal
2026-02-07,AUD,Markets,-1126062.53,15,-346652.845714286,2026-02-07,11961228424.89,7729604676.17,154.75,Normal
2026-02-07,EUR,Corporate Banking,87952.49,5,27014.8257142857,2026-02-07,11961228424.89,7729604676.17,154.75,Normal
2026-02-07,USD,Treasury,-492860.04,19,-28338.7957142857,2026-02-07,11961228424.89,7729604676.17,154.75,Normal
2026-02-07,CHF,Retail Banking,69826.38,9,123428.388571429,2026-02-07,11961228424.89,7729604676.17,154.75,Normal
2026-02-07,CAD,Markets,-24078.0600000001,10,-359168.841428571,2026-02-07,11961228424.89,7729604676.17,154.75,Normal
2026-02-07,chf,Corporate Banking,-41284.65,1,16679.7657142857,2026-02-07,11961228424.89,7729604676.17,154.75,Normal
2026-02-07,CAD,Treasury,255106.47,19,11297.96,2026-02-07,11961228424.89,7729604676.17,154.75,Normal
2026-02-07,USD,Investment Banking,37059.97,9,-121195.235714286,2026-02-07,11961228424.89,7729604676.17,154.75,Normal
2026-02-07,INR,Investment Banking,105976.2,14,-65036.4357142857,2026-02-07,11961228424.89,7729604676.17,154.75,Normal
2026-02-07,GBP,Treasury,-672927.46,18,560105.752857143,2026-02-07,11961228424.89,7729604676.17,154.75,Normal
2026-02-07,EUR,Treasury,-1441327.43,20,-440606.591428571,2026-02-07,11961228424.89,7729604676.17,154.75,Normal
2026-02-07,JPY,Markets,-1086522.47,16,-791498.811428571,2026-02-07,11961228424.89,7729604676.17,154.75,Normal
2026-02-07,CHF,Markets,1054866.32,14,349792.91,2026-02-07,11961228424.89,7729604676.17,154.75,Normal
2026-02-07,chf,Investment Banking,-28156.35,1,-5139.86,2026-02-07,11961228424.89,7729604676.17,154.75,Normal
2026-02-07,EUR,Markets,-1745070.9,12,-6118.45000000012,2026-02-07,11961228424.89,7729604676.17,154.75,Normal
2026-02-07,AUD,Corporate Banking,106932.49,11,16592.9885714286,2026-02-07,11961228424.89,7729604676.17,154.75,Normal
2026-02-07,AUD,Treasury,-956806.51,21,272759.058571429,2026-02-07,11961228424.89,7729604676.17,154.75,Normal
2026-02-07,JPY,Corporate Banking,443113.65,12,-18738.5285714286,2026-02-07,11961228424.89,7729604676.17,154.75,Normal
2026-02-07,CHF,Investment Banking,56757.1,5,-60192.6128571429,2026-02-07,11961228424.89,7729604676.17,154.75,Normal
2025-11-02,INR,Corporate Banking,54400.38,10,18658.6514285714,2025-11-02,11187410443.61,7383283719.67,151.52,Normal
2025-11-02,usd,Investment Banking,-31321.58,2,-8312.45857142857,2025-11-02,11187410443.61,7383283719.67,151.52,Normal
2025-11-02,GBP,Investment Banking,-210667.56,12,-5106.64285714285,2025-11-02,11187410443.61,7383283719.67,151.52,Normal
2025-11-02,inr,Markets,245626.09,1,-25913.06,2025-11-02,11187410443.61,7383283719.67,151.52,Normal
2025-11-02,JPY,Treasury,-1609427.37,16,-94422.0285714286,2025-11-02,11187410443.61,7383283719.67,151.52,Normal
2025-11-02,GBP,Corporate Banking,134182.28,10,2119.31714285715,2025-11-02,11187410443.61,7383283719.67,151.52,Normal
2025-11-02,CAD,Investment Banking,183483.57,12,261683.718571429,2025-11-02,11187410443.61,7383283719.67,151.52,Normal
2025-11-02,INR,Markets,1642331.77,22,228593.77,2025-11-02,11187410443.61,7383283719.67,151.52,Normal
2025-11-02,GBP,Retail Banking,109714.58,11,8522.96714285715,2025-11-02,11187410443.61,7383283719.67,151.52,Normal
2025-11-02,AUD,Investment Banking,-110210.54,9,32261.8557142857,2025-11-02,11187410443.61,7383283719.67,151.52,Normal
2025-11-02,AUD,Retail Banking,-560406.2,9,-72340.5871428571,2025-11-02,11187410443.61,7383283719.67,151.52,Normal
2025-11-02,cad,Markets,814213.31,2,107117.35,2025-11-02,11187410443.61,7383283719.67,151.52,Normal
2025-11-02,EUR,Retail Banking,-224168.47,7,-68138.7714285714,2025-11-02,11187410443.61,7383283719.67,151.52,Normal
2025-11-02,CAD,Retail Banking,-3585.55,11,16645.0071428571,2025-11-02,11187410443.61,7383283719.67,151.52,Normal
2025-11-02,INR,Retail Banking,-202550.67,10,-74663.5385714286,2025-11-02,11187410443.61,7383283719.67,151.52,Normal
2025-11-02,CHF,Corporate Banking,-90449.45,8,-93623.3785714286,2025-11-02,11187410443.61,7383283719.67,151.52,Normal
2025-11-02,GBP,Markets,-1008820.23,19,402254.744285714,2025-11-02,11187410443.61,7383283719.67,151.52,Normal
2025-11-02,USD,Corporate Banking,289189.59,12,-138.585714285698,2025-11-02,11187410443.61,7383283719.67,151.52,Normal
2025-11-02,EUR,Investment Banking,359511.28,18,126993.842857143,2025-11-02,11187410443.61,7383283719.67,151.52,Normal
2025-11-02,aud,Retail Banking,18528.65,1,22000.2471428571,2025-11-02,11187410443.61,7383283719.67,151.52,Normal
2025-11-02,USD,Markets,-1000821.67,10,-586402.705714286,2025-11-02,11187410443.61,7383283719.67,151.52,Normal
2025-11-02,inr,Treasury,139963.78,1,-49228.3442857143,2025-11-02,11187410443.61,7383283719.67,151.52,Normal
2025-11-02,INR,Treasury,-2732901.16,15,-835773.211428571,2025-11-02,11187410443.61,7383283719.67,151.52,Normal
2025-11-02,USD,Retail Banking,-79628.06,9,-64607.2514285714,2025-11-02,11187410443.61,7383283719.67,151.52,Normal
2025-11-02,CHF,Treasury,1712262.88,14,504341.45,2025-11-02,11187410443.61,7383283719.67,151.52,Normal
2025-11-02,CAD,Corporate Banking,39480.2,15,43404.1957142857,2025-11-02,11187410443.61,7383283719.67,151.52,Normal
2025-11-02,JPY,Retail Banking,53044.72,14,-58972.9942857143,2025-11-02,11187410443.61,7383283719.67,151.52,Normal
2025-11-02,inr,Investment Banking,7657.51,1,1874.71714285714,2025-11-02,11187410443.61,7383283719.67,151.52,Normal
2025-11-02,JPY,Investment Banking,-6382.78,7,-20589.4414285714,2025-11-02,11187410443.61,7383283719.67,151.52,Normal
2025-11-02,AUD,Markets,-654168.73,14,-654199.584285714,2025-11-02,11187410443.61,7383283719.67,151.52,Normal
2025-11-02,EUR,Corporate Banking,-122887.78,9,-21859.59,2025-11-02,11187410443.61,7383283719.67,151.52,Normal
2025-11-02,USD,Treasury,-1097120.43,16,-416217.931428572,2025-11-02,11187410443.61,7383283719.67,151.52,Normal
2025-11-02,CHF,Retail Banking,-179102.24,14,28685.9628571429,2025-11-02,11187410443.61,7383283719.67,151.52,Normal
2025-11-02,usd,Corporate Banking,33286.55,1,6281.73714285714,2025-11-02,11187410443.61,7383283719.67,151.52,Normal
2025-11-02,eur,Investment Banking,-3368.68,1,-5285.18571428571,2025-11-02,11187410443.61,7383283719.67,151.52,Normal
2025-11-02,CAD,Markets,-682324.22,17,408972.598571429,2025-11-02,11187410443.61,7383283719.67,151.52,Normal
2025-11-02,CAD,Treasury,1731938.17,19,705589.518571429,2025-11-02,11187410443.61,7383283719.67,151.52,Normal
2025-11-02,USD,Investment Banking,118389.02,15,-47389.1842857143,2025-11-02,11187410443.61,7383283719.67,151.52,Normal
2025-11-02,INR,Investment Banking,121072.44,12,-13548.47,2025-11-02,11187410443.61,7383283719.67,151.52,Normal
2025-11-02,GBP,Treasury,-792895.03,9,-326067.555714285,2025-11-02,11187410443.61,7383283719.67,151.52,Normal
2025-11-02,EUR,Treasury,-1951149.96,11,-387161.521428571,2025-11-02,11187410443.61,7383283719.67,151.52,Normal
2025-11-02,aud,Treasury,-141736.83,1,45033.1928571429,2025-11-02,11187410443.61,7383283719.67,151.52,Normal
2025-11-02,JPY,Markets,-2210030.52,14,46435.5028571429,2025-11-02,11187410443.61,7383283719.67,151.52,Normal
2025-11-02,CHF,Markets,833700.21,13,883383.075714286,2025-11-02,11187410443.61,7383283719.67,151.52,Normal
2025-11-02,EUR,Markets,-1858643.55,16,-725844.507142857,2025-11-02,11187410443.61,7383283719.67,151.52,Normal
2025-11-02,aud,Markets,272423.18,1,21288.5185714286,2025-11-02,11187410443.61,7383283719.67,151.52,Normal
2025-11-02,AUD,Corporate Banking,212129.72,14,-37530.1385714286,2025-11-02,11187410443.61,7383283719.67,151.52,Normal
2025-11-02,AUD,Treasury,-2413190.46,28,-1956762.39285714,2025-11-02,11187410443.61,7383283719.67,151.52,Normal
2025-11-02,JPY,Corporate Banking,-862533.85,8,-109722.317142857,2025-11-02,11187410443.61,7383283719.67,151.52,Normal
2025-11-02,eur,Retail Banking,-14050.69,1,-12306.7914285714,2025-11-02,11187410443.61,7383283719.67,151.52,Normal
2025-11-02,CHF,Investment Banking,-187541.07,8,-9235.94857142857,2025-11-02,11187410443.61,7383283719.67,151.52,Normal
2025-12-22,INR,Corporate Banking,-18136.38,7,110.138571428572,2025-12-22,9876511575.69,7732603797.4,127.73,Normal
2025-12-22,GBP,Investment Banking,36312.03,6,-10770.53,2025-12-22,9876511575.69,7732603797.4,127.73,Normal
2025-12-22,inr,Markets,1522286.45,2,137319,2025-12-22,9876511575.69,7732603797.4,127.73,Normal
2025-12-22,JPY,Treasury,-313605.24,14,-841723.422857143,2025-12-22,9876511575.69,7732603797.4,127.73,Normal
2025-12-22,GBP,Corporate Banking,21234.2,8,-57018.3528571429,2025-12-22,9876511575.69,7732603797.4,127.73,Normal
2025-12-22,jpy,Treasury,-345682.73,1,-96457.4657142857,2025-12-22,9876511575.69,7732603797.4,127.73,Normal
2025-12-22,CAD,Investment Banking,-145829.16,15,-53163.3742857143,2025-12-22,9876511575.69,7732603797.4,127.73,Normal
2025-12-22,INR,Markets,430296.84,16,186815.871428571,2025-12-22,9876511575.69,7732603797.4,127.73,Normal
2025-12-22,GBP,Retail Banking,-20902.05,6,83168.6628571428,2025-12-22,9876511575.69,7732603797.4,127.73,Normal
2025-12-22,AUD,Investment Banking,125356.26,17,51005.3242857143,2025-12-22,9876511575.69,7732603797.4,127.73,Normal
2025-12-22,AUD,Retail Banking,12326.75,6,-6732.15571428571,2025-12-22,9876511575.69,7732603797.4,127.73,Normal
2025-12-22,EUR,Retail Banking,-58488.99,11,54867.4528571428,2025-12-22,9876511575.69,7732603797.4,127.73,Normal
2025-12-22,cad,Retail Banking,86135.34,1,-7088.74571428571,2025-12-22,9876511575.69,7732603797.4,127.73,Normal
2025-12-22,CAD,Retail Banking,-12398.14,12,82997.3014285714,2025-12-22,9876511575.69,7732603797.4,127.73,Normal
2025-12-22,INR,Retail Banking,-74303.94,4,-67087.5528571429,2025-12-22,9876511575.69,7732603797.4,127.73,Normal
2025-12-22,CHF,Corporate Banking,196.529999999988,12,-14897.6214285714,2025-12-22,9876511575.69,7732603797.4,127.73,Normal
2025-12-22,GBP,Markets,-100949.99,11,-398749.77,2025-12-22,9876511575.69,7732603797.4,127.73,Normal
2025-12-22,USD,Corporate Banking,51470.95,13,-85463.5828571429,2025-12-22,9876511575.69,7732603797.4,127.73,Normal
2025-12-22,EUR,Investment Banking,-175497.71,16,29018.8814285714,2025-12-22,9876511575.69,7732603797.4,127.73,Normal
2025-12-22,aud,Retail Banking,-15084.98,1,-6349.81,2025-12-22,9876511575.69,7732603797.4,127.73,Normal
2025-12-22,USD,Markets,-1941683.6,16,-1070508.95714286,2025-12-22,9876511575.69,7732603797.4,127.73,Normal
2025-12-22,cad,Treasury,218505.95,1,251359.482857143,2025-12-22,9876511575.69,7732603797.4,127.73,Normal
2025-12-22,cad,Investment Banking,39680.03,2,23768.9514285714,2025-12-22,9876511575.69,7732603797.4,127.73,Normal
2025-12-22,INR,Treasury,-726662.02,14,-1361058.74285714,2025-12-22,9876511575.69,7732603797.4,127.73,Normal
2025-12-22,USD,Retail Banking,-92400.61,10,-49142.0242857143,2025-12-22,9876511575.69,7732603797.4,127.73,Normal
2025-12-22,chf,Treasury,54000.11,1,45185.7657142857,2025-12-22,9876511575.69,7732603797.4,127.73,Normal
2025-12-22,CHF,Treasury,-933018.95,13,-587491.302857143,2025-12-22,9876511575.69,7732603797.4,127.73,Normal
2025-12-22,CAD,Corporate Banking,-209399.23,10,-87621.5271428572,2025-12-22,9876511575.69,7732603797.4,127.73,Normal
2025-12-22,JPY,Retail Banking,-89469.14,14,19921.2328571429,2025-12-22,9876511575.69,7732603797.4,127.73,Normal
2025-12-22,inr,Investment Banking,32115.52,1,27292.4685714286,2025-12-22,9876511575.69,7732603797.4,127.73,Normal
2025-12-22,JPY,Investment Banking,-283712.85,8,-123239.03,2025-12-22,9876511575.69,7732603797.4,127.73,Normal
2025-12-22,AUD,Markets,172420.35,16,9710.95714285697,2025-12-22,9876511575.69,7732603797.4,127.73,Normal
2025-12-22,EUR,Corporate Banking,-16395.83,10,-22568.6914285714,2025-12-22,9876511575.69,7732603797.4,127.73,Normal
2025-12-22,USD,Treasury,3112345.52,20,628745.241428572,2025-12-22,9876511575.69,7732603797.4,127.73,Normal
2025-12-22,eur,Markets,-136065.52,1,-98439.68,2025-12-22,9876511575.69,7732603797.4,127.73,Normal
2025-12-22,CHF,Retail Banking,-4303.84000000001,8,-8437.14285714286,2025-12-22,9876511575.69,7732603797.4,127.73,Normal
2025-12-22,usd,Corporate Banking,-22924.97,1,-6656.17857142857,2025-12-22,9876511575.69,7732603797.4,127.73,Normal
2025-12-22,CAD,Markets,-1759601.89,15,-1091913.34571429,2025-12-22,9876511575.69,7732603797.4,127.73,Normal
2025-12-22,CAD,Treasury,1315112.74,15,-84754.0514285715,2025-12-22,9876511575.69,7732603797.4,127.73,Normal
2025-12-22,USD,Investment Banking,-61579.62,5,-76859.73,2025-12-22,9876511575.69,7732603797.4,127.73,Normal
2025-12-22,INR,Investment Banking,-92112.05,8,-68563.5471428571,2025-12-22,9876511575.69,7732603797.4,127.73,Normal
2025-12-22,GBP,Treasury,-1495955.59,14,-378015.327142857,2025-12-22,9876511575.69,7732603797.4,127.73,Normal
2025-12-22,EUR,Treasury,847299.07,14,379338.085714286,2025-12-22,9876511575.69,7732603797.4,127.73,Normal
2025-12-22,JPY,Markets,114293.63,16,396021.074285714,2025-12-22,9876511575.69,7732603797.4,127.73,Normal
2025-12-22,CHF,Markets,243602.21,16,-53676.44,2025-12-22,9876511575.69,7732603797.4,127.73,Normal
2025-12-22,eur,Corporate Banking,14280.42,1,4632.08571428571,2025-12-22,9876511575.69,7732603797.4,127.73,Normal
2025-12-22,EUR,Markets,3189741.14,20,585173.494285714,2025-12-22,9876511575.69,7732603797.4,127.73,Normal
2025-12-22,AUD,Corporate Banking,-194593.06,10,-189951.96,2025-12-22,9876511575.69,7732603797.4,127.73,Normal
2025-12-22,AUD,Treasury,-947744.9,10,-771474.282857143,2025-12-22,9876511575.69,7732603797.4,127.73,Normal
2025-12-22,JPY,Corporate Banking,13724.05,15,-8542.48857142857,2025-12-22,9876511575.69,7732603797.4,127.73,Normal
2025-12-22,eur,Retail Banking,57625.24,1,-612.992857142859,2025-12-22,9876511575.69,7732603797.4,127.73,Normal
2025-12-22,CHF,Investment Banking,-6190.67000000001,12,62561.5571428571,2025-12-22,9876511575.69,7732603797.4,127.73,Normal
2025-12-22,inr,Retail Banking,3584.33,2,29748.0571428571,2025-12-22,9876511575.69,7732603797.4,127.73,Normal
2025-12-29,INR,Corporate Banking,1885.38,5,-88320.3957142857,2025-12-29,11367524718.87,7879656142.67,144.26,Normal
2025-12-29,jpy,Markets,-53952.24,1,-63603.4528571429,2025-12-29,11367524718.87,7879656142.67,144.26,Normal
2025-12-29,GBP,Investment Banking,-111511.49,10,-136958.128571429,2025-12-29,11367524718.87,7879656142.67,144.26,Normal
2025-12-29,JPY,Treasury,-152948.55,8,-784803.711428571,2025-12-29,11367524718.87,7879656142.67,144.26,Normal
2025-12-29,GBP,Corporate Banking,-178195.78,12,-120720.774285714,2025-12-29,11367524718.87,7879656142.67,144.26,Normal
2025-12-29,gbp,Markets,-340326,1,123357.041428571,2025-12-29,11367524718.87,7879656142.67,144.26,Normal
2025-12-29,jpy,Treasury,-187847.6,1,-169751.835714286,2025-12-29,11367524718.87,7879656142.67,144.26,Normal
2025-12-29,CAD,Investment Banking,169447.88,9,-80.9457142857219,2025-12-29,11367524718.87,7879656142.67,144.26,Normal
2025-12-29,INR,Markets,151438.25,15,457241.407142857,2025-12-29,11367524718.87,7879656142.67,144.26,Normal
2025-12-29,GBP,Retail Banking,-82468,11,-105211.485714286,2025-12-29,11367524718.87,7879656142.67,144.26,Normal
2025-12-29,AUD,Investment Banking,-34056.85,8,-47341.6114285714,2025-12-29,11367524718.87,7879656142.67,144.26,Normal
2025-12-29,AUD,Retail Banking,-53847.53,17,-45671.0371428572,2025-12-29,11367524718.87,7879656142.67,144.26,Normal
2025-12-29,cad,Markets,-617109.48,1,-108404.967142857,2025-12-29,11367524718.87,7879656142.67,144.26,Normal
2025-12-29,inr,Corporate Banking,-70768.17,1,-48373.2528571429,2025-12-29,11367524718.87,7879656142.67,144.26,Normal
2025-12-29,EUR,Retail Banking,89774.81,7,47017.83,2025-12-29,11367524718.87,7879656142.67,144.26,Normal
2025-12-29,CAD,Retail Banking,-221630.22,11,-102577.761428571,2025-12-29,11367524718.87,7879656142.67,144.26,Normal
2025-12-29,INR,Retail Banking,17901.72,12,-132794.638571429,2025-12-29,11367524718.87,7879656142.67,144.26,Normal
2025-12-29,CHF,Corporate Banking,-317465.2,8,25651.0428571429,2025-12-29,11367524718.87,7879656142.67,144.26,Normal
2025-12-29,GBP,Markets,887934.8,13,750056.997142857,2025-12-29,11367524718.87,7879656142.67,144.26,Normal
2025-12-29,USD,Corporate Banking,145762.53,11,22671.8742857143,2025-12-29,11367524718.87,7879656142.67,144.26,Normal
2025-12-29,EUR,Investment Banking,16907.68,12,-64333.2328571429,2025-12-29,11367524718.87,7879656142.67,144.26,Normal
2025-12-29,USD,Markets,-260186.66,12,-1411190.16571429,2025-12-29,11367524718.87,7879656142.67,144.26,Normal
2025-12-29,cad,Treasury,-50163.25,1,148837.652857143,2025-12-29,11367524718.87,7879656142.67,144.26,Normal
2025-12-29,cad,Investment Banking,51390.33,1,16994.1071428571,2025-12-29,11367524718.87,7879656142.67,144.26,Normal
2025-12-29,INR,Treasury,-342337.26,13,-864697.464285714,2025-12-29,11367524718.87,7879656142.67,144.26,Normal
2025-12-29,USD,Retail Banking,59522.39,14,85044.37,2025-12-29,11367524718.87,7879656142.67,144.26,Normal
2025-12-29,CHF,Treasury,-847894.81,14,-977198.627142857,2025-12-29,11367524718.87,7879656142.67,144.26,Normal
2025-12-29,CAD,Corporate Banking,-160920.88,11,-15104.4171428571,2025-12-29,11367524718.87,7879656142.67,144.26,Normal
2025-12-29,JPY,Retail Banking,139498.34,15,-134511.3,2025-12-29,11367524718.87,7879656142.67,144.26,Normal
2025-12-29,JPY,Investment Banking,214316.19,9,7184.84285714285,2025-12-29,11367524718.87,7879656142.67,144.26,Normal
2025-12-29,AUD,Markets,419476.34,20,-111423.058571429,2025-12-29,11367524718.87,7879656142.67,144.26,Normal
2025-12-29,EUR,Corporate Banking,-58895.59,9,-162590.032857143,2025-12-29,11367524718.87,7879656142.67,144.26,Normal
2025-12-29,USD,Treasury,1169703.27,11,-320164.265714286,2025-12-29,11367524718.87,7879656142.67,144.26,Normal
2025-12-29,CHF,Retail Banking,-91084.21,4,13820.9185714286,2025-12-29,11367524718.87,7879656142.67,144.26,Normal
2025-12-29,eur,Investment Banking,11479.54,1,-20009.1242857143,2025-12-29,11367524718.87,7879656142.67,144.26,Normal
2025-12-29,CAD,Markets,542501.76,9,14798.1642857144,2025-12-29,11367524718.87,7879656142.67,144.26,Normal
2025-12-29,chf,Retail Banking,8647.73,1,-15264.4142857143,2025-12-29,11367524718.87,7879656142.67,144.26,Normal
2025-12-29,CAD,Treasury,-841777.58,22,-28086.9728571427,2025-12-29,11367524718.87,7879656142.67,144.26,Normal
2025-12-29,USD,Investment Banking,-59376.1,13,29476.6728571429,2025-12-29,11367524718.87,7879656142.67,144.26,Normal
2025-12-29,INR,Investment Banking,-82942.11,13,-118452.377142857,2025-12-29,11367524718.87,7879656142.67,144.26,Normal
2025-12-29,GBP,Treasury,-523980.93,15,-114778.758571429,2025-12-29,11367524718.87,7879656142.67,144.26,Normal
2025-12-29,EUR,Treasury,-1622989.95,17,978418.794285714,2025-12-29,11367524718.87,7879656142.67,144.26,Normal
2025-12-29,JPY,Markets,-3227886.45,17,-649590.037142857,2025-12-29,11367524718.87,7879656142.67,144.26,Normal
2025-12-29,CHF,Markets,-2910760.23,12,349119.037142857,2025-12-29,11367524718.87,7879656142.67,144.26,Normal
2025-12-29,usd,Retail Banking,14329.93,1,7107.52714285714,2025-12-29,11367524718.87,7879656142.67,144.26,Normal
2025-12-29,EUR,Markets,913449.5,17,32445.4028571428,2025-12-29,11367524718.87,7879656142.67,144.26,Normal
2025-12-29,AUD,Corporate Banking,-74610.65,11,-182038.718571429,2025-12-29,11367524718.87,7879656142.67,144.26,Normal
2025-12-29,eur,Treasury,165067.27,1,60238.8971428571,2025-12-29,11367524718.87,7879656142.67,144.26,Normal
2025-12-29,AUD,Treasury,1154425.84,13,608504.632857143,2025-12-29,11367524718.87,7879656142.67,144.26,Normal
2025-12-29,JPY,Corporate Banking,52444.39,5,-37314.5171428571,2025-12-29,11367524718.87,7879656142.67,144.26,Normal
2025-12-29,CHF,Investment Banking,218461.56,9,-196126.148571429,2025-12-29,11367524718.87,7879656142.67,144.26,Normal
2025-11-12,INR,Corporate Banking,-114637.7,5,-61769.9385714286,2025-11-12,9852158599.6,7656891511.21,128.67,Normal
2025-11-12,usd,Investment Banking,30804.66,1,1068.32714285714,2025-11-12,9852158599.6,7656891511.21,128.67,Normal
2025-11-12,GBP,Investment Banking,137898.34,13,-41637.6614285714,2025-11-12,9852158599.6,7656891511.21,128.67,Normal
2025-11-12,inr,Markets,-75594.28,1,-36712.2428571429,2025-11-12,9852158599.6,7656891511.21,128.67,Normal
2025-11-12,JPY,Treasury,2126507.42,10,163659.892857143,2025-11-12,9852158599.6,7656891511.21,128.67,Normal
2025-11-12,GBP,Corporate Banking,320412.27,11,27580.7485714286,2025-11-12,9852158599.6,7656891511.21,128.67,Normal
2025-11-12,CAD,Investment Banking,221089.61,11,-121208.911428571,2025-11-12,9852158599.6,7656891511.21,128.67,Normal
2025-11-12,INR,Markets,-834546.67,21,-1056446.09714286,2025-11-12,9852158599.6,7656891511.21,128.67,Normal
2025-11-12,GBP,Retail Banking,215484.22,8,47826.3342857143,2025-11-12,9852158599.6,7656891511.21,128.67,Normal
2025-11-12,AUD,Investment Banking,-56056.17,9,-43964.2342857143,2025-11-12,9852158599.6,7656891511.21,128.67,Normal
2025-11-12,AUD,Retail Banking,178279.19,14,2120.13428571429,2025-11-12,9852158599.6,7656891511.21,128.67,Normal
2025-11-12,EUR,Retail Banking,-26800.72,4,-20365.31,2025-11-12,9852158599.6,7656891511.21,128.67,Normal
2025-11-12,CAD,Retail Banking,285589.38,10,-74738.6585714286,2025-11-12,9852158599.6,7656891511.21,128.67,Normal
2025-11-12,INR,Retail Banking,69748.73,9,-55561.2142857143,2025-11-12,9852158599.6,7656891511.21,128.67,Normal
2025-11-12,CHF,Corporate Banking,-374250.73,13,-33269.6257142857,2025-11-12,9852158599.6,7656891511.21,128.67,Normal
2025-11-12,GBP,Markets,-80526.1199999999,17,-2250834.22142857,2025-11-12,9852158599.6,7656891511.21,128.67,Normal
2025-11-12,USD,Corporate Banking,-44620.62,14,2331.73,2025-11-12,9852158599.6,7656891511.21,128.67,Normal
2025-11-12,EUR,Investment Banking,309457.92,11,73962.3357142857,2025-11-12,9852158599.6,7656891511.21,128.67,Normal
2025-11-12,USD,Markets,-1663361.33,20,-767323.425714286,2025-11-12,9852158599.6,7656891511.21,128.67,Normal
2025-11-12,INR,Treasury,1393600.76,14,-9508.01857142841,2025-11-12,9852158599.6,7656891511.21,128.67,Normal
2025-11-12,USD,Retail Banking,166276.78,9,-52837.7771428571,2025-11-12,9852158599.6,7656891511.21,128.67,Normal
2025-11-12,chf,Treasury,-152604.91,1,238635.567142857,2025-11-12,9852158599.6,7656891511.21,128.67,Normal
2025-11-12,CHF,Treasury,607507.82,10,-656230.368571429,2025-11-12,9852158599.6,7656891511.21,128.67,Normal
2025-11-12,CAD,Corporate Banking,9247.15,14,-18143.6085714286,2025-11-12,9852158599.6,7656891511.21,128.67,Normal
2025-11-12,JPY,Retail Banking,-138276.61,9,50877.7442857143,2025-11-12,9852158599.6,7656891511.21,128.67,Normal
2025-11-12,JPY,Investment Banking,73474.15,11,72984.2028571429,2025-11-12,9852158599.6,7656891511.21,128.67,Normal
2025-11-12,AUD,Markets,269474.99,17,99242.49,2025-11-12,9852158599.6,7656891511.21,128.67,Normal
2025-11-12,EUR,Corporate Banking,294216.07,11,45534.94,2025-11-12,9852158599.6,7656891511.21,128.67,Normal
2025-11-12,gbp,Investment Banking,-28217.8,1,-14897.2514285714,2025-11-12,9852158599.6,7656891511.21,128.67,Normal
2025-11-12,USD,Treasury,-102079.11,15,-1004615.09714286,2025-11-12,9852158599.6,7656891511.21,128.67,Normal
2025-11-12,CHF,Retail Banking,112935.71,14,72115.0914285714,2025-11-12,9852158599.6,7656891511.21,128.67,Normal
2025-11-12,CAD,Markets,876168.33,12,181714.462857143,2025-11-12,9852158599.6,7656891511.21,128.67,Normal
2025-11-12,CAD,Treasury,-1519599.01,15,9502.95999999995,2025-11-12,9852158599.6,7656891511.21,128.67,Normal
2025-11-12,USD,Investment Banking,-21303.06,9,94120.5585714286,2025-11-12,9852158599.6,7656891511.21,128.67,Normal
2025-11-12,aud,Investment Banking,-8607.46,1,-2571.14857142857,2025-11-12,9852158599.6,7656891511.21,128.67,Normal
2025-11-12,INR,Investment Banking,-212924.99,10,-179624.247142857,2025-11-12,9852158599.6,7656891511.21,128.67,Normal
2025-11-12,GBP,Treasury,-705479.37,16,-375852.885714286,2025-11-12,9852158599.6,7656891511.21,128.67,Normal
2025-11-12,EUR,Treasury,-768897.74,12,-784265.585714286,2025-11-12,9852158599.6,7656891511.21,128.67,Normal
2025-11-12,JPY,Markets,1227349.32,12,334086.504285714,2025-11-12,9852158599.6,7656891511.21,128.67,Normal
2025-11-12,CHF,Markets,-1391034.49,15,-1489484.07714286,2025-11-12,9852158599.6,7656891511.21,128.67,Normal
2025-11-12,EUR,Markets,-2026662.35,22,-55910.7900000001,2025-11-12,9852158599.6,7656891511.21,128.67,Normal
2025-11-12,AUD,Corporate Banking,11834.8,9,99440.6885714286,2025-11-12,9852158599.6,7656891511.21,128.67,Normal
2025-11-12,AUD,Treasury,-1795406.55,14,-766574.748571429,2025-11-12,9852158599.6,7656891511.21,128.67,Normal
2025-11-12,gbp,Retail Banking,62600.37,1,21176.8128571429,2025-11-12,9852158599.6,7656891511.21,128.67,Normal
2025-11-12,JPY,Corporate Banking,87140.21,10,-36412.6871428572,2025-11-12,9852158599.6,7656891511.21,128.67,Normal
2025-11-12,CHF,Investment Banking,-77391.85,12,-32771.2228571429,2025-11-12,9852158599.6,7656891511.21,128.67,Normal
2026-02-16,INR,Corporate Banking,-610221.81,11,-166714.262857143,2026-02-16,8184357402.12,6350502713.99,128.88,Normal
2026-02-16,GBP,Investment Banking,153682.26,7,41512.4128571429,2026-02-16,8184357402.12,6350502713.99,128.88,Normal
2026-02-16,inr,Markets,-339410.24,1,-226605.284285714,2026-02-16,8184357402.12,6350502713.99,128.88,Normal
2026-02-16,JPY,Treasury,-1163948.78,17,-1538899.29142857,2026-02-16,8184357402.12,6350502713.99,128.88,Normal
2026-02-16,GBP,Corporate Banking,-71917.4,7,-73479.6957142857,2026-02-16,8184357402.12,6350502713.99,128.88,Normal
2026-02-16,gbp,Treasury,48764.94,1,137918.071428571,2026-02-16,8184357402.12,6350502713.99,128.88,Normal
2026-02-16,CAD,Investment Banking,-24902.88,12,-153556.837142857,2026-02-16,8184357402.12,6350502713.99,128.88,Normal
2026-02-16,INR,Markets,-822860.56,19,-1964279.32,2026-02-16,8184357402.12,6350502713.99,128.88,Normal
2026-02-16,GBP,Retail Banking,1349.34,10,-129987.541428571,2026-02-16,8184357402.12,6350502713.99,128.88,Normal
2026-02-16,AUD,Investment Banking,112087.11,8,-172568.904285714,2026-02-16,8184357402.12,6350502713.99,128.88,Normal
2026-02-16,AUD,Retail Banking,43267.12,5,-25605.7428571429,2026-02-16,8184357402.12,6350502713.99,128.88,Normal
2026-02-16,EUR,Retail Banking,-594121.01,12,-83676.1142857143,2026-02-16,8184357402.12,6350502713.99,128.88,Normal
2026-02-16,CAD,Retail Banking,39735.43,9,-99607.1328571428,2026-02-16,8184357402.12,6350502713.99,128.88,Normal
2026-02-16,INR,Retail Banking,-140946.03,8,-302331.307142857,2026-02-16,8184357402.12,6350502713.99,128.88,Normal
2026-02-16,CHF,Corporate Banking,-271121.94,7,-60001.9514285714,2026-02-16,8184357402.12,6350502713.99,128.88,Normal
2026-02-16,GBP,Markets,536491.01,19,-1951023.00857143,2026-02-16,8184357402.12,6350502713.99,128.88,Normal
2026-02-16,USD,Corporate Banking,68097.59,17,7260.16428571429,2026-02-16,8184357402.12,6350502713.99,128.88,Normal
2026-02-16,EUR,Investment Banking,-202370.49,8,-15920.0257142857,2026-02-16,8184357402.12,6350502713.99,128.88,Normal
2026-02-16,USD,Markets,5302714.5,20,-128174.777142857,2026-02-16,8184357402.12,6350502713.99,128.88,Normal
2026-02-16,INR,Treasury,-2104079.85,16,-1056238.35571429,2026-02-16,8184357402.12,6350502713.99,128.88,Normal
2026-02-16,USD,Retail Banking,-11609.61,9,-196225.114285714,2026-02-16,8184357402.12,6350502713.99,128.88,Normal
2026-02-16,chf,Treasury,-1031339.54,2,-88425.4385714286,2026-02-16,8184357402.12,6350502713.99,128.88,Normal
2026-02-16,CHF,Treasury,1777745.92,16,-897656.031428572,2026-02-16,8184357402.12,6350502713.99,128.88,Normal
2026-02-16,CAD,Corporate Banking,78566.57,14,-94724.8628571429,2026-02-16,8184357402.12,6350502713.99,128.88,Normal
2026-02-16,JPY,Retail Banking,-54644.18,10,-71647.6328571429,2026-02-16,8184357402.12,6350502713.99,128.88,Normal
2026-02-16,JPY,Investment Banking,148055.86,14,-75029.8928571428,2026-02-16,8184357402.12,6350502713.99,128.88,Normal
2026-02-16,AUD,Markets,2299347.67,14,1351777.72428571,2026-02-16,8184357402.12,6350502713.99,128.88,Normal
2026-02-16,EUR,Corporate Banking,4861.23000000001,9,-148121.537142857,2026-02-16,8184357402.12,6350502713.99,128.88,Normal
2026-02-16,USD,Treasury,-1397466.58,17,-250371.181428571,2026-02-16,8184357402.12,6350502713.99,128.88,Normal
2026-02-16,CHF,Retail Banking,-105201.37,13,-47928.37,2026-02-16,8184357402.12,6350502713.99,128.88,Normal
2026-02-16,CAD,Markets,-1263279.67,16,-1057237.32571429,2026-02-16,8184357402.12,6350502713.99,128.88,Normal
2026-02-16,CAD,Treasury,970176.54,23,-522551.404285714,2026-02-16,8184357402.12,6350502713.99,128.88,Normal
2026-02-16,USD,Investment Banking,77310.18,12,82288.1614285714,2026-02-16,8184357402.12,6350502713.99,128.88,Normal
2026-02-16,INR,Investment Banking,-170735.29,12,-214419.65,2026-02-16,8184357402.12,6350502713.99,128.88,Normal
2026-02-16,GBP,Treasury,-1348007.35,14,-729153.607142857,2026-02-16,8184357402.12,6350502713.99,128.88,Normal
2026-02-16,EUR,Treasury,909434.39,19,-668696.184285714,2026-02-16,8184357402.12,6350502713.99,128.88,Normal
2026-02-16,aud,Treasury,-98816.64,1,-143254.762857143,2026-02-16,8184357402.12,6350502713.99,128.88,Normal
2026-02-16,JPY,Markets,-1130232.73,16,-222359.722857143,2026-02-16,8184357402.12,6350502713.99,128.88,Normal
2026-02-16,CHF,Markets,-2743132.78,14,-737041.98,2026-02-16,8184357402.12,6350502713.99,128.88,Normal
2026-02-16,usd,Retail Banking,-116824.92,1,8370.88571428571,2026-02-16,8184357402.12,6350502713.99,128.88,Normal
2026-02-16,EUR,Markets,1170556.75,13,-1349938.94714286,2026-02-16,8184357402.12,6350502713.99,128.88,Normal
2026-02-16,AUD,Corporate Banking,-288012.28,9,-32232.3342857143,2026-02-16,8184357402.12,6350502713.99,128.88,Normal
2026-02-16,AUD,Treasury,-956897.69,27,35251.8742857143,2026-02-16,8184357402.12,6350502713.99,128.88,Normal
2026-02-16,JPY,Corporate Banking,116530.18,10,74162.8857142857,2026-02-16,8184357402.12,6350502713.99,128.88,Normal
2026-02-16,usd,Markets,-297324.75,1,-197334.237142857,2026-02-16,8184357402.12,6350502713.99,128.88,Normal
2026-02-16,CHF,Investment Banking,-168634.61,8,-47301.8442857143,2026-02-16,8184357402.12,6350502713.99,128.88,Normal
2026-02-09,INR,Corporate Banking,-131117.5,11,-13246.2328571428,2026-02-09,11617813765.53,7981936154.45,145.55,Normal
2026-02-09,usd,Investment Banking,16472.34,1,17705.2485714286,2026-02-09,11617813765.53,7981936154.45,145.55,Normal
2026-02-09,jpy,Markets,-56755.73,2,49359.2571428571,2026-02-09,11617813765.53,7981936154.45,145.55,Normal
2026-02-09,GBP,Investment Banking,157337.67,4,134496.792857143,2026-02-09,11617813765.53,7981936154.45,145.55,Normal
2026-02-09,JPY,Treasury,-678531.04,13,717407.668571429,2026-02-09,11617813765.53,7981936154.45,145.55,Normal
2026-02-09,GBP,Corporate Banking,219018.01,9,3.23999999999588,2026-02-09,11617813765.53,7981936154.45,145.55,Normal
2026-02-09,gbp,Markets,-411584.33,1,-122746.01,2026-02-09,11617813765.53,7981936154.45,145.55,Normal
2026-02-09,CAD,Investment Banking,7280.72000000002,5,-18705.4271428571,2026-02-09,11617813765.53,7981936154.45,145.55,Normal
2026-02-09,INR,Markets,-1939204.2,13,-934359.974285714,2026-02-09,11617813765.53,7981936154.45,145.55,Normal
2026-02-09,GBP,Retail Banking,36882.22,12,-10817.6514285714,2026-02-09,11617813765.53,7981936154.45,145.55,Normal
2026-02-09,AUD,Investment Banking,-193954.28,8,-66397.0914285714,2026-02-09,11617813765.53,7981936154.45,145.55,Normal
2026-02-09,AUD,Retail Banking,41869.46,10,36672.8957142857,2026-02-09,11617813765.53,7981936154.45,145.55,Normal
2026-02-09,cad,Markets,-88573.8,1,-270822.988571429,2026-02-09,11617813765.53,7981936154.45,145.55,Normal
2026-02-09,EUR,Retail Banking,-40236.96,13,-47884.2742857143,2026-02-09,11617813765.53,7981936154.45,145.55,Normal
2026-02-09,cad,Retail Banking,6573.02,1,-7598.86428571429,2026-02-09,11617813765.53,7981936154.45,145.55,Normal
2026-02-09,CAD,Retail Banking,-52085.14,9,-45988.9271428572,2026-02-09,11617813765.53,7981936154.45,145.55,Normal
2026-02-09,INR,Retail Banking,-77385.74,14,-43904.5828571429,2026-02-09,11617813765.53,7981936154.45,145.55,Normal
2026-02-09,CHF,Corporate Banking,14117.87,4,-49872.77,2026-02-09,11617813765.53,7981936154.45,145.55,Normal
2026-02-09,GBP,Markets,-1545747.37,13,441291.18,2026-02-09,11617813765.53,7981936154.45,145.55,Normal
2026-02-09,usd,Treasury,285527.11,1,79359.2928571429,2026-02-09,11617813765.53,7981936154.45,145.55,Normal
2026-02-09,USD,Corporate Banking,39214.36,9,-39368.2342857143,2026-02-09,11617813765.53,7981936154.45,145.55,Normal
2026-02-09,EUR,Investment Banking,102109.58,9,-105110.374285714,2026-02-09,11617813765.53,7981936154.45,145.55,Normal
2026-02-09,chf,Markets,192467.26,1,-67409.2628571429,2026-02-09,11617813765.53,7981936154.45,145.55,Normal
2026-02-09,aud,Retail Banking,-342078.87,1,-53896.4885714286,2026-02-09,11617813765.53,7981936154.45,145.55,Normal
2026-02-09,USD,Markets,-1994724.36,12,-1064492.77571429,2026-02-09,11617813765.53,7981936154.45,145.55,Normal
2026-02-09,cad,Treasury,-74876.61,1,-290096.455714286,2026-02-09,11617813765.53,7981936154.45,145.55,Normal
2026-02-09,inr,Treasury,-176635.64,1,-29879.1471428571,2026-02-09,11617813765.53,7981936154.45,145.55,Normal
2026-02-09,INR,Treasury,997764.37,24,242842.414285714,2026-02-09,11617813765.53,7981936154.45,145.55,Normal
2026-02-09,USD,Retail Banking,-106806.36,7,-74284.3128571429,2026-02-09,11617813765.53,7981936154.45,145.55,Normal
2026-02-09,CHF,Treasury,-260264.1,13,362540.994285714,2026-02-09,11617813765.53,7981936154.45,145.55,Normal
2026-02-09,CAD,Corporate Banking,198833.33,8,1462.91142857143,2026-02-09,11617813765.53,7981936154.45,145.55,Normal
2026-02-09,JPY,Retail Banking,-4938.12,11,-140824.045714286,2026-02-09,11617813765.53,7981936154.45,145.55,Normal
2026-02-09,JPY,Investment Banking,-225704.3,7,-21996.51,2026-02-09,11617813765.53,7981936154.45,145.55,Normal
2026-02-09,AUD,Markets,523276.76,19,74393.5785714285,2026-02-09,11617813765.53,7981936154.45,145.55,Normal
2026-02-09,EUR,Corporate Banking,-60225.21,7,3810.2557142857,2026-02-09,11617813765.53,7981936154.45,145.55,Normal
2026-02-09,gbp,Investment Banking,-60450.85,1,-24247.1414285714,2026-02-09,11617813765.53,7981936154.45,145.55,Normal
2026-02-09,USD,Treasury,606336.42,13,370811.93,2026-02-09,11617813765.53,7981936154.45,145.55,Normal
2026-02-09,CHF,Retail Banking,-169329.11,4,28870.7285714286,2026-02-09,11617813765.53,7981936154.45,145.55,Normal
2026-02-09,CAD,Markets,1162407.89,14,365722.265714286,2026-02-09,11617813765.53,7981936154.45,145.55,Normal
2026-02-09,chf,Retail Banking,-16162.85,1,-8082.79857142857,2026-02-09,11617813765.53,7981936154.45,145.55,Normal
2026-02-09,CAD,Treasury,-648838.82,10,-661298.045714286,2026-02-09,11617813765.53,7981936154.45,145.55,Normal
2026-02-09,USD,Investment Banking,135819.75,5,-48563.3057142857,2026-02-09,11617813765.53,7981936154.45,145.55,Normal
2026-02-09,INR,Investment Banking,34956.5,6,-9795.32285714285,2026-02-09,11617813765.53,7981936154.45,145.55,Normal
2026-02-09,GBP,Treasury,-1180193.21,15,569338.708571428,2026-02-09,11617813765.53,7981936154.45,145.55,Normal
2026-02-09,EUR,Treasury,746128.49,13,-608651.091428571,2026-02-09,11617813765.53,7981936154.45,145.55,Normal
2026-02-09,JPY,Markets,-862503.6,15,-943356.897142857,2026-02-09,11617813765.53,7981936154.45,145.55,Normal
2026-02-09,CHF,Markets,-3248793.3,16,-194820.941428572,2026-02-09,11617813765.53,7981936154.45,145.55,Normal
2026-02-09,EUR,Markets,-1180069.49,21,-241024.535714286,2026-02-09,11617813765.53,7981936154.45,145.55,Normal
2026-02-09,AUD,Corporate Banking,213872.2,14,-69978.5228571429,2026-02-09,11617813765.53,7981936154.45,145.55,Normal
2026-02-09,AUD,Treasury,-2978148.13,20,-232162.097142857,2026-02-09,11617813765.53,7981936154.45,145.55,Normal
2026-02-09,JPY,Corporate Banking,162126.31,14,-42666.5157142857,2026-02-09,11617813765.53,7981936154.45,145.55,Normal
2026-02-09,usd,Markets,456010.53,1,-150711.924285714,2026-02-09,11617813765.53,7981936154.45,145.55,Normal
2026-02-09,CHF,Investment Banking,-16816.99,4,27485.8028571429,2026-02-09,11617813765.53,7981936154.45,145.55,Normal
2026-01-26,INR,Corporate Banking,-337934.55,8,63038.0371428572,2026-01-26,8043402504.89,7311400646.61,110.01,Normal
2026-01-26,GBP,Investment Banking,114034.56,12,31980.2028571428,2026-01-26,8043402504.89,7311400646.61,110.01,Normal
2026-01-26,JPY,Treasury,-1256009.01,14,-316032.907142857,2026-01-26,8043402504.89,7311400646.61,110.01,Normal
2026-01-26,GBP,Corporate Banking,63744.14,9,-30298.0071428571,2026-01-26,8043402504.89,7311400646.61,110.01,Normal
2026-01-26,jpy,Treasury,-75950.84,1,7260.34571428572,2026-01-26,8043402504.89,7311400646.61,110.01,Normal
2026-01-26,CAD,Investment Banking,-84385.54,11,-55581.7171428571,2026-01-26,8043402504.89,7311400646.61,110.01,Normal
2026-01-26,INR,Markets,751434.88,9,122171.15,2026-01-26,8043402504.89,7311400646.61,110.01,Normal
2026-01-26,GBP,Retail Banking,113005.01,8,-24574.1128571429,2026-01-26,8043402504.89,7311400646.61,110.01,Normal
2026-01-26,AUD,Investment Banking,9774.50000000001,13,-41276.8371428571,2026-01-26,8043402504.89,7311400646.61,110.01,Normal
2026-01-26,AUD,Retail Banking,-343306.71,13,-18630.3514285714,2026-01-26,8043402504.89,7311400646.61,110.01,Normal
2026-01-26,EUR,Retail Banking,130956.07,14,104501.758571429,2026-01-26,8043402504.89,7311400646.61,110.01,Normal
2026-01-26,CAD,Retail Banking,-141580.28,14,9458.50142857142,2026-01-26,8043402504.89,7311400646.61,110.01,Normal
2026-01-26,INR,Retail Banking,12445.28,8,18148.7957142857,2026-01-26,8043402504.89,7311400646.61,110.01,Normal
2026-01-26,CHF,Corporate Banking,-146951.47,11,-60764.7228571429,2026-01-26,8043402504.89,7311400646.61,110.01,Normal
2026-01-26,GBP,Markets,1546128.36,18,240289.435714286,2026-01-26,8043402504.89,7311400646.61,110.01,Normal
2026-01-26,USD,Corporate Banking,51225.86,7,64401.2014285714,2026-01-26,8043402504.89,7311400646.61,110.01,Normal
2026-01-26,EUR,Investment Banking,-3865.17,12,-32921.4885714286,2026-01-26,8043402504.89,7311400646.61,110.01,Normal
2026-01-26,aud,Retail Banking,-52293.24,1,-4270.28857142857,2026-01-26,8043402504.89,7311400646.61,110.01,Normal
2026-01-26,USD,Markets,-133424.38,19,531760.067142857,2026-01-26,8043402504.89,7311400646.61,110.01,Normal
2026-01-26,cad,Investment Banking,35944.58,1,5455.59285714286,2026-01-26,8043402504.89,7311400646.61,110.01,Normal
2026-01-26,INR,Treasury,441762.99,10,-343738.868571429,2026-01-26,8043402504.89,7311400646.61,110.01,Normal
2026-01-26,USD,Retail Banking,13963.23,9,51752.0471428571,2026-01-26,8043402504.89,7311400646.61,110.01,Normal
2026-01-26,CHF,Treasury,-308758.68,14,-848852.632857143,2026-01-26,8043402504.89,7311400646.61,110.01,Normal
2026-01-26,CAD,Corporate Banking,139079.45,11,-64622.1042857143,2026-01-26,8043402504.89,7311400646.61,110.01,Normal
2026-01-26,JPY,Retail Banking,143606.21,8,-119240.44,2026-01-26,8043402504.89,7311400646.61,110.01,Normal
2026-01-26,JPY,Investment Banking,12785.93,14,-33841.6185714286,2026-01-26,8043402504.89,7311400646.61,110.01,Normal
2026-01-26,AUD,Markets,868389.53,15,117496.887142857,2026-01-26,8043402504.89,7311400646.61,110.01,Normal
2026-01-26,EUR,Corporate Banking,183805.56,7,3883.36285714286,2026-01-26,8043402504.89,7311400646.61,110.01,Normal
2026-01-26,gbp,Investment Banking,16345.82,1,211.547142857143,2026-01-26,8043402504.89,7311400646.61,110.01,Normal
2026-01-26,USD,Treasury,-2183175.17,9,-752016.165714286,2026-01-26,8043402504.89,7311400646.61,110.01,Normal
2026-01-26,CHF,Retail Banking,186061.65,15,-64484.6771428572,2026-01-26,8043402504.89,7311400646.61,110.01,Normal
2026-01-26,eur,Investment Banking,-68605.15,2,534.089999999999,2026-01-26,8043402504.89,7311400646.61,110.01,Normal
2026-01-26,CAD,Markets,713990.66,13,682381.231428571,2026-01-26,8043402504.89,7311400646.61,110.01,Normal
2026-01-26,CAD,Treasury,407385.53,15,447695.784285714,2026-01-26,8043402504.89,7311400646.61,110.01,Normal
2026-01-26,USD,Investment Banking,19221.28,7,76867.4357142857,2026-01-26,8043402504.89,7311400646.61,110.01,Normal
2026-01-26,INR,Investment Banking,-353400.83,15,-141674.068571429,2026-01-26,8043402504.89,7311400646.61,110.01,Normal
2026-01-26,GBP,Treasury,-1759639.13,13,1032820.87714286,2026-01-26,8043402504.89,7311400646.61,110.01,Normal
2026-01-26,EUR,Treasury,735919.48,21,897733.22,2026-01-26,8043402504.89,7311400646.61,110.01,Normal
2026-01-26,JPY,Markets,279280.12,24,293270.594285714,2026-01-26,8043402504.89,7311400646.61,110.01,Normal
2026-01-26,CHF,Markets,27616.4100000001,13,-782681.48,2026-01-26,8043402504.89,7311400646.61,110.01,Normal
2026-01-26,EUR,Markets,-1655689.44,16,-412167.424285714,2026-01-26,8043402504.89,7311400646.61,110.01,Normal
2026-01-26,AUD,Corporate Banking,46872.07,10,-85419.4885714286,2026-01-26,8043402504.89,7311400646.61,110.01,Normal
2026-01-26,AUD,Treasury,-152547.83,9,-204048.962857143,2026-01-26,8043402504.89,7311400646.61,110.01,Normal
2026-01-26,JPY,Corporate Banking,7301.21,4,71817.1685714286,2026-01-26,8043402504.89,7311400646.61,110.01,Normal
2026-01-26,usd,Markets,127612.92,1,-329291.557142857,2026-01-26,8043402504.89,7311400646.61,110.01,Normal
2026-01-26,CHF,Investment Banking,206761.41,8,-55928.9214285714,2026-01-26,8043402504.89,7311400646.61,110.01,Normal
2026-02-02,INR,Corporate Banking,19022.17,6,34972.3914285714,2026-02-02,11596365472.88,7695859190.26,150.68,Normal
2026-02-02,GBP,Investment Banking,25815.75,11,-7858.17571428571,2026-02-02,11596365472.88,7695859190.26,150.68,Normal
2026-02-02,inr,Markets,480878.2,1,-7733.78571428572,2026-02-02,11596365472.88,7695859190.26,150.68,Normal
2026-02-02,JPY,Treasury,-1835500.55,17,-76480.5185714288,2026-02-02,11596365472.88,7695859190.26,150.68,Normal
2026-02-02,GBP,Corporate Banking,-128627.68,17,-21677.44,2026-02-02,11596365472.88,7695859190.26,150.68,Normal
2026-02-02,CAD,Investment Banking,-404795.54,12,-103485.772857143,2026-02-02,11596365472.88,7695859190.26,150.68,Normal
2026-02-02,INR,Markets,1309080.19,9,-740199.467142857,2026-02-02,11596365472.88,7695859190.26,150.68,Normal
2026-02-02,GBP,Retail Banking,96485.57,9,48604.6414285714,2026-02-02,11596365472.88,7695859190.26,150.68,Normal
2026-02-02,AUD,Investment Banking,62422.46,10,-10204.5885714286,2026-02-02,11596365472.88,7695859190.26,150.68,Normal
2026-02-02,AUD,Retail Banking,-360879.5,12,-76434.2671428571,2026-02-02,11596365472.88,7695859190.26,150.68,Normal
2026-02-02,EUR,Retail Banking,-156718.39,15,6214.85142857143,2026-02-02,11596365472.88,7695859190.26,150.68,Normal
2026-02-02,CAD,Retail Banking,-15430.2,13,-85267.8285714286,2026-02-02,11596365472.88,7695859190.26,150.68,Normal
2026-02-02,INR,Retail Banking,119370.24,9,-11905.2757142857,2026-02-02,11596365472.88,7695859190.26,150.68,Normal
2026-02-02,CHF,Corporate Banking,173981.7,8,-20490.4514285714,2026-02-02,11596365472.88,7695859190.26,150.68,Normal
2026-02-02,GBP,Markets,-174343.72,13,-43526.6257142857,2026-02-02,11596365472.88,7695859190.26,150.68,Normal
2026-02-02,usd,Treasury,374371.24,1,110346.182857143,2026-02-02,11596365472.88,7695859190.26,150.68,Normal
2026-02-02,USD,Corporate Banking,194050.72,19,20727.3457142857,2026-02-02,11596365472.88,7695859190.26,150.68,Normal
2026-02-02,EUR,Investment Banking,-27805.21,15,32992.2485714286,2026-02-02,11596365472.88,7695859190.26,150.68,Normal
2026-02-02,USD,Markets,973499.5,16,-489747.508571428,2026-02-02,11596365472.88,7695859190.26,150.68,Normal
2026-02-02,INR,Treasury,-88333.4199999999,11,-463980.211428571,2026-02-02,11596365472.88,7695859190.26,150.68,Normal
2026-02-02,USD,Retail Banking,-115135.94,9,11185.4914285714,2026-02-02,11596365472.88,7695859190.26,150.68,Normal
2026-02-02,CHF,Treasury,749642.37,22,-653437.631428572,2026-02-02,11596365472.88,7695859190.26,150.68,Normal
2026-02-02,CAD,Corporate Banking,140149.87,8,114505.308571429,2026-02-02,11596365472.88,7695859190.26,150.68,Normal
2026-02-02,JPY,Retail Banking,-90750.02,9,1173.02285714285,2026-02-02,11596365472.88,7695859190.26,150.68,Normal
2026-02-02,JPY,Investment Banking,-168667.34,11,6573.19,2026-02-02,11596365472.88,7695859190.26,150.68,Normal
2026-02-02,AUD,Markets,636999.4,10,-1090097.72,2026-02-02,11596365472.88,7695859190.26,150.68,Normal
2026-02-02,EUR,Corporate Banking,94863.69,16,15490.9385714286,2026-02-02,11596365472.88,7695859190.26,150.68,Normal
2026-02-02,USD,Treasury,735034.45,19,138340.707142857,2026-02-02,11596365472.88,7695859190.26,150.68,Normal
2026-02-02,CHF,Retail Banking,327255.59,12,96992.6042857143,2026-02-02,11596365472.88,7695859190.26,150.68,Normal
2026-02-02,CAD,Markets,-562279.06,12,-654986.102857143,2026-02-02,11596365472.88,7695859190.26,150.68,Normal
2026-02-02,chf,Corporate Banking,23521.96,1,31267.4671428571,2026-02-02,11596365472.88,7695859190.26,150.68,Normal
2026-02-02,CAD,Treasury,440136.81,12,-306861.865714286,2026-02-02,11596365472.88,7695859190.26,150.68,Normal
2026-02-02,USD,Investment Banking,-242999.82,14,-102699.424285714,2026-02-02,11596365472.88,7695859190.26,150.68,Normal
2026-02-02,INR,Investment Banking,-186308.67,12,-135820.924285714,2026-02-02,11596365472.88,7695859190.26,150.68,Normal
2026-02-02,GBP,Treasury,-216681.58,8,832808.324285714,2026-02-02,11596365472.88,7695859190.26,150.68,Normal
2026-02-02,EUR,Treasury,1127854.35,20,-354621.881428572,2026-02-02,11596365472.88,7695859190.26,150.68,Normal
2026-02-02,JPY,Markets,-571449.64,13,-1165347.03714286,2026-02-02,11596365472.88,7695859190.26,150.68,Normal
2026-02-02,CHF,Markets,-414804.65,10,-634848.55,2026-02-02,11596365472.88,7695859190.26,150.68,Normal
2026-02-02,eur,Corporate Banking,-2342.53,1,-8037.28142857143,2026-02-02,11596365472.88,7695859190.26,150.68,Normal
2026-02-02,EUR,Markets,991260.92,19,-132708.92,2026-02-02,11596365472.88,7695859190.26,150.68,Normal
2026-02-02,cad,Corporate Banking,-36760.41,2,14802.6057142857,2026-02-02,11596365472.88,7695859190.26,150.68,Normal
2026-02-02,AUD,Corporate Banking,53375.57,7,116407.365714286,2026-02-02,11596365472.88,7695859190.26,150.68,Normal
2026-02-02,AUD,Treasury,2528003.4,15,525579.077142857,2026-02-02,11596365472.88,7695859190.26,150.68,Normal
2026-02-02,JPY,Corporate Banking,53466.29,15,148738.09,2026-02-02,11596365472.88,7695859190.26,150.68,Normal
2026-02-02,CHF,Investment Banking,-358136.54,15,-44805.74,2026-02-02,11596365472.88,7695859190.26,150.68,Normal
2026-02-20,INR,Corporate Banking,-123140.49,9,-145820.252857143,2026-02-20,11841160267.77,7102585336.23,166.72,Normal
2026-02-20,GBP,Investment Banking,-27373.33,5,-17670.5514285714,2026-02-20,11841160267.77,7102585336.23,166.72,Normal
2026-02-20,inr,Markets,131706.73,1,-253458.048571429,2026-02-20,11841160267.77,7102585336.23,166.72,Normal
2026-02-20,JPY,Treasury,667116.15,16,384190.194285714,2026-02-20,11841160267.77,7102585336.23,166.72,Normal
2026-02-20,GBP,Corporate Banking,-47048.56,17,31327.05,2026-02-20,11841160267.77,7102585336.23,166.72,Normal
2026-02-20,gbp,Treasury,240941.49,1,228703.722857143,2026-02-20,11841160267.77,7102585336.23,166.72,Normal
2026-02-20,CAD,Investment Banking,-12992.94,4,63815.6342857143,2026-02-20,11841160267.77,7102585336.23,166.72,Normal
2026-02-20,INR,Markets,1143941.84,10,197829.052857143,2026-02-20,11841160267.77,7102585336.23,166.72,Normal
2026-02-20,GBP,Retail Banking,451045.82,11,-12382.8828571428,2026-02-20,11841160267.77,7102585336.23,166.72,Normal
2026-02-20,AUD,Investment Banking,248868.73,10,66836.4185714286,2026-02-20,11841160267.77,7102585336.23,166.72,Normal
2026-02-20,AUD,Retail Banking,82098.54,14,-32549.2071428571,2026-02-20,11841160267.77,7102585336.23,166.72,Normal
2026-02-20,EUR,Retail Banking,90775.56,10,-48739.6185714285,2026-02-20,11841160267.77,7102585336.23,166.72,Normal
2026-02-20,CAD,Retail Banking,-8032.68000000001,12,-139065.488571429,2026-02-20,11841160267.77,7102585336.23,166.72,Normal
2026-02-20,INR,Retail Banking,-122027.34,13,-82711.5585714286,2026-02-20,11841160267.77,7102585336.23,166.72,Normal
2026-02-20,CHF,Corporate Banking,254200.45,11,-63263.7557142857,2026-02-20,11841160267.77,7102585336.23,166.72,Normal
2026-02-20,GBP,Markets,1352860.35,11,1262455.13142857,2026-02-20,11841160267.77,7102585336.23,166.72,Normal
2026-02-20,USD,Corporate Banking,-135201.58,14,-38382.1128571429,2026-02-20,11841160267.77,7102585336.23,166.72,Normal
2026-02-20,EUR,Investment Banking,-160504.13,10,-41665.2642857143,2026-02-20,11841160267.77,7102585336.23,166.72,Normal
2026-02-20,USD,Markets,-416178.77,13,321282.097142857,2026-02-20,11841160267.77,7102585336.23,166.72,Normal
2026-02-20,INR,Treasury,1359616.83,16,134455.567142857,2026-02-20,11841160267.77,7102585336.23,166.72,Normal
2026-02-20,USD,Retail Banking,53003.42,9,-70498.7714285714,2026-02-20,11841160267.77,7102585336.23,166.72,Normal
2026-02-20,CHF,Treasury,289719.52,18,-237749.582857143,2026-02-20,11841160267.77,7102585336.23,166.72,Normal
2026-02-20,CAD,Corporate Banking,-144434.35,11,-45938.6542857143,2026-02-20,11841160267.77,7102585336.23,166.72,Normal
2026-02-20,JPY,Retail Banking,44665.14,8,-6216.57857142858,2026-02-20,11841160267.77,7102585336.23,166.72,Normal
2026-02-20,JPY,Investment Banking,-171619.65,9,-175398.82,2026-02-20,11841160267.77,7102585336.23,166.72,Normal
2026-02-20,AUD,Markets,-3949439.14,19,949056.862857143,2026-02-20,11841160267.77,7102585336.23,166.72,Normal
2026-02-20,EUR,Corporate Banking,-107009.15,11,-40857.2714285714,2026-02-20,11841160267.77,7102585336.23,166.72,Normal
2026-02-20,USD,Treasury,-1081456.09,13,-711650.11,2026-02-20,11841160267.77,7102585336.23,166.72,Normal
2026-02-20,eur,Markets,105464.17,1,75561.1928571429,2026-02-20,11841160267.77,7102585336.23,166.72,Normal
2026-02-20,CHF,Retail Banking,116965.79,10,-11910.6785714286,2026-02-20,11841160267.77,7102585336.23,166.72,Normal
2026-02-20,CAD,Markets,49969.85,17,251271.104285714,2026-02-20,11841160267.77,7102585336.23,166.72,Normal
2026-02-20,CAD,Treasury,-172584.12,14,102787.9,2026-02-20,11841160267.77,7102585336.23,166.72,Normal
2026-02-20,USD,Investment Banking,94075.64,5,119279.235714286,2026-02-20,11841160267.77,7102585336.23,166.72,Normal
2026-02-20,INR,Investment Banking,-150842.08,8,-101693.324285714,2026-02-20,11841160267.77,7102585336.23,166.72,Normal
2026-02-20,GBP,Treasury,1622192.34,17,-893228.458571429,2026-02-20,11841160267.77,7102585336.23,166.72,Normal
2026-02-20,EUR,Treasury,2498490.46,14,574620.894285714,2026-02-20,11841160267.77,7102585336.23,166.72,Normal
2026-02-20,aud,Treasury,-139082.35,1,-152199.281428571,2026-02-20,11841160267.77,7102585336.23,166.72,Normal
2026-02-20,JPY,Markets,2827038.51,18,-632178.702857143,2026-02-20,11841160267.77,7102585336.23,166.72,Normal
2026-02-20,CHF,Markets,237974.06,12,-1695777.92428571,2026-02-20,11841160267.77,7102585336.23,166.72,Normal
2026-02-20,EUR,Markets,-684777.96,14,-802658.995714286,2026-02-20,11841160267.77,7102585336.23,166.72,Normal
2026-02-20,AUD,Corporate Banking,-40442.71,7,-5266.14142857142,2026-02-20,11841160267.77,7102585336.23,166.72,Normal
2026-02-20,AUD,Treasury,849205.81,16,192869.204285714,2026-02-20,11841160267.77,7102585336.23,166.72,Normal
2026-02-20,JPY,Corporate Banking,-146266.85,8,17531.3928571429,2026-02-20,11841160267.77,7102585336.23,166.72,Normal
2026-02-20,CHF,Investment Banking,-16807.64,10,-31081.74,2026-02-20,11841160267.77,7102585336.23,166.72,Normal
2026-01-01,INR,Corporate Banking,-528509.41,14,-81981.9028571428,2026-01-01,9625747518.97,7928001852.16,121.41,Normal
2026-01-01,GBP,Investment Banking,-84825.98,8,-165187.835714286,2026-01-01,9625747518.97,7928001852.16,121.41,Normal
2026-01-01,JPY,Treasury,2760796.83,16,467465.581428571,2026-01-01,9625747518.97,7928001852.16,121.41,Normal
2026-01-01,GBP,Corporate Banking,-54849.86,11,-53771.3371428571,2026-01-01,9625747518.97,7928001852.16,121.41,Normal
2026-01-01,gbp,Treasury,-958040.43,1,-273288.998571429,2026-01-01,9625747518.97,7928001852.16,121.41,Normal
2026-01-01,CAD,Investment Banking,139199.25,11,12031.5857142857,2026-01-01,9625747518.97,7928001852.16,121.41,Normal
2026-01-01,INR,Markets,60120.2599999997,14,98807.1699999999,2026-01-01,9625747518.97,7928001852.16,121.41,Normal
2026-01-01,GBP,Retail Banking,-52293.19,6,-41596.7542857143,2026-01-01,9625747518.97,7928001852.16,121.41,Normal
2026-01-01,AUD,Investment Banking,-11784.55,13,-24990.73,2026-01-01,9625747518.97,7928001852.16,121.41,Normal
2026-01-01,AUD,Retail Banking,-105016,6,-33205.6157142857,2026-01-01,9625747518.97,7928001852.16,121.41,Normal
2026-01-01,cad,Markets,-183275.5,1,-133491.641428571,2026-01-01,9625747518.97,7928001852.16,121.41,Normal
2026-01-01,EUR,Retail Banking,28139.6,9,36171.5842857143,2026-01-01,9625747518.97,7928001852.16,121.41,Normal
2026-01-01,CAD,Retail Banking,47497.84,5,-130380.702857143,2026-01-01,9625747518.97,7928001852.16,121.41,Normal
2026-01-01,INR,Retail Banking,-6973.60999999999,9,-74472.4814285714,2026-01-01,9625747518.97,7928001852.16,121.41,Normal
2026-01-01,CHF,Corporate Banking,-22328.95,15,-87901.9685714286,2026-01-01,9625747518.97,7928001852.16,121.41,Normal
2026-01-01,GBP,Markets,-5692257.02,18,324984.538571429,2026-01-01,9625747518.97,7928001852.16,121.41,Normal
2026-01-01,USD,Corporate Banking,-242507.29,15,2333.69285714286,2026-01-01,9625747518.97,7928001852.16,121.41,Normal
2026-01-01,EUR,Investment Banking,-108320.8,11,-37520.0571428571,2026-01-01,9625747518.97,7928001852.16,121.41,Normal
2026-01-01,USD,Markets,1916052.56,19,150377.235714286,2026-01-01,9625747518.97,7928001852.16,121.41,Normal
2026-01-01,INR,Treasury,1783185.43,16,286798.755714286,2026-01-01,9625747518.97,7928001852.16,121.41,Normal
2026-01-01,USD,Retail Banking,442946.34,14,55096.9928571429,2026-01-01,9625747518.97,7928001852.16,121.41,Normal
2026-01-01,CHF,Treasury,-114053.36,10,-947886.16,2026-01-01,9625747518.97,7928001852.16,121.41,Normal
2026-01-01,CAD,Corporate Banking,-92707.74,7,-43087.83,2026-01-01,9625747518.97,7928001852.16,121.41,Normal
2026-01-01,JPY,Retail Banking,-1789.21,12,-97773.9285714286,2026-01-01,9625747518.97,7928001852.16,121.41,Normal
2026-01-01,JPY,Investment Banking,66588.64,8,102674.282857143,2026-01-01,9625747518.97,7928001852.16,121.41,Normal
2026-01-01,AUD,Markets,1379222.15,22,-72326.35,2026-01-01,9625747518.97,7928001852.16,121.41,Normal
2026-01-01,EUR,Corporate Banking,-66787.78,12,-75461.3457142857,2026-01-01,9625747518.97,7928001852.16,121.41,Normal
2026-01-01,USD,Treasury,-1911349.95,14,174876.08,2026-01-01,9625747518.97,7928001852.16,121.41,Normal
2026-01-01,CHF,Retail Banking,144714.59,8,49315.5342857143,2026-01-01,9625747518.97,7928001852.16,121.41,Normal
2026-01-01,CAD,Markets,-2494722.39,16,-166615.338571429,2026-01-01,9625747518.97,7928001852.16,121.41,Normal
2026-01-01,chf,Corporate Banking,-1951.3,1,5057.90571428572,2026-01-01,9625747518.97,7928001852.16,121.41,Normal
2026-01-01,CAD,Treasury,-1421183.42,13,-334256.971428571,2026-01-01,9625747518.97,7928001852.16,121.41,Normal
2026-01-01,USD,Investment Banking,-181533.51,17,-68568.5271428571,2026-01-01,9625747518.97,7928001852.16,121.41,Normal
2026-01-01,INR,Investment Banking,321082.67,16,-76487.6471428571,2026-01-01,9625747518.97,7928001852.16,121.41,Normal
2026-01-01,GBP,Treasury,-197187.24,27,-326687.781428571,2026-01-01,9625747518.97,7928001852.16,121.41,Normal
2026-01-01,EUR,Treasury,-103830.33,18,844600.79,2026-01-01,9625747518.97,7928001852.16,121.41,Normal
2026-01-01,JPY,Markets,1646181.57,11,-402888.445714286,2026-01-01,9625747518.97,7928001852.16,121.41,Normal
2026-01-01,CHF,Markets,-373455.14,17,-496591.9,2026-01-01,9625747518.97,7928001852.16,121.41,Normal
2026-01-01,usd,Retail Banking,7775.97,1,2591.38,2026-01-01,9625747518.97,7928001852.16,121.41,Normal
2026-01-01,EUR,Markets,-759928.95,17,-63201.9871428572,2026-01-01,9625747518.97,7928001852.16,121.41,Normal
2026-01-01,AUD,Corporate Banking,7873.34000000001,9,-134600.202857143,2026-01-01,9625747518.97,7928001852.16,121.41,Normal
2026-01-01,AUD,Treasury,-1011594.38,14,1072074.81285714,2026-01-01,9625747518.97,7928001852.16,121.41,Normal
2026-01-01,JPY,Corporate Banking,-53454.87,11,-7019.69571428571,2026-01-01,9625747518.97,7928001852.16,121.41,Normal
2026-01-01,eur,Retail Banking,-68724.28,1,-1532.74857142857,2026-01-01,9625747518.97,7928001852.16,121.41,Normal
2026-01-01,usd,Markets,-535569.45,1,-322637.375714286,2026-01-01,9625747518.97,7928001852.16,121.41,Normal
2026-01-01,CHF,Investment Banking,20440.14,7,-28696.9728571428,2026-01-01,9625747518.97,7928001852.16,121.41,Normal
2026-01-01,inr,Retail Banking,40870.76,1,1431.57571428571,2026-01-01,9625747518.97,7928001852.16,121.41,Normal
2025-11-08,jpy,Investment Banking,-6561.09,1,-4842.17714285714,2025-11-08,8831729867.61,7390656503.73,119.5,Normal
2025-11-08,INR,Corporate Banking,132278.12,7,42616.3,2025-11-08,8831729867.61,7390656503.73,119.5,Normal
2025-11-08,usd,Investment Banking,34860.84,1,-3332.33857142857,2025-11-08,8831729867.61,7390656503.73,119.5,Normal
2025-11-08,GBP,Investment Banking,-245271.77,8,-42334.0914285714,2025-11-08,8831729867.61,7390656503.73,119.5,Normal
2025-11-08,JPY,Treasury,1160891.71,13,709799.492857143,2025-11-08,8831729867.61,7390656503.73,119.5,Normal
2025-11-08,GBP,Corporate Banking,-40333.04,14,20297.3285714286,2025-11-08,8831729867.61,7390656503.73,119.5,Normal
2025-11-08,jpy,Retail Banking,20064.86,1,-2787.26142857143,2025-11-08,8831729867.61,7390656503.73,119.5,Normal
2025-11-08,gbp,Treasury,-575873.67,1,-49311.1514285714,2025-11-08,8831729867.61,7390656503.73,119.5,Normal
2025-11-08,aud,Corporate Banking,4776.1,1,-2114.59285714285,2025-11-08,8831729867.61,7390656503.73,119.5,Normal
2025-11-08,CAD,Investment Banking,-416882,16,-32477.2142857143,2025-11-08,8831729867.61,7390656503.73,119.5,Normal
2025-11-08,INR,Markets,1009657.6,16,28756.7428571428,2025-11-08,8831729867.61,7390656503.73,119.5,Normal
2025-11-08,GBP,Retail Banking,-56482.39,5,44760.6871428572,2025-11-08,8831729867.61,7390656503.73,119.5,Normal
2025-11-08,AUD,Investment Banking,127211.12,11,25955.2985714286,2025-11-08,8831729867.61,7390656503.73,119.5,Normal
2025-11-08,AUD,Retail Banking,39695.68,6,-126982.75,2025-11-08,8831729867.61,7390656503.73,119.5,Normal
2025-11-08,EUR,Retail Banking,119187.18,13,-44475.9657142857,2025-11-08,8831729867.61,7390656503.73,119.5,Normal
2025-11-08,CAD,Retail Banking,-138617.69,12,-11870.3257142857,2025-11-08,8831729867.61,7390656503.73,119.5,Normal
2025-11-08,INR,Retail Banking,174856.63,13,-29172.1242857143,2025-11-08,8831729867.61,7390656503.73,119.5,Normal
2025-11-08,CHF,Corporate Banking,69044.73,4,6571.53000000001,2025-11-08,8831729867.61,7390656503.73,119.5,Normal
2025-11-08,GBP,Markets,-5775470.99,18,-2371502.01142857,2025-11-08,8831729867.61,7390656503.73,119.5,Normal
2025-11-08,usd,Treasury,1326721.57,1,287992.705714286,2025-11-08,8831729867.61,7390656503.73,119.5,Normal
2025-11-08,USD,Corporate Banking,98420.46,7,-3847.33714285713,2025-11-08,8831729867.61,7390656503.73,119.5,Normal
2025-11-08,EUR,Investment Banking,128734.77,11,6207.43714285713,2025-11-08,8831729867.61,7390656503.73,119.5,Normal
2025-11-08,USD,Markets,-1358429.07,17,-611121.002857143,2025-11-08,8831729867.61,7390656503.73,119.5,Normal
2025-11-08,cad,Treasury,-389086.11,1,46953.3857142857,2025-11-08,8831729867.61,7390656503.73,119.5,Normal
2025-11-08,inr,Treasury,-81534.99,1,69385.9371428572,2025-11-08,8831729867.61,7390656503.73,119.5,Normal
2025-11-08,INR,Treasury,748229.91,10,-1040553.01571429,2025-11-08,8831729867.61,7390656503.73,119.5,Normal
2025-11-08,USD,Retail Banking,-179470.75,12,-43602.6985714286,2025-11-08,8831729867.61,7390656503.73,119.5,Normal
2025-11-08,CHF,Treasury,-2113828.33,22,-106554.848571429,2025-11-08,8831729867.61,7390656503.73,119.5,Normal
2025-11-08,CAD,Corporate Banking,163343.27,8,-16841.8042857143,2025-11-08,8831729867.61,7390656503.73,119.5,Normal
2025-11-08,JPY,Retail Banking,328398.15,12,146218.02,2025-11-08,8831729867.61,7390656503.73,119.5,Normal
2025-11-08,JPY,Investment Banking,216115.97,15,29209.6685714286,2025-11-08,8831729867.61,7390656503.73,119.5,Normal
2025-11-08,AUD,Markets,-610971.86,7,-58363.2857142857,2025-11-08,8831729867.61,7390656503.73,119.5,Normal
2025-11-08,EUR,Corporate Banking,614765.99,12,49817.42,2025-11-08,8831729867.61,7390656503.73,119.5,Normal
2025-11-08,USD,Treasury,-763898.92,16,-658111.925714286,2025-11-08,8831729867.61,7390656503.73,119.5,Normal
2025-11-08,CHF,Retail Banking,-172687.16,16,-22268.46,2025-11-08,8831729867.61,7390656503.73,119.5,Normal
2025-11-08,CAD,Markets,-603828.09,11,272976.155714286,2025-11-08,8831729867.61,7390656503.73,119.5,Normal
2025-11-08,CAD,Treasury,2302062.86,23,1026488.80857143,2025-11-08,8831729867.61,7390656503.73,119.5,Normal
2025-11-08,USD,Investment Banking,89924.18,10,3194.39,2025-11-08,8831729867.61,7390656503.73,119.5,Normal
2025-11-08,INR,Investment Banking,22017.89,9,-341708.065714286,2025-11-08,8831729867.61,7390656503.73,119.5,Normal
2025-11-08,GBP,Treasury,401204.44,11,-1317241.39142857,2025-11-08,8831729867.61,7390656503.73,119.5,Normal
2025-11-08,EUR,Treasury,-1202225.71,17,-354448.11,2025-11-08,8831729867.61,7390656503.73,119.5,Normal
2025-11-08,JPY,Markets,435685.570000001,15,-576547.694285714,2025-11-08,8831729867.61,7390656503.73,119.5,Normal
2025-11-08,CHF,Markets,-2777193.98,22,-796633.342857143,2025-11-08,8831729867.61,7390656503.73,119.5,Normal
2025-11-08,eur,Corporate Banking,-34181.94,1,-3770.71,2025-11-08,8831729867.61,7390656503.73,119.5,Normal
2025-11-08,EUR,Markets,2376311.72,16,386486.738571429,2025-11-08,8831729867.61,7390656503.73,119.5,Normal
2025-11-08,AUD,Corporate Banking,144287.64,16,16383.59,2025-11-08,8831729867.61,7390656503.73,119.5,Normal
2025-11-08,AUD,Treasury,-1785629.56,17,-11340.2285714287,2025-11-08,8831729867.61,7390656503.73,119.5,Normal
2025-11-08,JPY,Corporate Banking,-112279.37,9,-134380.975714286,2025-11-08,8831729867.61,7390656503.73,119.5,Normal
2025-11-08,CHF,Investment Banking,-62383.09,14,-11521.2342857143,2025-11-08,8831729867.61,7390656503.73,119.5,Normal
2026-02-01,INR,Corporate Banking,-55006.68,9,-16021.4257142857,2026-02-01,8484953341.66,6342706550.67,133.77,Normal
2026-02-01,jpy,Markets,-148822.19,1,-79515.6,2026-02-01,8484953341.66,6342706550.67,133.77,Normal
2026-02-01,GBP,Investment Banking,-79749.39,10,4744.51142857143,2026-02-01,8484953341.66,6342706550.67,133.77,Normal
2026-02-01,JPY,Treasury,-171623.57,15,6303.9871428571,2026-02-01,8484953341.66,6342706550.67,133.77,Normal
2026-02-01,GBP,Corporate Banking,27732.8,8,5804.24857142857,2026-02-01,8484953341.66,6342706550.67,133.77,Normal
2026-02-01,jpy,Retail Banking,-34856.47,1,-45097.7557142857,2026-02-01,8484953341.66,6342706550.67,133.77,Normal
2026-02-01,CAD,Investment Banking,148543.26,8,-57712.9157142857,2026-02-01,8484953341.66,6342706550.67,133.77,Normal
2026-02-01,INR,Markets,-1044758.79,16,-819863.082857143,2026-02-01,8484953341.66,6342706550.67,133.77,Normal
2026-02-01,GBP,Retail Banking,-101174.82,13,50964.5614285714,2026-02-01,8484953341.66,6342706550.67,133.77,Normal
2026-02-01,AUD,Investment Banking,-84235.86,9,-17725.7257142857,2026-02-01,8484953341.66,6342706550.67,133.77,Normal
2026-02-01,AUD,Retail Banking,337142.7,11,-73923.8685714286,2026-02-01,8484953341.66,6342706550.67,133.77,Normal
2026-02-01,inr,Corporate Banking,45798.85,1,20342.2271428571,2026-02-01,8484953341.66,6342706550.67,133.77,Normal
2026-02-01,EUR,Retail Banking,-225842.17,13,47311.2028571429,2026-02-01,8484953341.66,6342706550.67,133.77,Normal
2026-02-01,cad,Retail Banking,-12082.98,1,-16460.7771428571,2026-02-01,8484953341.66,6342706550.67,133.77,Normal
2026-02-01,CAD,Retail Banking,-273250.92,7,-103289.268571429,2026-02-01,8484953341.66,6342706550.67,133.77,Normal
2026-02-01,INR,Retail Banking,-186872.32,10,-27180.27,2026-02-01,8484953341.66,6342706550.67,133.77,Normal
2026-02-01,CHF,Corporate Banking,-71494.65,9,-66338.0471428571,2026-02-01,8484953341.66,6342706550.67,133.77,Normal
2026-02-01,GBP,Markets,423518.81,18,202255.1,2026-02-01,8484953341.66,6342706550.67,133.77,Normal
2026-02-01,USD,Corporate Banking,-15466.43,13,323.794285714285,2026-02-01,8484953341.66,6342706550.67,133.77,Normal
2026-02-01,EUR,Investment Banking,-109778.85,12,36412.2542857143,2026-02-01,8484953341.66,6342706550.67,133.77,Normal
2026-02-01,USD,Markets,-1607181,22,-647879.491428571,2026-02-01,8484953341.66,6342706550.67,133.77,Normal
2026-02-01,INR,Treasury,-775339.48,16,-388252.152857143,2026-02-01,8484953341.66,6342706550.67,133.77,Normal
2026-02-01,USD,Retail Banking,-102051.74,15,29628.23,2026-02-01,8484953341.66,6342706550.67,133.77,Normal
2026-02-01,CHF,Treasury,967425.58,6,-804637.781428572,2026-02-01,8484953341.66,6342706550.67,133.77,Normal
2026-02-01,CAD,Corporate Banking,-69676.15,9,114352.391428571,2026-02-01,8484953341.66,6342706550.67,133.77,Normal
2026-02-01,JPY,Retail Banking,34263.73,3,34652.4842857143,2026-02-01,8484953341.66,6342706550.67,133.77,Normal
2026-02-01,JPY,Investment Banking,-36881.92,9,32495.0857142857,2026-02-01,8484953341.66,6342706550.67,133.77,Normal
2026-02-01,AUD,Markets,-4163871.37,24,-1057041.98714286,2026-02-01,8484953341.66,6342706550.67,133.77,Normal
2026-02-01,EUR,Corporate Banking,174198.29,11,28196.92,2026-02-01,8484953341.66,6342706550.67,133.77,Normal
2026-02-01,gbp,Investment Banking,8229.38,1,-3464.10857142857,2026-02-01,8484953341.66,6342706550.67,133.77,Normal
2026-02-01,USD,Treasury,-252629.43,19,-278546.381428572,2026-02-01,8484953341.66,6342706550.67,133.77,Normal
2026-02-01,CHF,Retail Banking,149192.34,14,76822.0414285714,2026-02-01,8484953341.66,6342706550.67,133.77,Normal
2026-02-01,usd,Corporate Banking,-23656.94,1,-11152.2128571429,2026-02-01,8484953341.66,6342706550.67,133.77,Normal
2026-02-01,CAD,Markets,-2239399.54,10,-472661.857142857,2026-02-01,8484953341.66,6342706550.67,133.77,Normal
2026-02-01,CAD,Treasury,1760695.39,19,-311540.62,2026-02-01,8484953341.66,6342706550.67,133.77,Normal
2026-02-01,USD,Investment Banking,-172187.58,17,-65239.2671428571,2026-02-01,8484953341.66,6342706550.67,133.77,Normal
2026-02-01,INR,Investment Banking,-187420.22,15,-159691.232857143,2026-02-01,8484953341.66,6342706550.67,133.77,Normal
2026-02-01,GBP,Treasury,419765.9,24,612385.817142857,2026-02-01,8484953341.66,6342706550.67,133.77,Normal
2026-02-01,EUR,Treasury,-859416.34,15,-410612.577142857,2026-02-01,8484953341.66,6342706550.67,133.77,Normal
2026-02-01,JPY,Markets,414805.69,15,-1043814.21428571,2026-02-01,8484953341.66,6342706550.67,133.77,Normal
2026-02-01,CHF,Markets,4621.92000000004,17,-571645.541428571,2026-02-01,8484953341.66,6342706550.67,133.77,Normal
2026-02-01,chf,Investment Banking,8093.27,1,-11861.71,2026-02-01,8484953341.66,6342706550.67,133.77,Normal
2026-02-01,EUR,Markets,652583.04,15,-510844.685714286,2026-02-01,8484953341.66,6342706550.67,133.77,Normal
2026-02-01,cad,Corporate Banking,38234.19,1,16437.06,2026-02-01,8484953341.66,6342706550.67,133.77,Normal
2026-02-01,AUD,Corporate Banking,112267.38,16,115478.294285714,2026-02-01,8484953341.66,6342706550.67,133.77,Normal
2026-02-01,AUD,Treasury,-1887472.98,19,142643.187142857,2026-02-01,8484953341.66,6342706550.67,133.77,Normal
2026-02-01,JPY,Corporate Banking,196552.38,13,142143.078571429,2026-02-01,8484953341.66,6342706550.67,133.77,Normal
2026-02-01,CHF,Investment Banking,-89996.69,10,35893.9671428571,2026-02-01,8484953341.66,6342706550.67,133.77,Normal
2025-11-27,INR,Corporate Banking,240494.85,10,72330.6285714286,2025-11-27,11085830624.35,7816093498.1,141.83,Normal
2025-11-27,usd,Investment Banking,29510.09,1,-3119.48142857143,2025-11-27,11085830624.35,7816093498.1,141.83,Normal
2025-11-27,GBP,Investment Banking,12082.3,9,-3617.91285714285,2025-11-27,11085830624.35,7816093498.1,141.83,Normal
2025-11-27,JPY,Treasury,1015077.92,19,-561117.724285714,2025-11-27,11085830624.35,7816093498.1,141.83,Normal
2025-11-27,GBP,Corporate Banking,-178589.3,8,-74796.6528571428,2025-11-27,11085830624.35,7816093498.1,141.83,Normal
2025-11-27,gbp,Markets,441242.84,1,-58426.0685714286,2025-11-27,11085830624.35,7816093498.1,141.83,Normal
2025-11-27,jpy,Treasury,26679.69,1,229153.807142857,2025-11-27,11085830624.35,7816093498.1,141.83,Normal
2025-11-27,aud,Corporate Banking,7369.15,1,-4807.09142857143,2025-11-27,11085830624.35,7816093498.1,141.83,Normal
2025-11-27,CAD,Investment Banking,-184958.7,13,70445.0014285714,2025-11-27,11085830624.35,7816093498.1,141.83,Normal
2025-11-27,INR,Markets,4102514.75,18,-240116.367142857,2025-11-27,11085830624.35,7816093498.1,141.83,Normal
2025-11-27,GBP,Retail Banking,49624.01,6,-3536.69714285714,2025-11-27,11085830624.35,7816093498.1,141.83,Normal
2025-11-27,AUD,Investment Banking,185078.61,10,60924.0314285714,2025-11-27,11085830624.35,7816093498.1,141.83,Normal
2025-11-27,AUD,Retail Banking,-128218.11,15,-6104.26142857143,2025-11-27,11085830624.35,7816093498.1,141.83,Normal
2025-11-27,EUR,Retail Banking,-250475.28,11,160594.041428571,2025-11-27,11085830624.35,7816093498.1,141.83,Normal
2025-11-27,CAD,Retail Banking,-91646.35,11,-21449.0514285714,2025-11-27,11085830624.35,7816093498.1,141.83,Normal
2025-11-27,INR,Retail Banking,-21196.22,8,-55992.8771428571,2025-11-27,11085830624.35,7816093498.1,141.83,Normal
2025-11-27,CHF,Corporate Banking,183041.81,13,52341.12,2025-11-27,11085830624.35,7816093498.1,141.83,Normal
2025-11-27,GBP,Markets,-1560935.13,16,-259589.99,2025-11-27,11085830624.35,7816093498.1,141.83,Normal
2025-11-27,USD,Corporate Banking,-123326.89,18,-34761.32,2025-11-27,11085830624.35,7816093498.1,141.83,Normal
2025-11-27,EUR,Investment Banking,108808.33,7,-71362.49,2025-11-27,11085830624.35,7816093498.1,141.83,Normal
2025-11-27,chf,Markets,116601.07,1,-18443.2171428571,2025-11-27,11085830624.35,7816093498.1,141.83,Normal
2025-11-27,USD,Markets,-38003.7499999999,10,-153555.215714286,2025-11-27,11085830624.35,7816093498.1,141.83,Normal
2025-11-27,INR,Treasury,1785328.5,13,243531.762857143,2025-11-27,11085830624.35,7816093498.1,141.83,Normal
2025-11-27,USD,Retail Banking,-70272.21,12,-237145.834285714,2025-11-27,11085830624.35,7816093498.1,141.83,Normal
2025-11-27,CHF,Treasury,315222.1,12,-98814.4757142858,2025-11-27,11085830624.35,7816093498.1,141.83,Normal
2025-11-27,CAD,Corporate Banking,125027.74,8,7132.98285714286,2025-11-27,11085830624.35,7816093498.1,141.83,Normal
2025-11-27,JPY,Retail Banking,-177634.96,8,29525.2185714286,2025-11-27,11085830624.35,7816093498.1,141.83,Normal
2025-11-27,JPY,Investment Banking,37489.78,10,13069.1085714286,2025-11-27,11085830624.35,7816093498.1,141.83,Normal
2025-11-27,AUD,Markets,-162343.38,19,-755316.89,2025-11-27,11085830624.35,7816093498.1,141.83,Normal
2025-11-27,EUR,Corporate Banking,35731.18,7,41186.7628571428,2025-11-27,11085830624.35,7816093498.1,141.83,Normal
2025-11-27,USD,Treasury,-39567.6699999999,15,697468.068571428,2025-11-27,11085830624.35,7816093498.1,141.83,Normal
2025-11-27,CHF,Retail Banking,-77822.28,6,-50956.8271428571,2025-11-27,11085830624.35,7816093498.1,141.83,Normal
2025-11-27,CAD,Markets,350629.1,19,-58784.9414285714,2025-11-27,11085830624.35,7816093498.1,141.83,Normal
2025-11-27,chf,Retail Banking,-52523.97,1,2723.44,2025-11-27,11085830624.35,7816093498.1,141.83,Normal
2025-11-27,CAD,Treasury,-2188706.37,19,-403680.085714286,2025-11-27,11085830624.35,7816093498.1,141.83,Normal
2025-11-27,USD,Investment Banking,48910,6,-60214.3971428571,2025-11-27,11085830624.35,7816093498.1,141.83,Normal
2025-11-27,INR,Investment Banking,176237.12,9,13721.6657142857,2025-11-27,11085830624.35,7816093498.1,141.83,Normal
2025-11-27,GBP,Treasury,741563.08,11,190819.007142857,2025-11-27,11085830624.35,7816093498.1,141.83,Normal
2025-11-27,EUR,Treasury,-923384.14,8,-280000.235714286,2025-11-27,11085830624.35,7816093498.1,141.83,Normal
2025-11-27,aud,Treasury,336775.31,1,208073.98,2025-11-27,11085830624.35,7816093498.1,141.83,Normal
2025-11-27,JPY,Markets,810262.54,17,247295.902857143,2025-11-27,11085830624.35,7816093498.1,141.83,Normal
2025-11-27,CHF,Markets,-1070034.17,13,70360.86,2025-11-27,11085830624.35,7816093498.1,141.83,Normal
2025-11-27,EUR,Markets,-4980701.91,19,-746105.777142857,2025-11-27,11085830624.35,7816093498.1,141.83,Normal
2025-11-27,aud,Markets,-139886.12,1,192209.424285714,2025-11-27,11085830624.35,7816093498.1,141.83,Normal
2025-11-27,AUD,Corporate Banking,371190.9,11,-34968.3928571429,2025-11-27,11085830624.35,7816093498.1,141.83,Normal
2025-11-27,eur,Treasury,-612913.33,2,-180633.971428571,2025-11-27,11085830624.35,7816093498.1,141.83,Normal
2025-11-27,AUD,Treasury,-1865428.74,15,210756.898571429,2025-11-27,11085830624.35,7816093498.1,141.83,Normal
2025-11-27,gbp,Retail Banking,-8912.81,1,19388.2157142857,2025-11-27,11085830624.35,7816093498.1,141.83,Normal
2025-11-27,JPY,Corporate Banking,-299268.67,11,-218816.702857143,2025-11-27,11085830624.35,7816093498.1,141.83,Normal
2025-11-27,eur,Retail Banking,15785.78,1,-25774.0685714286,2025-11-27,11085830624.35,7816093498.1,141.83,Normal
2025-11-27,CHF,Investment Banking,267662.59,5,-13650.0071428572,2025-11-27,11085830624.35,7816093498.1,141.83,Normal
2025-11-04,INR,Corporate Banking,16655.94,11,19587.1771428572,2025-11-04,9305384505.63,7976704579.95,116.66,Normal
2025-11-04,GBP,Investment Banking,113448.91,13,55999.0442857143,2025-11-04,9305384505.63,7976704579.95,116.66,Normal
2025-11-04,JPY,Treasury,352512.2,19,294721.331428571,2025-11-04,9305384505.63,7976704579.95,116.66,Normal
2025-11-04,GBP,Corporate Banking,72870.96,12,62281.3928571429,2025-11-04,9305384505.63,7976704579.95,116.66,Normal
2025-11-04,gbp,Treasury,149697.27,1,16930.2814285714,2025-11-04,9305384505.63,7976704579.95,116.66,Normal
2025-11-04,aud,Corporate Banking,-69756.65,2,-12516.28,2025-11-04,9305384505.63,7976704579.95,116.66,Normal
2025-11-04,CAD,Investment Banking,-144258.35,10,217612.485714286,2025-11-04,9305384505.63,7976704579.95,116.66,Normal
2025-11-04,INR,Markets,-224135.73,20,72967.6771428571,2025-11-04,9305384505.63,7976704579.95,116.66,Normal
2025-11-04,GBP,Retail Banking,-16278.45,13,14177.4685714286,2025-11-04,9305384505.63,7976704579.95,116.66,Normal
2025-11-04,AUD,Investment Banking,18217.87,6,46953.8542857143,2025-11-04,9305384505.63,7976704579.95,116.66,Normal
2025-11-04,AUD,Retail Banking,-159397.1,7,-140485.568571429,2025-11-04,9305384505.63,7976704579.95,116.66,Normal
2025-11-04,cad,Markets,39302.82,1,82177.3,2025-11-04,9305384505.63,7976704579.95,116.66,Normal
2025-11-04,EUR,Retail Banking,-13454.97,7,-57000.3471428571,2025-11-04,9305384505.63,7976704579.95,116.66,Normal
2025-11-04,CAD,Retail Banking,-12601.14,6,-12696.1171428571,2025-11-04,9305384505.63,7976704579.95,116.66,Normal
2025-11-04,INR,Retail Banking,-224198.44,13,-63037.2185714286,2025-11-04,9305384505.63,7976704579.95,116.66,Normal
2025-11-04,CHF,Corporate Banking,-60676.04,11,-30199.8528571429,2025-11-04,9305384505.63,7976704579.95,116.66,Normal
2025-11-04,GBP,Markets,-1634969.91,17,-34179.6400000001,2025-11-04,9305384505.63,7976704579.95,116.66,Normal
2025-11-04,usd,Treasury,-52833.66,1,88811.2471428571,2025-11-04,9305384505.63,7976704579.95,116.66,Normal
2025-11-04,USD,Corporate Banking,27822.97,8,-30533.1485714285,2025-11-04,9305384505.63,7976704579.95,116.66,Normal
2025-11-04,EUR,Investment Banking,9491.33,5,31976.86,2025-11-04,9305384505.63,7976704579.95,116.66,Normal
2025-11-04,chf,Markets,120116.14,1,-43533.69,2025-11-04,9305384505.63,7976704579.95,116.66,Normal
2025-11-04,aud,Retail Banking,12689.49,1,23813.0314285714,2025-11-04,9305384505.63,7976704579.95,116.66,Normal
2025-11-04,USD,Markets,-288121.6,13,-473289.268571429,2025-11-04,9305384505.63,7976704579.95,116.66,Normal
2025-11-04,INR,Treasury,-541300.86,19,-911611.261428571,2025-11-04,9305384505.63,7976704579.95,116.66,Normal
2025-11-04,USD,Retail Banking,-83978.61,7,-49673.1971428571,2025-11-04,9305384505.63,7976704579.95,116.66,Normal
2025-11-04,chf,Treasury,2928.15999999999,2,27669.32,2025-11-04,9305384505.63,7976704579.95,116.66,Normal
2025-11-04,CHF,Treasury,531248.7,21,432749.318571429,2025-11-04,9305384505.63,7976704579.95,116.66,Normal
2025-11-04,CAD,Corporate Banking,-89373.97,10,46473.51,2025-11-04,9305384505.63,7976704579.95,116.66,Normal
2025-11-04,JPY,Retail Banking,37378.34,14,32037.4528571429,2025-11-04,9305384505.63,7976704579.95,116.66,Normal
2025-11-04,JPY,Investment Banking,264793.19,9,16322.1371428571,2025-11-04,9305384505.63,7976704579.95,116.66,Normal
2025-11-04,AUD,Markets,-429765.55,25,-448018.762857143,2025-11-04,9305384505.63,7976704579.95,116.66,Normal
2025-11-04,EUR,Corporate Banking,-31054.97,9,-36471.2571428571,2025-11-04,9305384505.63,7976704579.95,116.66,Normal
2025-11-04,USD,Treasury,1033089.04,13,194369.448571429,2025-11-04,9305384505.63,7976704579.95,116.66,Normal
2025-11-04,CHF,Retail Banking,-6196.42999999999,10,20020.16,2025-11-04,9305384505.63,7976704579.95,116.66,Normal
2025-11-04,usd,Corporate Banking,-46376.22,1,-343.437142857143,2025-11-04,9305384505.63,7976704579.95,116.66,Normal
2025-11-04,CAD,Markets,-629262.52,19,500246.344285714,2025-11-04,9305384505.63,7976704579.95,116.66,Normal
2025-11-04,CAD,Treasury,696097.6,20,1011552.25142857,2025-11-04,9305384505.63,7976704579.95,116.66,Normal
2025-11-04,USD,Investment Banking,-205149.29,8,2748.52857142858,2025-11-04,9305384505.63,7976704579.95,116.66,Normal
2025-11-04,aud,Investment Banking,14455.08,1,2065.01142857143,2025-11-04,9305384505.63,7976704579.95,116.66,Normal
2025-11-04,INR,Investment Banking,-20871.9,9,-59959.6485714286,2025-11-04,9305384505.63,7976704579.95,116.66,Normal
2025-11-04,GBP,Treasury,-1945755.22,19,-998821.491428571,2025-11-04,9305384505.63,7976704579.95,116.66,Normal
2025-11-04,EUR,Treasury,-86889.44,10,18743.4314285715,2025-11-04,9305384505.63,7976704579.95,116.66,Normal
2025-11-04,jpy,Corporate Banking,-64569.67,1,-9224.23857142857,2025-11-04,9305384505.63,7976704579.95,116.66,Normal
2025-11-04,JPY,Markets,-2220844.27,18,-997196.261428571,2025-11-04,9305384505.63,7976704579.95,116.66,Normal
2025-11-04,CHF,Markets,820321.42,13,969710.058571429,2025-11-04,9305384505.63,7976704579.95,116.66,Normal
2025-11-04,usd,Retail Banking,-26677.54,1,-3811.07714285714,2025-11-04,9305384505.63,7976704579.95,116.66,Normal
2025-11-04,EUR,Markets,2178262.78,22,-41495.5842857141,2025-11-04,9305384505.63,7976704579.95,116.66,Normal
2025-11-04,AUD,Corporate Banking,-179944.44,9,-59261.7371428571,2025-11-04,9305384505.63,7976704579.95,116.66,Normal
2025-11-04,AUD,Treasury,189017.3,10,-711874.542857143,2025-11-04,9305384505.63,7976704579.95,116.66,Normal
2025-11-04,JPY,Corporate Banking,4308.39000000004,11,-168785.004285714,2025-11-04,9305384505.63,7976704579.95,116.66,Normal
2025-11-04,CHF,Investment Banking,216836.91,8,21561.5442857143,2025-11-04,9305384505.63,7976704579.95,116.66,Normal
2025-11-07,INR,Corporate Banking,-113029.49,8,-29163.7457142857,2025-11-07,10107545427.38,6331859884.02,159.63,Normal
2025-11-07,GBP,Investment Banking,106508.72,9,33170.5342857143,2025-11-07,10107545427.38,6331859884.02,159.63,Normal
2025-11-07,JPY,Treasury,1704897.26,18,1100545.54142857,2025-11-07,10107545427.38,6331859884.02,159.63,Normal
2025-11-07,GBP,Corporate Banking,-102216.91,9,15176.54,2025-11-07,10107545427.38,6331859884.02,159.63,Normal
2025-11-07,gbp,Markets,25846.29,1,-82225.0685714286,2025-11-07,10107545427.38,6331859884.02,159.63,Normal
2025-11-07,aud,Corporate Banking,68035.71,1,-2796.89285714286,2025-11-07,10107545427.38,6331859884.02,159.63,Normal
2025-11-07,CAD,Investment Banking,8159.43,12,81508.6328571428,2025-11-07,10107545427.38,6331859884.02,159.63,Normal
2025-11-07,INR,Markets,-1678779.65,9,166226.371428571,2025-11-07,10107545427.38,6331859884.02,159.63,Normal
2025-11-07,GBP,Retail Banking,62129.42,5,75189.2628571429,2025-11-07,10107545427.38,6331859884.02,159.63,Normal
2025-11-07,AUD,Investment Banking,23264.45,6,51911.8285714286,2025-11-07,10107545427.38,6331859884.02,159.63,Normal
2025-11-07,AUD,Retail Banking,69501.18,13,-165514.251428571,2025-11-07,10107545427.38,6331859884.02,159.63,Normal
2025-11-07,cad,Markets,12782.67,1,35408.2285714286,2025-11-07,10107545427.38,6331859884.02,159.63,Normal
2025-11-07,EUR,Retail Banking,-113232.1,9,-59922.7442857143,2025-11-07,10107545427.38,6331859884.02,159.63,Normal
2025-11-07,CAD,Retail Banking,-7486.42999999999,12,770.857142857141,2025-11-07,10107545427.38,6331859884.02,159.63,Normal
2025-11-07,INR,Retail Banking,94869.98,7,-45081.8814285714,2025-11-07,10107545427.38,6331859884.02,159.63,Normal
2025-11-07,CHF,Corporate Banking,-111783.71,9,-29715.4242857143,2025-11-07,10107545427.38,6331859884.02,159.63,Normal
2025-11-07,GBP,Markets,-4721357.48,23,-1633449.59285714,2025-11-07,10107545427.38,6331859884.02,159.63,Normal
2025-11-07,USD,Corporate Banking,-67438.2,8,-6877.83285714285,2025-11-07,10107545427.38,6331859884.02,159.63,Normal
2025-11-07,EUR,Investment Banking,-134359.29,11,-13332.8757142857,2025-11-07,10107545427.38,6331859884.02,159.63,Normal
2025-11-07,chf,Markets,36924.62,1,-38258.7442857143,2025-11-07,10107545427.38,6331859884.02,159.63,Normal
2025-11-07,USD,Markets,-1686460.91,13,-412410.134285714,2025-11-07,10107545427.38,6331859884.02,159.63,Normal
2025-11-07,cad,Treasury,197720.09,1,102537.115714286,2025-11-07,10107545427.38,6331859884.02,159.63,Normal
2025-11-07,cad,Investment Banking,72441.14,1,16325.2357142857,2025-11-07,10107545427.38,6331859884.02,159.63,Normal
2025-11-07,inr,Treasury,959555.78,1,81033.7928571429,2025-11-07,10107545427.38,6331859884.02,159.63,Normal
2025-11-07,INR,Treasury,-2692065.44,20,-1204588.19714286,2025-11-07,10107545427.38,6331859884.02,159.63,Normal
2025-11-07,USD,Retail Banking,-293225.04,12,-8197.94714285715,2025-11-07,10107545427.38,6331859884.02,159.63,Normal
2025-11-07,CHF,Treasury,647442.83,18,361284.851428571,2025-11-07,10107545427.38,6331859884.02,159.63,Normal
2025-11-07,CAD,Corporate Banking,-150971.74,10,-47836.7257142857,2025-11-07,10107545427.38,6331859884.02,159.63,Normal
2025-11-07,JPY,Retail Banking,215990.96,6,106709.941428571,2025-11-07,10107545427.38,6331859884.02,159.63,Normal
2025-11-07,JPY,Investment Banking,2228.79,9,5873.91857142857,2025-11-07,10107545427.38,6331859884.02,159.63,Normal
2025-11-07,AUD,Markets,-418481.53,19,185781.341428571,2025-11-07,10107545427.38,6331859884.02,159.63,Normal
2025-11-07,EUR,Corporate Banking,-7891.77000000003,8,-25464.4214285714,2025-11-07,10107545427.38,6331859884.02,159.63,Normal
2025-11-07,gbp,Investment Banking,23265.49,1,-10866.1371428571,2025-11-07,10107545427.38,6331859884.02,159.63,Normal
2025-11-07,USD,Treasury,-2078725.91,14,-582797.555714286,2025-11-07,10107545427.38,6331859884.02,159.63,Normal
2025-11-07,CHF,Retail Banking,239206.33,9,-45249.4857142857,2025-11-07,10107545427.38,6331859884.02,159.63,Normal
2025-11-07,CAD,Markets,2530607.5,23,496743.461428571,2025-11-07,10107545427.38,6331859884.02,159.63,Normal
2025-11-07,CAD,Treasury,251919.57,12,830205.534285714,2025-11-07,10107545427.38,6331859884.02,159.63,Normal
2025-11-07,USD,Investment Banking,206198.38,9,-17010.5814285714,2025-11-07,10107545427.38,6331859884.02,159.63,Normal
2025-11-07,INR,Investment Banking,-80344,11,-326752.785714286,2025-11-07,10107545427.38,6331859884.02,159.63,Normal
2025-11-07,GBP,Treasury,-1549282.31,17,-2129276.01,2025-11-07,10107545427.38,6331859884.02,159.63,Normal
2025-11-07,EUR,Treasury,313915.21,11,-53949.0857142856,2025-11-07,10107545427.38,6331859884.02,159.63,Normal
2025-11-07,jpy,Corporate Banking,326055.32,1,37355.0928571429,2025-11-07,10107545427.38,6331859884.02,159.63,Normal
2025-11-07,JPY,Markets,1943327.5,22,-626757.978571429,2025-11-07,10107545427.38,6331859884.02,159.63,Normal
2025-11-07,CHF,Markets,-1258917.35,15,-584829.27,2025-11-07,10107545427.38,6331859884.02,159.63,Normal
2025-11-07,EUR,Markets,-519546.31,21,-51591.277142857,2025-11-07,10107545427.38,6331859884.02,159.63,Normal
2025-11-07,AUD,Corporate Banking,55323.67,11,-48114.4614285714,2025-11-07,10107545427.38,6331859884.02,159.63,Normal
2025-11-07,AUD,Treasury,1408898.73,13,540096.634285714,2025-11-07,10107545427.38,6331859884.02,159.63,Normal
2025-11-07,gbp,Retail Banking,37990.29,1,7172.8,2025-11-07,10107545427.38,6331859884.02,159.63,Normal
2025-11-07,JPY,Corporate Banking,80251.62,4,-99031.8742857143,2025-11-07,10107545427.38,6331859884.02,159.63,Normal
2025-11-07,usd,Markets,-133110.18,1,-78291.4742857143,2025-11-07,10107545427.38,6331859884.02,159.63,Normal
2025-11-07,CHF,Investment Banking,-221310.3,13,16536.1985714286,2025-11-07,10107545427.38,6331859884.02,159.63,Normal
2025-11-29,INR,Corporate Banking,-722023.44,12,-68297.1385714286,2025-11-29,9552572801.24,7183459793.39,132.98,Normal
2025-11-29,GBP,Investment Banking,49842.14,8,48472.2285714286,2025-11-29,9552572801.24,7183459793.39,132.98,Normal
2025-11-29,JPY,Treasury,-458715.53,10,-251149.627142857,2025-11-29,9552572801.24,7183459793.39,132.98,Normal
2025-11-29,GBP,Corporate Banking,276125.35,10,-5279.69857142858,2025-11-29,9552572801.24,7183459793.39,132.98,Normal
2025-11-29,jpy,Retail Banking,35463.7,1,16548.7842857143,2025-11-29,9552572801.24,7183459793.39,132.98,Normal
2025-11-29,gbp,Treasury,223562.07,1,23169.3571428571,2025-11-29,9552572801.24,7183459793.39,132.98,Normal
2025-11-29,aud,Corporate Banking,-46508.36,1,-1485.90714285714,2025-11-29,9552572801.24,7183459793.39,132.98,Normal
2025-11-29,CAD,Investment Banking,-102417.09,8,72235.6142857143,2025-11-29,9552572801.24,7183459793.39,132.98,Normal
2025-11-29,INR,Markets,446504.84,16,-51389.2142857139,2025-11-29,9552572801.24,7183459793.39,132.98,Normal
2025-11-29,GBP,Retail Banking,-98893.97,6,-1954.77285714286,2025-11-29,9552572801.24,7183459793.39,132.98,Normal
2025-11-29,AUD,Investment Banking,-56030.19,10,-28114.6728571429,2025-11-29,9552572801.24,7183459793.39,132.98,Normal
2025-11-29,AUD,Retail Banking,166065.11,12,28120.8071428571,2025-11-29,9552572801.24,7183459793.39,132.98,Normal
2025-11-29,EUR,Retail Banking,99434.85,5,50195.5814285714,2025-11-29,9552572801.24,7183459793.39,132.98,Normal
2025-11-29,CAD,Retail Banking,273752.86,13,34702.9742857143,2025-11-29,9552572801.24,7183459793.39,132.98,Normal
2025-11-29,INR,Retail Banking,-169718.15,11,-11058.0142857143,2025-11-29,9552572801.24,7183459793.39,132.98,Normal
2025-11-29,CHF,Corporate Banking,-177982.72,13,110578.865714286,2025-11-29,9552572801.24,7183459793.39,132.98,Normal
2025-11-29,GBP,Markets,1349925.99,12,263805.718571429,2025-11-29,9552572801.24,7183459793.39,132.98,Normal
2025-11-29,USD,Corporate Banking,205381.95,8,37505.3942857143,2025-11-29,9552572801.24,7183459793.39,132.98,Normal
2025-11-29,EUR,Investment Banking,319639.5,10,-3344.64999999998,2025-11-29,9552572801.24,7183459793.39,132.98,Normal
2025-11-29,USD,Markets,-849280.89,14,-75905.3242857143,2025-11-29,9552572801.24,7183459793.39,132.98,Normal
2025-11-29,INR,Treasury,844171.99,13,693827.802857143,2025-11-29,9552572801.24,7183459793.39,132.98,Normal
2025-11-29,USD,Retail Banking,-94383.93,7,-111303.16,2025-11-29,9552572801.24,7183459793.39,132.98,Normal
2025-11-29,CHF,Treasury,169468.04,21,751059.842857143,2025-11-29,9552572801.24,7183459793.39,132.98,Normal
2025-11-29,CAD,Corporate Banking,114564.46,11,66022.3128571429,2025-11-29,9552572801.24,7183459793.39,132.98,Normal
2025-11-29,JPY,Retail Banking,148544.04,12,41159.2528571428,2025-11-29,9552572801.24,7183459793.39,132.98,Normal
2025-11-29,JPY,Investment Banking,-47172.01,7,-47960.2371428571,2025-11-29,9552572801.24,7183459793.39,132.98,Normal
2025-11-29,AUD,Markets,-3432104.61,15,-798359.247142857,2025-11-29,9552572801.24,7183459793.39,132.98,Normal
2025-11-29,EUR,Corporate Banking,-138321.15,10,44310.4328571429,2025-11-29,9552572801.24,7183459793.39,132.98,Normal
2025-11-29,gbp,Investment Banking,-12027.32,1,-19685.43,2025-11-29,9552572801.24,7183459793.39,132.98,Normal
2025-11-29,USD,Treasury,531356.82,19,736802.537142857,2025-11-29,9552572801.24,7183459793.39,132.98,Normal
2025-11-29,CHF,Retail Banking,-60193.48,17,-30232.3085714286,2025-11-29,9552572801.24,7183459793.39,132.98,Normal
2025-11-29,CAD,Markets,718386.74,18,-498352.437142857,2025-11-29,9552572801.24,7183459793.39,132.98,Normal
2025-11-29,chf,Corporate Banking,-31785.78,1,-3244.60571428571,2025-11-29,9552572801.24,7183459793.39,132.98,Normal
2025-11-29,CAD,Treasury,-249298.38,13,-396548.124285715,2025-11-29,9552572801.24,7183459793.39,132.98,Normal
2025-11-29,USD,Investment Banking,-73282.65,12,-47435.8271428571,2025-11-29,9552572801.24,7183459793.39,132.98,Normal
2025-11-29,INR,Investment Banking,-277913.78,7,-14194.4628571429,2025-11-29,9552572801.24,7183459793.39,132.98,Normal
2025-11-29,GBP,Treasury,1315652.84,18,943411.051428572,2025-11-29,9552572801.24,7183459793.39,132.98,Normal
2025-11-29,EUR,Treasury,-652221.11,11,125958.397142857,2025-11-29,9552572801.24,7183459793.39,132.98,Normal
2025-11-29,aud,Treasury,157541.45,1,119358.817142857,2025-11-29,9552572801.24,7183459793.39,132.98,Normal
2025-11-29,JPY,Markets,1744216.85,8,843502.467142857,2025-11-29,9552572801.24,7183459793.39,132.98,Normal
2025-11-29,CHF,Markets,-342104.28,14,-121767.55,2025-11-29,9552572801.24,7183459793.39,132.98,Normal
2025-11-29,EUR,Markets,-2572707.8,17,-1379082.52714286,2025-11-29,9552572801.24,7183459793.39,132.98,Normal
2025-11-29,AUD,Corporate Banking,-263151.42,15,-47016.9057142857,2025-11-29,9552572801.24,7183459793.39,132.98,Normal
2025-11-29,eur,Treasury,-314096.84,1,-225504.948571429,2025-11-29,9552572801.24,7183459793.39,132.98,Normal
2025-11-29,AUD,Treasury,-413142.69,14,143193.28,2025-11-29,9552572801.24,7183459793.39,132.98,Normal
2025-11-29,gbp,Retail Banking,-31073.85,1,14949.0942857143,2025-11-29,9552572801.24,7183459793.39,132.98,Normal
2025-11-29,JPY,Corporate Banking,-59797.17,10,-184255.427142857,2025-11-29,9552572801.24,7183459793.39,132.98,Normal
2025-11-29,CHF,Investment Banking,-87263.45,18,90628.6171428572,2025-11-29,9552572801.24,7183459793.39,132.98,Normal
2025-11-26,jpy,Investment Banking,-19227.87,1,1078.24857142857,2025-11-26,10082998366.2,6902372458.75,146.08,Normal
2025-11-26,INR,Corporate Banking,-97781.63,12,29603.0157142857,2025-11-26,10082998366.2,6902372458.75,146.08,Normal
2025-11-26,usd,Investment Banking,-106404.34,1,-2355.08857142857,2025-11-26,10082998366.2,6902372458.75,146.08,Normal
2025-11-26,GBP,Investment Banking,-37267.24,17,55784.1714285714,2025-11-26,10082998366.2,6902372458.75,146.08,Normal
2025-11-26,JPY,Treasury,-1557483.55,10,-838218.178571429,2025-11-26,10082998366.2,6902372458.75,146.08,Normal
2025-11-26,GBP,Corporate Banking,-82617.17,9,-29254.6271428571,2025-11-26,10082998366.2,6902372458.75,146.08,Normal
2025-11-26,jpy,Retail Banking,15179.23,1,10558.4228571429,2025-11-26,10082998366.2,6902372458.75,146.08,Normal
2025-11-26,CAD,Investment Banking,37006.72,3,152104.551428571,2025-11-26,10082998366.2,6902372458.75,146.08,Normal
2025-11-26,INR,Markets,336283.89,14,-835178.361428571,2025-11-26,10082998366.2,6902372458.75,146.08,Normal
2025-11-26,GBP,Retail Banking,-54709.98,10,-23633.05,2025-11-26,10082998366.2,6902372458.75,146.08,Normal
2025-11-26,AUD,Investment Banking,73214.34,7,44307.6557142857,2025-11-26,10082998366.2,6902372458.75,146.08,Normal
2025-11-26,AUD,Retail Banking,122660.05,13,18119.22,2025-11-26,10082998366.2,6902372458.75,146.08,Normal
2025-11-26,cad,Markets,119325.34,1,-84047.4857142857,2025-11-26,10082998366.2,6902372458.75,146.08,Normal
2025-11-26,inr,Corporate Banking,-92876.71,1,-17501.71,2025-11-26,10082998366.2,6902372458.75,146.08,Normal
2025-11-26,EUR,Retail Banking,-2402.33000000002,9,160015.215714286,2025-11-26,10082998366.2,6902372458.75,146.08,Normal
2025-11-26,CAD,Retail Banking,184558.13,8,-5965.35857142855,2025-11-26,10082998366.2,6902372458.75,146.08,Normal
2025-11-26,INR,Retail Banking,175676.71,11,-62978.9228571429,2025-11-26,10082998366.2,6902372458.75,146.08,Normal
2025-11-26,CHF,Corporate Banking,-4887.17999999998,14,34920.0142857143,2025-11-26,10082998366.2,6902372458.75,146.08,Normal
2025-11-26,GBP,Markets,-6984.87000000011,14,-123405.031428571,2025-11-26,10082998366.2,6902372458.75,146.08,Normal
2025-11-26,USD,Corporate Banking,73760.61,5,-8180.69857142857,2025-11-26,10082998366.2,6902372458.75,146.08,Normal
2025-11-26,EUR,Investment Banking,-249154.86,10,-83952.6257142857,2025-11-26,10082998366.2,6902372458.75,146.08,Normal
2025-11-26,chf,Markets,-205454.58,1,118.521428571432,2025-11-26,10082998366.2,6902372458.75,146.08,Normal
2025-11-26,USD,Markets,-770947,18,526805.822857143,2025-11-26,10082998366.2,6902372458.75,146.08,Normal
2025-11-26,cad,Investment Banking,66162.47,1,27802.5771428571,2025-11-26,10082998366.2,6902372458.75,146.08,Normal
2025-11-26,INR,Treasury,539132.17,12,-412542.034285714,2025-11-26,10082998366.2,6902372458.75,146.08,Normal
2025-11-26,USD,Retail Banking,-6094.87,10,-214258.497142857,2025-11-26,10082998366.2,6902372458.75,146.08,Normal
2025-11-26,chf,Treasury,450406.95,1,86191.4071428571,2025-11-26,10082998366.2,6902372458.75,146.08,Normal
2025-11-26,CHF,Treasury,181698.03,12,-262906.524285714,2025-11-26,10082998366.2,6902372458.75,146.08,Normal
2025-11-26,CAD,Corporate Banking,172004.03,14,5638.33,2025-11-26,10082998366.2,6902372458.75,146.08,Normal
2025-11-26,JPY,Retail Banking,-73162.05,9,77320.4071428571,2025-11-26,10082998366.2,6902372458.75,146.08,Normal
2025-11-26,JPY,Investment Banking,-223812.28,10,-29042.1957142857,2025-11-26,10082998366.2,6902372458.75,146.08,Normal
2025-11-26,AUD,Markets,-1014621.61,13,-617982.878571428,2025-11-26,10082998366.2,6902372458.75,146.08,Normal
2025-11-26,EUR,Corporate Banking,-53413.43,7,61454.4914285714,2025-11-26,10082998366.2,6902372458.75,146.08,Normal
2025-11-26,USD,Treasury,3581859.27,18,407823.608571428,2025-11-26,10082998366.2,6902372458.75,146.08,Normal
2025-11-26,CHF,Retail Banking,-292550.88,7,-76488.1014285714,2025-11-26,10082998366.2,6902372458.75,146.08,Normal
2025-11-26,eur,Investment Banking,-20160,1,-3762.42857142857,2025-11-26,10082998366.2,6902372458.75,146.08,Normal
2025-11-26,CAD,Markets,-2404735.23,15,-81363.5671428572,2025-11-26,10082998366.2,6902372458.75,146.08,Normal
2025-11-26,CAD,Treasury,-2029229.4,17,-91749.4071428572,2025-11-26,10082998366.2,6902372458.75,146.08,Normal
2025-11-26,USD,Investment Banking,-139967.52,11,-58355.0242857143,2025-11-26,10082998366.2,6902372458.75,146.08,Normal
2025-11-26,aud,Investment Banking,7188.51,1,-8864.47,2025-11-26,10082998366.2,6902372458.75,146.08,Normal
2025-11-26,INR,Investment Banking,-143004.6,8,-39221.8014285714,2025-11-26,10082998366.2,6902372458.75,146.08,Normal
2025-11-26,GBP,Treasury,-535168.5,14,183340.804285714,2025-11-26,10082998366.2,6902372458.75,146.08,Normal
2025-11-26,EUR,Treasury,649267.13,19,24894.9528571427,2025-11-26,10082998366.2,6902372458.75,146.08,Normal
2025-11-26,JPY,Markets,976269.95,10,-113.741428571421,2025-11-26,10082998366.2,6902372458.75,146.08,Normal
2025-11-26,CHF,Markets,-942433.25,12,-118655.845714286,2025-11-26,10082998366.2,6902372458.75,146.08,Normal
2025-11-26,EUR,Markets,-778537.38,12,74438.0299999999,2025-11-26,10082998366.2,6902372458.75,146.08,Normal
2025-11-26,aud,Markets,671904.36,1,182078.861428571,2025-11-26,10082998366.2,6902372458.75,146.08,Normal
2025-11-26,AUD,Corporate Banking,223101.68,9,-93153.4042857143,2025-11-26,10082998366.2,6902372458.75,146.08,Normal
2025-11-26,AUD,Treasury,1941858.62,16,479133.888571429,2025-11-26,10082998366.2,6902372458.75,146.08,Normal
2025-11-26,JPY,Corporate Banking,-405550.8,16,-170879.698571429,2025-11-26,10082998366.2,6902372458.75,146.08,Normal
2025-11-26,CHF,Investment Banking,-297932.83,10,-72066.27,2025-11-26,10082998366.2,6902372458.75,146.08,Normal
2025-12-08,INR,Corporate Banking,43087.34,8,108180.355714286,2025-12-08,8213657202.23,6564997742.16,125.11,Normal
2025-12-08,usd,Investment Banking,48562.22,1,-582.687142857143,2025-12-08,8213657202.23,6564997742.16,125.11,Normal
2025-12-08,GBP,Investment Banking,-442922.6,10,-37858.7971428571,2025-12-08,8213657202.23,6564997742.16,125.11,Normal
2025-12-08,JPY,Treasury,-436969.04,16,106369.568571428,2025-12-08,8213657202.23,6564997742.16,125.11,Normal
2025-12-08,GBP,Corporate Banking,222854.19,12,-31487.1057142857,2025-12-08,8213657202.23,6564997742.16,125.11,Normal
2025-12-08,jpy,Retail Banking,-16523.72,1,-2541.86,2025-12-08,8213657202.23,6564997742.16,125.11,Normal
2025-12-08,gbp,Markets,-367257.49,3,89211.0242857143,2025-12-08,8213657202.23,6564997742.16,125.11,Normal
2025-12-08,jpy,Treasury,-201335.13,1,-84217.25,2025-12-08,8213657202.23,6564997742.16,125.11,Normal
2025-12-08,CAD,Investment Banking,-50975.88,8,-31814.3671428572,2025-12-08,8213657202.23,6564997742.16,125.11,Normal
2025-12-08,INR,Markets,2220961.06,13,861939.28,2025-12-08,8213657202.23,6564997742.16,125.11,Normal
2025-12-08,GBP,Retail Banking,123767.14,6,-51497.1742857143,2025-12-08,8213657202.23,6564997742.16,125.11,Normal
2025-12-08,AUD,Investment Banking,-134080.57,9,1804.71857142857,2025-12-08,8213657202.23,6564997742.16,125.11,Normal
2025-12-08,AUD,Retail Banking,-101643.46,10,-56975,2025-12-08,8213657202.23,6564997742.16,125.11,Normal
2025-12-08,EUR,Retail Banking,-288948.97,12,-54851.0571428571,2025-12-08,8213657202.23,6564997742.16,125.11,Normal
2025-12-08,CAD,Retail Banking,659391.4,13,116866.185714286,2025-12-08,8213657202.23,6564997742.16,125.11,Normal
2025-12-08,INR,Retail Banking,247586.27,13,-15672.1028571429,2025-12-08,8213657202.23,6564997742.16,125.11,Normal
2025-12-08,CHF,Corporate Banking,313189.37,4,-38235.06,2025-12-08,8213657202.23,6564997742.16,125.11,Normal
2025-12-08,GBP,Markets,1448935.42,15,954170.382857142,2025-12-08,8213657202.23,6564997742.16,125.11,Normal
2025-12-08,usd,Treasury,-686331.85,1,-112680.194285714,2025-12-08,8213657202.23,6564997742.16,125.11,Normal
2025-12-08,USD,Corporate Banking,152041.95,11,-37701.6557142857,2025-12-08,8213657202.23,6564997742.16,125.11,Normal
2025-12-08,EUR,Investment Banking,55326.51,8,-65096.2871428572,2025-12-08,8213657202.23,6564997742.16,125.11,Normal
2025-12-08,USD,Markets,348394.17,14,-983083.528571429,2025-12-08,8213657202.23,6564997742.16,125.11,Normal
2025-12-08,inr,Treasury,724742.11,1,46610.7371428571,2025-12-08,8213657202.23,6564997742.16,125.11,Normal
2025-12-08,INR,Treasury,-1278252.4,11,242040.94,2025-12-08,8213657202.23,6564997742.16,125.11,Normal
2025-12-08,USD,Retail Banking,267134.89,9,179799.201428571,2025-12-08,8213657202.23,6564997742.16,125.11,Normal
2025-12-08,chf,Treasury,-105526.34,1,72921.1585714286,2025-12-08,8213657202.23,6564997742.16,125.11,Normal
2025-12-08,CHF,Treasury,-3285957.26,17,470930.068571428,2025-12-08,8213657202.23,6564997742.16,125.11,Normal
2025-12-08,CAD,Corporate Banking,612637.41,17,10017.4828571429,2025-12-08,8213657202.23,6564997742.16,125.11,Normal
2025-12-08,JPY,Retail Banking,17428.41,6,-14341.86,2025-12-08,8213657202.23,6564997742.16,125.11,Normal
2025-12-08,JPY,Investment Banking,33920.09,10,20799.71,2025-12-08,8213657202.23,6564997742.16,125.11,Normal
2025-12-08,AUD,Markets,-1063848.27,13,-1381978.15714286,2025-12-08,8213657202.23,6564997742.16,125.11,Normal
2025-12-08,EUR,Corporate Banking,-165131.59,8,51190.4242857143,2025-12-08,8213657202.23,6564997742.16,125.11,Normal
2025-12-08,USD,Treasury,-1228071.4,17,-432619.877142857,2025-12-08,8213657202.23,6564997742.16,125.11,Normal
2025-12-08,eur,Markets,-94336.37,1,-209416.711428571,2025-12-08,8213657202.23,6564997742.16,125.11,Normal
2025-12-08,CHF,Retail Banking,-205178.73,5,-39402.6814285714,2025-12-08,8213657202.23,6564997742.16,125.11,Normal
2025-12-08,CAD,Markets,888311.15,17,-1263792.67714286,2025-12-08,8213657202.23,6564997742.16,125.11,Normal
2025-12-08,CAD,Treasury,820475.13,10,278981.59,2025-12-08,8213657202.23,6564997742.16,125.11,Normal
2025-12-08,USD,Investment Banking,-86247.71,6,55144.8971428571,2025-12-08,8213657202.23,6564997742.16,125.11,Normal
2025-12-08,INR,Investment Banking,213111.1,14,83712.2828571429,2025-12-08,8213657202.23,6564997742.16,125.11,Normal
2025-12-08,GBP,Treasury,201919.11,7,126075.761428571,2025-12-08,8213657202.23,6564997742.16,125.11,Normal
2025-12-08,EUR,Treasury,547008.67,16,-29769.6228571429,2025-12-08,8213657202.23,6564997742.16,125.11,Normal
2025-12-08,jpy,Corporate Banking,-13851.46,1,10578.9585714286,2025-12-08,8213657202.23,6564997742.16,125.11,Normal
2025-12-08,JPY,Markets,-824687.73,19,-404943.311428572,2025-12-08,8213657202.23,6564997742.16,125.11,Normal
2025-12-08,CHF,Markets,-486470.97,12,-347881.825714286,2025-12-08,8213657202.23,6564997742.16,125.11,Normal
2025-12-08,EUR,Markets,321144.53,16,-462735.437142857,2025-12-08,8213657202.23,6564997742.16,125.11,Normal
2025-12-08,aud,Markets,-192945.85,1,-318274.598571429,2025-12-08,8213657202.23,6564997742.16,125.11,Normal
2025-12-08,AUD,Corporate Banking,-14519.93,9,-78045.1657142858,2025-12-08,8213657202.23,6564997742.16,125.11,Normal
2025-12-08,eur,Treasury,136506.59,1,-206004.007142857,2025-12-08,8213657202.23,6564997742.16,125.11,Normal
2025-12-08,AUD,Treasury,-654581.72,12,-149034.911428571,2025-12-08,8213657202.23,6564997742.16,125.11,Normal
2025-12-08,gbp,Retail Banking,48777.36,1,9459.63857142857,2025-12-08,8213657202.23,6564997742.16,125.11,Normal
2025-12-08,JPY,Corporate Banking,-16090.21,8,22251.6685714286,2025-12-08,8213657202.23,6564997742.16,125.11,Normal
2025-12-08,CHF,Investment Banking,-82009.38,7,45237.0242857143,2025-12-08,8213657202.23,6564997742.16,125.11,Normal
2025-12-08,inr,Retail Banking,220029.67,1,46387.87,2025-12-08,8213657202.23,6564997742.16,125.11,Normal
2026-01-03,INR,Corporate Banking,-82077.26,6,-69559.7614285714,2026-01-03,9858176618.21,7017495869.37,140.48,Normal
2026-01-03,GBP,Investment Banking,-175659.83,16,-145191.917142857,2026-01-03,9858176618.21,7017495869.37,140.48,Normal
2026-01-03,JPY,Treasury,691960.44,19,698540.58,2026-01-03,9858176618.21,7017495869.37,140.48,Normal
2026-01-03,GBP,Corporate Banking,-344730.44,12,-116027.008571429,2026-01-03,9858176618.21,7017495869.37,140.48,Normal
2026-01-03,jpy,Retail Banking,-47364.84,1,-6518.43285714286,2026-01-03,9858176618.21,7017495869.37,140.48,Normal
2026-01-03,gbp,Markets,148504.3,1,3824.95,2026-01-03,9858176618.21,7017495869.37,140.48,Normal
2026-01-03,jpy,Treasury,203873.85,1,-22567.04,2026-01-03,9858176618.21,7017495869.37,140.48,Normal
2026-01-03,CAD,Investment Banking,-482422.19,8,-97169.1471428572,2026-01-03,9858176618.21,7017495869.37,140.48,Normal
2026-01-03,INR,Markets,809409.7,18,340432.167142857,2026-01-03,9858176618.21,7017495869.37,140.48,Normal
2026-01-03,GBP,Retail Banking,58295.74,9,-26155.3957142857,2026-01-03,9858176618.21,7017495869.37,140.48,Normal
2026-01-03,AUD,Investment Banking,-29943.41,6,-19520.8428571429,2026-01-03,9858176618.21,7017495869.37,140.48,Normal
2026-01-03,AUD,Retail Banking,136426.2,11,-11320.35,2026-01-03,9858176618.21,7017495869.37,140.48,Normal
2026-01-03,EUR,Retail Banking,-154383.56,9,29288.2128571429,2026-01-03,9858176618.21,7017495869.37,140.48,Normal
2026-01-03,CAD,Retail Banking,-86419.28,6,-74872.3542857143,2026-01-03,9858176618.21,7017495869.37,140.48,Normal
2026-01-03,INR,Retail Banking,66722.99,8,-44090.7571428571,2026-01-03,9858176618.21,7017495869.37,140.48,Normal
2026-01-03,CHF,Corporate Banking,178252.63,13,-103237.122857143,2026-01-03,9858176618.21,7017495869.37,140.48,Normal
2026-01-03,GBP,Markets,-15562.6,14,-417108.871428571,2026-01-03,9858176618.21,7017495869.37,140.48,Normal
2026-01-03,usd,Treasury,-68925.45,1,-251276.407142857,2026-01-03,9858176618.21,7017495869.37,140.48,Normal
2026-01-03,USD,Corporate Banking,-117453.08,5,-3255.04428571428,2026-01-03,9858176618.21,7017495869.37,140.48,Normal
2026-01-03,EUR,Investment Banking,62587.84,7,27188.1071428571,2026-01-03,9858176618.21,7017495869.37,140.48,Normal
2026-01-03,USD,Markets,-1104189.35,14,793796.315714286,2026-01-03,9858176618.21,7017495869.37,140.48,Normal
2026-01-03,cad,Investment Banking,-54590.32,1,15903.9271428571,2026-01-03,9858176618.21,7017495869.37,140.48,Normal
2026-01-03,INR,Treasury,-4154571.31,26,-255914.345714286,2026-01-03,9858176618.21,7017495869.37,140.48,Normal
2026-01-03,USD,Retail Banking,-37873.73,16,29408.5485714286,2026-01-03,9858176618.21,7017495869.37,140.48,Normal
2026-01-03,CHF,Treasury,9658.67999999996,15,-509159.66,2026-01-03,9858176618.21,7017495869.37,140.48,Normal
2026-01-03,CAD,Corporate Banking,231790.12,10,11432.0814285714,2026-01-03,9858176618.21,7017495869.37,140.48,Normal
2026-01-03,JPY,Retail Banking,245295.83,14,-34897.01,2026-01-03,9858176618.21,7017495869.37,140.48,Normal
2026-01-03,JPY,Investment Banking,137934.23,13,80129.1014285714,2026-01-03,9858176618.21,7017495869.37,140.48,Normal
2026-01-03,AUD,Markets,-348670.06,14,-122771.288571429,2026-01-03,9858176618.21,7017495869.37,140.48,Normal
2026-01-03,EUR,Corporate Banking,-56929.73,6,-80792.8985714286,2026-01-03,9858176618.21,7017495869.37,140.48,Normal
2026-01-03,gbp,Investment Banking,-39164.11,1,8893.41,2026-01-03,9858176618.21,7017495869.37,140.48,Normal
2026-01-03,USD,Treasury,-859310.8,19,157899.594285714,2026-01-03,9858176618.21,7017495869.37,140.48,Normal
2026-01-03,eur,Markets,327335.69,1,-9279.02999999998,2026-01-03,9858176618.21,7017495869.37,140.48,Normal
2026-01-03,CHF,Retail Banking,-50090.51,5,-29722.5771428571,2026-01-03,9858176618.21,7017495869.37,140.48,Normal
2026-01-03,CAD,Markets,1296057.71,19,-298323.525714286,2026-01-03,9858176618.21,7017495869.37,140.48,Normal
2026-01-03,CAD,Treasury,3378024.31,18,479953.404285714,2026-01-03,9858176618.21,7017495869.37,140.48,Normal
2026-01-03,USD,Investment Banking,195454.66,10,-8401.19428571429,2026-01-03,9858176618.21,7017495869.37,140.48,Normal
2026-01-03,INR,Investment Banking,-298563.87,11,-70101.2371428571,2026-01-03,9858176618.21,7017495869.37,140.48,Normal
2026-01-03,GBP,Treasury,-997116.25,11,-344581.405714286,2026-01-03,9858176618.21,7017495869.37,140.48,Normal
2026-01-03,EUR,Treasury,-228445.72,11,415554.715714286,2026-01-03,9858176618.21,7017495869.37,140.48,Normal
2026-01-03,aud,Treasury,60636.36,1,107236.524285714,2026-01-03,9858176618.21,7017495869.37,140.48,Normal
2026-01-03,JPY,Markets,1265960.52,13,-417827.305714286,2026-01-03,9858176618.21,7017495869.37,140.48,Normal
2026-01-03,CHF,Markets,-918886.65,9,-672975.21,2026-01-03,9858176618.21,7017495869.37,140.48,Normal
2026-01-03,usd,Retail Banking,22114.87,1,3930.37142857143,2026-01-03,9858176618.21,7017495869.37,140.48,Normal
2026-01-03,EUR,Markets,-1458113.51,15,372344.38,2026-01-03,9858176618.21,7017495869.37,140.48,Normal
2026-01-03,cad,Corporate Banking,15332.93,1,-3444.46714285714,2026-01-03,9858176618.21,7017495869.37,140.48,Normal
2026-01-03,aud,Markets,-110635.63,1,17622.6942857143,2026-01-03,9858176618.21,7017495869.37,140.48,Normal
2026-01-03,AUD,Corporate Banking,170815.91,12,-76458.11,2026-01-03,9858176618.21,7017495869.37,140.48,Normal
2026-01-03,eur,Treasury,360422.34,1,176851.428571429,2026-01-03,9858176618.21,7017495869.37,140.48,Normal
2026-01-03,AUD,Treasury,-1490339.64,20,650122.634285714,2026-01-03,9858176618.21,7017495869.37,140.48,Normal
2026-01-03,gbp,Retail Banking,-53259.02,1,-96297.8714285714,2026-01-03,9858176618.21,7017495869.37,140.48,Normal
2026-01-03,JPY,Corporate Banking,40022.92,6,-51127.5885714286,2026-01-03,9858176618.21,7017495869.37,140.48,Normal
2026-01-03,CHF,Investment Banking,-128366.89,6,-19177.0842857143,2026-01-03,9858176618.21,7017495869.37,140.48,Normal
2026-01-03,inr,Retail Banking,-65612.29,1,-6963.01857142857,2026-01-03,9858176618.21,7017495869.37,140.48,Normal
2025-11-18,INR,Corporate Banking,-22700.86,10,-30186.9214285714,2025-11-18,8559763928.88,6306139216.06,135.74,Normal
2025-11-18,usd,Investment Banking,-23792.88,1,-377.068571428572,2025-11-18,8559763928.88,6306139216.06,135.74,Normal
2025-11-18,jpy,Markets,149097.57,1,171986.965714286,2025-11-18,8559763928.88,6306139216.06,135.74,Normal
2025-11-18,GBP,Investment Banking,-2484.13,6,-25787.8285714286,2025-11-18,8559763928.88,6306139216.06,135.74,Normal
2025-11-18,JPY,Treasury,-1156274.62,21,-59843.1085714285,2025-11-18,8559763928.88,6306139216.06,135.74,Normal
2025-11-18,GBP,Corporate Banking,-61830.87,11,29416.3842857143,2025-11-18,8559763928.88,6306139216.06,135.74,Normal
2025-11-18,gbp,Markets,-61908.46,1,-150507.841428571,2025-11-18,8559763928.88,6306139216.06,135.74,Normal
2025-11-18,gbp,Treasury,-105057.46,1,-112004.597142857,2025-11-18,8559763928.88,6306139216.06,135.74,Normal
2025-11-18,CAD,Investment Banking,-20828.11,13,-8152.21571428572,2025-11-18,8559763928.88,6306139216.06,135.74,Normal
2025-11-18,INR,Markets,-629788.05,11,-259462.977142857,2025-11-18,8559763928.88,6306139216.06,135.74,Normal
2025-11-18,GBP,Retail Banking,-127757.04,13,-419.374285714289,2025-11-18,8559763928.88,6306139216.06,135.74,Normal
2025-11-18,AUD,Investment Banking,316938.1,14,35.2757142857091,2025-11-18,8559763928.88,6306139216.06,135.74,Normal
2025-11-18,AUD,Retail Banking,159477.4,9,73443.0185714286,2025-11-18,8559763928.88,6306139216.06,135.74,Normal
2025-11-18,EUR,Retail Banking,-118973.32,15,-198926.132857143,2025-11-18,8559763928.88,6306139216.06,135.74,Normal
2025-11-18,CAD,Retail Banking,-119405.85,13,56336.1385714286,2025-11-18,8559763928.88,6306139216.06,135.74,Normal
2025-11-18,INR,Retail Banking,-158300.75,9,27686.32,2025-11-18,8559763928.88,6306139216.06,135.74,Normal
2025-11-18,CHF,Corporate Banking,335830.7,10,41535.7028571428,2025-11-18,8559763928.88,6306139216.06,135.74,Normal
2025-11-18,GBP,Markets,1273189.85,19,-725659.375714286,2025-11-18,8559763928.88,6306139216.06,135.74,Normal
2025-11-18,USD,Corporate Banking,130368.02,6,-4599.56285714285,2025-11-18,8559763928.88,6306139216.06,135.74,Normal
2025-11-18,EUR,Investment Banking,-115711.5,12,44737.3814285714,2025-11-18,8559763928.88,6306139216.06,135.74,Normal
2025-11-18,USD,Markets,-1558001.73,18,-34829.3514285714,2025-11-18,8559763928.88,6306139216.06,135.74,Normal
2025-11-18,INR,Treasury,1439787.85,13,113588.552857143,2025-11-18,8559763928.88,6306139216.06,135.74,Normal
2025-11-18,USD,Retail Banking,-139301,14,-29923.0214285714,2025-11-18,8559763928.88,6306139216.06,135.74,Normal
2025-11-18,CHF,Treasury,1166306.81,12,184323.052857143,2025-11-18,8559763928.88,6306139216.06,135.74,Normal
2025-11-18,CAD,Corporate Banking,146383.46,12,-102027.627142857,2025-11-18,8559763928.88,6306139216.06,135.74,Normal
2025-11-18,JPY,Retail Banking,27811.63,10,12236.3385714286,2025-11-18,8559763928.88,6306139216.06,135.74,Normal
2025-11-18,JPY,Investment Banking,-108341,7,-33131.5328571429,2025-11-18,8559763928.88,6306139216.06,135.74,Normal
2025-11-18,AUD,Markets,-1416640.25,15,-768797.105714286,2025-11-18,8559763928.88,6306139216.06,135.74,Normal
2025-11-18,EUR,Corporate Banking,-235657.64,7,-31108.5771428571,2025-11-18,8559763928.88,6306139216.06,135.74,Normal
2025-11-18,USD,Treasury,1830976.49,9,269775.998571428,2025-11-18,8559763928.88,6306139216.06,135.74,Normal
2025-11-18,eur,Markets,-527969.92,1,17099.3542857143,2025-11-18,8559763928.88,6306139216.06,135.74,Normal
2025-11-18,CHF,Retail Banking,55591.55,12,77271.3214285714,2025-11-18,8559763928.88,6306139216.06,135.74,Normal
2025-11-18,CAD,Markets,698304.95,25,607227.477142857,2025-11-18,8559763928.88,6306139216.06,135.74,Normal
2025-11-18,CAD,Treasury,1399772.1,8,-1066414.69,2025-11-18,8559763928.88,6306139216.06,135.74,Normal
2025-11-18,USD,Investment Banking,-189686.32,16,-43309.32,2025-11-18,8559763928.88,6306139216.06,135.74,Normal
2025-11-18,INR,Investment Banking,15487.86,13,-110695.348571429,2025-11-18,8559763928.88,6306139216.06,135.74,Normal
2025-11-18,GBP,Treasury,524665.8,13,-308707.452857143,2025-11-18,8559763928.88,6306139216.06,135.74,Normal
2025-11-18,EUR,Treasury,-2663979.49,15,-696219.787142857,2025-11-18,8559763928.88,6306139216.06,135.74,Normal
2025-11-18,JPY,Markets,1247400.32,20,264432.591428571,2025-11-18,8559763928.88,6306139216.06,135.74,Normal
2025-11-18,CHF,Markets,-3003009.62,20,-590003.56,2025-11-18,8559763928.88,6306139216.06,135.74,Normal
2025-11-18,usd,Retail Banking,-14371.75,1,-19903.8157142857,2025-11-18,8559763928.88,6306139216.06,135.74,Normal
2025-11-18,EUR,Markets,-395711.79,15,-243122.968571428,2025-11-18,8559763928.88,6306139216.06,135.74,Normal
2025-11-18,AUD,Corporate Banking,-218144.04,12,-36505.9057142857,2025-11-18,8559763928.88,6306139216.06,135.74,Normal
2025-11-18,AUD,Treasury,-1898161.8,10,-1965202.36428571,2025-11-18,8559763928.88,6306139216.06,135.74,Normal
2025-11-18,JPY,Corporate Banking,-23707.37,8,-63485.1785714286,2025-11-18,8559763928.88,6306139216.06,135.74,Normal
2025-11-18,CHF,Investment Banking,201223.36,15,-63873.3142857143,2025-11-18,8559763928.88,6306139216.06,135.74,Normal
2025-11-13,INR,Corporate Banking,-66014.1,8,-86273.65,2025-11-13,10102592565.69,7252104867.88,139.31,Normal
2025-11-13,GBP,Investment Banking,-21180.49,9,-21574.3714285714,2025-11-13,10102592565.69,7252104867.88,139.31,Normal
2025-11-13,JPY,Treasury,54222.7299999998,16,-10825.0085714287,2025-11-13,10102592565.69,7252104867.88,139.31,Normal
2025-11-13,GBP,Corporate Banking,205686.1,12,41463.1871428572,2025-11-13,10102592565.69,7252104867.88,139.31,Normal
2025-11-13,gbp,Treasury,221831.45,1,-17620.9442857143,2025-11-13,10102592565.69,7252104867.88,139.31,Normal
2025-11-13,jpy,Treasury,-139809.02,1,225201.3,2025-11-13,10102592565.69,7252104867.88,139.31,Normal
2025-11-13,CAD,Investment Banking,-144026.62,8,-131560.137142857,2025-11-13,10102592565.69,7252104867.88,139.31,Normal
2025-11-13,INR,Markets,401854,16,-897386.328571429,2025-11-13,10102592565.69,7252104867.88,139.31,Normal
2025-11-13,GBP,Retail Banking,111801.83,7,88600.9242857143,2025-11-13,10102592565.69,7252104867.88,139.31,Normal
2025-11-13,AUD,Investment Banking,-92092.82,7,-70676.0985714286,2025-11-13,10102592565.69,7252104867.88,139.31,Normal
2025-11-13,AUD,Retail Banking,-121637.3,10,12935.0057142857,2025-11-13,10102592565.69,7252104867.88,139.31,Normal
2025-11-13,cad,Markets,-420856.16,2,2684.38428571426,2025-11-13,10102592565.69,7252104867.88,139.31,Normal
2025-11-13,EUR,Retail Banking,-99623.62,11,-32945.9442857143,2025-11-13,10102592565.69,7252104867.88,139.31,Normal
2025-11-13,cad,Retail Banking,-9217.37,1,-24371.1342857143,2025-11-13,10102592565.69,7252104867.88,139.31,Normal
2025-11-13,CAD,Retail Banking,164445.78,8,-49245.1,2025-11-13,10102592565.69,7252104867.88,139.31,Normal
2025-11-13,INR,Retail Banking,-53430.65,12,-64658.8614285715,2025-11-13,10102592565.69,7252104867.88,139.31,Normal
2025-11-13,CHF,Corporate Banking,48708.04,8,-18122.5157142857,2025-11-13,10102592565.69,7252104867.88,139.31,Normal
2025-11-13,GBP,Markets,-12241.9999999999,14,-2078284.36428571,2025-11-13,10102592565.69,7252104867.88,139.31,Normal
2025-11-13,USD,Corporate Banking,-34014.07,12,15415.5857142857,2025-11-13,10102592565.69,7252104867.88,139.31,Normal
2025-11-13,EUR,Investment Banking,-55180.48,13,77589.6128571429,2025-11-13,10102592565.69,7252104867.88,139.31,Normal
2025-11-13,USD,Markets,-3003489.74,12,-1141347.61,2025-11-13,10102592565.69,7252104867.88,139.31,Normal
2025-11-13,cad,Investment Banking,22903.9,1,19511.8328571429,2025-11-13,10102592565.69,7252104867.88,139.31,Normal
2025-11-13,inr,Treasury,58431.61,1,25600.7342857143,2025-11-13,10102592565.69,7252104867.88,139.31,Normal
2025-11-13,INR,Treasury,422314.58,14,67453.0485714287,2025-11-13,10102592565.69,7252104867.88,139.31,Normal
2025-11-13,USD,Retail Banking,-249.349999999993,5,-57132.1442857143,2025-11-13,10102592565.69,7252104867.88,139.31,Normal
2025-11-13,CHF,Treasury,-1102402.99,14,-559147.248571429,2025-11-13,10102592565.69,7252104867.88,139.31,Normal
2025-11-13,CAD,Corporate Banking,47953.16,8,2833.30714285714,2025-11-13,10102592565.69,7252104867.88,139.31,Normal
2025-11-13,JPY,Retail Banking,315510.85,11,84028.7214285714,2025-11-13,10102592565.69,7252104867.88,139.31,Normal
2025-11-13,JPY,Investment Banking,133398.85,9,94366.4585714286,2025-11-13,10102592565.69,7252104867.88,139.31,Normal
2025-11-13,AUD,Markets,379252.43,19,-6065.27857142861,2025-11-13,10102592565.69,7252104867.88,139.31,Normal
2025-11-13,EUR,Corporate Banking,67068.7,12,52635.2057142857,2025-11-13,10102592565.69,7252104867.88,139.31,Normal
2025-11-13,USD,Treasury,-2011064.06,14,-1372659.90857143,2025-11-13,10102592565.69,7252104867.88,139.31,Normal
2025-11-13,CHF,Retail Banking,362737.36,10,132572.634285714,2025-11-13,10102592565.69,7252104867.88,139.31,Normal
2025-11-13,CAD,Markets,1941458.08,22,673787.688571429,2025-11-13,10102592565.69,7252104867.88,139.31,Normal
2025-11-13,CAD,Treasury,-603346.63,6,-39350.8242857143,2025-11-13,10102592565.69,7252104867.88,139.31,Normal
2025-11-13,USD,Investment Banking,-250548.7,14,52208.1271428571,2025-11-13,10102592565.69,7252104867.88,139.31,Normal
2025-11-13,aud,Investment Banking,-29221.04,2,-6745.58285714286,2025-11-13,10102592565.69,7252104867.88,139.31,Normal
2025-11-13,INR,Investment Banking,-188478.24,8,-184005.735714286,2025-11-13,10102592565.69,7252104867.88,139.31,Normal
2025-11-13,GBP,Treasury,-27083.46,14,-51591.8685714286,2025-11-13,10102592565.69,7252104867.88,139.31,Normal
2025-11-13,EUR,Treasury,-943321.6,16,-776819.265714286,2025-11-13,10102592565.69,7252104867.88,139.31,Normal
2025-11-13,JPY,Markets,-999453.42,16,436227.135714286,2025-11-13,10102592565.69,7252104867.88,139.31,Normal
2025-11-13,CHF,Markets,1184910.97,15,-956367.844285714,2025-11-13,10102592565.69,7252104867.88,139.31,Normal
2025-11-13,eur,Corporate Banking,-15861.79,1,-6036.68,2025-11-13,10102592565.69,7252104867.88,139.31,Normal
2025-11-13,EUR,Markets,-1419578.74,11,-297492.178571429,2025-11-13,10102592565.69,7252104867.88,139.31,Normal
2025-11-13,AUD,Corporate Banking,73633.26,12,61126.7942857143,2025-11-13,10102592565.69,7252104867.88,139.31,Normal
2025-11-13,AUD,Treasury,-1545612.36,14,-992632.294285715,2025-11-13,10102592565.69,7252104867.88,139.31,Normal
2025-11-13,JPY,Corporate Banking,40651.43,9,-41533.1428571429,2025-11-13,10102592565.69,7252104867.88,139.31,Normal
2025-11-13,CHF,Investment Banking,30181.26,9,-62436.5728571429,2025-11-13,10102592565.69,7252104867.88,139.31,Normal
2026-01-24,INR,Corporate Banking,22069.03,13,54519.1871428572,2026-01-24,9072677275.15,6835382270.01,132.73,Normal
2026-01-24,GBP,Investment Banking,-227856.8,18,38215.17,2026-01-24,9072677275.15,6835382270.01,132.73,Normal
2026-01-24,JPY,Treasury,670087.25,11,385533.462857143,2026-01-24,9072677275.15,6835382270.01,132.73,Normal
2026-01-24,GBP,Corporate Banking,-83802.74,5,-80902.7657142857,2026-01-24,9072677275.15,6835382270.01,132.73,Normal
2026-01-24,gbp,Markets,152950.89,1,129874.331428571,2026-01-24,9072677275.15,6835382270.01,132.73,Normal
2026-01-24,gbp,Treasury,-330005.18,1,-48119.1171428571,2026-01-24,9072677275.15,6835382270.01,132.73,Normal
2026-01-24,CAD,Investment Banking,4082.62000000001,11,-36779.53,2026-01-24,9072677275.15,6835382270.01,132.73,Normal
2026-01-24,INR,Markets,319834.11,12,-49743.4085714285,2026-01-24,9072677275.15,6835382270.01,132.73,Normal
2026-01-24,GBP,Retail Banking,-97070.19,13,-72283.1571428571,2026-01-24,9072677275.15,6835382270.01,132.73,Normal
2026-01-24,AUD,Investment Banking,-230099.9,13,-69912.6414285714,2026-01-24,9072677275.15,6835382270.01,132.73,Normal
2026-01-24,AUD,Retail Banking,-12903.44,7,-29206.0657142857,2026-01-24,9072677275.15,6835382270.01,132.73,Normal
2026-01-24,inr,Corporate Banking,10204.88,1,7650.62714285714,2026-01-24,9072677275.15,6835382270.01,132.73,Normal
2026-01-24,EUR,Retail Banking,54234.75,7,73155.42,2026-01-24,9072677275.15,6835382270.01,132.73,Normal
2026-01-24,CAD,Retail Banking,81593.71,11,66854.7485714286,2026-01-24,9072677275.15,6835382270.01,132.73,Normal
2026-01-24,INR,Retail Banking,-85631.08,14,14007.2885714286,2026-01-24,9072677275.15,6835382270.01,132.73,Normal
2026-01-24,CHF,Corporate Banking,-134206.9,6,-47966.9657142857,2026-01-24,9072677275.15,6835382270.01,132.73,Normal
2026-01-24,GBP,Markets,693881.39,20,599097.634285714,2026-01-24,9072677275.15,6835382270.01,132.73,Normal
2026-01-24,USD,Corporate Banking,96646.74,10,-31913.4328571429,2026-01-24,9072677275.15,6835382270.01,132.73,Normal
2026-01-24,EUR,Investment Banking,73115.01,10,-12098.2214285714,2026-01-24,9072677275.15,6835382270.01,132.73,Normal
2026-01-24,USD,Markets,-111029.21,9,872176.771428571,2026-01-24,9072677275.15,6835382270.01,132.73,Normal
2026-01-24,inr,Treasury,-224013.66,1,-55404.9928571429,2026-01-24,9072677275.15,6835382270.01,132.73,Normal
2026-01-24,INR,Treasury,118186.92,8,-52942.2628571429,2026-01-24,9072677275.15,6835382270.01,132.73,Normal
2026-01-24,USD,Retail Banking,-67651.11,8,-11618.63,2026-01-24,9072677275.15,6835382270.01,132.73,Normal
2026-01-24,CHF,Treasury,-1764382.44,14,-591852.878571429,2026-01-24,9072677275.15,6835382270.01,132.73,Normal
2026-01-24,CAD,Corporate Banking,140040.86,11,-92085.5042857143,2026-01-24,9072677275.15,6835382270.01,132.73,Normal
2026-01-24,JPY,Retail Banking,-268392.26,14,-121068.747142857,2026-01-24,9072677275.15,6835382270.01,132.73,Normal
2026-01-24,JPY,Investment Banking,2638.07,9,4784.61714285713,2026-01-24,9072677275.15,6835382270.01,132.73,Normal
2026-01-24,AUD,Markets,-977721.2,17,199811.394285714,2026-01-24,9072677275.15,6835382270.01,132.73,Normal
2026-01-24,EUR,Corporate Banking,-120083.06,13,13892.1585714286,2026-01-24,9072677275.15,6835382270.01,132.73,Normal
2026-01-24,USD,Treasury,-412067.22,8,-155612.894285714,2026-01-24,9072677275.15,6835382270.01,132.73,Normal
2026-01-24,CHF,Retail Banking,-144688.63,6,-67217.5171428572,2026-01-24,9072677275.15,6835382270.01,132.73,Normal
2026-01-24,CAD,Markets,109441.25,10,53566.8357142858,2026-01-24,9072677275.15,6835382270.01,132.73,Normal
2026-01-24,CAD,Treasury,816249.46,13,485468.474285714,2026-01-24,9072677275.15,6835382270.01,132.73,Normal
2026-01-24,USD,Investment Banking,310668.94,10,65196.7085714286,2026-01-24,9072677275.15,6835382270.01,132.73,Normal
2026-01-24,INR,Investment Banking,-119770.82,18,-43013.0242857143,2026-01-24,9072677275.15,6835382270.01,132.73,Normal
2026-01-24,GBP,Treasury,3400323.81,19,1006873.01142857,2026-01-24,9072677275.15,6835382270.01,132.73,Normal
2026-01-24,EUR,Treasury,1366571.92,15,520786.841428571,2026-01-24,9072677275.15,6835382270.01,132.73,Normal
2026-01-24,JPY,Markets,1869860.62,18,431830.565714286,2026-01-24,9072677275.15,6835382270.01,132.73,Normal
2026-01-24,CHF,Markets,-25814.75,13,-433098.815714286,2026-01-24,9072677275.15,6835382270.01,132.73,Normal
2026-01-24,chf,Investment Banking,16053.24,1,6658.25285714286,2026-01-24,9072677275.15,6835382270.01,132.73,Normal
2026-01-24,EUR,Markets,77935.9900000001,13,-578356.941428571,2026-01-24,9072677275.15,6835382270.01,132.73,Normal
2026-01-24,AUD,Corporate Banking,58527.8,11,-102206.882857143,2026-01-24,9072677275.15,6835382270.01,132.73,Normal
2026-01-24,AUD,Treasury,1853309.6,12,-185816.772857143,2026-01-24,9072677275.15,6835382270.01,132.73,Normal
2026-01-24,JPY,Corporate Banking,42925.6,6,-5734.27142857144,2026-01-24,9072677275.15,6835382270.01,132.73,Normal
2026-01-24,CHF,Investment Banking,-21570.99,6,-54941.68,2026-01-24,9072677275.15,6835382270.01,132.73,Normal
2025-12-23,INR,Corporate Banking,-235929.5,13,-53961.61,2025-12-23,8203117935.43,6970322699.43,117.69,Normal
2025-12-23,GBP,Investment Banking,-439695.56,10,-93848.1714285714,2025-12-23,8203117935.43,6970322699.43,117.69,Normal
2025-12-23,JPY,Treasury,-2700569.02,14,-1033522.18142857,2025-12-23,8203117935.43,6970322699.43,117.69,Normal
2025-12-23,GBP,Corporate Banking,-80150.07,7,-49860.5442857143,2025-12-23,8203117935.43,6970322699.43,117.69,Normal
2025-12-23,jpy,Retail Banking,-7955.07,1,13328.4757142857,2025-12-23,8203117935.43,6970322699.43,117.69,Normal
2025-12-23,jpy,Treasury,-229453.26,1,-135173.955714286,2025-12-23,8203117935.43,6970322699.43,117.69,Normal
2025-12-23,CAD,Investment Banking,-151235.77,12,-81785.3528571428,2025-12-23,8203117935.43,6970322699.43,117.69,Normal
2025-12-23,INR,Markets,-1675928.97,13,175406.874285714,2025-12-23,8203117935.43,6970322699.43,117.69,Normal
2025-12-23,GBP,Retail Banking,-154622.01,7,70394.8742857143,2025-12-23,8203117935.43,6970322699.43,117.69,Normal
2025-12-23,AUD,Investment Banking,21162.6,10,22198.0528571429,2025-12-23,8203117935.43,6970322699.43,117.69,Normal
2025-12-23,AUD,Retail Banking,-26665.94,10,-27139.59,2025-12-23,8203117935.43,6970322699.43,117.69,Normal
2025-12-23,cad,Markets,47714.28,1,-3199.99285714286,2025-12-23,8203117935.43,6970322699.43,117.69,Normal
2025-12-23,EUR,Retail Banking,303269.46,13,47736.5142857143,2025-12-23,8203117935.43,6970322699.43,117.69,Normal
2025-12-23,cad,Retail Banking,-24120.35,1,596.691428571428,2025-12-23,8203117935.43,6970322699.43,117.69,Normal
2025-12-23,CAD,Retail Banking,8177.53,7,13408.3628571429,2025-12-23,8203117935.43,6970322699.43,117.69,Normal
2025-12-23,INR,Retail Banking,-6392.03,10,-37091.08,2025-12-23,8203117935.43,6970322699.43,117.69,Normal
2025-12-23,CHF,Corporate Banking,38154.75,11,-21514.56,2025-12-23,8203117935.43,6970322699.43,117.69,Normal
2025-12-23,GBP,Markets,-548234.93,12,-256522.545714286,2025-12-23,8203117935.43,6970322699.43,117.69,Normal
2025-12-23,USD,Corporate Banking,58590.3,9,-34206.8471428571,2025-12-23,8203117935.43,6970322699.43,117.69,Normal
2025-12-23,EUR,Investment Banking,-53910.82,5,-48396.1085714286,2025-12-23,8203117935.43,6970322699.43,117.69,Normal
2025-12-23,USD,Markets,-1963403.67,30,-841864.958571428,2025-12-23,8203117935.43,6970322699.43,117.69,Normal
2025-12-23,cad,Treasury,266209.45,1,253395.022857143,2025-12-23,8203117935.43,6970322699.43,117.69,Normal
2025-12-23,INR,Treasury,-3927284.54,19,-1866281.24714286,2025-12-23,8203117935.43,6970322699.43,117.69,Normal
2025-12-23,USD,Retail Banking,-32154.46,9,-50471.3771428571,2025-12-23,8203117935.43,6970322699.43,117.69,Normal
2025-12-23,CHF,Treasury,-703556.52,11,-569644.458571429,2025-12-23,8203117935.43,6970322699.43,117.69,Normal
2025-12-23,CAD,Corporate Banking,348211.6,15,-36073.5685714286,2025-12-23,8203117935.43,6970322699.43,117.69,Normal
2025-12-23,JPY,Retail Banking,-294192.97,7,-19077.2442857143,2025-12-23,8203117935.43,6970322699.43,117.69,Normal
2025-12-23,inr,Investment Banking,18700.83,1,23584.8057142857,2025-12-23,8203117935.43,6970322699.43,117.69,Normal
2025-12-23,JPY,Investment Banking,-55164.16,11,-117286.075714286,2025-12-23,8203117935.43,6970322699.43,117.69,Normal
2025-12-23,AUD,Markets,-1344857.05,17,67343.7685714285,2025-12-23,8203117935.43,6970322699.43,117.69,Normal
2025-12-23,EUR,Corporate Banking,-201039.39,8,-36028.02,2025-12-23,8203117935.43,6970322699.43,117.69,Normal
2025-12-23,USD,Treasury,-1008939.56,18,593593.602857143,2025-12-23,8203117935.43,6970322699.43,117.69,Normal
2025-12-23,CHF,Retail Banking,117099.07,7,26043.9871428571,2025-12-23,8203117935.43,6970322699.43,117.69,Normal
2025-12-23,CAD,Markets,1301424.05,14,-748293.551428571,2025-12-23,8203117935.43,6970322699.43,117.69,Normal
2025-12-23,CAD,Treasury,-300081.32,13,-270844.46,2025-12-23,8203117935.43,6970322699.43,117.69,Normal
2025-12-23,USD,Investment Banking,116976.32,11,-111400.844285714,2025-12-23,8203117935.43,6970322699.43,117.69,Normal
2025-12-23,INR,Investment Banking,-149563.26,11,-56568.69,2025-12-23,8203117935.43,6970322699.43,117.69,Normal
2025-12-23,GBP,Treasury,1288737.31,23,-112911.631428571,2025-12-23,8203117935.43,6970322699.43,117.69,Normal
2025-12-23,EUR,Treasury,-1957487.71,13,-30744.8714285714,2025-12-23,8203117935.43,6970322699.43,117.69,Normal
2025-12-23,jpy,Corporate Banking,87921.8,1,-5159.30142857143,2025-12-23,8203117935.43,6970322699.43,117.69,Normal
2025-12-23,JPY,Markets,-763956.18,8,525137.371428571,2025-12-23,8203117935.43,6970322699.43,117.69,Normal
2025-12-23,CHF,Markets,2851577.31,11,195323.362857143,2025-12-23,8203117935.43,6970322699.43,117.69,Normal
2025-12-23,EUR,Markets,-2120235.77,19,176532.607142857,2025-12-23,8203117935.43,6970322699.43,117.69,Normal
2025-12-23,AUD,Corporate Banking,-84545.33,7,-205219.958571429,2025-12-23,8203117935.43,6970322699.43,117.69,Normal
2025-12-23,AUD,Treasury,-1094288.3,11,-713974.098571428,2025-12-23,8203117935.43,6970322699.43,117.69,Normal
2025-12-23,JPY,Corporate Banking,-225047.61,9,-46719.5185714286,2025-12-23,8203117935.43,6970322699.43,117.69,Normal
2025-12-23,CHF,Investment Banking,-911741.17,16,-81851.1457142858,2025-12-23,8203117935.43,6970322699.43,117.69,Normal
2025-12-20,jpy,Investment Banking,-64169.53,1,-9814.22714285714,2025-12-20,10006065689.89,7590147735.5,131.83,Normal
2025-12-20,INR,Corporate Banking,-21583.83,7,-2482.42285714285,2025-12-20,10006065689.89,7590147735.5,131.83,Normal
2025-12-20,GBP,Investment Banking,-112384.86,13,16682.3142857143,2025-12-20,10006065689.89,7590147735.5,131.83,Normal
2025-12-20,inr,Markets,116191.92,1,-82276.7828571429,2025-12-20,10006065689.89,7590147735.5,131.83,Normal
2025-12-20,JPY,Treasury,-1853089.4,9,543444.267142857,2025-12-20,10006065689.89,7590147735.5,131.83,Normal
2025-12-20,GBP,Corporate Banking,41917.82,13,-70020.9785714286,2025-12-20,10006065689.89,7590147735.5,131.83,Normal
2025-12-20,gbp,Treasury,-41839.19,1,-150301.711428571,2025-12-20,10006065689.89,7590147735.5,131.83,Normal
2025-12-20,aud,Corporate Banking,-54927.62,1,-7406.39,2025-12-20,10006065689.89,7590147735.5,131.83,Normal
2025-12-20,CAD,Investment Banking,-167872.01,8,13455.08,2025-12-20,10006065689.89,7590147735.5,131.83,Normal
2025-12-20,INR,Markets,-32311.77,13,-268873.844285714,2025-12-20,10006065689.89,7590147735.5,131.83,Normal
2025-12-20,GBP,Retail Banking,304910.3,18,59389.0985714286,2025-12-20,10006065689.89,7590147735.5,131.83,Normal
2025-12-20,AUD,Investment Banking,33710.82,6,32913.8657142857,2025-12-20,10006065689.89,7590147735.5,131.83,Normal
2025-12-20,AUD,Retail Banking,-29833.78,7,10693.0328571429,2025-12-20,10006065689.89,7590147735.5,131.83,Normal
2025-12-20,cad,Markets,-24535.75,1,31826.2857142857,2025-12-20,10006065689.89,7590147735.5,131.83,Normal
2025-12-20,EUR,Retail Banking,54558.69,11,23167.1828571428,2025-12-20,10006065689.89,7590147735.5,131.83,Normal
2025-12-20,CAD,Retail Banking,55556.26,10,73258.3542857143,2025-12-20,10006065689.89,7590147735.5,131.83,Normal
2025-12-20,INR,Retail Banking,-12325.78,11,-87391.8842857143,2025-12-20,10006065689.89,7590147735.5,131.83,Normal
2025-12-20,CHF,Corporate Banking,144731.14,7,84418.6257142857,2025-12-20,10006065689.89,7590147735.5,131.83,Normal
2025-12-20,GBP,Markets,-389495.91,17,-286020.791428572,2025-12-20,10006065689.89,7590147735.5,131.83,Normal
2025-12-20,USD,Corporate Banking,37376.51,4,-100807.441428571,2025-12-20,10006065689.89,7590147735.5,131.83,Normal
2025-12-20,EUR,Investment Banking,-13060.78,13,107979.668571429,2025-12-20,10006065689.89,7590147735.5,131.83,Normal
2025-12-20,chf,Markets,164391.88,1,237293.787142857,2025-12-20,10006065689.89,7590147735.5,131.83,Normal
2025-12-20,USD,Markets,-224485.7,9,-1101356.71285714,2025-12-20,10006065689.89,7590147735.5,131.83,Normal
2025-12-20,cad,Treasury,-865746.63,1,237781.352857143,2025-12-20,10006065689.89,7590147735.5,131.83,Normal
2025-12-20,INR,Treasury,-3736125.24,18,-1259108.98285714,2025-12-20,10006065689.89,7590147735.5,131.83,Normal
2025-12-20,USD,Retail Banking,-61807.67,10,-92646.9271428571,2025-12-20,10006065689.89,7590147735.5,131.83,Normal
2025-12-20,gbp,Corporate Banking,-57458.39,1,-7335.09142857143,2025-12-20,10006065689.89,7590147735.5,131.83,Normal
2025-12-20,CHF,Treasury,-513393.13,17,-547872.938571429,2025-12-20,10006065689.89,7590147735.5,131.83,Normal
2025-12-20,CAD,Corporate Banking,-270371.19,13,-28256.3857142857,2025-12-20,10006065689.89,7590147735.5,131.83,Normal
2025-12-20,JPY,Retail Banking,-156111.69,10,60967.8942857143,2025-12-20,10006065689.89,7590147735.5,131.83,Normal
2025-12-20,JPY,Investment Banking,-384852.88,12,-74502.1314285714,2025-12-20,10006065689.89,7590147735.5,131.83,Normal
2025-12-20,AUD,Markets,2271995.9,11,343869.44,2025-12-20,10006065689.89,7590147735.5,131.83,Normal
2025-12-20,EUR,Corporate Banking,-156636.85,10,-66896.5757142857,2025-12-20,10006065689.89,7590147735.5,131.83,Normal
2025-12-20,USD,Treasury,1674822.28,16,-434227.034285714,2025-12-20,10006065689.89,7590147735.5,131.83,Normal
2025-12-20,CHF,Retail Banking,-191686.42,10,-43048.9985714286,2025-12-20,10006065689.89,7590147735.5,131.83,Normal
2025-12-20,usd,Corporate Banking,30477.93,1,-10006.3571428571,2025-12-20,10006065689.89,7590147735.5,131.83,Normal
2025-12-20,eur,Investment Banking,22809.25,1,-17253.2542857143,2025-12-20,10006065689.89,7590147735.5,131.83,Normal
2025-12-20,CAD,Markets,-1769147.33,17,-1417247.21285714,2025-12-20,10006065689.89,7590147735.5,131.83,Normal
2025-12-20,CAD,Treasury,443692.81,13,400926.341428571,2025-12-20,10006065689.89,7590147735.5,131.83,Normal
2025-12-20,USD,Investment Banking,-156.889999999981,9,-58524.8214285714,2025-12-20,10006065689.89,7590147735.5,131.83,Normal
2025-12-20,INR,Investment Banking,24025.87,8,-75347.3985714286,2025-12-20,10006065689.89,7590147735.5,131.83,Normal
2025-12-20,GBP,Treasury,480937.8,15,219180.475714286,2025-12-20,10006065689.89,7590147735.5,131.83,Normal
2025-12-20,EUR,Treasury,-1031805.13,15,700266.51,2025-12-20,10006065689.89,7590147735.5,131.83,Normal
2025-12-20,JPY,Markets,638016.109999999,19,77596.4228571428,2025-12-20,10006065689.89,7590147735.5,131.83,Normal
2025-12-20,CHF,Markets,301072.9,16,8511.49285714283,2025-12-20,10006065689.89,7590147735.5,131.83,Normal
2025-12-20,EUR,Markets,-2271830.39,9,208278.192857143,2025-12-20,10006065689.89,7590147735.5,131.83,Normal
2025-12-20,aud,Markets,140648.73,1,-29568.2171428571,2025-12-20,10006065689.89,7590147735.5,131.83,Normal
2025-12-20,AUD,Corporate Banking,131071.2,12,-132561.645714286,2025-12-20,10006065689.89,7590147735.5,131.83,Normal
2025-12-20,eur,Treasury,151312.2,1,-130787.591428571,2025-12-20,10006065689.89,7590147735.5,131.83,Normal
2025-12-20,AUD,Treasury,-1184031.46,20,-390177.34,2025-12-20,10006065689.89,7590147735.5,131.83,Normal
2025-12-20,JPY,Corporate Banking,-131937.6,9,-21541.3957142857,2025-12-20,10006065689.89,7590147735.5,131.83,Normal
2025-12-20,CHF,Investment Banking,93834.68,11,-31369.1057142857,2025-12-20,10006065689.89,7590147735.5,131.83,Normal
2026-02-11,INR,Corporate Banking,79350.01,8,-8009.94142857142,2026-02-11,10397181846.07,7984065143.05,130.22,Normal
2026-02-11,GBP,Investment Banking,155797.55,11,127972.974285714,2026-02-11,10397181846.07,7984065143.05,130.22,Normal
2026-02-11,JPY,Treasury,658698.8,21,-42311.0171428572,2026-02-11,10397181846.07,7984065143.05,130.22,Normal
2026-02-11,GBP,Corporate Banking,52491.25,7,30539.1642857143,2026-02-11,10397181846.07,7984065143.05,130.22,Normal
2026-02-11,aud,Corporate Banking,17513.35,1,-26743.7442857143,2026-02-11,10397181846.07,7984065143.05,130.22,Normal
2026-02-11,CAD,Investment Banking,-7743.91999999998,11,-39797.2485714286,2026-02-11,10397181846.07,7984065143.05,130.22,Normal
2026-02-11,INR,Markets,-73352.99,15,-1489925.55285714,2026-02-11,10397181846.07,7984065143.05,130.22,Normal
2026-02-11,GBP,Retail Banking,-73865.75,7,-12631.7957142857,2026-02-11,10397181846.07,7984065143.05,130.22,Normal
2026-02-11,AUD,Investment Banking,-279550.7,8,-117759.41,2026-02-11,10397181846.07,7984065143.05,130.22,Normal
2026-02-11,AUD,Retail Banking,247113.12,11,57281.9428571429,2026-02-11,10397181846.07,7984065143.05,130.22,Normal
2026-02-11,inr,Corporate Banking,-10450.43,2,23633.9514285714,2026-02-11,10397181846.07,7984065143.05,130.22,Normal
2026-02-11,EUR,Retail Banking,13455.45,8,-60146.57,2026-02-11,10397181846.07,7984065143.05,130.22,Normal
2026-02-11,CAD,Retail Banking,-93067.16,7,-1115.70428571429,2026-02-11,10397181846.07,7984065143.05,130.22,Normal
2026-02-11,INR,Retail Banking,-363173.65,11,-74515.3628571429,2026-02-11,10397181846.07,7984065143.05,130.22,Normal
2026-02-11,CHF,Corporate Banking,-138870.18,12,-28563.4785714286,2026-02-11,10397181846.07,7984065143.05,130.22,Normal
2026-02-11,GBP,Markets,-2708926.67,19,-684181.348571428,2026-02-11,10397181846.07,7984065143.05,130.22,Normal
2026-02-11,usd,Treasury,228861.16,1,98584.9885714286,2026-02-11,10397181846.07,7984065143.05,130.22,Normal
2026-02-11,USD,Corporate Banking,-34403.47,10,-35624.0842857143,2026-02-11,10397181846.07,7984065143.05,130.22,Normal
2026-02-11,EUR,Investment Banking,-109667.38,17,-25001.3985714286,2026-02-11,10397181846.07,7984065143.05,130.22,Normal
2026-02-11,chf,Markets,-547307.19,2,-152696.581428571,2026-02-11,10397181846.07,7984065143.05,130.22,Normal
2026-02-11,USD,Markets,-571222.68,20,-536798.505714286,2026-02-11,10397181846.07,7984065143.05,130.22,Normal
2026-02-11,inr,Treasury,-1100356.42,2,-146152.354285714,2026-02-11,10397181846.07,7984065143.05,130.22,Normal
2026-02-11,INR,Treasury,-921207.07,12,-227536.842857143,2026-02-11,10397181846.07,7984065143.05,130.22,Normal
2026-02-11,USD,Retail Banking,-262650.69,12,-80660.7628571428,2026-02-11,10397181846.07,7984065143.05,130.22,Normal
2026-02-11,chf,Treasury,-301689.78,1,27818.74,2026-02-11,10397181846.07,7984065143.05,130.22,Normal
2026-02-11,CHF,Treasury,-1616842.52,12,76887.1014285715,2026-02-11,10397181846.07,7984065143.05,130.22,Normal
2026-02-11,CAD,Corporate Banking,157847.68,12,-729.640000000006,2026-02-11,10397181846.07,7984065143.05,130.22,Normal
2026-02-11,JPY,Retail Banking,-123831.04,5,-100806.375714286,2026-02-11,10397181846.07,7984065143.05,130.22,Normal
2026-02-11,inr,Investment Banking,-14414.46,1,-4086.52571428571,2026-02-11,10397181846.07,7984065143.05,130.22,Normal
2026-02-11,JPY,Investment Banking,230069.29,9,-13093.9357142857,2026-02-11,10397181846.07,7984065143.05,130.22,Normal
2026-02-11,AUD,Markets,1172627.43,18,184613.14,2026-02-11,10397181846.07,7984065143.05,130.22,Normal
2026-02-11,EUR,Corporate Banking,-324003.55,10,-12510.4414285714,2026-02-11,10397181846.07,7984065143.05,130.22,Normal
2026-02-11,USD,Treasury,-343531.31,11,244903.794285714,2026-02-11,10397181846.07,7984065143.05,130.22,Normal
2026-02-11,CHF,Retail Banking,149945.33,13,91669.0328571429,2026-02-11,10397181846.07,7984065143.05,130.22,Normal
2026-02-11,CAD,Markets,217098.24,9,97073.3242857144,2026-02-11,10397181846.07,7984065143.05,130.22,Normal
2026-02-11,CAD,Treasury,862123.42,14,-320661.558571429,2026-02-11,10397181846.07,7984065143.05,130.22,Normal
2026-02-11,USD,Investment Banking,-33819.34,5,-48390.2042857143,2026-02-11,10397181846.07,7984065143.05,130.22,Normal
2026-02-11,INR,Investment Banking,-64003.51,9,10740.8157142857,2026-02-11,10397181846.07,7984065143.05,130.22,Normal
2026-02-11,GBP,Treasury,-609333.26,16,20696.6442857142,2026-02-11,10397181846.07,7984065143.05,130.22,Normal
2026-02-11,EUR,Treasury,-790197.41,9,-845546.135714286,2026-02-11,10397181846.07,7984065143.05,130.22,Normal
2026-02-11,aud,Treasury,-341498.93,2,-101983.464285714,2026-02-11,10397181846.07,7984065143.05,130.22,Normal
2026-02-11,JPY,Markets,2700409.67,22,-49354.1842857141,2026-02-11,10397181846.07,7984065143.05,130.22,Normal
2026-02-11,CHF,Markets,-2321763.45,17,-681687.268571429,2026-02-11,10397181846.07,7984065143.05,130.22,Normal
2026-02-11,chf,Investment Banking,19925.44,1,-3349.25285714286,2026-02-11,10397181846.07,7984065143.05,130.22,Normal
2026-02-11,usd,Retail Banking,-23039.12,1,30738.5542857143,2026-02-11,10397181846.07,7984065143.05,130.22,Normal
2026-02-11,EUR,Markets,243617.22,13,-517301.462857143,2026-02-11,10397181846.07,7984065143.05,130.22,Normal
2026-02-11,cad,Corporate Banking,-6768.1,1,14578.9414285714,2026-02-11,10397181846.07,7984065143.05,130.22,Normal
2026-02-11,aud,Markets,-1126135.22,1,-69810.5714285714,2026-02-11,10397181846.07,7984065143.05,130.22,Normal
2026-02-11,AUD,Corporate Banking,153111.49,8,-8161.90142857143,2026-02-11,10397181846.07,7984065143.05,130.22,Normal
2026-02-11,AUD,Treasury,-964644.9,14,-645540.74,2026-02-11,10397181846.07,7984065143.05,130.22,Normal
2026-02-11,gbp,Retail Banking,-10546.74,1,-11767.9057142857,2026-02-11,10397181846.07,7984065143.05,130.22,Normal
2026-02-11,JPY,Corporate Banking,-130342.91,11,46368.0157142857,2026-02-11,10397181846.07,7984065143.05,130.22,Normal
2026-02-11,CHF,Investment Banking,106653.42,12,23500.7885714286,2026-02-11,10397181846.07,7984065143.05,130.22,Normal
2025-11-21,jpy,Investment Banking,-83695.96,1,2836.68714285714,2025-11-21,9814269392.82,6277502246.94,156.34,Normal
2025-11-21,INR,Corporate Banking,216998.81,17,60980.55,2025-11-21,9814269392.82,6277502246.94,156.34,Normal
2025-11-21,jpy,Markets,156301.99,1,184574.831428571,2025-11-21,9814269392.82,6277502246.94,156.34,Normal
2025-11-21,GBP,Investment Banking,108614.15,6,48832.2957142857,2025-11-21,9814269392.82,6277502246.94,156.34,Normal
2025-11-21,JPY,Treasury,-472961.9,13,119448.467142857,2025-11-21,9814269392.82,6277502246.94,156.34,Normal
2025-11-21,GBP,Corporate Banking,-470725.37,12,-109896.991428571,2025-11-21,9814269392.82,6277502246.94,156.34,Normal
2025-11-21,jpy,Retail Banking,5470.84,1,6199.85571428572,2025-11-21,9814269392.82,6277502246.94,156.34,Normal
2025-11-21,jpy,Treasury,-53016.25,1,450217.497142857,2025-11-21,9814269392.82,6277502246.94,156.34,Normal
2025-11-21,aud,Corporate Banking,-61458.61,1,-8410.87142857143,2025-11-21,9814269392.82,6277502246.94,156.34,Normal
2025-11-21,CAD,Investment Banking,-37321.88,12,40573.6942857143,2025-11-21,9814269392.82,6277502246.94,156.34,Normal
2025-11-21,INR,Markets,-3703613.53,15,-503923.385714286,2025-11-21,9814269392.82,6277502246.94,156.34,Normal
2025-11-21,GBP,Retail Banking,134432.32,11,-50715.4414285714,2025-11-21,9814269392.82,6277502246.94,156.34,Normal
2025-11-21,AUD,Investment Banking,519515.84,8,97590.9785714286,2025-11-21,9814269392.82,6277502246.94,156.34,Normal
2025-11-21,AUD,Retail Banking,-74895.54,8,93291.52,2025-11-21,9814269392.82,6277502246.94,156.34,Normal
2025-11-21,inr,Corporate Banking,-126997.26,1,488.042857142858,2025-11-21,9814269392.82,6277502246.94,156.34,Normal
2025-11-21,EUR,Retail Banking,113948.89,12,-174684.962857143,2025-11-21,9814269392.82,6277502246.94,156.34,Normal
2025-11-21,CAD,Retail Banking,-9075.1,7,19061.8814285714,2025-11-21,9814269392.82,6277502246.94,156.34,Normal
2025-11-21,INR,Retail Banking,-127261.92,12,-1002.46142857139,2025-11-21,9814269392.82,6277502246.94,156.34,Normal
2025-11-21,CHF,Corporate Banking,-254297.82,12,52731.4285714286,2025-11-21,9814269392.82,6277502246.94,156.34,Normal
2025-11-21,GBP,Markets,-2762027.55,14,-491404.43,2025-11-21,9814269392.82,6277502246.94,156.34,Normal
2025-11-21,usd,Treasury,-792218.85,2,126488.557142857,2025-11-21,9814269392.82,6277502246.94,156.34,Normal
2025-11-21,USD,Corporate Banking,-87792.12,12,-33495.8928571429,2025-11-21,9814269392.82,6277502246.94,156.34,Normal
2025-11-21,EUR,Investment Banking,-284197.08,15,-78190.53,2025-11-21,9814269392.82,6277502246.94,156.34,Normal
2025-11-21,chf,Markets,-87289.86,1,70986.7242857143,2025-11-21,9814269392.82,6277502246.94,156.34,Normal
2025-11-21,USD,Markets,452180.56,18,1273996.81571429,2025-11-21,9814269392.82,6277502246.94,156.34,Normal
2025-11-21,INR,Treasury,-1753229.25,21,-982012.048571428,2025-11-21,9814269392.82,6277502246.94,156.34,Normal
2025-11-21,USD,Retail Banking,-1101342.75,10,-194827.505714286,2025-11-21,9814269392.82,6277502246.94,156.34,Normal
2025-11-21,CHF,Treasury,-1645012.06,12,-29675.5799999999,2025-11-21,9814269392.82,6277502246.94,156.34,Normal
2025-11-21,CAD,Corporate Banking,-250351.71,9,-82180.2628571429,2025-11-21,9814269392.82,6277502246.94,156.34,Normal
2025-11-21,JPY,Retail Banking,-14033.43,14,12137.4871428571,2025-11-21,9814269392.82,6277502246.94,156.34,Normal
2025-11-21,JPY,Investment Banking,468511.19,18,-6223.40857142858,2025-11-21,9814269392.82,6277502246.94,156.34,Normal
2025-11-21,AUD,Markets,-1536662.89,17,-349792.388571429,2025-11-21,9814269392.82,6277502246.94,156.34,Normal
2025-11-21,EUR,Corporate Banking,-60534.83,4,-59906.7942857143,2025-11-21,9814269392.82,6277502246.94,156.34,Normal
2025-11-21,USD,Treasury,378922.24,11,764007.214285714,2025-11-21,9814269392.82,6277502246.94,156.34,Normal
2025-11-21,CHF,Retail Banking,-139704.75,17,-56359.2128571429,2025-11-21,9814269392.82,6277502246.94,156.34,Normal
2025-11-21,eur,Investment Banking,-16304.04,1,3863.45857142857,2025-11-21,9814269392.82,6277502246.94,156.34,Normal
2025-11-21,CAD,Markets,145917.14,10,171466.938571429,2025-11-21,9814269392.82,6277502246.94,156.34,Normal
2025-11-21,chf,Corporate Banking,-29619.86,1,-5863.11142857143,2025-11-21,9814269392.82,6277502246.94,156.34,Normal
2025-11-21,CAD,Treasury,-196625.42,10,-451088.025714286,2025-11-21,9814269392.82,6277502246.94,156.34,Normal
2025-11-21,USD,Investment Banking,37283.3,14,9814.17142857143,2025-11-21,9814269392.82,6277502246.94,156.34,Normal
2025-11-21,INR,Investment Banking,-571460.28,7,-134628.271428571,2025-11-21,9814269392.82,6277502246.94,156.34,Normal
2025-11-21,GBP,Treasury,433680.66,12,-5657.25714285723,2025-11-21,9814269392.82,6277502246.94,156.34,Normal
2025-11-21,EUR,Treasury,-2509674.34,12,-232796.774285714,2025-11-21,9814269392.82,6277502246.94,156.34,Normal
2025-11-21,JPY,Markets,875694.99,11,-77826.6414285715,2025-11-21,9814269392.82,6277502246.94,156.34,Normal
2025-11-21,CHF,Markets,-2397386.98,11,-1005010.04,2025-11-21,9814269392.82,6277502246.94,156.34,Normal
2025-11-21,eur,Corporate Banking,-6760.21,1,-7002.42428571429,2025-11-21,9814269392.82,6277502246.94,156.34,Normal
2025-11-21,EUR,Markets,3473766.09,14,1009558.2,2025-11-21,9814269392.82,6277502246.94,156.34,Normal
2025-11-21,cad,Corporate Banking,-2936.55,1,11043.5914285714,2025-11-21,9814269392.82,6277502246.94,156.34,Normal
2025-11-21,AUD,Corporate Banking,-52080.24,6,-20328.4285714286,2025-11-21,9814269392.82,6277502246.94,156.34,Normal
2025-11-21,eur,Treasury,151198.37,1,-46928.3471428571,2025-11-21,9814269392.82,6277502246.94,156.34,Normal
2025-11-21,AUD,Treasury,-415622.69,13,-1080915.46,2025-11-21,9814269392.82,6277502246.94,156.34,Normal
2025-11-21,JPY,Corporate Banking,-153443.75,3,-96061.7028571429,2025-11-21,9814269392.82,6277502246.94,156.34,Normal
2025-11-21,CHF,Investment Banking,-67906.75,9,-56938.4514285714,2025-11-21,9814269392.82,6277502246.94,156.34,Normal
2025-11-21,inr,Retail Banking,7943.46,1,-6867.37285714286,2025-11-21,9814269392.82,6277502246.94,156.34,Normal
2025-11-10,INR,Corporate Banking,-349108.96,13,-15519.0214285714,2025-11-10,11621476362.89,6744798174.5,172.3,Normal
2025-11-10,GBP,Investment Banking,9953.36,7,-40198.1942857143,2025-11-10,11621476362.89,6744798174.5,172.3,Normal
2025-11-10,JPY,Treasury,-397096.35,12,596351.522857143,2025-11-10,11621476362.89,6744798174.5,172.3,Normal
2025-11-10,GBP,Corporate Banking,-92473.9,13,-28751.6257142857,2025-11-10,11621476362.89,6744798174.5,172.3,Normal
2025-11-10,jpy,Retail Banking,13250.86,1,-894.281428571428,2025-11-10,11621476362.89,6744798174.5,172.3,Normal
2025-11-10,aud,Corporate Banking,-90795.46,2,-15085.3728571429,2025-11-10,11621476362.89,6744798174.5,172.3,Normal
2025-11-10,CAD,Investment Banking,-205254.94,16,-176358.397142857,2025-11-10,11621476362.89,6744798174.5,172.3,Normal
2025-11-10,INR,Markets,-4422574.73,15,-829332.812857143,2025-11-10,11621476362.89,6744798174.5,172.3,Normal
2025-11-10,GBP,Retail Banking,398445.92,11,65777.61,2025-11-10,11621476362.89,6744798174.5,172.3,Normal
2025-11-10,AUD,Investment Banking,-213594.15,13,-1162.22714285715,2025-11-10,11621476362.89,6744798174.5,172.3,Normal
2025-11-10,AUD,Retail Banking,-188431.99,17,-72171.6785714286,2025-11-10,11621476362.89,6744798174.5,172.3,Normal
2025-11-10,EUR,Retail Banking,215841.32,12,3487.26285714286,2025-11-10,11621476362.89,6744798174.5,172.3,Normal
2025-11-10,CAD,Retail Banking,-345944.73,15,-92622.1142857143,2025-11-10,11621476362.89,6744798174.5,172.3,Normal
2025-11-10,INR,Retail Banking,-39379.1,8,-36579.7285714286,2025-11-10,11621476362.89,6744798174.5,172.3,Normal
2025-11-10,CHF,Corporate Banking,299054.23,19,56102.8771428572,2025-11-10,11621476362.89,6744798174.5,172.3,Normal
2025-11-10,GBP,Markets,-1409079.45,21,-2826451.17285714,2025-11-10,11621476362.89,6744798174.5,172.3,Normal
2025-11-10,USD,Corporate Banking,133021.61,9,12181.2042857143,2025-11-10,11621476362.89,6744798174.5,172.3,Normal
2025-11-10,EUR,Investment Banking,293083.56,16,28045.9385714286,2025-11-10,11621476362.89,6744798174.5,172.3,Normal
2025-11-10,USD,Markets,819609.34,20,-374088.861428572,2025-11-10,11621476362.89,6744798174.5,172.3,Normal
2025-11-10,cad,Investment Banking,-13135.55,2,16239.8471428571,2025-11-10,11621476362.89,6744798174.5,172.3,Normal
2025-11-10,INR,Treasury,317338.77,10,-176355.142857143,2025-11-10,11621476362.89,6744798174.5,172.3,Normal
2025-11-10,USD,Retail Banking,122362.36,11,-69721.5328571429,2025-11-10,11621476362.89,6744798174.5,172.3,Normal
2025-11-10,CHF,Treasury,674179.91,20,-711399.664285714,2025-11-10,11621476362.89,6744798174.5,172.3,Normal
2025-11-10,CAD,Corporate Banking,133662.97,5,-3019.73857142859,2025-11-10,11621476362.89,6744798174.5,172.3,Normal
2025-11-10,JPY,Retail Banking,106748.34,6,134261.655714286,2025-11-10,11621476362.89,6744798174.5,172.3,Normal
2025-11-10,JPY,Investment Banking,-271227.31,11,15071.2771428571,2025-11-10,11621476362.89,6744798174.5,172.3,Normal
2025-11-10,AUD,Markets,1009399.34,22,-98509.5842857143,2025-11-10,11621476362.89,6744798174.5,172.3,Normal
2025-11-10,EUR,Corporate Banking,-41161.89,16,-4536.74,2025-11-10,11621476362.89,6744798174.5,172.3,Normal
2025-11-10,USD,Treasury,-1047119.83,14,-957765.054285714,2025-11-10,11621476362.89,6744798174.5,172.3,Normal
2025-11-10,CHF,Retail Banking,258850.21,11,31424.6571428571,2025-11-10,11621476362.89,6744798174.5,172.3,Normal
2025-11-10,CAD,Markets,382381.11,10,417220.461428571,2025-11-10,11621476362.89,6744798174.5,172.3,Normal
2025-11-10,chf,Corporate Banking,-11421.92,1,-1631.70285714286,2025-11-10,11621476362.89,6744798174.5,172.3,Normal
2025-11-10,CAD,Treasury,-545149.13,19,331487.951428571,2025-11-10,11621476362.89,6744798174.5,172.3,Normal
2025-11-10,USD,Investment Banking,136920.32,16,33654.8457142857,2025-11-10,11621476362.89,6744798174.5,172.3,Normal
2025-11-10,aud,Investment Banking,8562.26,1,-1341.51142857143,2025-11-10,11621476362.89,6744798174.5,172.3,Normal
2025-11-10,INR,Investment Banking,-4661.62,9,-397257.35,2025-11-10,11621476362.89,6744798174.5,172.3,Normal
2025-11-10,GBP,Treasury,-532340.8,4,-882797.665714286,2025-11-10,11621476362.89,6744798174.5,172.3,Normal
2025-11-10,EUR,Treasury,640490.04,15,-537700.385714286,2025-11-10,11621476362.89,6744798174.5,172.3,Normal
2025-11-10,JPY,Markets,-199813.8,11,372113.645714286,2025-11-10,11621476362.89,6744798174.5,172.3,Normal
2025-11-10,CHF,Markets,949822,16,-1006089.57714286,2025-11-10,11621476362.89,6744798174.5,172.3,Normal
2025-11-10,usd,Retail Banking,37541.42,1,1551.98285714286,2025-11-10,11621476362.89,6744798174.5,172.3,Normal
2025-11-10,EUR,Markets,-3248959.19,13,411484.485714286,2025-11-10,11621476362.89,6744798174.5,172.3,Normal
2025-11-10,AUD,Corporate Banking,73582.45,7,33359.5628571428,2025-11-10,11621476362.89,6744798174.5,172.3,Normal
2025-11-10,AUD,Treasury,39094.81,12,-350816.234285715,2025-11-10,11621476362.89,6744798174.5,172.3,Normal
2025-11-10,JPY,Corporate Banking,20939.15,8,-46304.7071428571,2025-11-10,11621476362.89,6744798174.5,172.3,Normal
2025-11-10,CHF,Investment Banking,76789.24,10,-15246.3128571429,2025-11-10,11621476362.89,6744798174.5,172.3,Normal
2025-11-22,INR,Corporate Banking,38084.4,12,60033.09,2025-11-22,8495354643.47,6022386305.34,141.06,Normal
2025-11-22,jpy,Markets,-44956,1,89042.7542857143,2025-11-22,8495354643.47,6022386305.34,141.06,Normal
2025-11-22,GBP,Investment Banking,-309959.46,12,-22350.4871428571,2025-11-22,8495354643.47,6022386305.34,141.06,Normal
2025-11-22,JPY,Treasury,108727.21,10,359.054285714236,2025-11-22,8495354643.47,6022386305.34,141.06,Normal
2025-11-22,GBP,Corporate Banking,179107.15,15,-81756.5457142857,2025-11-22,8495354643.47,6022386305.34,141.06,Normal
2025-11-22,gbp,Markets,-1004937.25,2,-220771.862857143,2025-11-22,8495354643.47,6022386305.34,141.06,Normal
2025-11-22,gbp,Treasury,-202923.34,1,-91035.7485714286,2025-11-22,8495354643.47,6022386305.34,141.06,Normal
2025-11-22,jpy,Treasury,-62212.6,1,347068.4,2025-11-22,8495354643.47,6022386305.34,141.06,Normal
2025-11-22,CAD,Investment Banking,-141305.89,8,34699.3385714286,2025-11-22,8495354643.47,6022386305.34,141.06,Normal
2025-11-22,INR,Markets,1889205.31,10,-209930.69,2025-11-22,8495354643.47,6022386305.34,141.06,Normal
2025-11-22,GBP,Retail Banking,35498.17,11,-29715.9385714286,2025-11-22,8495354643.47,6022386305.34,141.06,Normal
2025-11-22,AUD,Investment Banking,104472.37,8,125667.078571429,2025-11-22,8495354643.47,6022386305.34,141.06,Normal
2025-11-22,AUD,Retail Banking,132980.64,8,92290.3957142857,2025-11-22,8495354643.47,6022386305.34,141.06,Normal
2025-11-22,EUR,Retail Banking,853212.05,16,-34791.7371428571,2025-11-22,8495354643.47,6022386305.34,141.06,Normal
2025-11-22,cad,Retail Banking,-21757.71,1,-27479.3785714286,2025-11-22,8495354643.47,6022386305.34,141.06,Normal
2025-11-22,CAD,Retail Banking,53356.41,9,29917.9385714286,2025-11-22,8495354643.47,6022386305.34,141.06,Normal
2025-11-22,INR,Retail Banking,-374258.75,9,-51061.0314285714,2025-11-22,8495354643.47,6022386305.34,141.06,Normal
2025-11-22,CHF,Corporate Banking,-229116.6,7,14162.3671428571,2025-11-22,8495354643.47,6022386305.34,141.06,Normal
2025-11-22,GBP,Markets,588532.44,16,153947.32,2025-11-22,8495354643.47,6022386305.34,141.06,Normal
2025-11-22,USD,Corporate Banking,-370023.07,9,-71462.5857142857,2025-11-22,8495354643.47,6022386305.34,141.06,Normal
2025-11-22,EUR,Investment Banking,19377.53,10,-89748.8114285714,2025-11-22,8495354643.47,6022386305.34,141.06,Normal
2025-11-22,USD,Markets,-1697498.56,11,645032.438571429,2025-11-22,8495354643.47,6022386305.34,141.06,Normal
2025-11-22,INR,Treasury,522756.33,14,-942877.991428571,2025-11-22,8495354643.47,6022386305.34,141.06,Normal
2025-11-22,USD,Retail Banking,-34243.83,9,-187512.194285714,2025-11-22,8495354643.47,6022386305.34,141.06,Normal
2025-11-22,CHF,Treasury,-524195.58,13,-6278.56571428571,2025-11-22,8495354643.47,6022386305.34,141.06,Normal
2025-11-22,CAD,Corporate Banking,70077.98,6,-72135.31,2025-11-22,8495354643.47,6022386305.34,141.06,Normal
2025-11-22,JPY,Retail Banking,-102787.97,10,-34861.6157142857,2025-11-22,8495354643.47,6022386305.34,141.06,Normal
2025-11-22,JPY,Investment Banking,-90911.41,10,-15709.9957142857,2025-11-22,8495354643.47,6022386305.34,141.06,Normal
2025-11-22,AUD,Markets,-10060.8300000001,19,-265292.95,2025-11-22,8495354643.47,6022386305.34,141.06,Normal
2025-11-22,EUR,Corporate Banking,-247536.82,10,-40251.14,2025-11-22,8495354643.47,6022386305.34,141.06,Normal
2025-11-22,USD,Treasury,-1423168.92,14,328731.534285714,2025-11-22,8495354643.47,6022386305.34,141.06,Normal
2025-11-22,CHF,Retail Banking,8437.42999999999,13,-65800.4014285714,2025-11-22,8495354643.47,6022386305.34,141.06,Normal
2025-11-22,CAD,Markets,905768.69,12,247052.962857143,2025-11-22,8495354643.47,6022386305.34,141.06,Normal
2025-11-22,chf,Retail Banking,47930.56,1,10226.8642857143,2025-11-22,8495354643.47,6022386305.34,141.06,Normal
2025-11-22,chf,Corporate Banking,31370.23,1,-1381.65,2025-11-22,8495354643.47,6022386305.34,141.06,Normal
2025-11-22,CAD,Treasury,-710887.19,8,-529353.085714286,2025-11-22,8495354643.47,6022386305.34,141.06,Normal
2025-11-22,USD,Investment Banking,-236297.09,12,-6644.26999999999,2025-11-22,8495354643.47,6022386305.34,141.06,Normal
2025-11-22,INR,Investment Banking,401228.94,18,-47351.9757142857,2025-11-22,8495354643.47,6022386305.34,141.06,Normal
2025-11-22,GBP,Treasury,-901910.14,14,-263395.354285714,2025-11-22,8495354643.47,6022386305.34,141.06,Normal
2025-11-22,EUR,Treasury,673074.43,13,-105825.312857143,2025-11-22,8495354643.47,6022386305.34,141.06,Normal
2025-11-22,jpy,Corporate Banking,29065.05,2,31194.2142857143,2025-11-22,8495354643.47,6022386305.34,141.06,Normal
2025-11-22,aud,Treasury,759244.37,1,23990.0371428572,2025-11-22,8495354643.47,6022386305.34,141.06,Normal
2025-11-22,JPY,Markets,896178.04,13,249258.332857143,2025-11-22,8495354643.47,6022386305.34,141.06,Normal
2025-11-22,CHF,Markets,159671.87,16,-855339.582857143,2025-11-22,8495354643.47,6022386305.34,141.06,Normal
2025-11-22,usd,Retail Banking,19209.43,1,-17159.6114285714,2025-11-22,8495354643.47,6022386305.34,141.06,Normal
2025-11-22,EUR,Markets,-88858.61,14,1128312.46571429,2025-11-22,8495354643.47,6022386305.34,141.06,Normal
2025-11-22,aud,Markets,-326978.36,1,14810.7314285714,2025-11-22,8495354643.47,6022386305.34,141.06,Normal
2025-11-22,AUD,Corporate Banking,-247448.59,11,-67720.3714285714,2025-11-22,8495354643.47,6022386305.34,141.06,Normal
2025-11-22,AUD,Treasury,1654829.76,16,-1058053.45428571,2025-11-22,8495354643.47,6022386305.34,141.06,Normal
2025-11-22,JPY,Corporate Banking,-83320.26,7,-77017.2757142857,2025-11-22,8495354643.47,6022386305.34,141.06,Normal
2025-11-22,usd,Markets,308139.92,1,-70617.4757142857,2025-11-22,8495354643.47,6022386305.34,141.06,Normal
2025-11-22,CHF,Investment Banking,-169605.35,9,-79687.02,2025-11-22,8495354643.47,6022386305.34,141.06,Normal
2025-12-26,INR,Corporate Banking,55227.53,8,-70475.8685714286,2025-12-26,10759561033.67,7136487574.96,150.77,Normal
2025-12-26,GBP,Investment Banking,-104954.19,8,-95596.1128571428,2025-12-26,10759561033.67,7136487574.96,150.77,Normal
2025-12-26,inr,Markets,599490.25,1,248032.264285714,2025-12-26,10759561033.67,7136487574.96,150.77,Normal
2025-12-26,JPY,Treasury,1157551.5,14,-925611.181428571,2025-12-26,10759561033.67,7136487574.96,150.77,Normal
2025-12-26,GBP,Corporate Banking,164838.82,11,-48503.5785714286,2025-12-26,10759561033.67,7136487574.96,150.77,Normal
2025-12-26,CAD,Investment Banking,157541.27,8,-47308.6742857143,2025-12-26,10759561033.67,7136487574.96,150.77,Normal
2025-12-26,INR,Markets,-306133.66,22,503274.714285714,2025-12-26,10759561033.67,7136487574.96,150.77,Normal
2025-12-26,GBP,Retail Banking,4777.87000000002,12,-22578.3871428571,2025-12-26,10759561033.67,7136487574.96,150.77,Normal
2025-12-26,AUD,Investment Banking,-145365.43,6,-57303.4357142857,2025-12-26,10759561033.67,7136487574.96,150.77,Normal
2025-12-26,AUD,Retail Banking,-38894.14,10,-16127.2971428571,2025-12-26,10759561033.67,7136487574.96,150.77,Normal
2025-12-26,inr,Corporate Banking,41738.91,2,-34484.0828571429,2025-12-26,10759561033.67,7136487574.96,150.77,Normal
2025-12-26,EUR,Retail Banking,-26720.31,19,50478.23,2025-12-26,10759561033.67,7136487574.96,150.77,Normal
2025-12-26,CAD,Retail Banking,-441382.4,10,-31839.3871428572,2025-12-26,10759561033.67,7136487574.96,150.77,Normal
2025-12-26,INR,Retail Banking,-214882.22,8,-83084.5542857143,2025-12-26,10759561033.67,7136487574.96,150.77,Normal
2025-12-26,CHF,Corporate Banking,35632.73,17,56928.9671428571,2025-12-26,10759561033.67,7136487574.96,150.77,Normal
2025-12-26,GBP,Markets,2290526.53,32,288877.261428571,2025-12-26,10759561033.67,7136487574.96,150.77,Normal
2025-12-26,USD,Corporate Banking,4126.89000000001,10,-12639.3971428572,2025-12-26,10759561033.67,7136487574.96,150.77,Normal
2025-12-26,EUR,Investment Banking,-133719.18,12,-68548.4771428571,2025-12-26,10759561033.67,7136487574.96,150.77,Normal
2025-12-26,USD,Markets,-3119086.12,8,-1585424.04285714,2025-12-26,10759561033.67,7136487574.96,150.77,Normal
2025-12-26,cad,Investment Banking,-22428.18,1,19104.4128571429,2025-12-26,10759561033.67,7136487574.96,150.77,Normal
2025-12-26,INR,Treasury,-501207.01,15,-1195736.84142857,2025-12-26,10759561033.67,7136487574.96,150.77,Normal
2025-12-26,USD,Retail Banking,91642.08,11,83473.8157142857,2025-12-26,10759561033.67,7136487574.96,150.77,Normal
2025-12-26,chf,Treasury,62312.31,1,-74274.4442857143,2025-12-26,10759561033.67,7136487574.96,150.77,Normal
2025-12-26,CHF,Treasury,-2043693.99,15,-1411878.52142857,2025-12-26,10759561033.67,7136487574.96,150.77,Normal
2025-12-26,CAD,Corporate Banking,-98760.58,9,-57499.2585714286,2025-12-26,10759561033.67,7136487574.96,150.77,Normal
2025-12-26,JPY,Retail Banking,-141255.58,10,-123664.635714286,2025-12-26,10759561033.67,7136487574.96,150.77,Normal
2025-12-26,JPY,Investment Banking,-99773.1,7,-160979.198571429,2025-12-26,10759561033.67,7136487574.96,150.77,Normal
2025-12-26,AUD,Markets,-1076755.75,7,-37144.8585714286,2025-12-26,10759561033.67,7136487574.96,150.77,Normal
2025-12-26,EUR,Corporate Banking,7445.83999999999,11,-143673.497142857,2025-12-26,10759561033.67,7136487574.96,150.77,Normal
2025-12-26,USD,Treasury,70960.7199999998,17,299228.72,2025-12-26,10759561033.67,7136487574.96,150.77,Normal
2025-12-26,CHF,Retail Banking,99837.73,9,37050.8514285714,2025-12-26,10759561033.67,7136487574.96,150.77,Normal
2025-12-26,CAD,Markets,-288129.34,9,-229302.818571429,2025-12-26,10759561033.67,7136487574.96,150.77,Normal
2025-12-26,CAD,Treasury,-2469156.94,13,-126413.945714286,2025-12-26,10759561033.67,7136487574.96,150.77,Normal
2025-12-26,USD,Investment Banking,-495.269999999997,9,40748.9771428571,2025-12-26,10759561033.67,7136487574.96,150.77,Normal
2025-12-26,INR,Investment Banking,-7264.01,7,-16453.9857142857,2025-12-26,10759561033.67,7136487574.96,150.77,Normal
2025-12-26,GBP,Treasury,-1243986.56,10,-533056.084285714,2025-12-26,10759561033.67,7136487574.96,150.77,Normal
2025-12-26,EUR,Treasury,510600.16,16,128145.075714286,2025-12-26,10759561033.67,7136487574.96,150.77,Normal
2025-12-26,JPY,Markets,-824818.09,17,258341.41,2025-12-26,10759561033.67,7136487574.96,150.77,Normal
2025-12-26,CHF,Markets,-2746702.88,20,288942.225714286,2025-12-26,10759561033.67,7136487574.96,150.77,Normal
2025-12-26,EUR,Markets,-1586483.72,20,-233975.292857143,2025-12-26,10759561033.67,7136487574.96,150.77,Normal
2025-12-26,AUD,Corporate Banking,-151975.68,7,-174301.82,2025-12-26,10759561033.67,7136487574.96,150.77,Normal
2025-12-26,AUD,Treasury,978348.23,18,-327476.691428571,2025-12-26,10759561033.67,7136487574.96,150.77,Normal
2025-12-26,JPY,Corporate Banking,146601.12,9,-35092.0685714286,2025-12-26,10759561033.67,7136487574.96,150.77,Normal
2025-12-26,CHF,Investment Banking,-113480.47,11,-111841.914285714,2025-12-26,10759561033.67,7136487574.96,150.77,Normal
2025-12-26,inr,Retail Banking,-21284.64,1,-5202.12857142857,2025-12-26,10759561033.67,7136487574.96,150.77,Normal
2026-01-18,jpy,Investment Banking,-11577.84,1,4173.38428571429,2026-01-18,11175519132.6,7348956111.77,152.07,Normal
2026-01-18,INR,Corporate Banking,-360634.41,14,-106427.885714286,2026-01-18,11175519132.6,7348956111.77,152.07,Normal
2026-01-18,usd,Investment Banking,5433.27,1,-8744.12428571428,2026-01-18,11175519132.6,7348956111.77,152.07,Normal
2026-01-18,GBP,Investment Banking,289922.93,12,-135971.232857143,2026-01-18,11175519132.6,7348956111.77,152.07,Normal
2026-01-18,inr,Markets,-122205.96,1,27206.6357142857,2026-01-18,11175519132.6,7348956111.77,152.07,Normal
2026-01-18,JPY,Treasury,793027.04,2,-1167522.87285714,2026-01-18,11175519132.6,7348956111.77,152.07,Normal
2026-01-18,GBP,Corporate Banking,-19801.48,10,-27023.2342857143,2026-01-18,11175519132.6,7348956111.77,152.07,Normal
2026-01-18,CAD,Investment Banking,-220507.77,10,-33684.79,2026-01-18,11175519132.6,7348956111.77,152.07,Normal
2026-01-18,INR,Markets,2702818.27,21,895059.577142857,2026-01-18,11175519132.6,7348956111.77,152.07,Normal
2026-01-18,GBP,Retail Banking,-229967.09,10,11535.4942857143,2026-01-18,11175519132.6,7348956111.77,152.07,Normal
2026-01-18,AUD,Investment Banking,272943.69,13,11104.4028571428,2026-01-18,11175519132.6,7348956111.77,152.07,Normal
2026-01-18,AUD,Retail Banking,-57804.38,6,-50655.8085714286,2026-01-18,11175519132.6,7348956111.77,152.07,Normal
2026-01-18,inr,Corporate Banking,115086.59,1,4407.60285714286,2026-01-18,11175519132.6,7348956111.77,152.07,Normal
2026-01-18,EUR,Retail Banking,60176.07,11,126346.117142857,2026-01-18,11175519132.6,7348956111.77,152.07,Normal
2026-01-18,CAD,Retail Banking,72709.9,10,-19582.6042857143,2026-01-18,11175519132.6,7348956111.77,152.07,Normal
2026-01-18,INR,Retail Banking,-28547.98,11,-39359.2657142857,2026-01-18,11175519132.6,7348956111.77,152.07,Normal
2026-01-18,CHF,Corporate Banking,-114252.36,4,-58765.2014285714,2026-01-18,11175519132.6,7348956111.77,152.07,Normal
2026-01-18,GBP,Markets,2089690.62,16,-327742.608571429,2026-01-18,11175519132.6,7348956111.77,152.07,Normal
2026-01-18,usd,Treasury,-991314.61,2,-287517.088571429,2026-01-18,11175519132.6,7348956111.77,152.07,Normal
2026-01-18,USD,Corporate Banking,-502060.69,12,-73620.6371428572,2026-01-18,11175519132.6,7348956111.77,152.07,Normal
2026-01-18,EUR,Investment Banking,88987.13,12,15882.4142857143,2026-01-18,11175519132.6,7348956111.77,152.07,Normal
2026-01-18,USD,Markets,-1648565.18,23,-876531.908571428,2026-01-18,11175519132.6,7348956111.77,152.07,Normal
2026-01-18,cad,Investment Banking,14216.43,1,735.612857142858,2026-01-18,11175519132.6,7348956111.77,152.07,Normal
2026-01-18,inr,Treasury,-56252.54,1,-358876.195714286,2026-01-18,11175519132.6,7348956111.77,152.07,Normal
2026-01-18,INR,Treasury,-470434.64,13,-857993.511428571,2026-01-18,11175519132.6,7348956111.77,152.07,Normal
2026-01-18,USD,Retail Banking,-189211.26,9,-121893.982857143,2026-01-18,11175519132.6,7348956111.77,152.07,Normal
2026-01-18,chf,Treasury,67666.99,2,-131726.668571429,2026-01-18,11175519132.6,7348956111.77,152.07,Normal
2026-01-18,CHF,Treasury,957293.29,17,188691.845714286,2026-01-18,11175519132.6,7348956111.77,152.07,Normal
2026-01-18,CAD,Corporate Banking,91417.08,10,-31336.8842857143,2026-01-18,11175519132.6,7348956111.77,152.07,Normal
2026-01-18,JPY,Retail Banking,-102464.12,11,155248.382857143,2026-01-18,11175519132.6,7348956111.77,152.07,Normal
2026-01-18,inr,Investment Banking,-22064.91,1,25778.4257142857,2026-01-18,11175519132.6,7348956111.77,152.07,Normal
2026-01-18,JPY,Investment Banking,-16256.05,10,-66531.4957142857,2026-01-18,11175519132.6,7348956111.77,152.07,Normal
2026-01-18,AUD,Markets,3006486.37,10,113583.574285714,2026-01-18,11175519132.6,7348956111.77,152.07,Normal
2026-01-18,EUR,Corporate Banking,586627.35,15,125356.457142857,2026-01-18,11175519132.6,7348956111.77,152.07,Normal
2026-01-18,gbp,Investment Banking,21869.07,1,2203.26142857143,2026-01-18,11175519132.6,7348956111.77,152.07,Normal
2026-01-18,USD,Treasury,-2785017.5,13,-841637.581428571,2026-01-18,11175519132.6,7348956111.77,152.07,Normal
2026-01-18,eur,Markets,-26754.28,1,6745.84142857144,2026-01-18,11175519132.6,7348956111.77,152.07,Normal
2026-01-18,CHF,Retail Banking,-63905.94,7,-605.931428571424,2026-01-18,11175519132.6,7348956111.77,152.07,Normal
2026-01-18,CAD,Markets,-1169386.46,9,408211.14,2026-01-18,11175519132.6,7348956111.77,152.07,Normal
2026-01-18,CAD,Treasury,559832.58,9,107750.332857143,2026-01-18,11175519132.6,7348956111.77,152.07,Normal
2026-01-18,USD,Investment Banking,-90329.16,10,-54973.9514285714,2026-01-18,11175519132.6,7348956111.77,152.07,Normal
2026-01-18,INR,Investment Banking,-45210.36,14,-137942.884285714,2026-01-18,11175519132.6,7348956111.77,152.07,Normal
2026-01-18,GBP,Treasury,-918040.67,22,-1020206.42857143,2026-01-18,11175519132.6,7348956111.77,152.07,Normal
2026-01-18,EUR,Treasury,552574.2,14,174735.791428571,2026-01-18,11175519132.6,7348956111.77,152.07,Normal
2026-01-18,JPY,Markets,691366.6,15,16496.1228571429,2026-01-18,11175519132.6,7348956111.77,152.07,Normal
2026-01-18,CHF,Markets,1340211.6,15,58567.6128571428,2026-01-18,11175519132.6,7348956111.77,152.07,Normal
2026-01-18,EUR,Markets,-984436.19,11,385981.442857143,2026-01-18,11175519132.6,7348956111.77,152.07,Normal
2026-01-18,cad,Corporate Banking,-5202.45,1,-10347.1328571429,2026-01-18,11175519132.6,7348956111.77,152.07,Normal
2026-01-18,AUD,Corporate Banking,-215858.64,9,-31795.8328571429,2026-01-18,11175519132.6,7348956111.77,152.07,Normal
2026-01-18,AUD,Treasury,-247417.97,18,869271.565714286,2026-01-18,11175519132.6,7348956111.77,152.07,Normal
2026-01-18,JPY,Corporate Banking,-219550.82,15,26928.3285714286,2026-01-18,11175519132.6,7348956111.77,152.07,Normal
2026-01-18,eur,Retail Banking,-10777.25,1,-30227.0928571429,2026-01-18,11175519132.6,7348956111.77,152.07,Normal
2026-01-18,CHF,Investment Banking,63091.1200000001,14,66878.0471428571,2026-01-18,11175519132.6,7348956111.77,152.07,Normal
2025-12-30,INR,Corporate Banking,111234.07,14,-38725.6,2025-12-30,11762644168.22,6347095940.42,185.32,Normal
2025-12-30,jpy,Markets,56112.57,1,-49165.0857142857,2025-12-30,11762644168.22,6347095940.42,185.32,Normal
2025-12-30,GBP,Investment Banking,-400790.61,14,-131400.278571429,2025-12-30,11762644168.22,6347095940.42,185.32,Normal
2025-12-30,JPY,Treasury,3361217.82,18,81165.8371428571,2025-12-30,11762644168.22,6347095940.42,185.32,Normal
2025-12-30,GBP,Corporate Banking,69203.01,12,-99384.62,2025-12-30,11762644168.22,6347095940.42,185.32,Normal
2025-12-30,CAD,Investment Banking,-80637.87,6,10004.4685714286,2025-12-30,11762644168.22,6347095940.42,185.32,Normal
2025-12-30,INR,Markets,583769.51,16,780055.475714286,2025-12-30,11762644168.22,6347095940.42,185.32,Normal
2025-12-30,GBP,Retail Banking,65570.14,11,-73755.4642857143,2025-12-30,11762644168.22,6347095940.42,185.32,Normal
2025-12-30,AUD,Investment Banking,-13428.14,8,-52283.1457142857,2025-12-30,11762644168.22,6347095940.42,185.32,Normal
2025-12-30,AUD,Retail Banking,-112366.35,9,-57913.9528571429,2025-12-30,11762644168.22,6347095940.42,185.32,Normal
2025-12-30,EUR,Retail Banking,-130051.75,16,-14885.2,2025-12-30,11762644168.22,6347095940.42,185.32,Normal
2025-12-30,CAD,Retail Banking,-32178.79,11,-108342.95,2025-12-30,11762644168.22,6347095940.42,185.32,Normal
2025-12-30,INR,Retail Banking,-76315.49,6,-142783.704285714,2025-12-30,11762644168.22,6347095940.42,185.32,Normal
2025-12-30,CHF,Corporate Banking,-21444.1,11,17136.9214285714,2025-12-30,11762644168.22,6347095940.42,185.32,Normal
2025-12-30,GBP,Markets,3009093.03,13,1258246.70571429,2025-12-30,11762644168.22,6347095940.42,185.32,Normal
2025-12-30,USD,Corporate Banking,-55294.1,10,6402.67428571428,2025-12-30,11762644168.22,6347095940.42,185.32,Normal
2025-12-30,EUR,Investment Banking,675713.94,12,39898.8757142857,2025-12-30,11762644168.22,6347095940.42,185.32,Normal
2025-12-30,USD,Markets,3478350.59,20,-633796.7,2025-12-30,11762644168.22,6347095940.42,185.32,Normal
2025-12-30,inr,Treasury,-436842.12,1,-105483.342857143,2025-12-30,11762644168.22,6347095940.42,185.32,Normal
2025-12-30,INR,Treasury,-1821669.48,17,-563895.312857143,2025-12-30,11762644168.22,6347095940.42,185.32,Normal
2025-12-30,USD,Retail Banking,380871.11,18,144048.022857143,2025-12-30,11762644168.22,6347095940.42,185.32,Normal
2025-12-30,CHF,Treasury,-911730.19,18,-1006937.72285714,2025-12-30,11762644168.22,6347095940.42,185.32,Normal
2025-12-30,CAD,Corporate Banking,20310.28,9,-61947.4628571429,2025-12-30,11762644168.22,6347095940.42,185.32,Normal
2025-12-30,JPY,Retail Banking,-175667.15,12,-117579.04,2025-12-30,11762644168.22,6347095940.42,185.32,Normal
2025-12-30,inr,Investment Banking,-2773.5,1,27251.48,2025-12-30,11762644168.22,6347095940.42,185.32,Normal
2025-12-30,JPY,Investment Banking,167399.56,8,38979.66,2025-12-30,11762644168.22,6347095940.42,185.32,Normal
2025-12-30,AUD,Markets,-646265.12,12,-11624.2114285714,2025-12-30,11762644168.22,6347095940.42,185.32,Normal
2025-12-30,EUR,Corporate Banking,246485.99,12,-98657.8357142857,2025-12-30,11762644168.22,6347095940.42,185.32,Normal
2025-12-30,USD,Treasury,1588835.7,16,50946.4857142856,2025-12-30,11762644168.22,6347095940.42,185.32,Normal
2025-12-30,CHF,Retail Banking,101377.65,11,11575.0014285714,2025-12-30,11762644168.22,6347095940.42,185.32,Normal
2025-12-30,CAD,Markets,86950.7099999994,15,-158698.027142857,2025-12-30,11762644168.22,6347095940.42,185.32,Normal
2025-12-30,CAD,Treasury,1883415.7,17,283841.172857143,2025-12-30,11762644168.22,6347095940.42,185.32,Normal
2025-12-30,USD,Investment Banking,-21658.12,7,9671.75285714286,2025-12-30,11762644168.22,6347095940.42,185.32,Normal
2025-12-30,INR,Investment Banking,-55867.14,14,-105067.217142857,2025-12-30,11762644168.22,6347095940.42,185.32,Normal
2025-12-30,GBP,Treasury,-1023117.43,13,-445043.721428571,2025-12-30,11762644168.22,6347095940.42,185.32,Normal
2025-12-30,EUR,Treasury,-60786.64,14,1249376.09,2025-12-30,11762644168.22,6347095940.42,185.32,Normal
2025-12-30,jpy,Corporate Banking,13710.56,1,17151.2171428571,2025-12-30,11762644168.22,6347095940.42,185.32,Normal
2025-12-30,JPY,Markets,-274204.83,16,-579625.558571429,2025-12-30,11762644168.22,6347095940.42,185.32,Normal
2025-12-30,CHF,Markets,-261735.36,17,-95639.9157142858,2025-12-30,11762644168.22,6347095940.42,185.32,Normal
2025-12-30,chf,Investment Banking,55238.11,1,48657.5571428571,2025-12-30,11762644168.22,6347095940.42,185.32,Normal
2025-12-30,EUR,Markets,-820784.79,19,218081.257142857,2025-12-30,11762644168.22,6347095940.42,185.32,Normal
2025-12-30,cad,Corporate Banking,9858.13,1,-7376.92571428571,2025-12-30,11762644168.22,6347095940.42,185.32,Normal
2025-12-30,AUD,Corporate Banking,-79328.93,14,-181293.518571429,2025-12-30,11762644168.22,6347095940.42,185.32,Normal
2025-12-30,eur,Treasury,16262.7,1,107433.117142857,2025-12-30,11762644168.22,6347095940.42,185.32,Normal
2025-12-30,AUD,Treasury,5060622.61,12,1487777.62,2025-12-30,11762644168.22,6347095940.42,185.32,Normal
2025-12-30,JPY,Corporate Banking,-24551.78,7,-8672.25571428571,2025-12-30,11762644168.22,6347095940.42,185.32,Normal
2025-12-30,usd,Markets,-1151979.82,1,-202107.465714286,2025-12-30,11762644168.22,6347095940.42,185.32,Normal
2025-12-30,CHF,Investment Banking,-43424.83,11,-72080.9571428571,2025-12-30,11762644168.22,6347095940.42,185.32,Normal
2026-01-28,INR,Corporate Banking,20270.53,9,31375.6342857143,2026-01-28,11355611705.61,7028482609.15,161.57,Normal
2026-01-28,GBP,Investment Banking,-92946.55,6,-3973.52142857144,2026-01-28,11355611705.61,7028482609.15,161.57,Normal
2026-01-28,JPY,Treasury,33389.75,10,-59756.2399999999,2026-01-28,11355611705.61,7028482609.15,161.57,Normal
2026-01-28,GBP,Corporate Banking,-48889,13,-45171.0285714286,2026-01-28,11355611705.61,7028482609.15,161.57,Normal
2026-01-28,gbp,Treasury,425462.54,1,134497.535714286,2026-01-28,11355611705.61,7028482609.15,161.57,Normal
2026-01-28,jpy,Treasury,-228096.1,1,-113372.474285714,2026-01-28,11355611705.61,7028482609.15,161.57,Normal
2026-01-28,CAD,Investment Banking,-108394.98,8,-90427.6914285714,2026-01-28,11355611705.61,7028482609.15,161.57,Normal
2026-01-28,INR,Markets,-6125679.99,15,-821325.79,2026-01-28,11355611705.61,7028482609.15,161.57,Normal
2026-01-28,GBP,Retail Banking,-128111.3,7,74076.3257142857,2026-01-28,11355611705.61,7028482609.15,161.57,Normal
2026-01-28,AUD,Investment Banking,39.8199999999924,11,-44262.1714285714,2026-01-28,11355611705.61,7028482609.15,161.57,Normal
2026-01-28,AUD,Retail Banking,-181945.85,11,-106298.19,2026-01-28,11355611705.61,7028482609.15,161.57,Normal
2026-01-28,cad,Markets,304702.36,1,-237181.235714286,2026-01-28,11355611705.61,7028482609.15,161.57,Normal
2026-01-28,EUR,Retail Banking,69161.03,11,92204.3128571429,2026-01-28,11355611705.61,7028482609.15,161.57,Normal
2026-01-28,CAD,Retail Banking,104841.7,13,28534.9785714286,2026-01-28,11355611705.61,7028482609.15,161.57,Normal
2026-01-28,INR,Retail Banking,-186616.79,6,-18254.2585714286,2026-01-28,11355611705.61,7028482609.15,161.57,Normal
2026-01-28,CHF,Corporate Banking,-25314.62,5,-74667.3157142857,2026-01-28,11355611705.61,7028482609.15,161.57,Normal
2026-01-28,GBP,Markets,384279.43,17,113331.947142857,2026-01-28,11355611705.61,7028482609.15,161.57,Normal
2026-01-28,usd,Treasury,94281.29,1,-99395.8342857143,2026-01-28,11355611705.61,7028482609.15,161.57,Normal
2026-01-28,USD,Corporate Banking,-10281.86,12,52090.2328571429,2026-01-28,11355611705.61,7028482609.15,161.57,Normal
2026-01-28,EUR,Investment Banking,-30543.14,12,97782.0071428572,2026-01-28,11355611705.61,7028482609.15,161.57,Normal
2026-01-28,USD,Markets,1964359.24,19,581536.518571429,2026-01-28,11355611705.61,7028482609.15,161.57,Normal
2026-01-28,cad,Treasury,19615.98,1,18858.8585714286,2026-01-28,11355611705.61,7028482609.15,161.57,Normal
2026-01-28,INR,Treasury,222960.05,15,-194745.595714286,2026-01-28,11355611705.61,7028482609.15,161.57,Normal
2026-01-28,USD,Retail Banking,-135040.05,15,27375.0928571429,2026-01-28,11355611705.61,7028482609.15,161.57,Normal
2026-01-28,CHF,Treasury,135169.17,14,-351771.275714286,2026-01-28,11355611705.61,7028482609.15,161.57,Normal
2026-01-28,CAD,Corporate Banking,-95103.05,12,-86556.5428571428,2026-01-28,11355611705.61,7028482609.15,161.57,Normal
2026-01-28,JPY,Retail Banking,-70283.52,11,-94287.01,2026-01-28,11355611705.61,7028482609.15,161.57,Normal
2026-01-28,JPY,Investment Banking,-261647.61,8,-1245.88714285715,2026-01-28,11355611705.61,7028482609.15,161.57,Normal
2026-01-28,AUD,Markets,-96187.8999999999,20,178150.975714286,2026-01-28,11355611705.61,7028482609.15,161.57,Normal
2026-01-28,EUR,Corporate Banking,2801.57,9,-31246.8757142857,2026-01-28,11355611705.61,7028482609.15,161.57,Normal
2026-01-28,gbp,Investment Banking,-83439.77,1,-10234.6071428571,2026-01-28,11355611705.61,7028482609.15,161.57,Normal
2026-01-28,USD,Treasury,128362.18,14,-471879.985714286,2026-01-28,11355611705.61,7028482609.15,161.57,Normal
2026-01-28,eur,Markets,-131331.24,1,-90525.9357142857,2026-01-28,11355611705.61,7028482609.15,161.57,Normal
2026-01-28,CHF,Retail Banking,189918.46,10,53157.2814285714,2026-01-28,11355611705.61,7028482609.15,161.57,Normal
2026-01-28,CAD,Markets,-563882.17,12,-699711.278571428,2026-01-28,11355611705.61,7028482609.15,161.57,Normal
2026-01-28,CAD,Treasury,1366568.52,19,553337.061428571,2026-01-28,11355611705.61,7028482609.15,161.57,Normal
2026-01-28,USD,Investment Banking,35833.37,10,-9408.00714285714,2026-01-28,11355611705.61,7028482609.15,161.57,Normal
2026-01-28,INR,Investment Banking,-66962.14,5,-173659.861428571,2026-01-28,11355611705.61,7028482609.15,161.57,Normal
2026-01-28,GBP,Treasury,1143261.96,15,901995.782857143,2026-01-28,11355611705.61,7028482609.15,161.57,Normal
2026-01-28,EUR,Treasury,-1791155.42,14,-418321.484285714,2026-01-28,11355611705.61,7028482609.15,161.57,Normal
2026-01-28,jpy,Corporate Banking,25955.63,1,-45800.9585714286,2026-01-28,11355611705.61,7028482609.15,161.57,Normal
2026-01-28,JPY,Markets,-1788627.61,18,-593133.362857143,2026-01-28,11355611705.61,7028482609.15,161.57,Normal
2026-01-28,CHF,Markets,744068.86,15,-919169.925714285,2026-01-28,11355611705.61,7028482609.15,161.57,Normal
2026-01-28,usd,Retail Banking,37007.33,1,29355.3042857143,2026-01-28,11355611705.61,7028482609.15,161.57,Normal
2026-01-28,EUR,Markets,-2904605.36,25,-1125121.11428571,2026-01-28,11355611705.61,7028482609.15,161.57,Normal
2026-01-28,AUD,Corporate Banking,95249.76,12,-14477.99,2026-01-28,11355611705.61,7028482609.15,161.57,Normal
2026-01-28,eur,Treasury,343184.66,1,150090.738571429,2026-01-28,11355611705.61,7028482609.15,161.57,Normal
2026-01-28,AUD,Treasury,880675.63,12,-18031.0585714285,2026-01-28,11355611705.61,7028482609.15,161.57,Normal
2026-01-28,JPY,Corporate Banking,128375.34,7,106779.09,2026-01-28,11355611705.61,7028482609.15,161.57,Normal
2026-01-28,usd,Markets,371866.47,1,-212966.431428571,2026-01-28,11355611705.61,7028482609.15,161.57,Normal
2026-01-28,CHF,Investment Banking,-24943.67,4,-27804.4028571428,2026-01-28,11355611705.61,7028482609.15,161.57,Normal
2025-12-24,INR,Corporate Banking,-162069.25,13,-82079.8128571429,2025-12-24,10008750133.19,7658918921.34,130.68,Normal
2025-12-24,GBP,Investment Banking,131484.08,10,-81482.0028571429,2025-12-24,10008750133.19,7658918921.34,130.68,Normal
2025-12-24,JPY,Treasury,-1101295.66,16,-1117898.31714286,2025-12-24,10008750133.19,7658918921.34,130.68,Normal
2025-12-24,GBP,Corporate Banking,-414666.11,11,-103979.245714286,2025-12-24,10008750133.19,7658918921.34,130.68,Normal
2025-12-24,jpy,Retail Banking,-30614.75,1,7208.41142857143,2025-12-24,10008750133.19,7658918921.34,130.68,Normal
2025-12-24,gbp,Markets,28938.91,1,235009.732857143,2025-12-24,10008750133.19,7658918921.34,130.68,Normal
2025-12-24,jpy,Treasury,50306.8,1,-171678.625714286,2025-12-24,10008750133.19,7658918921.34,130.68,Normal
2025-12-24,CAD,Investment Banking,-174745.77,7,-98804.2328571429,2025-12-24,10008750133.19,7658918921.34,130.68,Normal
2025-12-24,INR,Markets,-129040.72,20,314186.738571429,2025-12-24,10008750133.19,7658918921.34,130.68,Normal
2025-12-24,GBP,Retail Banking,-229585.82,11,24679.5171428572,2025-12-24,10008750133.19,7658918921.34,130.68,Normal
2025-12-24,AUD,Investment Banking,-116109.33,4,-36030.3771428571,2025-12-24,10008750133.19,7658918921.34,130.68,Normal
2025-12-24,AUD,Retail Banking,-42226.88,8,-31924.0228571429,2025-12-24,10008750133.19,7658918921.34,130.68,Normal
2025-12-24,EUR,Retail Banking,-26585.18,12,42575.1628571429,2025-12-24,10008750133.19,7658918921.34,130.68,Normal
2025-12-24,CAD,Retail Banking,-43520.76,11,12202.3785714286,2025-12-24,10008750133.19,7658918921.34,130.68,Normal
2025-12-24,INR,Retail Banking,-47486.24,11,-25649.9614285714,2025-12-24,10008750133.19,7658918921.34,130.68,Normal
2025-12-24,CHF,Corporate Banking,322431.88,11,46941.8128571429,2025-12-24,10008750133.19,7658918921.34,130.68,Normal
2025-12-24,GBP,Markets,2442811.91,19,66830.4242857143,2025-12-24,10008750133.19,7658918921.34,130.68,Normal
2025-12-24,USD,Corporate Banking,83887.89,13,-13118.6114285714,2025-12-24,10008750133.19,7658918921.34,130.68,Normal
2025-12-24,EUR,Investment Banking,-45310.78,6,-43004.9257142857,2025-12-24,10008750133.19,7658918921.34,130.68,Normal
2025-12-24,chf,Markets,56132.29,1,228655.39,2025-12-24,10008750133.19,7658918921.34,130.68,Normal
2025-12-24,aud,Retail Banking,-40070.6,1,-21727.4985714286,2025-12-24,10008750133.19,7658918921.34,130.68,Normal
2025-12-24,USD,Markets,-1552409.67,11,-1026798.84,2025-12-24,10008750133.19,7658918921.34,130.68,Normal
2025-12-24,inr,Treasury,-47208.89,1,-62934.9414285714,2025-12-24,10008750133.19,7658918921.34,130.68,Normal
2025-12-24,INR,Treasury,-132668.91,15,-1736797.58714286,2025-12-24,10008750133.19,7658918921.34,130.68,Normal
2025-12-24,USD,Retail Banking,85922.57,12,-39049.7457142857,2025-12-24,10008750133.19,7658918921.34,130.68,Normal
2025-12-24,chf,Treasury,-400893.08,2,-76428.5242857143,2025-12-24,10008750133.19,7658918921.34,130.68,Normal
2025-12-24,CHF,Treasury,-4426059.44,27,-1159551.58428571,2025-12-24,10008750133.19,7658918921.34,130.68,Normal
2025-12-24,CAD,Corporate Banking,-70202.4,16,-72610.2428571429,2025-12-24,10008750133.19,7658918921.34,130.68,Normal
2025-12-24,JPY,Retail Banking,-3754.42999999998,9,-35529.3185714286,2025-12-24,10008750133.19,7658918921.34,130.68,Normal
2025-12-24,JPY,Investment Banking,-286908.63,12,-147510.481428571,2025-12-24,10008750133.19,7658918921.34,130.68,Normal
2025-12-24,AUD,Markets,1828313.35,12,347010.595714286,2025-12-24,10008750133.19,7658918921.34,130.68,Normal
2025-12-24,EUR,Corporate Banking,-375183.02,12,-61814.3428571429,2025-12-24,10008750133.19,7658918921.34,130.68,Normal
2025-12-24,USD,Treasury,-1389995.89,11,354082.495714286,2025-12-24,10008750133.19,7658918921.34,130.68,Normal
2025-12-24,eur,Markets,-724102.74,1,-69517.8957142857,2025-12-24,10008750133.19,7658918921.34,130.68,Normal
2025-12-24,CHF,Retail Banking,38118.98,9,22454.9785714286,2025-12-24,10008750133.19,7658918921.34,130.68,Normal
2025-12-24,eur,Investment Banking,-37045.61,1,-21378.0514285714,2025-12-24,10008750133.19,7658918921.34,130.68,Normal
2025-12-24,CAD,Markets,645134.28,17,-568714.77,2025-12-24,10008750133.19,7658918921.34,130.68,Normal
2025-12-24,CAD,Treasury,1707815,11,169501.04,2025-12-24,10008750133.19,7658918921.34,130.68,Normal
2025-12-24,USD,Investment Banking,-139172.98,9,-115714.838571429,2025-12-24,10008750133.19,7658918921.34,130.68,Normal
2025-12-24,INR,Investment Banking,120029.22,8,22108.3814285714,2025-12-24,10008750133.19,7658918921.34,130.68,Normal
2025-12-24,GBP,Treasury,-2428099.74,15,-627755.597142857,2025-12-24,10008750133.19,7658918921.34,130.68,Normal
2025-12-24,EUR,Treasury,848124.29,15,-214451.084285714,2025-12-24,10008750133.19,7658918921.34,130.68,Normal
2025-12-24,aud,Treasury,95390.85,1,249670.94,2025-12-24,10008750133.19,7658918921.34,130.68,Normal
2025-12-24,JPY,Markets,689450.88,16,422211.145714286,2025-12-24,10008750133.19,7658918921.34,130.68,Normal
2025-12-24,CHF,Markets,1348193.4,11,601987.295714286,2025-12-24,10008750133.19,7658918921.34,130.68,Normal
2025-12-24,EUR,Markets,1316327.28,17,-151584.531428572,2025-12-24,10008750133.19,7658918921.34,130.68,Normal
2025-12-24,AUD,Corporate Banking,-292192.97,14,-168274.614285714,2025-12-24,10008750133.19,7658918921.34,130.68,Normal
2025-12-24,AUD,Treasury,945870.58,8,-703723.001428571,2025-12-24,10008750133.19,7658918921.34,130.68,Normal
2025-12-24,JPY,Corporate Banking,-10859.22,18,-73330.1571428571,2025-12-24,10008750133.19,7658918921.34,130.68,Normal
2025-12-24,CHF,Investment Banking,-44327.56,18,-104818.414285714,2025-12-24,10008750133.19,7658918921.34,130.68,Normal
2025-12-24,inr,Retail Banking,14413.51,1,29271.3442857143,2025-12-24,10008750133.19,7658918921.34,130.68,Normal
2026-01-16,INR,Corporate Banking,-75101.21,10,-15736.2342857143,2026-01-16,8207014702.51,6075161419.85,135.09,Normal
2026-01-16,usd,Investment Banking,88756.05,1,-2510.59571428571,2026-01-16,8207014702.51,6075161419.85,135.09,Normal
2026-01-16,jpy,Markets,-153517.51,1,-61123.83,2026-01-16,8207014702.51,6075161419.85,135.09,Normal
2026-01-16,GBP,Investment Banking,-751285.52,11,-189762.715714286,2026-01-16,8207014702.51,6075161419.85,135.09,Normal
2026-01-16,JPY,Treasury,213728.17,17,-1193450.75857143,2026-01-16,8207014702.51,6075161419.85,135.09,Normal
2026-01-16,GBP,Corporate Banking,109373.48,5,66022.3057142857,2026-01-16,8207014702.51,6075161419.85,135.09,Normal
2026-01-16,jpy,Treasury,-186866.09,1,-51829.8057142857,2026-01-16,8207014702.51,6075161419.85,135.09,Normal
2026-01-16,CAD,Investment Banking,90800.86,9,-5921.86857142857,2026-01-16,8207014702.51,6075161419.85,135.09,Normal
2026-01-16,INR,Markets,-1937451.97,22,-602657.071428571,2026-01-16,8207014702.51,6075161419.85,135.09,Normal
2026-01-16,GBP,Retail Banking,213129.72,10,55452,2026-01-16,8207014702.51,6075161419.85,135.09,Normal
2026-01-16,AUD,Investment Banking,16022.51,10,8075.69857142857,2026-01-16,8207014702.51,6075161419.85,135.09,Normal
2026-01-16,AUD,Retail Banking,33279.64,8,-63753.32,2026-01-16,8207014702.51,6075161419.85,135.09,Normal
2026-01-16,cad,Markets,-310515.79,1,-49471.9142857143,2026-01-16,8207014702.51,6075161419.85,135.09,Normal
2026-01-16,inr,Corporate Banking,10485.53,1,-26193.7114285714,2026-01-16,8207014702.51,6075161419.85,135.09,Normal
2026-01-16,EUR,Retail Banking,177227.83,13,63101.5614285714,2026-01-16,8207014702.51,6075161419.85,135.09,Normal
2026-01-16,CAD,Retail Banking,-181277.53,13,-34887.4885714286,2026-01-16,8207014702.51,6075161419.85,135.09,Normal
2026-01-16,INR,Retail Banking,49711.91,16,-27651.8214285714,2026-01-16,8207014702.51,6075161419.85,135.09,Normal
2026-01-16,CHF,Corporate Banking,79935.49,7,37937.3642857143,2026-01-16,8207014702.51,6075161419.85,135.09,Normal
2026-01-16,GBP,Markets,-1719080.55,18,-632602.657142857,2026-01-16,8207014702.51,6075161419.85,135.09,Normal
2026-01-16,USD,Corporate Banking,-68965.14,14,18384.3714285714,2026-01-16,8207014702.51,6075161419.85,135.09,Normal
2026-01-16,EUR,Investment Banking,106088.75,17,-44640.8185714286,2026-01-16,8207014702.51,6075161419.85,135.09,Normal
2026-01-16,chf,Markets,-279358.42,1,-51544.0214285714,2026-01-16,8207014702.51,6075161419.85,135.09,Normal
2026-01-16,USD,Markets,1960956.82,11,-1302534.42285714,2026-01-16,8207014702.51,6075161419.85,135.09,Normal
2026-01-16,cad,Treasury,-14876.16,1,37740.71,2026-01-16,8207014702.51,6075161419.85,135.09,Normal
2026-01-16,INR,Treasury,-3818019.27,22,-1306958.29857143,2026-01-16,8207014702.51,6075161419.85,135.09,Normal
2026-01-16,USD,Retail Banking,-62344.38,4,-88637.3185714286,2026-01-16,8207014702.51,6075161419.85,135.09,Normal
2026-01-16,CHF,Treasury,-371414.37,21,-6534.32714285725,2026-01-16,8207014702.51,6075161419.85,135.09,Normal
2026-01-16,CAD,Corporate Banking,70783.06,12,10763.9128571429,2026-01-16,8207014702.51,6075161419.85,135.09,Normal
2026-01-16,JPY,Retail Banking,98888.85,12,162201.628571429,2026-01-16,8207014702.51,6075161419.85,135.09,Normal
2026-01-16,JPY,Investment Banking,256945.78,13,-97557.8928571428,2026-01-16,8207014702.51,6075161419.85,135.09,Normal
2026-01-16,AUD,Markets,1155400.08,15,-154585.835714286,2026-01-16,8207014702.51,6075161419.85,135.09,Normal
2026-01-16,EUR,Corporate Banking,146882.41,4,-38493.6542857143,2026-01-16,8207014702.51,6075161419.85,135.09,Normal
2026-01-16,USD,Treasury,-421125.52,15,-148983.121428571,2026-01-16,8207014702.51,6075161419.85,135.09,Normal
2026-01-16,CHF,Retail Banking,92028.74,11,48021.0028571429,2026-01-16,8207014702.51,6075161419.85,135.09,Normal
2026-01-16,CAD,Markets,130149.27,14,-105969.335714286,2026-01-16,8207014702.51,6075161419.85,135.09,Normal
2026-01-16,CAD,Treasury,1616334,16,284350.995714286,2026-01-16,8207014702.51,6075161419.85,135.09,Normal
2026-01-16,USD,Investment Banking,-211069.02,11,-23768.0214285714,2026-01-16,8207014702.51,6075161419.85,135.09,Normal
2026-01-16,INR,Investment Banking,167917.94,9,-107328.291428571,2026-01-16,8207014702.51,6075161419.85,135.09,Normal
2026-01-16,GBP,Treasury,-2271607.78,10,-1240505.98857143,2026-01-16,8207014702.51,6075161419.85,135.09,Normal
2026-01-16,EUR,Treasury,-562253.94,20,-139296.485714286,2026-01-16,8207014702.51,6075161419.85,135.09,Normal
2026-01-16,JPY,Markets,-3351755.1,20,-178334.882857143,2026-01-16,8207014702.51,6075161419.85,135.09,Normal
2026-01-16,CHF,Markets,-177548.98,12,383719.284285714,2026-01-16,8207014702.51,6075161419.85,135.09,Normal
2026-01-16,usd,Retail Banking,102756.45,1,20478.5428571429,2026-01-16,8207014702.51,6075161419.85,135.09,Normal
2026-01-16,EUR,Markets,1220413.53,21,1000529.17,2026-01-16,8207014702.51,6075161419.85,135.09,Normal
2026-01-16,aud,Markets,-138450.97,2,107695.68,2026-01-16,8207014702.51,6075161419.85,135.09,Normal
2026-01-16,AUD,Corporate Banking,103457.49,7,68015.2442857143,2026-01-16,8207014702.51,6075161419.85,135.09,Normal
2026-01-16,AUD,Treasury,553667.09,13,1412049.47,2026-01-16,8207014702.51,6075161419.85,135.09,Normal
2026-01-16,gbp,Retail Banking,-20515.33,2,-101844.741428571,2026-01-16,8207014702.51,6075161419.85,135.09,Normal
2026-01-16,JPY,Corporate Banking,17237.53,10,-20167.7228571429,2026-01-16,8207014702.51,6075161419.85,135.09,Normal
2026-01-16,CHF,Investment Banking,199264.83,9,70155.2171428571,2026-01-16,8207014702.51,6075161419.85,135.09,Normal
2026-01-12,INR,Corporate Banking,40936.3,7,-49561.1171428571,2026-01-12,9828470002.22,6107158330.3,160.93,Normal
2026-01-12,GBP,Investment Banking,-536679.59,8,-105533.384285714,2026-01-12,9828470002.22,6107158330.3,160.93,Normal
2026-01-12,inr,Markets,-468234.68,1,414134.294285714,2026-01-12,9828470002.22,6107158330.3,160.93,Normal
2026-01-12,JPY,Treasury,-597197.96,21,-264595.617142857,2026-01-12,9828470002.22,6107158330.3,160.93,Normal
2026-01-12,GBP,Corporate Banking,-331575.29,8,93451.09,2026-01-12,9828470002.22,6107158330.3,160.93,Normal
2026-01-12,aud,Corporate Banking,-63646.39,1,9025.54571428571,2026-01-12,9828470002.22,6107158330.3,160.93,Normal
2026-01-12,CAD,Investment Banking,74887.82,5,-40944.8128571428,2026-01-12,9828470002.22,6107158330.3,160.93,Normal
2026-01-12,INR,Markets,1469418.73,16,529879.958571429,2026-01-12,9828470002.22,6107158330.3,160.93,Normal
2026-01-12,GBP,Retail Banking,9734.25,7,-15252.5042857143,2026-01-12,9828470002.22,6107158330.3,160.93,Normal
2026-01-12,AUD,Investment Banking,123069.33,8,-35306.1914285714,2026-01-12,9828470002.22,6107158330.3,160.93,Normal
2026-01-12,AUD,Retail Banking,-11509,8,-71104.2771428572,2026-01-12,9828470002.22,6107158330.3,160.93,Normal
2026-01-12,cad,Markets,-500305.6,1,-93271.0128571429,2026-01-12,9828470002.22,6107158330.3,160.93,Normal
2026-01-12,EUR,Retail Banking,-11677.27,11,-38988.39,2026-01-12,9828470002.22,6107158330.3,160.93,Normal
2026-01-12,CAD,Retail Banking,-127415.5,12,19592.0914285714,2026-01-12,9828470002.22,6107158330.3,160.93,Normal
2026-01-12,INR,Retail Banking,75986.3,10,6313.36999999999,2026-01-12,9828470002.22,6107158330.3,160.93,Normal
2026-01-12,CHF,Corporate Banking,24021.31,10,28027.1314285714,2026-01-12,9828470002.22,6107158330.3,160.93,Normal
2026-01-12,GBP,Markets,-2370325.91,8,-839791.907142857,2026-01-12,9828470002.22,6107158330.3,160.93,Normal
2026-01-12,USD,Corporate Banking,111684.59,13,51855.4542857143,2026-01-12,9828470002.22,6107158330.3,160.93,Normal
2026-01-12,EUR,Investment Banking,-57544.14,15,-34231.1928571429,2026-01-12,9828470002.22,6107158330.3,160.93,Normal
2026-01-12,aud,Retail Banking,-25988.35,1,272.284285714287,2026-01-12,9828470002.22,6107158330.3,160.93,Normal
2026-01-12,USD,Markets,-2020363.03,15,-127970.868571429,2026-01-12,9828470002.22,6107158330.3,160.93,Normal
2026-01-12,cad,Treasury,142318.07,1,60910.35,2026-01-12,9828470002.22,6107158330.3,160.93,Normal
2026-01-12,INR,Treasury,-3005682.59,19,-1347639.13428571,2026-01-12,9828470002.22,6107158330.3,160.93,Normal
2026-01-12,USD,Retail Banking,-139129.47,14,-113790.02,2026-01-12,9828470002.22,6107158330.3,160.93,Normal
2026-01-12,CHF,Treasury,-458291.28,23,-701124.03,2026-01-12,9828470002.22,6107158330.3,160.93,Normal
2026-01-12,CAD,Corporate Banking,161759.64,10,25938.1857142857,2026-01-12,9828470002.22,6107158330.3,160.93,Normal
2026-01-12,JPY,Retail Banking,22930.84,16,-17515.6557142857,2026-01-12,9828470002.22,6107158330.3,160.93,Normal
2026-01-12,JPY,Investment Banking,-271035.27,10,-41391.1042857143,2026-01-12,9828470002.22,6107158330.3,160.93,Normal
2026-01-12,AUD,Markets,-1267341.46,15,549963.574285714,2026-01-12,9828470002.22,6107158330.3,160.93,Normal
2026-01-12,EUR,Corporate Banking,228373.87,7,-164307.721428571,2026-01-12,9828470002.22,6107158330.3,160.93,Normal
2026-01-12,USD,Treasury,-123458.5,15,391393.824285714,2026-01-12,9828470002.22,6107158330.3,160.93,Normal
2026-01-12,CHF,Retail Banking,-53723.53,9,47667.0914285714,2026-01-12,9828470002.22,6107158330.3,160.93,Normal
2026-01-12,CAD,Markets,247383.59,12,-1756603.96142857,2026-01-12,9828470002.22,6107158330.3,160.93,Normal
2026-01-12,chf,Retail Banking,4298.74,1,-13182.7142857143,2026-01-12,9828470002.22,6107158330.3,160.93,Normal
2026-01-12,CAD,Treasury,-303865.25,12,-51142.0542857143,2026-01-12,9828470002.22,6107158330.3,160.93,Normal
2026-01-12,USD,Investment Banking,-6441.26000000001,9,-93100.1771428571,2026-01-12,9828470002.22,6107158330.3,160.93,Normal
2026-01-12,INR,Investment Banking,-36435.28,11,23582.1742857143,2026-01-12,9828470002.22,6107158330.3,160.93,Normal
2026-01-12,GBP,Treasury,-4557533.22,15,-1506327.52428571,2026-01-12,9828470002.22,6107158330.3,160.93,Normal
2026-01-12,EUR,Treasury,-1192254.82,7,-586767.222857143,2026-01-12,9828470002.22,6107158330.3,160.93,Normal
2026-01-12,jpy,Corporate Banking,-18181.75,1,-28846.6028571429,2026-01-12,9828470002.22,6107158330.3,160.93,Normal
2026-01-12,JPY,Markets,232841.58,11,69341.1414285712,2026-01-12,9828470002.22,6107158330.3,160.93,Normal
2026-01-12,CHF,Markets,-221444.97,12,38196.2499999998,2026-01-12,9828470002.22,6107158330.3,160.93,Normal
2026-01-12,EUR,Markets,1574152.93,14,-298708.758571429,2026-01-12,9828470002.22,6107158330.3,160.93,Normal
2026-01-12,aud,Markets,120860.58,1,79672.1971428571,2026-01-12,9828470002.22,6107158330.3,160.93,Normal
2026-01-12,AUD,Corporate Banking,5232.96999999999,10,44751.1257142857,2026-01-12,9828470002.22,6107158330.3,160.93,Normal
2026-01-12,AUD,Treasury,293589.19,20,658225.818571429,2026-01-12,9828470002.22,6107158330.3,160.93,Normal
2026-01-12,JPY,Corporate Banking,29448.79,6,-106904.682857143,2026-01-12,9828470002.22,6107158330.3,160.93,Normal
2026-01-12,CHF,Investment Banking,-63508.34,7,-28975.6242857143,2026-01-12,9828470002.22,6107158330.3,160.93,Normal
2026-01-12,inr,Retail Banking,-33140.66,1,-19124.5657142857,2026-01-12,9828470002.22,6107158330.3,160.93,Normal
2026-01-04,INR,Corporate Banking,73439.39,11,-45349.1342857143,2026-01-04,9635110457.14,7575869484.53,127.18,Normal
2026-01-04,GBP,Investment Banking,-536.900000000001,8,-128427.21,2026-01-04,9635110457.14,7575869484.53,127.18,Normal
2026-01-04,inr,Markets,1422212.22,1,447820.788571429,2026-01-04,9635110457.14,7575869484.53,127.18,Normal
2026-01-04,JPY,Treasury,929948.54,18,1124898.75142857,2026-01-04,9635110457.14,7575869484.53,127.18,Normal
2026-01-04,GBP,Corporate Banking,113089.88,7,-76007.69,2026-01-04,9635110457.14,7575869484.53,127.18,Normal
2026-01-04,CAD,Investment Banking,21945.88,7,-79666.7757142857,2026-01-04,9635110457.14,7575869484.53,127.18,Normal
2026-01-04,INR,Markets,-404468.66,13,76259.4728571428,2026-01-04,9635110457.14,7575869484.53,127.18,Normal
2026-01-04,GBP,Retail Banking,168119.6,12,7842.42,2026-01-04,9635110457.14,7575869484.53,127.18,Normal
2026-01-04,AUD,Investment Banking,143508.23,6,-6502.96857142858,2026-01-04,9635110457.14,7575869484.53,127.18,Normal
2026-01-04,AUD,Retail Banking,-3234.07000000001,11,4519.51285714287,2026-01-04,9635110457.14,7575869484.53,127.18,Normal
2026-01-04,EUR,Retail Banking,-198978,10,-24672.2885714286,2026-01-04,9635110457.14,7575869484.53,127.18,Normal
2026-01-04,CAD,Retail Banking,-274036.92,7,-96499.8457142857,2026-01-04,9635110457.14,7575869484.53,127.18,Normal
2026-01-04,INR,Retail Banking,-78001.25,8,-26336.3142857143,2026-01-04,9635110457.14,7575869484.53,127.18,Normal
2026-01-04,CHF,Corporate Banking,-184619.43,8,-128202.05,2026-01-04,9635110457.14,7575869484.53,127.18,Normal
2026-01-04,GBP,Markets,1455553.55,18,-239750.38,2026-01-04,9635110457.14,7575869484.53,127.18,Normal
2026-01-04,USD,Corporate Banking,121873.99,9,12955.8785714286,2026-01-04,9635110457.14,7575869484.53,127.18,Normal
2026-01-04,EUR,Investment Banking,-139281.85,11,11490.1728571428,2026-01-04,9635110457.14,7575869484.53,127.18,Normal
2026-01-04,chf,Markets,-133814.3,1,-62530.8314285714,2026-01-04,9635110457.14,7575869484.53,127.18,Normal
2026-01-04,USD,Markets,27387.3099999999,25,741749.617142857,2026-01-04,9635110457.14,7575869484.53,127.18,Normal
2026-01-04,INR,Treasury,-914760.4,10,-186152.13,2026-01-04,9635110457.14,7575869484.53,127.18,Normal
2026-01-04,USD,Retail Banking,-207056.76,9,-1722.43142857144,2026-01-04,9635110457.14,7575869484.53,127.18,Normal
2026-01-04,CHF,Treasury,2169207.48,10,-411251.627142857,2026-01-04,9635110457.14,7575869484.53,127.18,Normal
2026-01-04,CAD,Corporate Banking,-102862.52,8,3270.09857142858,2026-01-04,9635110457.14,7575869484.53,127.18,Normal
2026-01-04,JPY,Retail Banking,-237391.91,15,-24880.45,2026-01-04,9635110457.14,7575869484.53,127.18,Normal
2026-01-04,JPY,Investment Banking,-187305.27,10,8046.85000000001,2026-01-04,9635110457.14,7575869484.53,127.18,Normal
2026-01-04,AUD,Markets,1358580.71,11,172333.182857143,2026-01-04,9635110457.14,7575869484.53,127.18,Normal
2026-01-04,EUR,Corporate Banking,146844.87,3,-27604.9,2026-01-04,9635110457.14,7575869484.53,127.18,Normal
2026-01-04,USD,Treasury,14647.35,12,366159.728571429,2026-01-04,9635110457.14,7575869484.53,127.18,Normal
2026-01-04,eur,Markets,12021.15,1,-35016.1257142857,2026-01-04,9635110457.14,7575869484.53,127.18,Normal
2026-01-04,CHF,Retail Banking,-126638.68,16,-13167.7814285714,2026-01-04,9635110457.14,7575869484.53,127.18,Normal
2026-01-04,CAD,Markets,-281349.92,10,-298490.44,2026-01-04,9635110457.14,7575869484.53,127.18,Normal
2026-01-04,CAD,Treasury,-169504.01,15,269497.205714286,2026-01-04,9635110457.14,7575869484.53,127.18,Normal
2026-01-04,USD,Investment Banking,-202074.43,9,-39096.9785714286,2026-01-04,9635110457.14,7575869484.53,127.18,Normal
2026-01-04,INR,Investment Banking,2659.27,7,-18345.32,2026-01-04,9635110457.14,7575869484.53,127.18,Normal
2026-01-04,GBP,Treasury,-1077571.33,19,-543457.81,2026-01-04,9635110457.14,7575869484.53,127.18,Normal
2026-01-04,EUR,Treasury,-516857.35,13,-200612.231428571,2026-01-04,9635110457.14,7575869484.53,127.18,Normal
2026-01-04,jpy,Corporate Banking,16813.63,1,29474.3342857143,2026-01-04,9635110457.14,7575869484.53,127.18,Normal
2026-01-04,aud,Treasury,76098.81,1,109051.13,2026-01-04,9635110457.14,7575869484.53,127.18,Normal
2026-01-04,JPY,Markets,616972.4,10,-158757.69,2026-01-04,9635110457.14,7575869484.53,127.18,Normal
2026-01-04,CHF,Markets,-55035.3499999999,15,-754338.584285714,2026-01-04,9635110457.14,7575869484.53,127.18,Normal
2026-01-04,chf,Investment Banking,43270.9,3,54496.0328571429,2026-01-04,9635110457.14,7575869484.53,127.18,Normal
2026-01-04,EUR,Markets,-264507.62,14,211822.66,2026-01-04,9635110457.14,7575869484.53,127.18,Normal
2026-01-04,AUD,Corporate Banking,753.900000000001,8,-49737.5142857143,2026-01-04,9635110457.14,7575869484.53,127.18,Normal
2026-01-04,AUD,Treasury,-1736033.94,16,151420.767142857,2026-01-04,9635110457.14,7575869484.53,127.18,Normal
2026-01-04,JPY,Corporate Banking,36538.95,5,-25922.61,2026-01-04,9635110457.14,7575869484.53,127.18,Normal
2026-01-04,CHF,Investment Banking,-142249.95,7,20145.5057142857,2026-01-04,9635110457.14,7575869484.53,127.18,Normal
2026-01-04,inr,Retail Banking,-19702.31,1,-7808.61285714285,2026-01-04,9635110457.14,7575869484.53,127.18,Normal
2025-11-19,jpy,Investment Banking,33139.64,1,3214.07142857143,2025-11-19,10860280532.46,7497189679.61,144.86,Normal
2025-11-19,INR,Corporate Banking,177253.49,9,11511.82,2025-11-19,10860280532.46,7497189679.61,144.86,Normal
2025-11-19,GBP,Investment Banking,-27149.24,7,-49366.0542857143,2025-11-19,10860280532.46,7497189679.61,144.86,Normal
2025-11-19,JPY,Treasury,3535364.19,15,141422.144285714,2025-11-19,10860280532.46,7497189679.61,144.86,Normal
2025-11-19,GBP,Corporate Banking,-129711.72,8,-34887.0428571428,2025-11-19,10860280532.46,7497189679.61,144.86,Normal
2025-11-19,CAD,Investment Banking,148386.21,11,-18538.4157142857,2025-11-19,10860280532.46,7497189679.61,144.86,Normal
2025-11-19,INR,Markets,1769900.01,22,112600.834285714,2025-11-19,10860280532.46,7497189679.61,144.86,Normal
2025-11-19,GBP,Retail Banking,-23228.51,7,-34521.1928571429,2025-11-19,10860280532.46,7497189679.61,144.86,Normal
2025-11-19,AUD,Investment Banking,-35128.28,10,3024.97428571428,2025-11-19,10860280532.46,7497189679.61,144.86,Normal
2025-11-19,AUD,Retail Banking,121126.07,11,65278.2871428571,2025-11-19,10860280532.46,7497189679.61,144.86,Normal
2025-11-19,cad,Markets,-200881.44,1,-155557.032857143,2025-11-19,10860280532.46,7497189679.61,144.86,Normal
2025-11-19,inr,Corporate Banking,21909.36,1,18630.5085714286,2025-11-19,10860280532.46,7497189679.61,144.86,Normal
2025-11-19,EUR,Retail Banking,-79004.19,10,-206383.771428571,2025-11-19,10860280532.46,7497189679.61,144.86,Normal
2025-11-19,CAD,Retail Banking,97148.5,10,29416.0128571429,2025-11-19,10860280532.46,7497189679.61,144.86,Normal
2025-11-19,INR,Retail Banking,-94237.59,10,4259.7028571429,2025-11-19,10860280532.46,7497189679.61,144.86,Normal
2025-11-19,CHF,Corporate Banking,-121710.08,11,77612.9385714286,2025-11-19,10860280532.46,7497189679.61,144.86,Normal
2025-11-19,GBP,Markets,1033086.78,15,-566571.818571429,2025-11-19,10860280532.46,7497189679.61,144.86,Normal
2025-11-19,USD,Corporate Banking,-253133.4,9,-34387.1028571429,2025-11-19,10860280532.46,7497189679.61,144.86,Normal
2025-11-19,EUR,Investment Banking,-279583.98,15,-39411.4614285714,2025-11-19,10860280532.46,7497189679.61,144.86,Normal
2025-11-19,chf,Markets,112102.27,1,16097.3528571429,2025-11-19,10860280532.46,7497189679.61,144.86,Normal
2025-11-19,aud,Retail Banking,45483.09,1,5505.16714285714,2025-11-19,10860280532.46,7497189679.61,144.86,Normal
2025-11-19,USD,Markets,103227.34,23,217540.458571429,2025-11-19,10860280532.46,7497189679.61,144.86,Normal
2025-11-19,cad,Treasury,883433.11,2,183777.077142857,2025-11-19,10860280532.46,7497189679.61,144.86,Normal
2025-11-19,INR,Treasury,-1053699.06,18,-236025.707142857,2025-11-19,10860280532.46,7497189679.61,144.86,Normal
2025-11-19,USD,Retail Banking,-41161.67,12,-59557.0857142857,2025-11-19,10860280532.46,7497189679.61,144.86,Normal
2025-11-19,gbp,Corporate Banking,-7606.93,1,49.7557142857144,2025-11-19,10860280532.46,7497189679.61,144.86,Normal
2025-11-19,CHF,Treasury,1637907.77,16,331523.045714286,2025-11-19,10860280532.46,7497189679.61,144.86,Normal
2025-11-19,CAD,Corporate Banking,61120.66,14,-94617.1257142857,2025-11-19,10860280532.46,7497189679.61,144.86,Normal
2025-11-19,JPY,Retail Banking,-122308.49,5,14517.4985714286,2025-11-19,10860280532.46,7497189679.61,144.86,Normal
2025-11-19,JPY,Investment Banking,-65458.75,10,-52979.09,2025-11-19,10860280532.46,7497189679.61,144.86,Normal
2025-11-19,AUD,Markets,3858588.23,15,-256066.642857143,2025-11-19,10860280532.46,7497189679.61,144.86,Normal
2025-11-19,EUR,Corporate Banking,-63832.55,8,-82258.38,2025-11-19,10860280532.46,7497189679.61,144.86,Normal
2025-11-19,gbp,Investment Banking,-60628.32,1,-26966.4314285714,2025-11-19,10860280532.46,7497189679.61,144.86,Normal
2025-11-19,USD,Treasury,2127151.85,17,588237.564285714,2025-11-19,10860280532.46,7497189679.61,144.86,Normal
2025-11-19,CHF,Retail Banking,-129010.81,14,42707.5328571429,2025-11-19,10860280532.46,7497189679.61,144.86,Normal
2025-11-19,CAD,Markets,-769604.06,16,372117.135714286,2025-11-19,10860280532.46,7497189679.61,144.86,Normal
2025-11-19,chf,Retail Banking,19258.18,1,3379.64142857143,2025-11-19,10860280532.46,7497189679.61,144.86,Normal
2025-11-19,CAD,Treasury,2796463.28,13,-449834.362857143,2025-11-19,10860280532.46,7497189679.61,144.86,Normal
2025-11-19,USD,Investment Banking,178030.08,13,-14833.1571428571,2025-11-19,10860280532.46,7497189679.61,144.86,Normal
2025-11-19,aud,Investment Banking,-7565.64,1,-7826.38857142857,2025-11-19,10860280532.46,7497189679.61,144.86,Normal
2025-11-19,INR,Investment Banking,97194.1,12,-66392.6214285714,2025-11-19,10860280532.46,7497189679.61,144.86,Normal
2025-11-19,GBP,Treasury,259502.3,14,-170852.928571429,2025-11-19,10860280532.46,7497189679.61,144.86,Normal
2025-11-19,EUR,Treasury,1728064.95,17,-339510.831428571,2025-11-19,10860280532.46,7497189679.61,144.86,Normal
2025-11-19,aud,Treasury,176808.57,1,-49341.2171428571,2025-11-19,10860280532.46,7497189679.61,144.86,Normal
2025-11-19,JPY,Markets,-335467.58,15,41173.0342857142,2025-11-19,10860280532.46,7497189679.61,144.86,Normal
2025-11-19,CHF,Markets,-1058513.39,21,-542500.545714286,2025-11-19,10860280532.46,7497189679.61,144.86,Normal
2025-11-19,chf,Investment Banking,14166.37,1,25072.5028571429,2025-11-19,10860280532.46,7497189679.61,144.86,Normal
2025-11-19,EUR,Markets,2130300.23,22,350728.828571429,2025-11-19,10860280532.46,7497189679.61,144.86,Normal
2025-11-19,AUD,Corporate Banking,71558.42,11,-27973.96,2025-11-19,10860280532.46,7497189679.61,144.86,Normal
2025-11-19,eur,Treasury,-396150.91,1,-68528.1142857143,2025-11-19,10860280532.46,7497189679.61,144.86,Normal
2025-11-19,AUD,Treasury,551066.43,14,-1629991.93857143,2025-11-19,10860280532.46,7497189679.61,144.86,Normal
2025-11-19,JPY,Corporate Banking,-77562.82,6,-87014.1828571429,2025-11-19,10860280532.46,7497189679.61,144.86,Normal
2025-11-19,usd,Markets,-137402.68,1,-104762.068571429,2025-11-19,10860280532.46,7497189679.61,144.86,Normal
2025-11-19,CHF,Investment Banking,75144.61,12,-42082.3914285714,2025-11-19,10860280532.46,7497189679.61,144.86,Normal
2026-01-02,INR,Corporate Banking,138223.12,10,-70125.39,2026-01-02,9178697720.17,6242259563.08,147.04,Normal
2026-01-02,GBP,Investment Banking,-94482.42,12,-163691.868571429,2026-01-02,9178697720.17,6242259563.08,147.04,Normal
2026-01-02,inr,Markets,-109142.96,1,212695.285714286,2026-01-02,9178697720.17,6242259563.08,147.04,Normal
2026-01-02,JPY,Treasury,1361030.17,12,496533.962857143,2026-01-02,9178697720.17,6242259563.08,147.04,Normal
2026-01-02,GBP,Corporate Banking,39251.01,9,-71712.4528571429,2026-01-02,9178697720.17,6242259563.08,147.04,Normal
2026-01-02,jpy,Retail Banking,-118331.84,1,-3106.79714285714,2026-01-02,9178697720.17,6242259563.08,147.04,Normal
2026-01-02,gbp,Treasury,-66027,1,-267636.484285714,2026-01-02,9178697720.17,6242259563.08,147.04,Normal
2026-01-02,jpy,Treasury,332860.39,1,-138250.534285714,2026-01-02,9178697720.17,6242259563.08,147.04,Normal
2026-01-02,CAD,Investment Banking,-187307.95,9,-37232.5885714286,2026-01-02,9178697720.17,6242259563.08,147.04,Normal
2026-01-02,INR,Markets,2075238.69,18,439003.22,2026-01-02,9178697720.17,6242259563.08,147.04,Normal
2026-01-02,GBP,Retail Banking,-68067.22,17,-52003.1957142857,2026-01-02,9178697720.17,6242259563.08,147.04,Normal
2026-01-02,AUD,Investment Banking,71305.58,15,5962.27142857142,2026-01-02,9178697720.17,6242259563.08,147.04,Normal
2026-01-02,AUD,Retail Banking,-63748.6,12,-36756.2528571428,2026-01-02,9178697720.17,6242259563.08,147.04,Normal
2026-01-02,EUR,Retail Banking,-12307.13,11,38230.61,2026-01-02,9178697720.17,6242259563.08,147.04,Normal
2026-01-02,cad,Retail Banking,-138294.38,2,-17842.8814285714,2026-01-02,9178697720.17,6242259563.08,147.04,Normal
2026-01-02,CAD,Retail Banking,45060.98,8,-60888.7914285714,2026-01-02,9178697720.17,6242259563.08,147.04,Normal
2026-01-02,INR,Retail Banking,-233129.87,12,-77079.2885714286,2026-01-02,9178697720.17,6242259563.08,147.04,Normal
2026-01-02,CHF,Corporate Banking,-210270.71,10,-123031.031428571,2026-01-02,9178697720.17,6242259563.08,147.04,Normal
2026-01-02,GBP,Markets,-1638149.53,19,-236254.898571429,2026-01-02,9178697720.17,6242259563.08,147.04,Normal
2026-01-02,USD,Corporate Banking,76224.39,17,12633.3357142857,2026-01-02,9178697720.17,6242259563.08,147.04,Normal
2026-01-02,EUR,Investment Banking,132448.47,11,503.892857142861,2026-01-02,9178697720.17,6242259563.08,147.04,Normal
2026-01-02,aud,Retail Banking,62010.11,1,-25437.5014285714,2026-01-02,9178697720.17,6242259563.08,147.04,Normal
2026-01-02,USD,Markets,1403255.6,9,796426.052857143,2026-01-02,9178697720.17,6242259563.08,147.04,Normal
2026-01-02,cad,Treasury,476846.85,1,-4868.73714285715,2026-01-02,9178697720.17,6242259563.08,147.04,Normal
2026-01-02,inr,Treasury,-621136.28,1,-297751.684285714,2026-01-02,9178697720.17,6242259563.08,147.04,Normal
2026-01-02,INR,Treasury,-98899.0800000001,14,344271.317142857,2026-01-02,9178697720.17,6242259563.08,147.04,Normal
2026-01-02,USD,Retail Banking,-64052.89,6,32854.8542857143,2026-01-02,9178697720.17,6242259563.08,147.04,Normal
2026-01-02,CHF,Treasury,634338.06,19,-565310.152857143,2026-01-02,9178697720.17,6242259563.08,147.04,Normal
2026-01-02,CAD,Corporate Banking,41655.32,12,-23028.4157142857,2026-01-02,9178697720.17,6242259563.08,147.04,Normal
2026-01-02,JPY,Retail Banking,-158673.49,10,-100262.201428571,2026-01-02,9178697720.17,6242259563.08,147.04,Normal
2026-01-02,JPY,Investment Banking,-294308.55,8,74883.5042857143,2026-01-02,9178697720.17,6242259563.08,147.04,Normal
2026-01-02,AUD,Markets,-607937.69,12,-5352.3414285714,2026-01-02,9178697720.17,6242259563.08,147.04,Normal
2026-01-02,EUR,Corporate Banking,-13830.59,12,-78500.8357142857,2026-01-02,9178697720.17,6242259563.08,147.04,Normal
2026-01-02,gbp,Investment Banking,-10316.69,1,13338.5357142857,2026-01-02,9178697720.17,6242259563.08,147.04,Normal
2026-01-02,USD,Treasury,1457811.84,12,372997.668571429,2026-01-02,9178697720.17,6242259563.08,147.04,Normal
2026-01-02,CHF,Retail Banking,-224276.35,15,3013.52285714286,2026-01-02,9178697720.17,6242259563.08,147.04,Normal
2026-01-02,eur,Investment Banking,9815.34,1,-21545.9285714286,2026-01-02,9178697720.17,6242259563.08,147.04,Normal
2026-01-02,CAD,Markets,-1851501.31,12,-389954.191428571,2026-01-02,9178697720.17,6242259563.08,147.04,Normal
2026-01-02,chf,Retail Banking,-27692.79,1,-8161.88142857143,2026-01-02,9178697720.17,6242259563.08,147.04,Normal
2026-01-02,CAD,Treasury,517028.07,9,92340.8871428572,2026-01-02,9178697720.17,6242259563.08,147.04,Normal
2026-01-02,USD,Investment Banking,245490.1,11,-33427.76,2026-01-02,9178697720.17,6242259563.08,147.04,Normal
2026-01-02,INR,Investment Banking,7014.59000000001,14,-74447.8471428571,2026-01-02,9178697720.17,6242259563.08,147.04,Normal
2026-01-02,GBP,Treasury,171903.75,13,-124417.737142857,2026-01-02,9178697720.17,6242259563.08,147.04,Normal
2026-01-02,EUR,Treasury,700534.8,10,871734.31,2026-01-02,9178697720.17,6242259563.08,147.04,Normal
2026-01-02,jpy,Corporate Banking,16886.26,1,27643.0871428571,2026-01-02,9178697720.17,6242259563.08,147.04,Normal
2026-01-02,JPY,Markets,-526925.08,17,-360332.301428571,2026-01-02,9178697720.17,6242259563.08,147.04,Normal
2026-01-02,CHF,Markets,-1003486.42,16,-247560.977142857,2026-01-02,9178697720.17,6242259563.08,147.04,Normal
2026-01-02,eur,Corporate Banking,-27460.52,1,5592.28857142857,2026-01-02,9178697720.17,6242259563.08,147.04,Normal
2026-01-02,EUR,Markets,2162851.12,19,472417.275714286,2026-01-02,9178697720.17,6242259563.08,147.04,Normal
2026-01-02,AUD,Corporate Banking,24432.58,6,-109399.022857143,2026-01-02,9178697720.17,6242259563.08,147.04,Normal
2026-01-02,eur,Treasury,157518.34,1,110434.795714286,2026-01-02,9178697720.17,6242259563.08,147.04,Normal
2026-01-02,AUD,Treasury,-967070.02,8,794157.92,2026-01-02,9178697720.17,6242259563.08,147.04,Normal
2026-01-02,JPY,Corporate Banking,-172096.09,10,-52547.8685714286,2026-01-02,9178697720.17,6242259563.08,147.04,Normal
2026-01-02,eur,Retail Banking,-45855.78,2,-4835.96428571429,2026-01-02,9178697720.17,6242259563.08,147.04,Normal
2026-01-02,CHF,Investment Banking,5738.41,15,-11665.7042857143,2026-01-02,9178697720.17,6242259563.08,147.04,Normal
2026-02-21,INR,Corporate Banking,42816.15,12,-150959.545714286,2026-02-21,11230132373.35,6429387048.72,174.67,Normal
2026-02-21,usd,Investment Banking,-36858.87,1,16240.1514285714,2026-02-21,11230132373.35,6429387048.72,174.67,Normal
2026-02-21,jpy,Markets,-1204918.47,1,-146581.524285714,2026-02-21,11230132373.35,6429387048.72,174.67,Normal
2026-02-21,GBP,Investment Banking,-164721.43,13,-45947.5828571429,2026-02-21,11230132373.35,6429387048.72,174.67,Normal
2026-02-21,inr,Markets,-26458.6,1,-325934.734285714,2026-02-21,11230132373.35,6429387048.72,174.67,Normal
2026-02-21,JPY,Treasury,-341173.32,19,161271.724285714,2026-02-21,11230132373.35,6429387048.72,174.67,Normal
2026-02-21,GBP,Corporate Banking,-68388.41,12,19241.06,2026-02-21,11230132373.35,6429387048.72,174.67,Normal
2026-02-21,CAD,Investment Banking,301672.22,4,109312.477142857,2026-02-21,11230132373.35,6429387048.72,174.67,Normal
2026-02-21,INR,Markets,-1507358.11,12,514344.794285714,2026-02-21,11230132373.35,6429387048.72,174.67,Normal
2026-02-21,GBP,Retail Banking,-44940,11,11289.63,2026-02-21,11230132373.35,6429387048.72,174.67,Normal
2026-02-21,AUD,Investment Banking,66208.8,10,78496.8828571428,2026-02-21,11230132373.35,6429387048.72,174.67,Normal
2026-02-21,AUD,Retail Banking,-334838.92,12,-19436.6942857143,2026-02-21,11230132373.35,6429387048.72,174.67,Normal
2026-02-21,EUR,Retail Banking,-100362.88,5,-67525.0857142857,2026-02-21,11230132373.35,6429387048.72,174.67,Normal
2026-02-21,cad,Retail Banking,-17567.64,2,-28360.0428571429,2026-02-21,11230132373.35,6429387048.72,174.67,Normal
2026-02-21,CAD,Retail Banking,-106811.21,5,-144752.975714286,2026-02-21,11230132373.35,6429387048.72,174.67,Normal
2026-02-21,INR,Retail Banking,49827.65,10,14123.4914285714,2026-02-21,11230132373.35,6429387048.72,174.67,Normal
2026-02-21,CHF,Corporate Banking,286599.31,10,-24157.0957142857,2026-02-21,11230132373.35,6429387048.72,174.67,Normal
2026-02-21,GBP,Markets,276157.75,17,1340213.64571429,2026-02-21,11230132373.35,6429387048.72,174.67,Normal
2026-02-21,USD,Corporate Banking,-25652.52,8,-54134.7671428571,2026-02-21,11230132373.35,6429387048.72,174.67,Normal
2026-02-21,EUR,Investment Banking,389664.05,15,8118.42142857142,2026-02-21,11230132373.35,6429387048.72,174.67,Normal
2026-02-21,USD,Markets,1099275.41,14,718664.547142857,2026-02-21,11230132373.35,6429387048.72,174.67,Normal
2026-02-21,INR,Treasury,2346821.35,16,507732.812857143,2026-02-21,11230132373.35,6429387048.72,174.67,Normal
2026-02-21,USD,Retail Banking,-34097.5,8,-89982.2542857143,2026-02-21,11230132373.35,6429387048.72,174.67,Normal
2026-02-21,chf,Treasury,749958.16,2,18304.9942857143,2026-02-21,11230132373.35,6429387048.72,174.67,Normal
2026-02-21,CHF,Treasury,878331.1,13,-32409.0657142858,2026-02-21,11230132373.35,6429387048.72,174.67,Normal
2026-02-21,CAD,Corporate Banking,18366.41,9,-39583.36,2026-02-21,11230132373.35,6429387048.72,174.67,Normal
2026-02-21,JPY,Retail Banking,-128967.41,9,554.257142857133,2026-02-21,11230132373.35,6429387048.72,174.67,Normal
2026-02-21,JPY,Investment Banking,76361.53,12,-149824.907142857,2026-02-21,11230132373.35,6429387048.72,174.67,Normal
2026-02-21,AUD,Markets,785999.94,17,1144348.42285714,2026-02-21,11230132373.35,6429387048.72,174.67,Normal
2026-02-21,EUR,Corporate Banking,-78106.81,9,-42096.5028571429,2026-02-21,11230132373.35,6429387048.72,174.67,Normal
2026-02-21,USD,Treasury,189667.93,19,-798533.531428571,2026-02-21,11230132373.35,6429387048.72,174.67,Normal
2026-02-21,eur,Markets,-851793.22,1,-52857.9442857143,2026-02-21,11230132373.35,6429387048.72,174.67,Normal
2026-02-21,CHF,Retail Banking,39978.53,14,3938.20142857143,2026-02-21,11230132373.35,6429387048.72,174.67,Normal
2026-02-21,usd,Corporate Banking,-15787.32,1,2122.60571428571,2026-02-21,11230132373.35,6429387048.72,174.67,Normal
2026-02-21,CAD,Markets,2224719.91,20,542401.498571429,2026-02-21,11230132373.35,6429387048.72,174.67,Normal
2026-02-21,CAD,Treasury,293570.23,16,167303.507142857,2026-02-21,11230132373.35,6429387048.72,174.67,Normal
2026-02-21,USD,Investment Banking,29885.25,15,128455.044285714,2026-02-21,11230132373.35,6429387048.72,174.67,Normal
2026-02-21,INR,Investment Banking,-85898.98,16,-82675.38,2026-02-21,11230132373.35,6429387048.72,174.67,Normal
2026-02-21,GBP,Treasury,-303664.47,9,-978381.175714286,2026-02-21,11230132373.35,6429387048.72,174.67,Normal
2026-02-21,EUR,Treasury,-840775.11,18,729113.785714286,2026-02-21,11230132373.35,6429387048.72,174.67,Normal
2026-02-21,jpy,Corporate Banking,-18681.78,1,-22573.1414285714,2026-02-21,11230132373.35,6429387048.72,174.67,Normal
2026-02-21,JPY,Markets,-506054.43,17,36350.4914285714,2026-02-21,11230132373.35,6429387048.72,174.67,Normal
2026-02-21,CHF,Markets,523877.79,17,-1513532.42428571,2026-02-21,11230132373.35,6429387048.72,174.67,Normal
2026-02-21,usd,Retail Banking,-13088.8,1,7955.03285714286,2026-02-21,11230132373.35,6429387048.72,174.67,Normal
2026-02-21,EUR,Markets,-1942788.75,12,-540747.234285714,2026-02-21,11230132373.35,6429387048.72,174.67,Normal
2026-02-21,aud,Markets,-266128.56,1,-125094.734285714,2026-02-21,11230132373.35,6429387048.72,174.67,Normal
2026-02-21,AUD,Corporate Banking,-344914.03,5,-75904.8314285714,2026-02-21,11230132373.35,6429387048.72,174.67,Normal
2026-02-21,AUD,Treasury,1281707.77,25,237566.722857143,2026-02-21,11230132373.35,6429387048.72,174.67,Normal
2026-02-21,gbp,Retail Banking,13746.8,1,1346.21857142857,2026-02-21,11230132373.35,6429387048.72,174.67,Normal
2026-02-21,JPY,Corporate Banking,51592.31,15,29544.6228571429,2026-02-21,11230132373.35,6429387048.72,174.67,Normal
2026-02-21,CHF,Investment Banking,208819.73,8,-26693.38,2026-02-21,11230132373.35,6429387048.72,174.67,Normal
2025-11-06,jpy,Investment Banking,60638.92,1,-3904.87857142857,2025-11-06,11087722417.2,6813959814.54,162.72,Normal
2025-11-06,INR,Corporate Banking,105511.88,7,40585.6285714286,2025-11-06,11087722417.2,6813959814.54,162.72,Normal
2025-11-06,GBP,Investment Banking,-161623.52,13,2233.98571428572,2025-11-06,11087722417.2,6813959814.54,162.72,Normal
2025-11-06,JPY,Treasury,1275617.04,28,642199,2025-11-06,11087722417.2,6813959814.54,162.72,Normal
2025-11-06,GBP,Corporate Banking,108509.03,14,62494.7471428571,2025-11-06,11087722417.2,6813959814.54,162.72,Normal
2025-11-06,gbp,Markets,46566.83,1,-85917.3957142857,2025-11-06,11087722417.2,6813959814.54,162.72,Normal
2025-11-06,CAD,Investment Banking,-71568.04,8,121355.277142857,2025-11-06,11087722417.2,6813959814.54,162.72,Normal
2025-11-06,INR,Markets,-711564.38,18,106571.732857143,2025-11-06,11087722417.2,6813959814.54,162.72,Normal
2025-11-06,GBP,Retail Banking,-173620.3,7,83586.88,2025-11-06,11087722417.2,6813959814.54,162.72,Normal
2025-11-06,AUD,Investment Banking,94890.23,16,50026.51,2025-11-06,11087722417.2,6813959814.54,162.72,Normal
2025-11-06,AUD,Retail Banking,-197341.4,9,-169430.458571429,2025-11-06,11087722417.2,6813959814.54,162.72,Normal
2025-11-06,cad,Markets,-340166.17,1,33582.1328571428,2025-11-06,11087722417.2,6813959814.54,162.72,Normal
2025-11-06,EUR,Retail Banking,-11559.18,15,-36903.7828571429,2025-11-06,11087722417.2,6813959814.54,162.72,Normal
2025-11-06,CAD,Retail Banking,-14009.13,17,-10595.3428571429,2025-11-06,11087722417.2,6813959814.54,162.72,Normal
2025-11-06,INR,Retail Banking,10252.88,7,-61360.2085714286,2025-11-06,11087722417.2,6813959814.54,162.72,Normal
2025-11-06,CHF,Corporate Banking,-57321.73,9,-8802.61999999999,2025-11-06,11087722417.2,6813959814.54,162.72,Normal
2025-11-06,GBP,Markets,-1220091,16,-1130260.32857143,2025-11-06,11087722417.2,6813959814.54,162.72,Normal
2025-11-06,usd,Treasury,67548.64,1,98461.0528571429,2025-11-06,11087722417.2,6813959814.54,162.72,Normal
2025-11-06,USD,Corporate Banking,-125601.06,13,-29415.12,2025-11-06,11087722417.2,6813959814.54,162.72,Normal
2025-11-06,EUR,Investment Banking,-80571.42,9,16309.3685714286,2025-11-06,11087722417.2,6813959814.54,162.72,Normal
2025-11-06,USD,Markets,-385320.45,11,-328311.887142857,2025-11-06,11087722417.2,6813959814.54,162.72,Normal
2025-11-06,cad,Investment Banking,23484.66,1,5976.50142857143,2025-11-06,11087722417.2,6813959814.54,162.72,Normal
2025-11-06,INR,Treasury,-116412.89,12,-915813.24,2025-11-06,11087722417.2,6813959814.54,162.72,Normal
2025-11-06,USD,Retail Banking,29811.22,8,34739.7928571429,2025-11-06,11087722417.2,6813959814.54,162.72,Normal
2025-11-06,CHF,Treasury,-1781984.83,13,514886.958571429,2025-11-06,11087722417.2,6813959814.54,162.72,Normal
2025-11-06,CAD,Corporate Banking,-98885.25,3,60405.3814285714,2025-11-06,11087722417.2,6813959814.54,162.72,Normal
2025-11-06,JPY,Retail Banking,83454.01,12,59290.2914285714,2025-11-06,11087722417.2,6813959814.54,162.72,Normal
2025-11-06,JPY,Investment Banking,-16276.94,7,22997.7714285714,2025-11-06,11087722417.2,6813959814.54,162.72,Normal
2025-11-06,AUD,Markets,1116406.81,11,222152.135714286,2025-11-06,11087722417.2,6813959814.54,162.72,Normal
2025-11-06,EUR,Corporate Banking,17366.84,6,-34885.18,2025-11-06,11087722417.2,6813959814.54,162.72,Normal
2025-11-06,gbp,Investment Banking,-86747.79,2,-14189.7785714286,2025-11-06,11087722417.2,6813959814.54,162.72,Normal
2025-11-06,USD,Treasury,565249.62,15,-223667.167142857,2025-11-06,11087722417.2,6813959814.54,162.72,Normal
2025-11-06,eur,Markets,228318.4,1,70653.5314285714,2025-11-06,11087722417.2,6813959814.54,162.72,Normal
2025-11-06,CHF,Retail Banking,-60465.44,16,-9187.96142857144,2025-11-06,11087722417.2,6813959814.54,162.72,Normal
2025-11-06,eur,Investment Banking,22599.15,1,-3634.45857142857,2025-11-06,11087722417.2,6813959814.54,162.72,Normal
2025-11-06,CAD,Markets,-1503054.5,14,433982.92,2025-11-06,11087722417.2,6813959814.54,162.72,Normal
2025-11-06,CAD,Treasury,-261370.14,14,870497.921428571,2025-11-06,11087722417.2,6813959814.54,162.72,Normal
2025-11-06,USD,Investment Banking,42838.32,11,-16974.8085714286,2025-11-06,11087722417.2,6813959814.54,162.72,Normal
2025-11-06,aud,Investment Banking,-87581.02,1,-2564.69142857143,2025-11-06,11087722417.2,6813959814.54,162.72,Normal
2025-11-06,INR,Investment Banking,-157807.82,12,-367842.138571429,2025-11-06,11087722417.2,6813959814.54,162.72,Normal
2025-11-06,GBP,Treasury,-2296910.58,15,-1687426.16571429,2025-11-06,11087722417.2,6813959814.54,162.72,Normal
2025-11-06,EUR,Treasury,-995445.84,19,112119.461428572,2025-11-06,11087722417.2,6813959814.54,162.72,Normal
2025-11-06,aud,Treasury,168383.38,1,69087.9614285714,2025-11-06,11087722417.2,6813959814.54,162.72,Normal
2025-11-06,JPY,Markets,-1714437.84,16,-719963.455714286,2025-11-06,11087722417.2,6813959814.54,162.72,Normal
2025-11-06,CHF,Markets,-2546902.66,22,269025.207142857,2025-11-06,11087722417.2,6813959814.54,162.72,Normal
2025-11-06,chf,Investment Banking,202876.32,1,23048.7357142857,2025-11-06,11087722417.2,6813959814.54,162.72,Normal
2025-11-06,EUR,Markets,271490.98,9,-79443.4442857142,2025-11-06,11087722417.2,6813959814.54,162.72,Normal
2025-11-06,aud,Markets,226506.28,1,53646.5585714286,2025-11-06,11087722417.2,6813959814.54,162.72,Normal
2025-11-06,AUD,Corporate Banking,341830.52,4,-86451.7485714286,2025-11-06,11087722417.2,6813959814.54,162.72,Normal
2025-11-06,AUD,Treasury,36790.4599999998,15,-77056.5300000002,2025-11-06,11087722417.2,6813959814.54,162.72,Normal
2025-11-06,JPY,Corporate Banking,76494.62,10,-149546.348571429,2025-11-06,11087722417.2,6813959814.54,162.72,Normal
2025-11-06,CHF,Investment Banking,237838.71,7,36839.5571428571,2025-11-06,11087722417.2,6813959814.54,162.72,Normal
2026-02-12,INR,Corporate Banking,-411174.91,13,-52175.1514285714,2026-02-12,10418648671.81,6948116975.32,149.95,Normal
2026-02-12,usd,Investment Banking,-30286.6,1,11869.7242857143,2026-02-12,10418648671.81,6948116975.32,149.95,Normal
2026-02-12,GBP,Investment Banking,170396.55,15,157705.891428571,2026-02-12,10418648671.81,6948116975.32,149.95,Normal
2026-02-12,JPY,Treasury,-3301893.86,20,-1003593.08285714,2026-02-12,10418648671.81,6948116975.32,149.95,Normal
2026-02-12,GBP,Corporate Banking,204639.61,9,75040.17,2026-02-12,10418648671.81,6948116975.32,149.95,Normal
2026-02-12,gbp,Markets,533466.91,1,-86223.9585714286,2026-02-12,10418648671.81,6948116975.32,149.95,Normal
2026-02-12,CAD,Investment Banking,-409222.35,9,-81851.7628571429,2026-02-12,10418648671.81,6948116975.32,149.95,Normal
2026-02-12,INR,Markets,509448.24,15,-1027998.43,2026-02-12,10418648671.81,6948116975.32,149.95,Normal
2026-02-12,GBP,Retail Banking,-61699.27,9,-51438.6114285714,2026-02-12,10418648671.81,6948116975.32,149.95,Normal
2026-02-12,AUD,Investment Banking,37643.28,11,-92606.6328571428,2026-02-12,10418648671.81,6948116975.32,149.95,Normal
2026-02-12,AUD,Retail Banking,-33268.93,3,38210.4228571429,2026-02-12,10418648671.81,6948116975.32,149.95,Normal
2026-02-12,cad,Markets,789944.1,1,105367.635714286,2026-02-12,10418648671.81,6948116975.32,149.95,Normal
2026-02-12,EUR,Retail Banking,-70426.31,12,-71616.4257142857,2026-02-12,10418648671.81,6948116975.32,149.95,Normal
2026-02-12,CAD,Retail Banking,57553.81,12,14272.3428571429,2026-02-12,10418648671.81,6948116975.32,149.95,Normal
2026-02-12,INR,Retail Banking,-122164.54,12,-110594.608571429,2026-02-12,10418648671.81,6948116975.32,149.95,Normal
2026-02-12,CHF,Corporate Banking,-23000.37,10,542.941428571426,2026-02-12,10418648671.81,6948116975.32,149.95,Normal
2026-02-12,GBP,Markets,-3363571.27,16,-1334499.74285714,2026-02-12,10418648671.81,6948116975.32,149.95,Normal
2026-02-12,usd,Treasury,234518.63,1,145994.367142857,2026-02-12,10418648671.81,6948116975.32,149.95,Normal
2026-02-12,USD,Corporate Banking,37307.36,8,-48667.1842857143,2026-02-12,10418648671.81,6948116975.32,149.95,Normal
2026-02-12,EUR,Investment Banking,44560.92,10,-19409.7271428571,2026-02-12,10418648671.81,6948116975.32,149.95,Normal
2026-02-12,USD,Markets,-2544875.55,18,-675204.567142857,2026-02-12,10418648671.81,6948116975.32,149.95,Normal
2026-02-12,cad,Investment Banking,-6049.29,1,10137.7571428571,2026-02-12,10418648671.81,6948116975.32,149.95,Normal
2026-02-12,INR,Treasury,-164515.34,15,-226160.091428571,2026-02-12,10418648671.81,6948116975.32,149.95,Normal
2026-02-12,USD,Retail Banking,-24252.25,5,-71925.6757142857,2026-02-12,10418648671.81,6948116975.32,149.95,Normal
2026-02-12,CHF,Treasury,723821.62,16,67418.6657142857,2026-02-12,10418648671.81,6948116975.32,149.95,Normal
2026-02-12,CAD,Corporate Banking,-23794.15,12,2105.46,2026-02-12,10418648671.81,6948116975.32,149.95,Normal
2026-02-12,JPY,Retail Banking,81125.57,10,-110543.198571429,2026-02-12,10418648671.81,6948116975.32,149.95,Normal
2026-02-12,JPY,Investment Banking,-266693.29,11,-54755.7642857143,2026-02-12,10418648671.81,6948116975.32,149.95,Normal
2026-02-12,AUD,Markets,413765.45,12,-116575.522857143,2026-02-12,10418648671.81,6948116975.32,149.95,Normal
2026-02-12,EUR,Corporate Banking,-254842.9,14,-69055.6785714286,2026-02-12,10418648671.81,6948116975.32,149.95,Normal
2026-02-12,USD,Treasury,1151238.78,10,329346.267142857,2026-02-12,10418648671.81,6948116975.32,149.95,Normal
2026-02-12,CHF,Retail Banking,-141946.23,14,57240.1871428572,2026-02-12,10418648671.81,6948116975.32,149.95,Normal
2026-02-12,CAD,Markets,-219241.2,17,83990.9557142858,2026-02-12,10418648671.81,6948116975.32,149.95,Normal
2026-02-12,chf,Retail Banking,46885.97,1,1293.30714285714,2026-02-12,10418648671.81,6948116975.32,149.95,Normal
2026-02-12,CAD,Treasury,-1248058.11,14,-356689.767142857,2026-02-12,10418648671.81,6948116975.32,149.95,Normal
2026-02-12,USD,Investment Banking,43740.82,7,45616.4942857143,2026-02-12,10418648671.81,6948116975.32,149.95,Normal
2026-02-12,INR,Investment Banking,-680573.49,12,-84152.2628571429,2026-02-12,10418648671.81,6948116975.32,149.95,Normal
2026-02-12,GBP,Treasury,1003330.24,16,-83596.4442857143,2026-02-12,10418648671.81,6948116975.32,149.95,Normal
2026-02-12,EUR,Treasury,-1081490.12,24,-999870.895714286,2026-02-12,10418648671.81,6948116975.32,149.95,Normal
2026-02-12,JPY,Markets,1437296.81,10,315219.874285715,2026-02-12,10418648671.81,6948116975.32,149.95,Normal
2026-02-12,CHF,Markets,-330375.35,15,-943497.292857143,2026-02-12,10418648671.81,6948116975.32,149.95,Normal
2026-02-12,usd,Retail Banking,21349.78,1,32677.67,2026-02-12,10418648671.81,6948116975.32,149.95,Normal
2026-02-12,EUR,Markets,-428610.92,14,-489291.808571429,2026-02-12,10418648671.81,6948116975.32,149.95,Normal
2026-02-12,AUD,Corporate Banking,132674.97,9,520.655714285709,2026-02-12,10418648671.81,6948116975.32,149.95,Normal
2026-02-12,AUD,Treasury,250094.96,22,-789069.111428572,2026-02-12,10418648671.81,6948116975.32,149.95,Normal
2026-02-12,JPY,Corporate Banking,-71905.98,11,63121.2957142857,2026-02-12,10418648671.81,6948116975.32,149.95,Normal
2026-02-12,CHF,Investment Banking,-19223.36,13,28243.2,2026-02-12,10418648671.81,6948116975.32,149.95,Normal
2026-01-11,jpy,Investment Banking,-21850.22,1,7160.09285714286,2026-01-11,11220911971.77,6090907649.15,184.22,Normal
2026-01-11,INR,Corporate Banking,-66572.02,8,-71387.5257142857,2026-01-11,11220911971.77,6090907649.15,184.22,Normal
2026-01-11,jpy,Markets,-515968.56,1,25307.7571428571,2026-01-11,11220911971.77,6090907649.15,184.22,Normal
2026-01-11,GBP,Investment Banking,218849.04,14,-32183.6,2026-01-11,11220911971.77,6090907649.15,184.22,Normal
2026-01-11,JPY,Treasury,-22736.1400000001,9,-177857.435714286,2026-01-11,11220911971.77,6090907649.15,184.22,Normal
2026-01-11,GBP,Corporate Banking,19900.44,11,158447.68,2026-01-11,11220911971.77,6090907649.15,184.22,Normal
2026-01-11,CAD,Investment Banking,-201243.49,14,-2657.07285714286,2026-01-11,11220911971.77,6090907649.15,184.22,Normal
2026-01-11,INR,Markets,-2263837.8,14,180456.984285714,2026-01-11,11220911971.77,6090907649.15,184.22,Normal
2026-01-11,GBP,Retail Banking,-130924.52,8,-13596.6485714286,2026-01-11,11220911971.77,6090907649.15,184.22,Normal
2026-01-11,AUD,Investment Banking,171930.86,9,-161375.71,2026-01-11,11220911971.77,6090907649.15,184.22,Normal
2026-01-11,AUD,Retail Banking,-86205.83,11,-105770.53,2026-01-11,11220911971.77,6090907649.15,184.22,Normal
2026-01-11,cad,Markets,280638.13,1,-14982.4585714286,2026-01-11,11220911971.77,6090907649.15,184.22,Normal
2026-01-11,EUR,Retail Banking,5942.59999999999,10,19291.9257142857,2026-01-11,11220911971.77,6090907649.15,184.22,Normal
2026-01-11,CAD,Retail Banking,-36223.61,6,37534.0471428571,2026-01-11,11220911971.77,6090907649.15,184.22,Normal
2026-01-11,INR,Retail Banking,-153531.63,10,2471.47714285714,2026-01-11,11220911971.77,6090907649.15,184.22,Normal
2026-01-11,CHF,Corporate Banking,98899.78,9,19873.1771428571,2026-01-11,11220911971.77,6090907649.15,184.22,Normal
2026-01-11,GBP,Markets,-519085.35,12,-438236.305714286,2026-01-11,11220911971.77,6090907649.15,184.22,Normal
2026-01-11,usd,Treasury,-100250.11,1,-179265.204285714,2026-01-11,11220911971.77,6090907649.15,184.22,Normal
2026-01-11,USD,Corporate Banking,151618.51,6,36622.3,2026-01-11,11220911971.77,6090907649.15,184.22,Normal
2026-01-11,EUR,Investment Banking,-134751.57,8,-63591.1571428571,2026-01-11,11220911971.77,6090907649.15,184.22,Normal
2026-01-11,USD,Markets,613213.95,10,49854.7342857143,2026-01-11,11220911971.77,6090907649.15,184.22,Normal
2026-01-11,INR,Treasury,-1556254.91,18,-955013.375714286,2026-01-11,11220911971.77,6090907649.15,184.22,Normal
2026-01-11,USD,Retail Banking,-94032.33,14,-109152.505714286,2026-01-11,11220911971.77,6090907649.15,184.22,Normal
2026-01-11,chf,Treasury,-333753.38,1,-151590.647142857,2026-01-11,11220911971.77,6090907649.15,184.22,Normal
2026-01-11,CHF,Treasury,1348480.56,16,-667923.037142857,2026-01-11,11220911971.77,6090907649.15,184.22,Normal
2026-01-11,CAD,Corporate Banking,-134617.81,11,-14380.8185714286,2026-01-11,11220911971.77,6090907649.15,184.22,Normal
2026-01-11,JPY,Retail Banking,-214446.16,13,-22645.6771428572,2026-01-11,11220911971.77,6090907649.15,184.22,Normal
2026-01-11,inr,Investment Banking,7040.41,1,30111.5871428571,2026-01-11,11220911971.77,6090907649.15,184.22,Normal
2026-01-11,JPY,Investment Banking,-245300.33,12,-4943.68142857143,2026-01-11,11220911971.77,6090907649.15,184.22,Normal
2026-01-11,AUD,Markets,757682.29,15,783122.651428572,2026-01-11,11220911971.77,6090907649.15,184.22,Normal
2026-01-11,EUR,Corporate Banking,-457102.11,12,-211878.8,2026-01-11,11220911971.77,6090907649.15,184.22,Normal
2026-01-11,USD,Treasury,1768498.64,18,235060.501428571,2026-01-11,11220911971.77,6090907649.15,184.22,Normal
2026-01-11,eur,Markets,-443384.52,1,57330.1228571429,2026-01-11,11220911971.77,6090907649.15,184.22,Normal
2026-01-11,CHF,Retail Banking,100074.38,10,55569.2471428572,2026-01-11,11220911971.77,6090907649.15,184.22,Normal
2026-01-11,CAD,Markets,-379388.62,12,-2077221.28714286,2026-01-11,11220911971.77,6090907649.15,184.22,Normal
2026-01-11,CAD,Treasury,376452.75,14,-97338.7057142857,2026-01-11,11220911971.77,6090907649.15,184.22,Normal
2026-01-11,USD,Investment Banking,-70817.4,11,-89048.8114285714,2026-01-11,11220911971.77,6090907649.15,184.22,Normal
2026-01-11,INR,Investment Banking,-159056.63,16,36053.4557142857,2026-01-11,11220911971.77,6090907649.15,184.22,Normal
2026-01-11,GBP,Treasury,-1838503.85,14,-1018132.45571429,2026-01-11,11220911971.77,6090907649.15,184.22,Normal
2026-01-11,EUR,Treasury,-781540.72,9,-299261.885714286,2026-01-11,11220911971.77,6090907649.15,184.22,Normal
2026-01-11,jpy,Corporate Banking,-53191.64,1,-23836.8871428571,2026-01-11,11220911971.77,6090907649.15,184.22,Normal
2026-01-11,JPY,Markets,-509272.8,15,84803.8599999999,2026-01-11,11220911971.77,6090907649.15,184.22,Normal
2026-01-11,CHF,Markets,-3105544.56,18,343727.612857143,2026-01-11,11220911971.77,6090907649.15,184.22,Normal
2026-01-11,chf,Investment Banking,-75209.3,1,14769.5157142857,2026-01-11,11220911971.77,6090907649.15,184.22,Normal
2026-01-11,EUR,Markets,1749458.98,21,-488928.454285714,2026-01-11,11220911971.77,6090907649.15,184.22,Normal
2026-01-11,AUD,Corporate Banking,66310.25,9,55020.7757142857,2026-01-11,11220911971.77,6090907649.15,184.22,Normal
2026-01-11,eur,Treasury,323946.59,1,175984.931428571,2026-01-11,11220911971.77,6090907649.15,184.22,Normal
2026-01-11,AUD,Treasury,3977251.95,20,650042.075714286,2026-01-11,11220911971.77,6090907649.15,184.22,Normal
2026-01-11,JPY,Corporate Banking,-90949.11,4,-133473.261428571,2026-01-11,11220911971.77,6090907649.15,184.22,Normal
2026-01-11,CHF,Investment Banking,16071.39,11,-3419.46000000001,2026-01-11,11220911971.77,6090907649.15,184.22,Normal
2026-02-19,INR,Corporate Banking,-194416.78,13,-183638.17,2026-02-19,10537735984.28,7155775707.71,147.26,Normal
2026-02-19,GBP,Investment Banking,-47370.9,16,-49947.1642857143,2026-02-19,10537735984.28,7155775707.71,147.26,Normal
2026-02-19,JPY,Treasury,1272221.57,11,-211192.55,2026-02-19,10537735984.28,7155775707.71,147.26,Normal
2026-02-19,GBP,Corporate Banking,82554.78,12,-38523.4414285714,2026-02-19,10537735984.28,7155775707.71,147.26,Normal
2026-02-19,aud,Corporate Banking,4062.25,1,-14000.0257142857,2026-02-19,10537735984.28,7155775707.71,147.26,Normal
2026-02-19,CAD,Investment Banking,-36196.97,11,572.51714285715,2026-02-19,10537735984.28,7155775707.71,147.26,Normal
2026-02-19,INR,Markets,-894924.94,20,-1687890.62142857,2026-02-19,10537735984.28,7155775707.71,147.26,Normal
2026-02-19,GBP,Retail Banking,-83760.61,7,-155262.744285714,2026-02-19,10537735984.28,7155775707.71,147.26,Normal
2026-02-19,AUD,Investment Banking,151120.67,13,-60545.5857142857,2026-02-19,10537735984.28,7155775707.71,147.26,Normal
2026-02-19,AUD,Retail Banking,-126066.89,7,-69113.3457142857,2026-02-19,10537735984.28,7155775707.71,147.26,Normal
2026-02-19,cad,Markets,-44623.59,1,55463.9285714286,2026-02-19,10537735984.28,7155775707.71,147.26,Normal
2026-02-19,EUR,Retail Banking,70863.6,15,-71890.9742857143,2026-02-19,10537735984.28,7155775707.71,147.26,Normal
2026-02-19,CAD,Retail Banking,-201118,13,-195162.398571429,2026-02-19,10537735984.28,7155775707.71,147.26,Normal
2026-02-19,INR,Retail Banking,310893.31,12,-182947.191428571,2026-02-19,10537735984.28,7155775707.71,147.26,Normal
2026-02-19,CHF,Corporate Banking,-58980.78,8,-117137.32,2026-02-19,10537735984.28,7155775707.71,147.26,Normal
2026-02-19,GBP,Markets,-2741336.18,13,-232854.054285714,2026-02-19,10537735984.28,7155775707.71,147.26,Normal
2026-02-19,USD,Corporate Banking,85417.91,9,-22866.3642857143,2026-02-19,10537735984.28,7155775707.71,147.26,Normal
2026-02-19,EUR,Investment Banking,40371.31,15,-24857.1142857143,2026-02-19,10537735984.28,7155775707.71,147.26,Normal
2026-02-19,chf,Markets,-48196.29,1,-265566.374285714,2026-02-19,10537735984.28,7155775707.71,147.26,Normal
2026-02-19,aud,Retail Banking,31797.83,2,-57882.84,2026-02-19,10537735984.28,7155775707.71,147.26,Normal
2026-02-19,USD,Markets,-889417.89,16,180624.785714286,2026-02-19,10537735984.28,7155775707.71,147.26,Normal
2026-02-19,cad,Treasury,-238113.26,1,-314622.528571429,2026-02-19,10537735984.28,7155775707.71,147.26,Normal
2026-02-19,cad,Investment Banking,-23280.14,2,32048.6071428571,2026-02-19,10537735984.28,7155775707.71,147.26,Normal
2026-02-19,INR,Treasury,3498057.52,17,-411144.584285715,2026-02-19,10537735984.28,7155775707.71,147.26,Normal
2026-02-19,USD,Retail Banking,-89550.1,5,-164635.758571429,2026-02-19,10537735984.28,7155775707.71,147.26,Normal
2026-02-19,chf,Treasury,64766.84,1,-167945.025714286,2026-02-19,10537735984.28,7155775707.71,147.26,Normal
2026-02-19,CHF,Treasury,-1371096.87,14,-686306.385714286,2026-02-19,10537735984.28,7155775707.71,147.26,Normal
2026-02-19,CAD,Corporate Banking,-22089.95,8,-124348.567142857,2026-02-19,10537735984.28,7155775707.71,147.26,Normal
2026-02-19,JPY,Retail Banking,-194697.47,11,-61988.2057142857,2026-02-19,10537735984.28,7155775707.71,147.26,Normal
2026-02-19,JPY,Investment Banking,-355814.02,18,-175449.435714286,2026-02-19,10537735984.28,7155775707.71,147.26,Normal
2026-02-19,AUD,Markets,3844277.01,16,1237057.20571429,2026-02-19,10537735984.28,7155775707.71,147.26,Normal
2026-02-19,EUR,Corporate Banking,-274169.86,8,-111660.295714286,2026-02-19,10537735984.28,7155775707.71,147.26,Normal
2026-02-19,USD,Treasury,-514162.74,18,-1073146.08428571,2026-02-19,10537735984.28,7155775707.71,147.26,Normal
2026-02-19,CHF,Retail Banking,45571.32,15,-47548.5128571429,2026-02-19,10537735984.28,7155775707.71,147.26,Normal
2026-02-19,usd,Corporate Banking,72601.09,1,998.374285714286,2026-02-19,10537735984.28,7155775707.71,147.26,Normal
2026-02-19,CAD,Markets,1602143.15,10,-283545.815714286,2026-02-19,10537735984.28,7155775707.71,147.26,Normal
2026-02-19,CAD,Treasury,962219.82,20,-361768.5,2026-02-19,10537735984.28,7155775707.71,147.26,Normal
2026-02-19,USD,Investment Banking,164103.36,11,106706.701428571,2026-02-19,10537735984.28,7155775707.71,147.26,Normal
2026-02-19,INR,Investment Banking,-59515.38,11,-141131.258571429,2026-02-19,10537735984.28,7155775707.71,147.26,Normal
2026-02-19,GBP,Treasury,-1812273.75,19,-1386088.85714286,2026-02-19,10537735984.28,7155775707.71,147.26,Normal
2026-02-19,EUR,Treasury,-1087969.89,11,210209.1,2026-02-19,10537735984.28,7155775707.71,147.26,Normal
2026-02-19,JPY,Markets,-811226.75,13,-1016000.84142857,2026-02-19,10537735984.28,7155775707.71,147.26,Normal
2026-02-19,CHF,Markets,-4634240.51,17,-1317428.17,2026-02-19,10537735984.28,7155775707.71,147.26,Normal
2026-02-19,EUR,Markets,1379838.02,20,-1341741.44428571,2026-02-19,10537735984.28,7155775707.71,147.26,Normal
2026-02-19,AUD,Corporate Banking,6346.36,11,-39951.2942857143,2026-02-19,10537735984.28,7155775707.71,147.26,Normal
2026-02-19,eur,Treasury,303447.31,1,53991.2071428571,2026-02-19,10537735984.28,7155775707.71,147.26,Normal
2026-02-19,AUD,Treasury,4527.63999999996,11,128710.958571429,2026-02-19,10537735984.28,7155775707.71,147.26,Normal
2026-02-19,gbp,Retail Banking,18263.7,1,-1550.37428571429,2026-02-19,10537735984.28,7155775707.71,147.26,Normal
2026-02-19,JPY,Corporate Banking,-141998.67,14,33682.41,2026-02-19,10537735984.28,7155775707.71,147.26,Normal
2026-02-19,usd,Markets,251031.72,1,-179702.98,2026-02-19,10537735984.28,7155775707.71,147.26,Normal
2026-02-19,CHF,Investment Banking,120590.47,14,-74936.2942857143,2026-02-19,10537735984.28,7155775707.71,147.26,Normal
2026-01-25,INR,Corporate Banking,26059.37,9,109761.155714286,2026-01-25,9159278980.09,7219138805.82,126.87,Normal
2026-01-25,GBP,Investment Banking,179706.52,11,22469.9685714286,2026-01-25,9159278980.09,7219138805.82,126.87,Normal
2026-01-25,JPY,Treasury,-3569071.52,11,-237623.474285714,2026-01-25,9159278980.09,7219138805.82,126.87,Normal
2026-01-25,GBP,Corporate Banking,327495.86,11,-31288.86,2026-01-25,9159278980.09,7219138805.82,126.87,Normal
2026-01-25,gbp,Treasury,178346.92,1,-63145.7457142857,2026-01-25,9159278980.09,7219138805.82,126.87,Normal
2026-01-25,CAD,Investment Banking,-118952.17,8,-22271.5871428571,2026-01-25,9159278980.09,7219138805.82,126.87,Normal
2026-01-25,INR,Markets,1560501.63,22,-212931.5,2026-01-25,9159278980.09,7219138805.82,126.87,Normal
2026-01-25,GBP,Retail Banking,37118.64,16,-34128.0528571429,2026-01-25,9159278980.09,7219138805.82,126.87,Normal
2026-01-25,AUD,Investment Banking,64751.99,11,-99654.3128571429,2026-01-25,9159278980.09,7219138805.82,126.87,Normal
2026-01-25,AUD,Retail Banking,273596.53,12,18136.9214285714,2026-01-25,9159278980.09,7219138805.82,126.87,Normal
2026-01-25,EUR,Retail Banking,184653.3,12,90937.8814285714,2026-01-25,9159278980.09,7219138805.82,126.87,Normal
2026-01-25,CAD,Retail Banking,-100868.51,8,42057.8328571429,2026-01-25,9159278980.09,7219138805.82,126.87,Normal
2026-01-25,INR,Retail Banking,-13153.13,7,16206.5528571428,2026-01-25,9159278980.09,7219138805.82,126.87,Normal
2026-01-25,CHF,Corporate Banking,-81782.93,11,-43328.4757142857,2026-01-25,9159278980.09,7219138805.82,126.87,Normal
2026-01-25,GBP,Markets,994863.2,16,442693.717142857,2026-01-25,9159278980.09,7219138805.82,126.87,Normal
2026-01-25,USD,Corporate Banking,200194.97,13,68408.8042857143,2026-01-25,9159278980.09,7219138805.82,126.87,Normal
2026-01-25,EUR,Investment Banking,54721.83,9,-16993.2642857143,2026-01-25,9159278980.09,7219138805.82,126.87,Normal
2026-01-25,USD,Markets,1288480.49,14,1291754.72428571,2026-01-25,9159278980.09,7219138805.82,126.87,Normal
2026-01-25,cad,Treasury,181329.28,1,36387.7285714286,2026-01-25,9159278980.09,7219138805.82,126.87,Normal
2026-01-25,cad,Investment Banking,22435.1,1,558.612857142857,2026-01-25,9159278980.09,7219138805.82,126.87,Normal
2026-01-25,INR,Treasury,-1611921.82,13,-216011.86,2026-01-25,9159278980.09,7219138805.82,126.87,Normal
2026-01-25,USD,Retail Banking,206394.69,8,44896.5057142857,2026-01-25,9159278980.09,7219138805.82,126.87,Normal
2026-01-25,CHF,Treasury,-1139689.56,21,-891421.857142857,2026-01-25,9159278980.09,7219138805.82,126.87,Normal
2026-01-25,CAD,Corporate Banking,-40159.96,7,-110882.224285714,2026-01-25,9159278980.09,7219138805.82,126.87,Normal
2026-01-25,JPY,Retail Banking,-143367.23,14,-126912.048571429,2026-01-25,9159278980.09,7219138805.82,126.87,Normal
2026-01-25,JPY,Investment Banking,-38352.32,9,1628.00714285712,2026-01-25,9159278980.09,7219138805.82,126.87,Normal
2026-01-25,AUD,Markets,710463.52,16,-128191.87,2026-01-25,9159278980.09,7219138805.82,126.87,Normal
2026-01-25,EUR,Corporate Banking,-33438.31,10,-74688.65,2026-01-25,9159278980.09,7219138805.82,126.87,Normal
2026-01-25,USD,Treasury,-2156264.78,10,-65791.0771428572,2026-01-25,9159278980.09,7219138805.82,126.87,Normal
2026-01-25,CHF,Retail Banking,-52652.04,8,-65609.8171428572,2026-01-25,9159278980.09,7219138805.82,126.87,Normal
2026-01-25,eur,Investment Banking,103407.83,2,11737.0171428571,2026-01-25,9159278980.09,7219138805.82,126.87,Normal
2026-01-25,CAD,Markets,1695948.94,20,462900.464285714,2026-01-25,9159278980.09,7219138805.82,126.87,Normal
2026-01-25,CAD,Treasury,-390064.07,17,349768.952857143,2026-01-25,9159278980.09,7219138805.82,126.87,Normal
2026-01-25,USD,Investment Banking,-184187.8,14,51788.3314285714,2026-01-25,9159278980.09,7219138805.82,126.87,Normal
2026-01-25,aud,Investment Banking,-12133.7,1,21498.7142857143,2026-01-25,9159278980.09,7219138805.82,126.87,Normal
2026-01-25,INR,Investment Banking,-258215.06,14,-73442.2671428572,2026-01-25,9159278980.09,7219138805.82,126.87,Normal
2026-01-25,GBP,Treasury,873476.01,19,1262803.96571429,2026-01-25,9159278980.09,7219138805.82,126.87,Normal
2026-01-25,EUR,Treasury,975221.44,14,581165.018571429,2026-01-25,9159278980.09,7219138805.82,126.87,Normal
2026-01-25,JPY,Markets,-674542.43,20,236700.704285714,2026-01-25,9159278980.09,7219138805.82,126.87,Normal
2026-01-25,CHF,Markets,-1571548.64,15,-849064.564285714,2026-01-25,9159278980.09,7219138805.82,126.87,Normal
2026-01-25,eur,Corporate Banking,-13937.73,1,6323.12428571429,2026-01-25,9159278980.09,7219138805.82,126.87,Normal
2026-01-25,chf,Investment Banking,-39224,1,-6836.33428571429,2026-01-25,9159278980.09,7219138805.82,126.87,Normal
2026-01-25,EUR,Markets,421640.04,14,-377488.908571429,2026-01-25,9159278980.09,7219138805.82,126.87,Normal
2026-01-25,cad,Corporate Banking,45928.69,1,7132.51428571429,2026-01-25,9159278980.09,7219138805.82,126.87,Normal
2026-01-25,AUD,Corporate Banking,-204210.65,11,-100542.884285714,2026-01-25,9159278980.09,7219138805.82,126.87,Normal
2026-01-25,AUD,Treasury,-469166.12,24,-217495.08,2026-01-25,9159278980.09,7219138805.82,126.87,Normal
2026-01-25,JPY,Corporate Banking,321669.2,8,71582.8742857143,2026-01-25,9159278980.09,7219138805.82,126.87,Normal
2026-01-25,eur,Retail Banking,-27630,1,-10900.6585714286,2026-01-25,9159278980.09,7219138805.82,126.87,Normal
2026-01-25,CHF,Investment Banking,-60823.45,8,-72643.7614285714,2026-01-25,9159278980.09,7219138805.82,126.87,Normal
2025-10-29,jpy,Investment Banking,-81054.27,2,-11579.1814285714,2025-10-29,11640028556.97,6362570965.58,182.95,Normal
2025-10-29,INR,Corporate Banking,218638.29,15,32914.6828571429,2025-10-29,11640028556.97,6362570965.58,182.95,Normal
2025-10-29,GBP,Investment Banking,162101.57,9,-10596.9257142857,2025-10-29,11640028556.97,6362570965.58,182.95,Normal
2025-10-29,inr,Markets,-370332.46,1,-61002.5014285714,2025-10-29,11640028556.97,6362570965.58,182.95,Normal
2025-10-29,JPY,Treasury,-1549545.51,10,-20342.2757142857,2025-10-29,11640028556.97,6362570965.58,182.95,Normal
2025-10-29,GBP,Corporate Banking,425704.9,13,14743.9257142857,2025-10-29,11640028556.97,6362570965.58,182.95,Normal
2025-10-29,jpy,Retail Banking,-6468.83,1,-3114.22428571429,2025-10-29,11640028556.97,6362570965.58,182.95,Normal
2025-10-29,gbp,Markets,-9557.39999999999,2,-74663.7857142857,2025-10-29,11640028556.97,6362570965.58,182.95,Normal
2025-10-29,gbp,Treasury,34582.6,1,-4455.04285714286,2025-10-29,11640028556.97,6362570965.58,182.95,Normal
2025-10-29,jpy,Treasury,659831.08,1,126703.671428571,2025-10-29,11640028556.97,6362570965.58,182.95,Normal
2025-10-29,CAD,Investment Banking,-245574.63,6,20570.7557142857,2025-10-29,11640028556.97,6362570965.58,182.95,Normal
2025-10-29,INR,Markets,66603.7,20,-299188.948571429,2025-10-29,11640028556.97,6362570965.58,182.95,Normal
2025-10-29,GBP,Retail Banking,-17397.48,11,-14708.3657142857,2025-10-29,11640028556.97,6362570965.58,182.95,Normal
2025-10-29,AUD,Investment Banking,97231.58,12,-17282.1071428571,2025-10-29,11640028556.97,6362570965.58,182.95,Normal
2025-10-29,AUD,Retail Banking,-159902.59,13,11443.4157142857,2025-10-29,11640028556.97,6362570965.58,182.95,Normal
2025-10-29,EUR,Retail Banking,-96968.97,11,-9520.01714285714,2025-10-29,11640028556.97,6362570965.58,182.95,Normal
2025-10-29,cad,Retail Banking,-19085.4,1,-4408.97571428571,2025-10-29,11640028556.97,6362570965.58,182.95,Normal
2025-10-29,CAD,Retail Banking,-7533.51000000003,14,57927.9642857143,2025-10-29,11640028556.97,6362570965.58,182.95,Normal
2025-10-29,INR,Retail Banking,-186911.13,8,-93000.7828571429,2025-10-29,11640028556.97,6362570965.58,182.95,Normal
2025-10-29,CHF,Corporate Banking,155553.13,10,-55752.4357142857,2025-10-29,11640028556.97,6362570965.58,182.95,Normal
2025-10-29,GBP,Markets,2466740.45,16,914722.59,2025-10-29,11640028556.97,6362570965.58,182.95,Normal
2025-10-29,USD,Corporate Banking,9608.23,11,-88164.1742857143,2025-10-29,11640028556.97,6362570965.58,182.95,Normal
2025-10-29,EUR,Investment Banking,-160762.18,9,28081.0414285714,2025-10-29,11640028556.97,6362570965.58,182.95,Normal
2025-10-29,USD,Markets,-1118757.42,10,-320092.148571429,2025-10-29,11640028556.97,6362570965.58,182.95,Normal
2025-10-29,cad,Treasury,185547.31,1,74291.3885714286,2025-10-29,11640028556.97,6362570965.58,182.95,Normal
2025-10-29,INR,Treasury,-199662.02,10,-485165.322857143,2025-10-29,11640028556.97,6362570965.58,182.95,Normal
2025-10-29,USD,Retail Banking,-143210.17,11,8176.66857142858,2025-10-29,11640028556.97,6362570965.58,182.95,Normal
2025-10-29,gbp,Corporate Banking,-51038.84,1,-7291.26285714286,2025-10-29,11640028556.97,6362570965.58,182.95,Normal
2025-10-29,CHF,Treasury,-3474294.9,11,12773.8742857142,2025-10-29,11640028556.97,6362570965.58,182.95,Normal
2025-10-29,CAD,Corporate Banking,-54118.67,10,-67693.6685714286,2025-10-29,11640028556.97,6362570965.58,182.95,Normal
2025-10-29,JPY,Retail Banking,-31627.42,6,-35799.0042857143,2025-10-29,11640028556.97,6362570965.58,182.95,Normal
2025-10-29,JPY,Investment Banking,115587.75,12,-34068.5671428571,2025-10-29,11640028556.97,6362570965.58,182.95,Normal
2025-10-29,AUD,Markets,-331924.5,12,-448446.545714286,2025-10-29,11640028556.97,6362570965.58,182.95,Normal
2025-10-29,EUR,Corporate Banking,51540.5,15,-6419.96428571429,2025-10-29,11640028556.97,6362570965.58,182.95,Normal
2025-10-29,USD,Treasury,260824.54,16,-648505.85,2025-10-29,11640028556.97,6362570965.58,182.95,Normal
2025-10-29,CHF,Retail Banking,-139368.55,12,14724.1342857143,2025-10-29,11640028556.97,6362570965.58,182.95,Normal
2025-10-29,usd,Corporate Banking,714.530000000001,2,4365.84285714286,2025-10-29,11640028556.97,6362570965.58,182.95,Normal
2025-10-29,CAD,Markets,3737.46000000008,19,-409046.728571429,2025-10-29,11640028556.97,6362570965.58,182.95,Normal
2025-10-29,CAD,Treasury,1846085.34,15,340437.06,2025-10-29,11640028556.97,6362570965.58,182.95,Normal
2025-10-29,USD,Investment Banking,-86315.93,6,-104155.395714286,2025-10-29,11640028556.97,6362570965.58,182.95,Normal
2025-10-29,INR,Investment Banking,19471.77,12,2322.66,2025-10-29,11640028556.97,6362570965.58,182.95,Normal
2025-10-29,GBP,Treasury,3214306.12,22,53853.8357142857,2025-10-29,11640028556.97,6362570965.58,182.95,Normal
2025-10-29,EUR,Treasury,130046.83,14,-47037.0557142857,2025-10-29,11640028556.97,6362570965.58,182.95,Normal
2025-10-29,JPY,Markets,-1213942.59,17,303344.192857143,2025-10-29,11640028556.97,6362570965.58,182.95,Normal
2025-10-29,CHF,Markets,769411.77,18,66324.2,2025-10-29,11640028556.97,6362570965.58,182.95,Normal
2025-10-29,chf,Investment Banking,-19776.13,1,-2825.16142857143,2025-10-29,11640028556.97,6362570965.58,182.95,Normal
2025-10-29,EUR,Markets,-1071961.18,18,-470722.442857143,2025-10-29,11640028556.97,6362570965.58,182.95,Normal
2025-10-29,cad,Corporate Banking,119446.99,1,13205.1385714286,2025-10-29,11640028556.97,6362570965.58,182.95,Normal
2025-10-29,AUD,Corporate Banking,463144.05,9,-3483.6357142857,2025-10-29,11640028556.97,6362570965.58,182.95,Normal
2025-10-29,AUD,Treasury,-3058624.65,13,-880183.724285714,2025-10-29,11640028556.97,6362570965.58,182.95,Normal
2025-10-29,JPY,Corporate Banking,25866.46,9,78317.3571428571,2025-10-29,11640028556.97,6362570965.58,182.95,Normal
2025-10-29,CHF,Investment Banking,105710.63,9,-10115.3471428571,2025-10-29,11640028556.97,6362570965.58,182.95,Normal
2026-02-17,INR,Corporate Banking,-116292.1,10,-180023.038571429,2026-02-17,10878016029.12,7181807216.33,151.47,Normal
2026-02-17,GBP,Investment Banking,-50994.18,6,41352.6285714286,2026-02-17,10878016029.12,7181807216.33,151.47,Normal
2026-02-17,inr,Markets,-179321.15,1,-215405.142857143,2026-02-17,10878016029.12,7181807216.33,151.47,Normal
2026-02-17,JPY,Treasury,1953470.34,27,-800737.9,2026-02-17,10878016029.12,7181807216.33,151.47,Normal
2026-02-17,GBP,Corporate Banking,224758.71,7,-37744.5928571429,2026-02-17,10878016029.12,7181807216.33,151.47,Normal
2026-02-17,CAD,Investment Banking,99344.26,11,-142913.428571429,2026-02-17,10878016029.12,7181807216.33,151.47,Normal
2026-02-17,INR,Markets,1859136.38,19,-1541436.7,2026-02-17,10878016029.12,7181807216.33,151.47,Normal
2026-02-17,GBP,Retail Banking,-67805.52,7,-155099.985714286,2026-02-17,10878016029.12,7181807216.33,151.47,Normal
2026-02-17,AUD,Investment Banking,137695.28,8,-130466.384285714,2026-02-17,10878016029.12,7181807216.33,151.47,Normal
2026-02-17,AUD,Retail Banking,216557.68,9,11309.2257142857,2026-02-17,10878016029.12,7181807216.33,151.47,Normal
2026-02-17,EUR,Retail Banking,-142623.97,11,-93738.7242857143,2026-02-17,10878016029.12,7181807216.33,151.47,Normal
2026-02-17,CAD,Retail Banking,-87856.17,8,-142354.462857143,2026-02-17,10878016029.12,7181807216.33,151.47,Normal
2026-02-17,INR,Retail Banking,-157704.69,14,-317958.325714286,2026-02-17,10878016029.12,7181807216.33,151.47,Normal
2026-02-17,CHF,Corporate Banking,-184713.26,9,-111356.364285714,2026-02-17,10878016029.12,7181807216.33,151.47,Normal
2026-02-17,GBP,Markets,6217938.21,13,-1005720.44428571,2026-02-17,10878016029.12,7181807216.33,151.47,Normal
2026-02-17,usd,Treasury,144933.28,1,183470.721428571,2026-02-17,10878016029.12,7181807216.33,151.47,Normal
2026-02-17,USD,Corporate Banking,33676.09,7,9395.77000000001,2026-02-17,10878016029.12,7181807216.33,151.47,Normal
2026-02-17,EUR,Investment Banking,-78949.44,6,-38833.9742857143,2026-02-17,10878016029.12,7181807216.33,151.47,Normal
2026-02-17,USD,Markets,1474310.54,9,-276543.234285714,2026-02-17,10878016029.12,7181807216.33,151.47,Normal
2026-02-17,cad,Investment Banking,8176.2,1,36129.7771428571,2026-02-17,10878016029.12,7181807216.33,151.47,Normal
2026-02-17,INR,Treasury,938485.21,20,-852434.708571429,2026-02-17,10878016029.12,7181807216.33,151.47,Normal
2026-02-17,USD,Retail Banking,76066.91,10,-198683.802857143,2026-02-17,10878016029.12,7181807216.33,151.47,Normal
2026-02-17,chf,Treasury,67301.37,1,-134655.001428571,2026-02-17,10878016029.12,7181807216.33,151.47,Normal
2026-02-17,CHF,Treasury,-2049871.94,11,-861080.762857143,2026-02-17,10878016029.12,7181807216.33,151.47,Normal
2026-02-17,CAD,Corporate Banking,17664.68,6,-73726.7714285714,2026-02-17,10878016029.12,7181807216.33,151.47,Normal
2026-02-17,JPY,Retail Banking,-238119.2,11,-69399.4814285715,2026-02-17,10878016029.12,7181807216.33,151.47,Normal
2026-02-17,JPY,Investment Banking,99107.84,12,-65002.5042857143,2026-02-17,10878016029.12,7181807216.33,151.47,Normal
2026-02-17,AUD,Markets,-1664766.01,7,1077960.74285714,2026-02-17,10878016029.12,7181807216.33,151.47,Normal
2026-02-17,EUR,Corporate Banking,255348.51,13,-141245.602857143,2026-02-17,10878016029.12,7181807216.33,151.47,Normal
2026-02-17,USD,Treasury,-1225252.24,18,-630287.588571428,2026-02-17,10878016029.12,7181807216.33,151.47,Normal
2026-02-17,CHF,Retail Banking,124434.3,9,-47416.0514285714,2026-02-17,10878016029.12,7181807216.33,151.47,Normal
2026-02-17,usd,Corporate Banking,9370.47,2,-4347.34571428571,2026-02-17,10878016029.12,7181807216.33,151.47,Normal
2026-02-17,CAD,Markets,343566.02,19,-643263.402857143,2026-02-17,10878016029.12,7181807216.33,151.47,Normal
2026-02-17,chf,Corporate Banking,17947.65,1,35557.4457142857,2026-02-17,10878016029.12,7181807216.33,151.47,Normal
2026-02-17,CAD,Treasury,1757131.61,20,-571649.465714286,2026-02-17,10878016029.12,7181807216.33,151.47,Normal
2026-02-17,USD,Investment Banking,215883.31,7,80273.8785714286,2026-02-17,10878016029.12,7181807216.33,151.47,Normal
2026-02-17,aud,Investment Banking,20201.07,1,21328.85,2026-02-17,10878016029.12,7181807216.33,151.47,Normal
2026-02-17,INR,Investment Banking,67287.16,9,-206457.604285714,2026-02-17,10878016029.12,7181807216.33,151.47,Normal
2026-02-17,GBP,Treasury,-923817.01,17,-571199.811428571,2026-02-17,10878016029.12,7181807216.33,151.47,Normal
2026-02-17,EUR,Treasury,1330786.94,11,-77939.6857142857,2026-02-17,10878016029.12,7181807216.33,151.47,Normal
2026-02-17,jpy,Corporate Banking,56758.33,1,-27503.1214285714,2026-02-17,10878016029.12,7181807216.33,151.47,Normal
2026-02-17,JPY,Markets,1548445.08,23,-240348.491428571,2026-02-17,10878016029.12,7181807216.33,151.47,Normal
2026-02-17,CHF,Markets,-3849447.51,18,-902892.677142857,2026-02-17,10878016029.12,7181807216.33,151.47,Normal
2026-02-17,eur,Corporate Banking,17640.98,1,-10681.5585714286,2026-02-17,10878016029.12,7181807216.33,151.47,Normal
2026-02-17,usd,Retail Banking,171067.26,1,18129.5728571429,2026-02-17,10878016029.12,7181807216.33,151.47,Normal
2026-02-17,EUR,Markets,-326209.56,19,-1205687.28571429,2026-02-17,10878016029.12,7181807216.33,151.47,Normal
2026-02-17,AUD,Corporate Banking,-64567.27,17,-42567.7414285714,2026-02-17,10878016029.12,7181807216.33,151.47,Normal
2026-02-17,AUD,Treasury,-2334986.64,21,-181834.908571429,2026-02-17,10878016029.12,7181807216.33,151.47,Normal
2026-02-17,JPY,Corporate Banking,114852.31,11,30441.1571428571,2026-02-17,10878016029.12,7181807216.33,151.47,Normal
2026-02-17,CHF,Investment Banking,-183716.09,12,-66292.4814285714,2026-02-17,10878016029.12,7181807216.33,151.47,Normal
2025-11-28,INR,Corporate Banking,-7287.71999999999,13,40289.6957142857,2025-11-28,10654590336.33,7422933996.2,143.54,Normal
2025-11-28,GBP,Investment Banking,113443.54,13,-2927.99999999999,2025-11-28,10654590336.33,7422933996.2,143.54,Normal
2025-11-28,JPY,Treasury,2264257.52,16,-170086.378571429,2025-11-28,10654590336.33,7422933996.2,143.54,Normal
2025-11-28,GBP,Corporate Banking,-81124.89,5,-19139.4414285714,2025-11-28,10654590336.33,7422933996.2,143.54,Normal
2025-11-28,jpy,Treasury,-1197405.26,1,11405.8457142857,2025-11-28,10654590336.33,7422933996.2,143.54,Normal
2025-11-28,CAD,Investment Banking,-63676.39,16,66680.0714285714,2025-11-28,10654590336.33,7422933996.2,143.54,Normal
2025-11-28,INR,Markets,-939822.99,11,154710.852857143,2025-11-28,10654590336.33,7422933996.2,143.54,Normal
2025-11-28,GBP,Retail Banking,279897.93,11,17244.1042857143,2025-11-28,10654590336.33,7422933996.2,143.54,Normal
2025-11-28,AUD,Investment Banking,56747.47,11,-5185.73571428573,2025-11-28,10654590336.33,7422933996.2,143.54,Normal
2025-11-28,AUD,Retail Banking,131595.47,10,23394.4542857143,2025-11-28,10654590336.33,7422933996.2,143.54,Normal
2025-11-28,EUR,Retail Banking,94936.87,19,157878.038571429,2025-11-28,10654590336.33,7422933996.2,143.54,Normal
2025-11-28,CAD,Retail Banking,163592.63,8,3217.76714285717,2025-11-28,10654590336.33,7422933996.2,143.54,Normal
2025-11-28,INR,Retail Banking,-17258.48,12,-40278.1,2025-11-28,10654590336.33,7422933996.2,143.54,Normal
2025-11-28,CHF,Corporate Banking,102232.52,19,103274.025714286,2025-11-28,10654590336.33,7422933996.2,143.54,Normal
2025-11-28,GBP,Markets,140348.86,15,155035.211428571,2025-11-28,10654590336.33,7422933996.2,143.54,Normal
2025-11-28,USD,Corporate Banking,-157330.14,11,-44695.3228571428,2025-11-28,10654590336.33,7422933996.2,143.54,Normal
2025-11-28,EUR,Investment Banking,-108334.17,10,-46239.2171428571,2025-11-28,10654590336.33,7422933996.2,143.54,Normal
2025-11-28,USD,Markets,147512.13,15,-197079.277142857,2025-11-28,10654590336.33,7422933996.2,143.54,Normal
2025-11-28,cad,Treasury,-28996.49,2,206635.525714286,2025-11-28,10654590336.33,7422933996.2,143.54,Normal
2025-11-28,inr,Treasury,97074.35,1,65226.6714285714,2025-11-28,10654590336.33,7422933996.2,143.54,Normal
2025-11-28,INR,Treasury,1077427.37,18,647911.28,2025-11-28,10654590336.33,7422933996.2,143.54,Normal
2025-11-28,USD,Retail Banking,-160303.93,7,-102711.717142857,2025-11-28,10654590336.33,7422933996.2,143.54,Normal
2025-11-28,CHF,Treasury,3610444.55,15,651965.04,2025-11-28,10654590336.33,7422933996.2,143.54,Normal
2025-11-28,CAD,Corporate Banking,117387.12,7,59667.1014285714,2025-11-28,10654590336.33,7422933996.2,143.54,Normal
2025-11-28,JPY,Retail Banking,-183927.2,15,5254.67999999998,2025-11-28,10654590336.33,7422933996.2,143.54,Normal
2025-11-28,JPY,Investment Banking,-2433.63,6,-54208.7228571428,2025-11-28,10654590336.33,7422933996.2,143.54,Normal
2025-11-28,AUD,Markets,1584084.39,24,-309495.85,2025-11-28,10654590336.33,7422933996.2,143.54,Normal
2025-11-28,EUR,Corporate Banking,-147884.81,14,28708.1942857143,2025-11-28,10654590336.33,7422933996.2,143.54,Normal
2025-11-28,gbp,Investment Banking,9231.61,1,-14643.6,2025-11-28,10654590336.33,7422933996.2,143.54,Normal
2025-11-28,USD,Treasury,-1300262.22,9,457584.574285714,2025-11-28,10654590336.33,7422933996.2,143.54,Normal
2025-11-28,CHF,Retail Banking,73997.79,16,-20427.8928571429,2025-11-28,10654590336.33,7422933996.2,143.54,Normal
2025-11-28,usd,Corporate Banking,-17444.82,1,-1054.1,2025-11-28,10654590336.33,7422933996.2,143.54,Normal
2025-11-28,eur,Investment Banking,-7334.25,1,-8038.62857142857,2025-11-28,10654590336.33,7422933996.2,143.54,Normal
2025-11-28,CAD,Markets,-2743673.38,18,-471583.587142857,2025-11-28,10654590336.33,7422933996.2,143.54,Normal
2025-11-28,chf,Retail Banking,-77410.52,1,-8335.20571428572,2025-11-28,10654590336.33,7422933996.2,143.54,Normal
2025-11-28,CAD,Treasury,-608290.5,10,-462489.382857143,2025-11-28,10654590336.33,7422933996.2,143.54,Normal
2025-11-28,USD,Investment Banking,-36281.15,10,-70723.6042857143,2025-11-28,10654590336.33,7422933996.2,143.54,Normal
2025-11-28,INR,Investment Banking,-87730.46,7,82825.9257142857,2025-11-28,10654590336.33,7422933996.2,143.54,Normal
2025-11-28,GBP,Treasury,3484261.99,18,626616.34,2025-11-28,10654590336.33,7422933996.2,143.54,Normal
2025-11-28,EUR,Treasury,1657331.63,11,315286.331428571,2025-11-28,10654590336.33,7422933996.2,143.54,Normal
2025-11-28,jpy,Corporate Banking,-56556.83,1,2762.79999999999,2025-11-28,10654590336.33,7422933996.2,143.54,Normal
2025-11-28,aud,Treasury,-155456.46,1,179755.07,2025-11-28,10654590336.33,7422933996.2,143.54,Normal
2025-11-28,JPY,Markets,4201102.13,19,722354.065714286,2025-11-28,10654590336.33,7422933996.2,143.54,Normal
2025-11-28,CHF,Markets,-3240509.7,19,-50085.2428571429,2025-11-28,10654590336.33,7422933996.2,143.54,Normal
2025-11-28,usd,Retail Banking,-1766.12,1,-16644.5071428571,2025-11-28,10654590336.33,7422933996.2,143.54,Normal
2025-11-28,EUR,Markets,1526778.03,12,-1024246.92857143,2025-11-28,10654590336.33,7422933996.2,143.54,Normal
2025-11-28,AUD,Corporate Banking,-120717,5,-44773.6442857143,2025-11-28,10654590336.33,7422933996.2,143.54,Normal
2025-11-28,AUD,Treasury,1179404.43,19,438617.915714286,2025-11-28,10654590336.33,7422933996.2,143.54,Normal
2025-11-28,JPY,Corporate Banking,64962.09,13,-187615.868571429,2025-11-28,10654590336.33,7422933996.2,143.54,Normal
2025-11-28,CHF,Investment Banking,579701.72,10,78865.4885714286,2025-11-28,10654590336.33,7422933996.2,143.54,Normal
2025-12-06,jpy,Investment Banking,-37525.77,1,-12945.2785714286,2025-12-06,9107671059.54,6586913193.2,138.27,Normal
2025-12-06,INR,Corporate Banking,371790.23,10,112034.741428571,2025-12-06,9107671059.54,6586913193.2,138.27,Normal
2025-12-06,GBP,Investment Banking,-14547.79,8,-5370.04571428571,2025-12-06,9107671059.54,6586913193.2,138.27,Normal
2025-12-06,JPY,Treasury,-445661.31,17,-462489.127142857,2025-12-06,9107671059.54,6586913193.2,138.27,Normal
2025-12-06,GBP,Corporate Banking,-100513.76,15,-62248.7985714286,2025-12-06,9107671059.54,6586913193.2,138.27,Normal
2025-12-06,aud,Corporate Banking,91239.9,1,15894.7157142857,2025-12-06,9107671059.54,6586913193.2,138.27,Normal
2025-12-06,CAD,Investment Banking,-210981.41,8,-96901.5657142857,2025-12-06,9107671059.54,6586913193.2,138.27,Normal
2025-12-06,INR,Markets,646318.63,17,486863.922857143,2025-12-06,9107671059.54,6586913193.2,138.27,Normal
2025-12-06,GBP,Retail Banking,-370245.32,12,-34748.01,2025-12-06,9107671059.54,6586913193.2,138.27,Normal
2025-12-06,AUD,Investment Banking,90162.58,12,7214.63285714286,2025-12-06,9107671059.54,6586913193.2,138.27,Normal
2025-12-06,AUD,Retail Banking,-221013.39,10,-68028.2657142857,2025-12-06,9107671059.54,6586913193.2,138.27,Normal
2025-12-06,EUR,Retail Banking,-28751.64,15,-41444.2314285714,2025-12-06,9107671059.54,6586913193.2,138.27,Normal
2025-12-06,CAD,Retail Banking,109586.28,7,-6745.38714285715,2025-12-06,9107671059.54,6586913193.2,138.27,Normal
2025-12-06,INR,Retail Banking,-75231.42,10,30406.8242857143,2025-12-06,9107671059.54,6586913193.2,138.27,Normal
2025-12-06,CHF,Corporate Banking,-138269.13,10,-78618.9871428571,2025-12-06,9107671059.54,6586913193.2,138.27,Normal
2025-12-06,GBP,Markets,6078511.53,22,1114218.95142857,2025-12-06,9107671059.54,6586913193.2,138.27,Normal
2025-12-06,USD,Corporate Banking,57770.6,8,-70990.1542857143,2025-12-06,9107671059.54,6586913193.2,138.27,Normal
2025-12-06,EUR,Investment Banking,251426.09,13,-54157.32,2025-12-06,9107671059.54,6586913193.2,138.27,Normal
2025-12-06,USD,Markets,-2886547.1,15,-653984.605714286,2025-12-06,9107671059.54,6586913193.2,138.27,Normal
2025-12-06,cad,Treasury,419003.03,1,320955.732857143,2025-12-06,9107671059.54,6586913193.2,138.27,Normal
2025-12-06,INR,Treasury,2817937.69,14,-189527.092857143,2025-12-06,9107671059.54,6586913193.2,138.27,Normal
2025-12-06,USD,Retail Banking,211531.79,13,86131.4671428571,2025-12-06,9107671059.54,6586913193.2,138.27,Normal
2025-12-06,chf,Treasury,66430.92,2,164316.252857143,2025-12-06,9107671059.54,6586913193.2,138.27,Normal
2025-12-06,CHF,Treasury,-434772.67,14,-388576.124285714,2025-12-06,9107671059.54,6586913193.2,138.27,Normal
2025-12-06,CAD,Corporate Banking,-417442.84,16,-97977.83,2025-12-06,9107671059.54,6586913193.2,138.27,Normal
2025-12-06,JPY,Retail Banking,94588.47,11,42263.79,2025-12-06,9107671059.54,6586913193.2,138.27,Normal
2025-12-06,JPY,Investment Banking,19200.33,7,17626.0828571429,2025-12-06,9107671059.54,6586913193.2,138.27,Normal
2025-12-06,AUD,Markets,-1126960.42,20,-488148.857142857,2025-12-06,9107671059.54,6586913193.2,138.27,Normal
2025-12-06,EUR,Corporate Banking,248134.16,12,81037.6028571428,2025-12-06,9107671059.54,6586913193.2,138.27,Normal
2025-12-06,USD,Treasury,20485.9999999999,18,-31042.4385714285,2025-12-06,9107671059.54,6586913193.2,138.27,Normal
2025-12-06,CHF,Retail Banking,-44402.51,6,-59998.9328571429,2025-12-06,9107671059.54,6586913193.2,138.27,Normal
2025-12-06,CAD,Markets,-926030.23,12,-1500551.18571429,2025-12-06,9107671059.54,6586913193.2,138.27,Normal
2025-12-06,chf,Retail Banking,9210.77,1,-2222.7,2025-12-06,9107671059.54,6586913193.2,138.27,Normal
2025-12-06,CAD,Treasury,789816.36,13,533654.884285714,2025-12-06,9107671059.54,6586913193.2,138.27,Normal
2025-12-06,USD,Investment Banking,294047.94,14,133261.825714286,2025-12-06,9107671059.54,6586913193.2,138.27,Normal
2025-12-06,INR,Investment Banking,-3346.83000000002,17,39063.3385714286,2025-12-06,9107671059.54,6586913193.2,138.27,Normal
2025-12-06,GBP,Treasury,833166.68,15,-419389.238571429,2025-12-06,9107671059.54,6586913193.2,138.27,Normal
2025-12-06,EUR,Treasury,890179.15,13,-218716.165714286,2025-12-06,9107671059.54,6586913193.2,138.27,Normal
2025-12-06,JPY,Markets,-3884.84000000003,16,-222368.512857143,2025-12-06,9107671059.54,6586913193.2,138.27,Normal
2025-12-06,CHF,Markets,201008.92,13,380889.288571429,2025-12-06,9107671059.54,6586913193.2,138.27,Normal
2025-12-06,EUR,Markets,-742817.66,18,-458478.778571429,2025-12-06,9107671059.54,6586913193.2,138.27,Normal
2025-12-06,AUD,Corporate Banking,-57063.01,7,-91012.0685714286,2025-12-06,9107671059.54,6586913193.2,138.27,Normal
2025-12-06,AUD,Treasury,1001868.2,15,38704.4214285714,2025-12-06,9107671059.54,6586913193.2,138.27,Normal
2025-12-06,JPY,Corporate Banking,154596.22,10,57424.8228571428,2025-12-06,9107671059.54,6586913193.2,138.27,Normal
2025-12-06,CHF,Investment Banking,-74819.02,10,7130.73714285715,2025-12-06,9107671059.54,6586913193.2,138.27,Normal
2026-01-17,INR,Corporate Banking,-375260.9,10,-64418.9728571429,2026-01-17,8865366198.44,6179166032.79,143.47,Normal
2026-01-17,GBP,Investment Banking,215261.22,13,-146124.645714286,2026-01-17,8865366198.44,6179166032.79,143.47,Normal
2026-01-17,inr,Markets,197512.65,1,130306.094285714,2026-01-17,8865366198.44,6179166032.79,143.47,Normal
2026-01-17,JPY,Treasury,483737.54,8,-1284060.47,2026-01-17,8865366198.44,6179166032.79,143.47,Normal
2026-01-17,GBP,Corporate Banking,10679.22,9,-21351.5314285714,2026-01-17,8865366198.44,6179166032.79,143.47,Normal
2026-01-17,jpy,Treasury,-37434.34,1,-7794.32142857142,2026-01-17,8865366198.44,6179166032.79,143.47,Normal
2026-01-17,CAD,Investment Banking,75081.54,11,-30932.75,2026-01-17,8865366198.44,6179166032.79,143.47,Normal
2026-01-17,INR,Markets,2593392.13,19,185537.281428571,2026-01-17,8865366198.44,6179166032.79,143.47,Normal
2026-01-17,GBP,Retail Banking,-142832.05,10,25684.4328571429,2026-01-17,8865366198.44,6179166032.79,143.47,Normal
2026-01-17,AUD,Investment Banking,-41533.6,13,-3326.00142857143,2026-01-17,8865366198.44,6179166032.79,143.47,Normal
2026-01-17,AUD,Retail Banking,-42817.84,11,-54713.1585714286,2026-01-17,8865366198.44,6179166032.79,143.47,Normal
2026-01-17,EUR,Retail Banking,107850.02,15,118598.478571429,2026-01-17,8865366198.44,6179166032.79,143.47,Normal
2026-01-17,CAD,Retail Banking,-94662.11,13,-35144.5342857143,2026-01-17,8865366198.44,6179166032.79,143.47,Normal
2026-01-17,INR,Retail Banking,-24062.3,7,-57214.0728571428,2026-01-17,8865366198.44,6179166032.79,143.47,Normal
2026-01-17,CHF,Corporate Banking,-365435.06,10,-28314.8957142857,2026-01-17,8865366198.44,6179166032.79,143.47,Normal
2026-01-17,GBP,Markets,-544681.84,12,-700424.89,2026-01-17,8865366198.44,6179166032.79,143.47,Normal
2026-01-17,USD,Corporate Banking,750.82000000001,15,19762.1057142857,2026-01-17,8865366198.44,6179166032.79,143.47,Normal
2026-01-17,EUR,Investment Banking,1728.66000000001,7,-16080.2571428571,2026-01-17,8865366198.44,6179166032.79,143.47,Normal
2026-01-17,aud,Retail Banking,-19656.78,1,1845.61142857143,2026-01-17,8865366198.44,6179166032.79,143.47,Normal
2026-01-17,USD,Markets,3066468.53,18,-553420.604285714,2026-01-17,8865366198.44,6179166032.79,143.47,Normal
2026-01-17,cad,Treasury,87616.43,1,-17863.6357142857,2026-01-17,8865366198.44,6179166032.79,143.47,Normal
2026-01-17,INR,Treasury,254569.08,12,-1013110.69285714,2026-01-17,8865366198.44,6179166032.79,143.47,Normal
2026-01-17,USD,Retail Banking,-177522.15,12,-108296.992857143,2026-01-17,8865366198.44,6179166032.79,143.47,Normal
2026-01-17,chf,Treasury,-123564.39,1,-132491.622857143,2026-01-17,8865366198.44,6179166032.79,143.47,Normal
2026-01-17,CHF,Treasury,171316.14,17,244575.741428571,2026-01-17,8865366198.44,6179166032.79,143.47,Normal
2026-01-17,CAD,Corporate Banking,-247183.83,13,-63627.5828571429,2026-01-17,8865366198.44,6179166032.79,143.47,Normal
2026-01-17,JPY,Retail Banking,-129923.32,10,139250.948571429,2026-01-17,8865366198.44,6179166032.79,143.47,Normal
2026-01-17,JPY,Investment Banking,23372.12,6,-99252.1071428571,2026-01-17,8865366198.44,6179166032.79,143.47,Normal
2026-01-17,AUD,Markets,1769387.58,10,-207674.151428571,2026-01-17,8865366198.44,6179166032.79,143.47,Normal
2026-01-17,EUR,Corporate Banking,37145.87,7,-23747.7514285714,2026-01-17,8865366198.44,6179166032.79,143.47,Normal
2026-01-17,gbp,Investment Banking,-29412.31,1,1929.58285714286,2026-01-17,8865366198.44,6179166032.79,143.47,Normal
2026-01-17,USD,Treasury,-1365102.22,14,-191135.275714286,2026-01-17,8865366198.44,6179166032.79,143.47,Normal
2026-01-17,CHF,Retail Banking,95214.19,9,22819.8285714286,2026-01-17,8865366198.44,6179166032.79,143.47,Normal
2026-01-17,eur,Investment Banking,105750.35,1,5333.62142857143,2026-01-17,8865366198.44,6179166032.79,143.47,Normal
2026-01-17,CAD,Markets,424927.35,13,521067.974285714,2026-01-17,8865366198.44,6179166032.79,143.47,Normal
2026-01-17,CAD,Treasury,-2362163.45,18,81553.2142857142,2026-01-17,8865366198.44,6179166032.79,143.47,Normal
2026-01-17,USD,Investment Banking,-24877.55,8,-52186.5571428571,2026-01-17,8865366198.44,6179166032.79,143.47,Normal
2026-01-17,INR,Investment Banking,-103894.26,7,-154206.637142857,2026-01-17,8865366198.44,6179166032.79,143.47,Normal
2026-01-17,GBP,Treasury,312773.18,13,-1151701.16857143,2026-01-17,8865366198.44,6179166032.79,143.47,Normal
2026-01-17,EUR,Treasury,-586163.6,11,-15852.0542857143,2026-01-17,8865366198.44,6179166032.79,143.47,Normal
2026-01-17,jpy,Corporate Banking,-91457.64,1,-44313.9271428571,2026-01-17,8865366198.44,6179166032.79,143.47,Normal
2026-01-17,JPY,Markets,1962708.63,11,-155023.791428571,2026-01-17,8865366198.44,6179166032.79,143.47,Normal
2026-01-17,CHF,Markets,-4129344.97,16,-576540.41,2026-01-17,8865366198.44,6179166032.79,143.47,Normal
2026-01-17,EUR,Markets,1090249.42,18,776537.895714286,2026-01-17,8865366198.44,6179166032.79,143.47,Normal
2026-01-17,AUD,Corporate Banking,-23313.22,4,8514.00857142857,2026-01-17,8865366198.44,6179166032.79,143.47,Normal
2026-01-17,AUD,Treasury,1387859.47,15,1472795.84,2026-01-17,8865366198.44,6179166032.79,143.47,Normal
2026-01-17,JPY,Corporate Banking,286960.56,11,45300.0014285714,2026-01-17,8865366198.44,6179166032.79,143.47,Normal
2026-01-17,eur,Retail Banking,-16069.6,1,-20455.3085714286,2026-01-17,8865366198.44,6179166032.79,143.47,Normal
2026-01-17,CHF,Investment Banking,37297.37,7,60160.9428571429,2026-01-17,8865366198.44,6179166032.79,143.47,Normal
2026-02-22,INR,Corporate Banking,-17324.05,12,-168756.16,2026-02-22,9318009592,7320612250.08,127.28,Normal
2026-02-22,GBP,Investment Banking,-20265.76,15,-60368.1271428571,2026-02-22,9318009592,7320612250.08,127.28,Normal
2026-02-22,JPY,Treasury,388534.09,18,426802.981428571,2026-02-22,9318009592,7320612250.08,127.28,Normal
2026-02-22,GBP,Corporate Banking,205807.44,14,70698.6714285714,2026-02-22,9318009592,7320612250.08,127.28,Normal
2026-02-22,gbp,Markets,-229621.1,1,-160758.341428571,2026-02-22,9318009592,7320612250.08,127.28,Normal
2026-02-22,CAD,Investment Banking,283050.22,13,176229.461428571,2026-02-22,9318009592,7320612250.08,127.28,Normal
2026-02-22,INR,Markets,-83216.23,12,80.1600000000659,2026-02-22,9318009592,7320612250.08,127.28,Normal
2026-02-22,GBP,Retail Banking,39360.85,6,34615.1657142857,2026-02-22,9318009592,7320612250.08,127.28,Normal
2026-02-22,AUD,Investment Banking,38899.68,11,121613.967142857,2026-02-22,9318009592,7320612250.08,127.28,Normal
2026-02-22,AUD,Retail Banking,-114238.85,5,-65181.1771428571,2026-02-22,9318009592,7320612250.08,127.28,Normal
2026-02-22,cad,Markets,135855.43,1,89176.1528571428,2026-02-22,9318009592,7320612250.08,127.28,Normal
2026-02-22,EUR,Retail Banking,64166.94,9,-83743.1385714286,2026-02-22,9318009592,7320612250.08,127.28,Normal
2026-02-22,CAD,Retail Banking,-217125.03,11,-112179.794285714,2026-02-22,9318009592,7320612250.08,127.28,Normal
2026-02-22,INR,Retail Banking,102716.29,7,27372.2328571428,2026-02-22,9318009592,7320612250.08,127.28,Normal
2026-02-22,CHF,Corporate Banking,-57886.41,14,-25037.0128571428,2026-02-22,9318009592,7320612250.08,127.28,Normal
2026-02-22,GBP,Markets,386498.38,16,1158216.07,2026-02-22,9318009592,7320612250.08,127.28,Normal
2026-02-22,USD,Corporate Banking,92492.42,8,-27074.15,2026-02-22,9318009592,7320612250.08,127.28,Normal
2026-02-22,EUR,Investment Banking,-472796.06,12,-70317.7871428571,2026-02-22,9318009592,7320612250.08,127.28,Normal
2026-02-22,USD,Markets,712606.8,21,1179543.77,2026-02-22,9318009592,7320612250.08,127.28,Normal
2026-02-22,inr,Treasury,-356890.78,1,-106296.007142857,2026-02-22,9318009592,7320612250.08,127.28,Normal
2026-02-22,INR,Treasury,-941931.09,20,514602.987142857,2026-02-22,9318009592,7320612250.08,127.28,Normal
2026-02-22,USD,Retail Banking,-20052.37,18,2106.31714285714,2026-02-22,9318009592,7320612250.08,127.28,Normal
2026-02-22,chf,Treasury,5342.52,2,62166.7514285714,2026-02-22,9318009592,7320612250.08,127.28,Normal
2026-02-22,CHF,Treasury,45035.22,13,181622.794285714,2026-02-22,9318009592,7320612250.08,127.28,Normal
2026-02-22,CAD,Corporate Banking,68074.13,6,-26008.8,2026-02-22,9318009592,7320612250.08,127.28,Normal
2026-02-22,JPY,Retail Banking,-111888.31,9,-68540.0714285714,2026-02-22,9318009592,7320612250.08,127.28,Normal
2026-02-22,JPY,Investment Banking,11382.35,11,-92352.0842857143,2026-02-22,9318009592,7320612250.08,127.28,Normal
2026-02-22,AUD,Markets,-437516.32,18,-38043.6771428573,2026-02-22,9318009592,7320612250.08,127.28,Normal
2026-02-22,EUR,Corporate Banking,200989.55,9,-13666.5671428571,2026-02-22,9318009592,7320612250.08,127.28,Normal
2026-02-22,gbp,Investment Banking,17862.73,1,-24819.4757142857,2026-02-22,9318009592,7320612250.08,127.28,Normal
2026-02-22,USD,Treasury,2646531.05,12,-451468.275714286,2026-02-22,9318009592,7320612250.08,127.28,Normal
2026-02-22,eur,Markets,77614.53,1,-55970.7842857143,2026-02-22,9318009592,7320612250.08,127.28,Normal
2026-02-22,CHF,Retail Banking,-424757.85,13,-34501.2471428571,2026-02-22,9318009592,7320612250.08,127.28,Normal
2026-02-22,CAD,Markets,-2541848.08,19,189858.311428571,2026-02-22,9318009592,7320612250.08,127.28,Normal
2026-02-22,chf,Corporate Banking,-49696.51,1,9721.63571428571,2026-02-22,9318009592,7320612250.08,127.28,Normal
2026-02-22,CAD,Treasury,807866.17,20,677056.071428571,2026-02-22,9318009592,7320612250.08,127.28,Normal
2026-02-22,USD,Investment Banking,42120.06,8,93460.8114285714,2026-02-22,9318009592,7320612250.08,127.28,Normal
2026-02-22,INR,Investment Banking,193499.76,9,-61997.43,2026-02-22,9318009592,7320612250.08,127.28,Normal
2026-02-22,GBP,Treasury,-1348872.13,22,-1087484.99428571,2026-02-22,9318009592,7320612250.08,127.28,Normal
2026-02-22,EUR,Treasury,350869.26,11,627737.13,2026-02-22,9318009592,7320612250.08,127.28,Normal
2026-02-22,JPY,Markets,238937.45,14,240896.272857143,2026-02-22,9318009592,7320612250.08,127.28,Normal
2026-02-22,CHF,Markets,-560077.85,15,-1706384.79142857,2026-02-22,9318009592,7320612250.08,127.28,Normal
2026-02-22,EUR,Markets,2353203.18,11,-81055.5928571429,2026-02-22,9318009592,7320612250.08,127.28,Normal
2026-02-22,AUD,Corporate Banking,7960.03,14,-60839.2385714286,2026-02-22,9318009592,7320612250.08,127.28,Normal
2026-02-22,AUD,Treasury,-764679.51,15,-66625.5900000001,2026-02-22,9318009592,7320612250.08,127.28,Normal
2026-02-22,JPY,Corporate Banking,180863.51,8,19715.9057142857,2026-02-22,9318009592,7320612250.08,127.28,Normal
2026-02-22,CHF,Investment Banking,69793.34,9,-9088.84285714286,2026-02-22,9318009592,7320612250.08,127.28,Normal
2026-02-22,inr,Retail Banking,8517.24,1,-4836.88142857143,2026-02-22,9318009592,7320612250.08,127.28,Normal
2026-01-22,INR,Corporate Banking,269389.88,7,-38793.8871428571,2026-01-22,10062061075.05,6747456792.09,149.12,Normal
2026-01-22,GBP,Investment Banking,-86273.35,9,-20501.4428571429,2026-01-22,10062061075.05,6747456792.09,149.12,Normal
2026-01-22,JPY,Treasury,231536.8,17,190502.888571429,2026-01-22,10062061075.05,6747456792.09,149.12,Normal
2026-01-22,GBP,Corporate Banking,-361853.31,15,-24907.0257142857,2026-01-22,10062061075.05,6747456792.09,149.12,Normal
2026-01-22,jpy,Retail Banking,-106971.08,1,-28181.0657142857,2026-01-22,10062061075.05,6747456792.09,149.12,Normal
2026-01-22,gbp,Markets,744358.45,1,59406.2042857143,2026-01-22,10062061075.05,6747456792.09,149.12,Normal
2026-01-22,CAD,Investment Banking,-84537.73,9,16095.6357142857,2026-01-22,10062061075.05,6747456792.09,149.12,Normal
2026-01-22,INR,Markets,-1444380.44,18,76343.8985714286,2026-01-22,10062061075.05,6747456792.09,149.12,Normal
2026-01-22,GBP,Retail Banking,83835.22,8,-41427.9314285714,2026-01-22,10062061075.05,6747456792.09,149.12,Normal
2026-01-22,AUD,Investment Banking,-74048.63,15,-27318.8228571429,2026-01-22,10062061075.05,6747456792.09,149.12,Normal
2026-01-22,AUD,Retail Banking,-21964.47,10,12569.3871428571,2026-01-22,10062061075.05,6747456792.09,149.12,Normal
2026-01-22,EUR,Retail Banking,171719.58,14,86574.9142857143,2026-01-22,10062061075.05,6747456792.09,149.12,Normal
2026-01-22,CAD,Retail Banking,-90971.31,4,-23185.9714285714,2026-01-22,10062061075.05,6747456792.09,149.12,Normal
2026-01-22,INR,Retail Banking,404377.03,9,68809.6314285714,2026-01-22,10062061075.05,6747456792.09,149.12,Normal
2026-01-22,CHF,Corporate Banking,-25192.73,10,-48398.7385714286,2026-01-22,10062061075.05,6747456792.09,149.12,Normal
2026-01-22,GBP,Markets,167443.44,16,481151.642857143,2026-01-22,10062061075.05,6747456792.09,149.12,Normal
2026-01-22,usd,Treasury,581121.27,1,-131604.848571429,2026-01-22,10062061075.05,6747456792.09,149.12,Normal
2026-01-22,USD,Corporate Banking,6171.74999999999,7,-65463.34,2026-01-22,10062061075.05,6747456792.09,149.12,Normal
2026-01-22,EUR,Investment Banking,88690.55,8,26553.44,2026-01-22,10062061075.05,6747456792.09,149.12,Normal
2026-01-22,USD,Markets,-1295124.66,9,1302780.44857143,2026-01-22,10062061075.05,6747456792.09,149.12,Normal
2026-01-22,cad,Treasury,63437.38,1,4267.46571428572,2026-01-22,10062061075.05,6747456792.09,149.12,Normal
2026-01-22,inr,Treasury,-15414.49,1,-85809.0585714286,2026-01-22,10062061075.05,6747456792.09,149.12,Normal
2026-01-22,INR,Treasury,-667248.03,28,-714545.11,2026-01-22,10062061075.05,6747456792.09,149.12,Normal
2026-01-22,USD,Retail Banking,-52325.48,6,-67348.6242857143,2026-01-22,10062061075.05,6747456792.09,149.12,Normal
2026-01-22,chf,Treasury,297797.01,2,100794.014285714,2026-01-22,10062061075.05,6747456792.09,149.12,Normal
2026-01-22,CHF,Treasury,-284126.2,11,-570401.684285715,2026-01-22,10062061075.05,6747456792.09,149.12,Normal
2026-01-22,CAD,Corporate Banking,-218578.97,17,-50154.6114285714,2026-01-22,10062061075.05,6747456792.09,149.12,Normal
2026-01-22,JPY,Retail Banking,-178705.31,12,-87175.1857142857,2026-01-22,10062061075.05,6747456792.09,149.12,Normal
2026-01-22,JPY,Investment Banking,116554.65,10,56617.22,2026-01-22,10062061075.05,6747456792.09,149.12,Normal
2026-01-22,AUD,Markets,384980.32,10,631919.571428571,2026-01-22,10062061075.05,6747456792.09,149.12,Normal
2026-01-22,EUR,Corporate Banking,-38884.67,10,57026.3057142857,2026-01-22,10062061075.05,6747456792.09,149.12,Normal
2026-01-22,USD,Treasury,1857056.24,15,-305257.997142857,2026-01-22,10062061075.05,6747456792.09,149.12,Normal
2026-01-22,eur,Markets,99404.41,1,-2435.55857142857,2026-01-22,10062061075.05,6747456792.09,149.12,Normal
2026-01-22,CHF,Retail Banking,115315.1,7,-29949.32,2026-01-22,10062061075.05,6747456792.09,149.12,Normal
2026-01-22,usd,Corporate Banking,24114.52,1,-13122.35,2026-01-22,10062061075.05,6747456792.09,149.12,Normal
2026-01-22,CAD,Markets,-1094793.08,17,625479.83,2026-01-22,10062061075.05,6747456792.09,149.12,Normal
2026-01-22,CAD,Treasury,1167443.61,12,86689.5328571428,2026-01-22,10062061075.05,6747456792.09,149.12,Normal
2026-01-22,USD,Investment Banking,57857.08,5,-8144.70142857142,2026-01-22,10062061075.05,6747456792.09,149.12,Normal
2026-01-22,INR,Investment Banking,223023.77,8,68926.3157142857,2026-01-22,10062061075.05,6747456792.09,149.12,Normal
2026-01-22,GBP,Treasury,-233284.53,12,-147247.031428571,2026-01-22,10062061075.05,6747456792.09,149.12,Normal
2026-01-22,EUR,Treasury,812348.65,15,322013.945714286,2026-01-22,10062061075.05,6747456792.09,149.12,Normal
2026-01-22,JPY,Markets,-3814695.67,17,-24741.6514285715,2026-01-22,10062061075.05,6747456792.09,149.12,Normal
2026-01-22,CHF,Markets,972312.84,24,-287596.371428571,2026-01-22,10062061075.05,6747456792.09,149.12,Normal
2026-01-22,eur,Corporate Banking,-12969.93,1,11661.7428571429,2026-01-22,10062061075.05,6747456792.09,149.12,Normal
2026-01-22,EUR,Markets,1195531.47,17,196781.162857143,2026-01-22,10062061075.05,6747456792.09,149.12,Normal
2026-01-22,aud,Markets,-268013.3,1,45392.4557142857,2026-01-22,10062061075.05,6747456792.09,149.12,Normal
2026-01-22,AUD,Corporate Banking,131797.98,11,-43931.5771428571,2026-01-22,10062061075.05,6747456792.09,149.12,Normal
2026-01-22,AUD,Treasury,-865246.66,18,126891.791428571,2026-01-22,10062061075.05,6747456792.09,149.12,Normal
2026-01-22,JPY,Corporate Banking,286606.57,11,13015.4657142857,2026-01-22,10062061075.05,6747456792.09,149.12,Normal
2026-01-22,CHF,Investment Banking,-89161.26,16,-5323.57428571427,2026-01-22,10062061075.05,6747456792.09,149.12,Normal
2025-11-17,INR,Corporate Banking,67852.22,7,-38381.8642857143,2025-11-17,9924271183.49,6694305450.71,148.25,Normal
2025-11-17,usd,Investment Banking,32831.25,1,3021.91428571429,2025-11-17,9924271183.49,6694305450.71,148.25,Normal
2025-11-17,GBP,Investment Banking,-252715.08,9,-40284.8657142857,2025-11-17,9924271183.49,6694305450.71,148.25,Normal
2025-11-17,JPY,Treasury,-307084.74,11,-633628.582857143,2025-11-17,9924271183.49,6694305450.71,148.25,Normal
2025-11-17,GBP,Corporate Banking,-5323.63,10,41992.5085714286,2025-11-17,9924271183.49,6694305450.71,148.25,Normal
2025-11-17,jpy,Retail Banking,44188.12,2,5418.30714285714,2025-11-17,9924271183.49,6694305450.71,148.25,Normal
2025-11-17,gbp,Treasury,-319151.57,1,-92056.0171428572,2025-11-17,9924271183.49,6694305450.71,148.25,Normal
2025-11-17,aud,Corporate Banking,108180.12,1,368.930000000001,2025-11-17,9924271183.49,6694305450.71,148.25,Normal
2025-11-17,CAD,Investment Banking,25315.26,6,-7330.53428571428,2025-11-17,9924271183.49,6694305450.71,148.25,Normal
2025-11-17,INR,Markets,526963.36,14,-230126.781428571,2025-11-17,9924271183.49,6694305450.71,148.25,Normal
2025-11-17,GBP,Retail Banking,6135.15000000001,6,9538.98142857142,2025-11-17,9924271183.49,6694305450.71,148.25,Normal
2025-11-17,AUD,Investment Banking,-63302.66,6,-85345.7928571429,2025-11-17,9924271183.49,6694305450.71,148.25,Normal
2025-11-17,AUD,Retail Banking,84818.26,10,72044.2057142857,2025-11-17,9924271183.49,6694305450.71,148.25,Normal
2025-11-17,cad,Markets,-306478.34,1,-157414.422857143,2025-11-17,9924271183.49,6694305450.71,148.25,Normal
2025-11-17,EUR,Retail Banking,-692023.87,12,-218039.84,2025-11-17,9924271183.49,6694305450.71,148.25,Normal
2025-11-17,CAD,Retail Banking,71537.09,12,43783.8257142857,2025-11-17,9924271183.49,6694305450.71,148.25,Normal
2025-11-17,INR,Retail Banking,410126.04,12,12644.3314285715,2025-11-17,9924271183.49,6694305450.71,148.25,Normal
2025-11-17,CHF,Corporate Banking,210893.7,14,-9533.65428571428,2025-11-17,9924271183.49,6694305450.71,148.25,Normal
2025-11-17,GBP,Markets,4087582.97,21,-851536.431428571,2025-11-17,9924271183.49,6694305450.71,148.25,Normal
2025-11-17,USD,Corporate Banking,-15584.85,12,-14195.3271428571,2025-11-17,9924271183.49,6694305450.71,148.25,Normal
2025-11-17,EUR,Investment Banking,-34018.7,14,49167.94,2025-11-17,9924271183.49,6694305450.71,148.25,Normal
2025-11-17,aud,Retail Banking,-226222.72,1,-992.417142857147,2025-11-17,9924271183.49,6694305450.71,148.25,Normal
2025-11-17,USD,Markets,886336.6,15,-77086.52,2025-11-17,9924271183.49,6694305450.71,148.25,Normal
2025-11-17,cad,Investment Banking,10223.59,1,20972.3457142857,2025-11-17,9924271183.49,6694305450.71,148.25,Normal
2025-11-17,INR,Treasury,-1023953.5,15,-86636.3428571427,2025-11-17,9924271183.49,6694305450.71,148.25,Normal
2025-11-17,USD,Retail Banking,-62432.37,11,-6872.40285714285,2025-11-17,9924271183.49,6694305450.71,148.25,Normal
2025-11-17,chf,Treasury,-108032.06,1,121044.207142857,2025-11-17,9924271183.49,6694305450.71,148.25,Normal
2025-11-17,CHF,Treasury,-1164489.35,16,-216038.012857143,2025-11-17,9924271183.49,6694305450.71,148.25,Normal
2025-11-17,CAD,Corporate Banking,-180622.71,6,-143631.25,2025-11-17,9924271183.49,6694305450.71,148.25,Normal
2025-11-17,JPY,Retail Banking,-40769.56,16,-32155.9814285714,2025-11-17,9924271183.49,6694305450.71,148.25,Normal
2025-11-17,JPY,Investment Banking,133741.23,5,52038.8528571429,2025-11-17,9924271183.49,6694305450.71,148.25,Normal
2025-11-17,AUD,Markets,-662631.68,16,-372285.674285714,2025-11-17,9924271183.49,6694305450.71,148.25,Normal
2025-11-17,EUR,Corporate Banking,51509.56,9,3383.74857142857,2025-11-17,9924271183.49,6694305450.71,148.25,Normal
2025-11-17,USD,Treasury,614609.9,23,-306887.698571429,2025-11-17,9924271183.49,6694305450.71,148.25,Normal
2025-11-17,CHF,Retail Banking,17333.07,8,76972.78,2025-11-17,9924271183.49,6694305450.71,148.25,Normal
2025-11-17,eur,Investment Banking,-18799.08,1,1388.66142857143,2025-11-17,9924271183.49,6694305450.71,148.25,Normal
2025-11-17,CAD,Markets,1279095.04,14,493490.287142857,2025-11-17,9924271183.49,6694305450.71,148.25,Normal
2025-11-17,CAD,Treasury,-579461.33,12,-1126012.79,2025-11-17,9924271183.49,6694305450.71,148.25,Normal
2025-11-17,USD,Investment Banking,-147485.64,9,-3579.95,2025-11-17,9924271183.49,6694305450.71,148.25,Normal
2025-11-17,INR,Investment Banking,-179930.42,17,-140382.027142857,2025-11-17,9924271183.49,6694305450.71,148.25,Normal
2025-11-17,GBP,Treasury,-3082282.81,18,110585.834285714,2025-11-17,9924271183.49,6694305450.71,148.25,Normal
2025-11-17,EUR,Treasury,-194942.95,13,-526840.66,2025-11-17,9924271183.49,6694305450.71,148.25,Normal
2025-11-17,jpy,Corporate Banking,-72191.2,1,27042.0642857143,2025-11-17,9924271183.49,6694305450.71,148.25,Normal
2025-11-17,JPY,Markets,483247.94,16,-86109.78,2025-11-17,9924271183.49,6694305450.71,148.25,Normal
2025-11-17,CHF,Markets,2177293.29,15,-418282.821428571,2025-11-17,9924271183.49,6694305450.71,148.25,Normal
2025-11-17,EUR,Markets,-1067597.16,13,-134168.067142857,2025-11-17,9924271183.49,6694305450.71,148.25,Normal
2025-11-17,aud,Markets,55127.57,1,61521.9257142857,2025-11-17,9924271183.49,6694305450.71,148.25,Normal
2025-11-17,AUD,Corporate Banking,-46152.94,12,-5696.59285714286,2025-11-17,9924271183.49,6694305450.71,148.25,Normal
2025-11-17,AUD,Treasury,-5825030.26,17,-1808302.31428571,2025-11-17,9924271183.49,6694305450.71,148.25,Normal
2025-11-17,JPY,Corporate Banking,-52028.31,13,-63273.1228571429,2025-11-17,9924271183.49,6694305450.71,148.25,Normal
2025-11-17,CHF,Investment Banking,-415547.05,14,-87007.0971428571,2025-11-17,9924271183.49,6694305450.71,148.25,Normal
2025-12-01,INR,Corporate Banking,-70180,9,-65137.8842857143,2025-12-01,10929606021.68,6553368197.19,166.78,Normal
2025-12-01,GBP,Investment Banking,5632.02000000001,8,8405.46142857143,2025-12-01,10929606021.68,6553368197.19,166.78,Normal
2025-12-01,JPY,Treasury,611184.88,16,-180406.794285715,2025-12-01,10929606021.68,6553368197.19,166.78,Normal
2025-12-01,GBP,Corporate Banking,-103059.32,10,-13642.8814285714,2025-12-01,10929606021.68,6553368197.19,166.78,Normal
2025-12-01,CAD,Investment Banking,-38479.34,9,-48959.5171428571,2025-12-01,10929606021.68,6553368197.19,166.78,Normal
2025-12-01,INR,Markets,1134997.96,13,1118727.98142857,2025-12-01,10929606021.68,6553368197.19,166.78,Normal
2025-12-01,GBP,Retail Banking,14983.7,11,63195.84,2025-12-01,10929606021.68,6553368197.19,166.78,Normal
2025-12-01,AUD,Investment Banking,155023.28,13,33672.5185714286,2025-12-01,10929606021.68,6553368197.19,166.78,Normal
2025-12-01,AUD,Retail Banking,-243385.54,8,-13129.82,2025-12-01,10929606021.68,6553368197.19,166.78,Normal
2025-12-01,EUR,Retail Banking,-101798.87,8,-18971.0242857143,2025-12-01,10929606021.68,6553368197.19,166.78,Normal
2025-12-01,CAD,Retail Banking,199592.89,16,8711.38714285715,2025-12-01,10929606021.68,6553368197.19,166.78,Normal
2025-12-01,INR,Retail Banking,293286.26,11,39838.5271428571,2025-12-01,10929606021.68,6553368197.19,166.78,Normal
2025-12-01,CHF,Corporate Banking,95286.58,9,10005.1857142857,2025-12-01,10929606021.68,6553368197.19,166.78,Normal
2025-12-01,GBP,Markets,1247031.65,14,692593.531428571,2025-12-01,10929606021.68,6553368197.19,166.78,Normal
2025-12-01,usd,Treasury,54168.65,1,7404.92000000003,2025-12-01,10929606021.68,6553368197.19,166.78,Normal
2025-12-01,USD,Corporate Banking,-57636.33,12,54867.8557142857,2025-12-01,10929606021.68,6553368197.19,166.78,Normal
2025-12-01,EUR,Investment Banking,16709.04,14,24060.2985714286,2025-12-01,10929606021.68,6553368197.19,166.78,Normal
2025-12-01,USD,Markets,-111060.23,11,169159.162857143,2025-12-01,10929606021.68,6553368197.19,166.78,Normal
2025-12-01,INR,Treasury,-838153.93,17,688433.22,2025-12-01,10929606021.68,6553368197.19,166.78,Normal
2025-12-01,USD,Retail Banking,-236503.91,11,-108542.338571429,2025-12-01,10929606021.68,6553368197.19,166.78,Normal
2025-12-01,CHF,Treasury,-3387405.54,16,-862651.912857143,2025-12-01,10929606021.68,6553368197.19,166.78,Normal
2025-12-01,CAD,Corporate Banking,-326418.47,12,48087.9871428571,2025-12-01,10929606021.68,6553368197.19,166.78,Normal
2025-12-01,JPY,Retail Banking,385074.07,12,-20991.6157142857,2025-12-01,10929606021.68,6553368197.19,166.78,Normal
2025-12-01,JPY,Investment Banking,224286.78,13,-26456.8842857143,2025-12-01,10929606021.68,6553368197.19,166.78,Normal
2025-12-01,AUD,Markets,1608411.93,14,16141.002857143,2025-12-01,10929606021.68,6553368197.19,166.78,Normal
2025-12-01,EUR,Corporate Banking,331561.68,7,21000.4914285714,2025-12-01,10929606021.68,6553368197.19,166.78,Normal
2025-12-01,gbp,Investment Banking,-1077.18,2,-13549.9542857143,2025-12-01,10929606021.68,6553368197.19,166.78,Normal
2025-12-01,USD,Treasury,-1710512.94,19,854000.631428571,2025-12-01,10929606021.68,6553368197.19,166.78,Normal
2025-12-01,CHF,Retail Banking,-213339.84,9,-73339.0485714286,2025-12-01,10929606021.68,6553368197.19,166.78,Normal
2025-12-01,CAD,Markets,356976.03,17,-827536.852857143,2025-12-01,10929606021.68,6553368197.19,166.78,Normal
2025-12-01,chf,Retail Banking,33576.77,1,-3538.52428571429,2025-12-01,10929606021.68,6553368197.19,166.78,Normal
2025-12-01,CAD,Treasury,1745727.38,15,-89923.5028571432,2025-12-01,10929606021.68,6553368197.19,166.78,Normal
2025-12-01,USD,Investment Banking,222650.66,15,-6368.02857142856,2025-12-01,10929606021.68,6553368197.19,166.78,Normal
2025-12-01,INR,Investment Banking,-55850.06,15,-44044.4485714286,2025-12-01,10929606021.68,6553368197.19,166.78,Normal
2025-12-01,GBP,Treasury,-1439495.64,16,250268.294285714,2025-12-01,10929606021.68,6553368197.19,166.78,Normal
2025-12-01,EUR,Treasury,-461549.59,20,117262.324285714,2025-12-01,10929606021.68,6553368197.19,166.78,Normal
2025-12-01,JPY,Markets,-519496.08,18,863379.408571429,2025-12-01,10929606021.68,6553368197.19,166.78,Normal
2025-12-01,CHF,Markets,2407696.59,15,-261771.987142857,2025-12-01,10929606021.68,6553368197.19,166.78,Normal
2025-12-01,EUR,Markets,26485.35,16,-956420.137142857,2025-12-01,10929606021.68,6553368197.19,166.78,Normal
2025-12-01,AUD,Corporate Banking,172731.72,13,-63405.9528571429,2025-12-01,10929606021.68,6553368197.19,166.78,Normal
2025-12-01,AUD,Treasury,-260110.13,18,-25324.4971428572,2025-12-01,10929606021.68,6553368197.19,166.78,Normal
2025-12-01,JPY,Corporate Banking,339162.97,8,-95071.3057142857,2025-12-01,10929606021.68,6553368197.19,166.78,Normal
2025-12-01,CHF,Investment Banking,-147005.43,4,41548.5014285714,2025-12-01,10929606021.68,6553368197.19,166.78,Normal
2025-12-09,INR,Corporate Banking,86032.96,11,103237.881428571,2025-12-09,8846076394.52,6897213224.05,128.26,Normal
2025-12-09,usd,Investment Banking,49067.97,2,9163.61428571429,2025-12-09,8846076394.52,6897213224.05,128.26,Normal
2025-12-09,GBP,Investment Banking,-9552.61,8,-69014.3857142857,2025-12-09,8846076394.52,6897213224.05,128.26,Normal
2025-12-09,JPY,Treasury,-1915002.55,19,-283042.97,2025-12-09,8846076394.52,6897213224.05,128.26,Normal
2025-12-09,GBP,Corporate Banking,164445.96,7,-16040.24,2025-12-09,8846076394.52,6897213224.05,128.26,Normal
2025-12-09,jpy,Treasury,112351.28,1,102890.827142857,2025-12-09,8846076394.52,6897213224.05,128.26,Normal
2025-12-09,CAD,Investment Banking,-223415.19,12,-60504.7571428571,2025-12-09,8846076394.52,6897213224.05,128.26,Normal
2025-12-09,INR,Markets,-521568.37,14,790134.751428572,2025-12-09,8846076394.52,6897213224.05,128.26,Normal
2025-12-09,GBP,Retail Banking,66069.38,10,-16995.8371428571,2025-12-09,8846076394.52,6897213224.05,128.26,Normal
2025-12-09,AUD,Investment Banking,-84865.81,13,1548.85285714285,2025-12-09,8846076394.52,6897213224.05,128.26,Normal
2025-12-09,AUD,Retail Banking,76926.49,12,535.372857142858,2025-12-09,8846076394.52,6897213224.05,128.26,Normal
2025-12-09,EUR,Retail Banking,-85351.82,11,-7077.87000000001,2025-12-09,8846076394.52,6897213224.05,128.26,Normal
2025-12-09,CAD,Retail Banking,-15054.87,14,137069.24,2025-12-09,8846076394.52,6897213224.05,128.26,Normal
2025-12-09,INR,Retail Banking,-96457.09,9,-12871.74,2025-12-09,8846076394.52,6897213224.05,128.26,Normal
2025-12-09,CHF,Corporate Banking,35913.26,12,-42147.2914285714,2025-12-09,8846076394.52,6897213224.05,128.26,Normal
2025-12-09,GBP,Markets,-1593784.69,11,1132549.86,2025-12-09,8846076394.52,6897213224.05,128.26,Normal
2025-12-09,USD,Corporate Banking,-42917.49,10,16166.0014285714,2025-12-09,8846076394.52,6897213224.05,128.26,Normal
2025-12-09,EUR,Investment Banking,-98536.52,7,-45407.7614285714,2025-12-09,8846076394.52,6897213224.05,128.26,Normal
2025-12-09,USD,Markets,-1652299.76,21,-1142131.90714286,2025-12-09,8846076394.52,6897213224.05,128.26,Normal
2025-12-09,inr,Treasury,-441239.27,1,35709.1314285714,2025-12-09,8846076394.52,6897213224.05,128.26,Normal
2025-12-09,INR,Treasury,-404882.38,11,438725.68,2025-12-09,8846076394.52,6897213224.05,128.26,Normal
2025-12-09,USD,Retail Banking,13229.13,9,114331.961428571,2025-12-09,8846076394.52,6897213224.05,128.26,Normal
2025-12-09,gbp,Corporate Banking,-14057.28,2,3594.97571428571,2025-12-09,8846076394.52,6897213224.05,128.26,Normal
2025-12-09,CHF,Treasury,942686.62,17,598183.04,2025-12-09,8846076394.52,6897213224.05,128.26,Normal
2025-12-09,CAD,Corporate Banking,165710.22,15,68582.3042857143,2025-12-09,8846076394.52,6897213224.05,128.26,Normal
2025-12-09,JPY,Retail Banking,-124093.26,9,-32132.3028571429,2025-12-09,8846076394.52,6897213224.05,128.26,Normal
2025-12-09,JPY,Investment Banking,144437.31,13,8685.16571428571,2025-12-09,8846076394.52,6897213224.05,128.26,Normal
2025-12-09,AUD,Markets,1604238.33,16,-817699.254285714,2025-12-09,8846076394.52,6897213224.05,128.26,Normal
2025-12-09,EUR,Corporate Banking,308484.49,16,113454.571428571,2025-12-09,8846076394.52,6897213224.05,128.26,Normal
2025-12-09,USD,Treasury,-3322958.61,15,-1078458.69285714,2025-12-09,8846076394.52,6897213224.05,128.26,Normal
2025-12-09,CHF,Retail Banking,-174811.83,12,-34974.4242857143,2025-12-09,8846076394.52,6897213224.05,128.26,Normal
2025-12-09,eur,Investment Banking,-141696.39,3,-28932.3714285714,2025-12-09,8846076394.52,6897213224.05,128.26,Normal
2025-12-09,CAD,Markets,-2113433.96,18,-1204190.65857143,2025-12-09,8846076394.52,6897213224.05,128.26,Normal
2025-12-09,chf,Corporate Banking,26368.21,1,1198.87,2025-12-09,8846076394.52,6897213224.05,128.26,Normal
2025-12-09,CAD,Treasury,-3047148.52,21,-430355.521428571,2025-12-09,8846076394.52,6897213224.05,128.26,Normal
2025-12-09,USD,Investment Banking,51008.34,12,26823.2485714286,2025-12-09,8846076394.52,6897213224.05,128.26,Normal
2025-12-09,INR,Investment Banking,141479.5,15,113528.927142857,2025-12-09,8846076394.52,6897213224.05,128.26,Normal
2025-12-09,GBP,Treasury,-483420.2,10,263216.518571429,2025-12-09,8846076394.52,6897213224.05,128.26,Normal
2025-12-09,EUR,Treasury,-699874.5,10,-180252.452857143,2025-12-09,8846076394.52,6897213224.05,128.26,Normal
2025-12-09,jpy,Corporate Banking,18427.96,1,-33367.8071428571,2025-12-09,8846076394.52,6897213224.05,128.26,Normal
2025-12-09,JPY,Markets,16003.3700000001,14,-134526.13,2025-12-09,8846076394.52,6897213224.05,128.26,Normal
2025-12-09,CHF,Markets,1780861.95,15,-255639.162857143,2025-12-09,8846076394.52,6897213224.05,128.26,Normal
2025-12-09,EUR,Markets,2265974.69,9,-43753.1571428572,2025-12-09,8846076394.52,6897213224.05,128.26,Normal
2025-12-09,AUD,Corporate Banking,-353938.32,17,-123214.101428571,2025-12-09,8846076394.52,6897213224.05,128.26,Normal
2025-12-09,AUD,Treasury,209063.21,17,-74650.8528571429,2025-12-09,8846076394.52,6897213224.05,128.26,Normal
2025-12-09,JPY,Corporate Banking,-58553.07,12,24665.6071428571,2025-12-09,8846076394.52,6897213224.05,128.26,Normal
2025-12-09,CHF,Investment Banking,35611.05,12,17705.8328571429,2025-12-09,8846076394.52,6897213224.05,128.26,Normal
2025-12-17,jpy,Investment Banking,26754.75,1,-13109.4957142857,2025-12-17,8390226660.35,6576868829.47,127.57,Normal
2025-12-17,INR,Corporate Banking,34758.17,10,-14289.7942857143,2025-12-17,8390226660.35,6576868829.47,127.57,Normal
2025-12-17,GBP,Investment Banking,44920.9,9,79976.0028571429,2025-12-17,8390226660.35,6576868829.47,127.57,Normal
2025-12-17,JPY,Treasury,-510662.71,12,573861.408571429,2025-12-17,8390226660.35,6576868829.47,127.57,Normal
2025-12-17,GBP,Corporate Banking,-35835.2,4,40146.4685714286,2025-12-17,8390226660.35,6576868829.47,127.57,Normal
2025-12-17,jpy,Treasury,-605910.61,2,-36846.0942857143,2025-12-17,8390226660.35,6576868829.47,127.57,Normal
2025-12-17,CAD,Investment Banking,-55613.61,9,79954.2328571429,2025-12-17,8390226660.35,6576868829.47,127.57,Normal
2025-12-17,INR,Markets,-1100499.77,6,-441724.851428572,2025-12-17,8390226660.35,6576868829.47,127.57,Normal
2025-12-17,GBP,Retail Banking,90421.68,9,-72425.0357142857,2025-12-17,8390226660.35,6576868829.47,127.57,Normal
2025-12-17,AUD,Investment Banking,291489.68,13,31745.5985714286,2025-12-17,8390226660.35,6576868829.47,127.57,Normal
2025-12-17,AUD,Retail Banking,-8735.85000000001,8,30240.1642857143,2025-12-17,8390226660.35,6576868829.47,127.57,Normal
2025-12-17,EUR,Retail Banking,9544.27999999998,13,5489.29142857141,2025-12-17,8390226660.35,6576868829.47,127.57,Normal
2025-12-17,CAD,Retail Banking,-35078.87,8,-48282.7814285714,2025-12-17,8390226660.35,6576868829.47,127.57,Normal
2025-12-17,INR,Retail Banking,-127574.07,8,-45369.8885714286,2025-12-17,8390226660.35,6576868829.47,127.57,Normal
2025-12-17,CHF,Corporate Banking,-156762.73,14,16314.6942857143,2025-12-17,8390226660.35,6576868829.47,127.57,Normal
2025-12-17,GBP,Markets,179341.12,20,-308459.722857143,2025-12-17,8390226660.35,6576868829.47,127.57,Normal
2025-12-17,usd,Treasury,-391566.17,1,-234941.194285714,2025-12-17,8390226660.35,6576868829.47,127.57,Normal
2025-12-17,USD,Corporate Banking,-63729.76,13,-95365.7471428572,2025-12-17,8390226660.35,6576868829.47,127.57,Normal
2025-12-17,EUR,Investment Banking,-83049.0599999999,18,135565.521428571,2025-12-17,8390226660.35,6576868829.47,127.57,Normal
2025-12-17,USD,Markets,-257872.5,15,-940959.381428571,2025-12-17,8390226660.35,6576868829.47,127.57,Normal
2025-12-17,INR,Treasury,-1039054.53,13,-403826.101428572,2025-12-17,8390226660.35,6576868829.47,127.57,Normal
2025-12-17,USD,Retail Banking,5971.15,9,-18996.8142857143,2025-12-17,8390226660.35,6576868829.47,127.57,Normal
2025-12-17,CHF,Treasury,-296709.56,10,-351341.545714286,2025-12-17,8390226660.35,6576868829.47,127.57,Normal
2025-12-17,CAD,Corporate Banking,185554.32,14,-3506.20285714285,2025-12-17,8390226660.35,6576868829.47,127.57,Normal
2025-12-17,JPY,Retail Banking,111410.09,13,50908.0757142857,2025-12-17,8390226660.35,6576868829.47,127.57,Normal
2025-12-17,inr,Investment Banking,167859.32,1,9090.28285714286,2025-12-17,8390226660.35,6576868829.47,127.57,Normal
2025-12-17,JPY,Investment Banking,-75337.79,7,4892.91285714285,2025-12-17,8390226660.35,6576868829.47,127.57,Normal
2025-12-17,AUD,Markets,-129354.44,14,-427497.241428571,2025-12-17,8390226660.35,6576868829.47,127.57,Normal
2025-12-17,EUR,Corporate Banking,-194678.76,10,-22607.3942857143,2025-12-17,8390226660.35,6576868829.47,127.57,Normal
2025-12-17,USD,Treasury,286581.86,12,-547764.368571429,2025-12-17,8390226660.35,6576868829.47,127.57,Normal
2025-12-17,eur,Markets,51019.47,1,-238744.262857143,2025-12-17,8390226660.35,6576868829.47,127.57,Normal
2025-12-17,CHF,Retail Banking,63242.04,14,-12149.5885714286,2025-12-17,8390226660.35,6576868829.47,127.57,Normal
2025-12-17,CAD,Markets,-611917.19,19,-284092.647142857,2025-12-17,8390226660.35,6576868829.47,127.57,Normal
2025-12-17,CAD,Treasury,-1374603.5,13,-295592.641428571,2025-12-17,8390226660.35,6576868829.47,127.57,Normal
2025-12-17,USD,Investment Banking,-108975.02,9,76590.9328571428,2025-12-17,8390226660.35,6576868829.47,127.57,Normal
2025-12-17,INR,Investment Banking,-430710.28,15,-303042.65,2025-12-17,8390226660.35,6576868829.47,127.57,Normal
2025-12-17,GBP,Treasury,1175808.02,19,10406.3314285715,2025-12-17,8390226660.35,6576868829.47,127.57,Normal
2025-12-17,EUR,Treasury,2134067.78,13,775690.451428571,2025-12-17,8390226660.35,6576868829.47,127.57,Normal
2025-12-17,JPY,Markets,1409934.46,13,127386.081428571,2025-12-17,8390226660.35,6576868829.47,127.57,Normal
2025-12-17,CHF,Markets,-1498454.13,10,230540.654285714,2025-12-17,8390226660.35,6576868829.47,127.57,Normal
2025-12-17,EUR,Markets,3613147.25,16,153299.692857143,2025-12-17,8390226660.35,6576868829.47,127.57,Normal
2025-12-17,AUD,Corporate Banking,-550810.38,16,-74915.8042857143,2025-12-17,8390226660.35,6576868829.47,127.57,Normal
2025-12-17,AUD,Treasury,874112.9,10,-565496.001428571,2025-12-17,8390226660.35,6576868829.47,127.57,Normal
2025-12-17,JPY,Corporate Banking,175415.25,11,40146.2228571429,2025-12-17,8390226660.35,6576868829.47,127.57,Normal
2025-12-17,CHF,Investment Banking,116443.32,12,23140.6442857143,2025-12-17,8390226660.35,6576868829.47,127.57,Normal
2025-12-17,inr,Retail Banking,-6929.65,1,31159.0857142857,2025-12-17,8390226660.35,6576868829.47,127.57,Normal
2025-12-05,INR,Corporate Banking,81721.11,12,-44224.3542857143,2025-12-05,9563681897.93,6975271602.81,137.11,Normal
2025-12-05,GBP,Investment Banking,6095.5,7,3828.51571428572,2025-12-05,9563681897.93,6975271602.81,137.11,Normal
2025-12-05,inr,Markets,-14884.03,1,-26416.6971428571,2025-12-05,9563681897.93,6975271602.81,137.11,Normal
2025-12-05,JPY,Treasury,-1231324.14,22,-464354.015714286,2025-12-05,9563681897.93,6975271602.81,137.11,Normal
2025-12-05,GBP,Corporate Banking,-74370.88,8,-8443.21142857143,2025-12-05,9563681897.93,6975271602.81,137.11,Normal
2025-12-05,gbp,Markets,96288.81,1,82237.6728571429,2025-12-05,9563681897.93,6975271602.81,137.11,Normal
2025-12-05,jpy,Treasury,41562.17,1,-104222.574285714,2025-12-05,9563681897.93,6975271602.81,137.11,Normal
2025-12-05,CAD,Investment Banking,-101388.35,9,-81392.3771428571,2025-12-05,9563681897.93,6975271602.81,137.11,Normal
2025-12-05,INR,Markets,1057215.92,12,458319.095714286,2025-12-05,9563681897.93,6975271602.81,137.11,Normal
2025-12-05,GBP,Retail Banking,46209.27,12,4016.46857142857,2025-12-05,9563681897.93,6975271602.81,137.11,Normal
2025-12-05,AUD,Investment Banking,-36485.72,12,-13670.0485714286,2025-12-05,9563681897.93,6975271602.81,137.11,Normal
2025-12-05,AUD,Retail Banking,56381.61,13,-12731.3371428571,2025-12-05,9563681897.93,6975271602.81,137.11,Normal
2025-12-05,EUR,Retail Banking,-10903.04,14,-23131.8757142857,2025-12-05,9563681897.93,6975271602.81,137.11,Normal
2025-12-05,CAD,Retail Banking,-19210.61,11,16706.9814285714,2025-12-05,9563681897.93,6975271602.81,137.11,Normal
2025-12-05,INR,Retail Banking,-84547.8,14,16908.72,2025-12-05,9563681897.93,6975271602.81,137.11,Normal
2025-12-05,CHF,Corporate Banking,-203731.79,10,-84292.3571428571,2025-12-05,9563681897.93,6975271602.81,137.11,Normal
2025-12-05,GBP,Markets,1352241.74,20,438706.731428571,2025-12-05,9563681897.93,6975271602.81,137.11,Normal
2025-12-05,USD,Corporate Banking,80817.49,8,-49902.8185714286,2025-12-05,9563681897.93,6975271602.81,137.11,Normal
2025-12-05,EUR,Investment Banking,-5091.16000000001,10,-44412.5471428572,2025-12-05,9563681897.93,6975271602.81,137.11,Normal
2025-12-05,chf,Markets,948143.71,2,119545.565714286,2025-12-05,9563681897.93,6975271602.81,137.11,Normal
2025-12-05,USD,Markets,-2557464.99,16,-362946.575714286,2025-12-05,9563681897.93,6975271602.81,137.11,Normal
2025-12-05,INR,Treasury,-435730.42,18,-471493.621428571,2025-12-05,9563681897.93,6975271602.81,137.11,Normal
2025-12-05,USD,Retail Banking,13632.96,11,42429.2214285714,2025-12-05,9563681897.93,6975271602.81,137.11,Normal
2025-12-05,chf,Treasury,61012.53,1,139392.97,2025-12-05,9563681897.93,6975271602.81,137.11,Normal
2025-12-05,CHF,Treasury,-313652.7,21,-302256.022857143,2025-12-05,9563681897.93,6975271602.81,137.11,Normal
2025-12-05,CAD,Corporate Banking,-6378.74,8,-21976.7871428571,2025-12-05,9563681897.93,6975271602.81,137.11,Normal
2025-12-05,JPY,Retail Banking,695.300000000003,6,49971.7285714286,2025-12-05,9563681897.93,6975271602.81,137.11,Normal
2025-12-05,JPY,Investment Banking,-69812.43,9,8144.31999999999,2025-12-05,9563681897.93,6975271602.81,137.11,Normal
2025-12-05,AUD,Markets,-8357.84000000005,15,-817455.17,2025-12-05,9563681897.93,6975271602.81,137.11,Normal
2025-12-05,EUR,Corporate Banking,42870.11,14,25829.7014285714,2025-12-05,9563681897.93,6975271602.81,137.11,Normal
2025-12-05,USD,Treasury,93720.0500000002,23,41939.1071428572,2025-12-05,9563681897.93,6975271602.81,137.11,Normal
2025-12-05,CHF,Retail Banking,-23619.6,12,-62254.7857142857,2025-12-05,9563681897.93,6975271602.81,137.11,Normal
2025-12-05,eur,Investment Banking,20572.97,1,-11019.1785714286,2025-12-05,9563681897.93,6975271602.81,137.11,Normal
2025-12-05,CAD,Markets,-2575347.84,17,-1265634.47571429,2025-12-05,9563681897.93,6975271602.81,137.11,Normal
2025-12-05,CAD,Treasury,-2672616.1,10,385209.921428571,2025-12-05,9563681897.93,6975271602.81,137.11,Normal
2025-12-05,USD,Investment Banking,20188.68,8,80786.0271428572,2025-12-05,9563681897.93,6975271602.81,137.11,Normal
2025-12-05,INR,Investment Banking,109080.73,10,-160.511428571431,2025-12-05,9563681897.93,6975271602.81,137.11,Normal
2025-12-05,GBP,Treasury,538870.03,14,-350462.644285714,2025-12-05,9563681897.93,6975271602.81,137.11,Normal
2025-12-05,EUR,Treasury,-366419.4,15,-439059.06,2025-12-05,9563681897.93,6975271602.81,137.11,Normal
2025-12-05,JPY,Markets,-853395.1,15,27360.3,2025-12-05,9563681897.93,6975271602.81,137.11,Normal
2025-12-05,CHF,Markets,-901011.76,18,303301.688571429,2025-12-05,9563681897.93,6975271602.81,137.11,Normal
2025-12-05,EUR,Markets,-1316626.68,15,-719891.655714286,2025-12-05,9563681897.93,6975271602.81,137.11,Normal
2025-12-05,cad,Corporate Banking,-13719.09,1,8740.96714285714,2025-12-05,9563681897.93,6975271602.81,137.11,Normal
2025-12-05,aud,Markets,-217818.61,1,122174.882857143,2025-12-05,9563681897.93,6975271602.81,137.11,Normal
2025-12-05,AUD,Corporate Banking,209514.88,12,-120453.27,2025-12-05,9563681897.93,6975271602.81,137.11,Normal
2025-12-05,AUD,Treasury,-2117981.42,15,-163439.991428571,2025-12-05,9563681897.93,6975271602.81,137.11,Normal
2025-12-05,JPY,Corporate Banking,-136628.08,9,26797.1957142857,2025-12-05,9563681897.93,6975271602.81,137.11,Normal
2025-12-05,usd,Markets,-30801.97,1,-6781.29000000001,2025-12-05,9563681897.93,6975271602.81,137.11,Normal
2025-12-05,CHF,Investment Banking,275930.15,11,5352.96142857144,2025-12-05,9563681897.93,6975271602.81,137.11,Normal
2025-12-05,inr,Retail Banking,13461.53,1,2286.55428571429,2025-12-05,9563681897.93,6975271602.81,137.11,Normal
2025-11-30,INR,Corporate Banking,31782.1,3,-60566.3328571429,2025-11-30,10185830302.36,7945735966.05,128.19,Normal
2025-11-30,GBP,Investment Banking,-204488.02,10,27156.2,2025-11-30,10185830302.36,7945735966.05,128.19,Normal
2025-11-30,JPY,Treasury,-4337159.57,17,-746267.388571429,2025-11-30,10185830302.36,7945735966.05,128.19,Normal
2025-11-30,GBP,Corporate Banking,65713.69,9,10811.18,2025-11-30,10185830302.36,7945735966.05,128.19,Normal
2025-11-30,jpy,Treasury,372247.84,1,114529.807142857,2025-11-30,10185830302.36,7945735966.05,128.19,Normal
2025-11-30,CAD,Investment Banking,-305874.64,9,44069.9957142857,2025-11-30,10185830302.36,7945735966.05,128.19,Normal
2025-11-30,INR,Markets,1325174.18,25,963308.645714286,2025-11-30,10185830302.36,7945735966.05,128.19,Normal
2025-11-30,GBP,Retail Banking,202517.23,9,18748.1928571429,2025-11-30,10185830302.36,7945735966.05,128.19,Normal
2025-11-30,AUD,Investment Banking,-226852.46,13,-82269.9957142857,2025-11-30,10185830302.36,7945735966.05,128.19,Normal
2025-11-30,AUD,Retail Banking,178547.9,13,30075.9957142857,2025-11-30,10185830302.36,7945735966.05,128.19,Normal
2025-11-30,EUR,Retail Banking,-62263.79,5,31578.7157142857,2025-11-30,10185830302.36,7945735966.05,128.19,Normal
2025-11-30,CAD,Retail Banking,-134691.57,10,11065.6414285715,2025-11-30,10185830302.36,7945735966.05,128.19,Normal
2025-11-30,INR,Retail Banking,-20887.98,4,-3970.21285714286,2025-11-30,10185830302.36,7945735966.05,128.19,Normal
2025-11-30,CHF,Corporate Banking,-227223.89,13,15713.2157142857,2025-11-30,10185830302.36,7945735966.05,128.19,Normal
2025-11-30,GBP,Markets,2327345.56,20,488887.858571429,2025-11-30,10185830302.36,7945735966.05,128.19,Normal
2025-11-30,USD,Corporate Banking,-58672.34,9,82986.4885714286,2025-11-30,10185830302.36,7945735966.05,128.19,Normal
2025-11-30,EUR,Investment Banking,-11742.28,10,-12503.6742857143,2025-11-30,10185830302.36,7945735966.05,128.19,Normal
2025-11-30,USD,Markets,1366885.91,18,175923.451428571,2025-11-30,10185830302.36,7945735966.05,128.19,Normal
2025-11-30,inr,Treasury,114249.63,1,88365.3071428571,2025-11-30,10185830302.36,7945735966.05,128.19,Normal
2025-11-30,INR,Treasury,-1224049.29,17,504575.534285714,2025-11-30,10185830302.36,7945735966.05,128.19,Normal
2025-11-30,USD,Retail Banking,4608.53000000003,9,-98134.7271428572,2025-11-30,10185830302.36,7945735966.05,128.19,Normal
2025-11-30,gbp,Corporate Banking,89718.19,1,7379.55857142857,2025-11-30,10185830302.36,7945735966.05,128.19,Normal
2025-11-30,CHF,Treasury,-5594757.84,16,-391409.09,2025-11-30,10185830302.36,7945735966.05,128.19,Normal
2025-11-30,CAD,Corporate Banking,252052.84,12,104545.158571429,2025-11-30,10185830302.36,7945735966.05,128.19,Normal
2025-11-30,JPY,Retail Banking,-91230,8,71210.5657142857,2025-11-30,10185830302.36,7945735966.05,128.19,Normal
2025-11-30,JPY,Investment Banking,-85888.49,12,-61827.2585714286,2025-11-30,10185830302.36,7945735966.05,128.19,Normal
2025-11-30,AUD,Markets,1969440.5,18,-238373.355714286,2025-11-30,10185830302.36,7945735966.05,128.19,Normal
2025-11-30,EUR,Corporate Banking,-152097.53,11,-289.072857142867,2025-11-30,10185830302.36,7945735966.05,128.19,Normal
2025-11-30,gbp,Investment Banking,-8048.23,1,-16804.0628571429,2025-11-30,10185830302.36,7945735966.05,128.19,Normal
2025-11-30,USD,Treasury,1476228.95,8,1218364.70571429,2025-11-30,10185830302.36,7945735966.05,128.19,Normal
2025-11-30,CHF,Retail Banking,35179.34,8,-31034.0271428571,2025-11-30,10185830302.36,7945735966.05,128.19,Normal
2025-11-30,eur,Investment Banking,-8172.03,1,-16031.1114285714,2025-11-30,10185830302.36,7945735966.05,128.19,Normal
2025-11-30,CAD,Markets,-1819432.82,11,-834426.334285714,2025-11-30,10185830302.36,7945735966.05,128.19,Normal
2025-11-30,CAD,Treasury,1299051.97,15,-399239.658571429,2025-11-30,10185830302.36,7945735966.05,128.19,Normal
2025-11-30,USD,Investment Banking,92595.06,15,-31069.9357142857,2025-11-30,10185830302.36,7945735966.05,128.19,Normal
2025-11-30,INR,Investment Banking,37304.36,11,2365.29999999999,2025-11-30,10185830302.36,7945735966.05,128.19,Normal
2025-11-30,GBP,Treasury,-2145376.31,15,373234.72,2025-11-30,10185830302.36,7945735966.05,128.19,Normal
2025-11-30,EUR,Treasury,273308.36,21,22340.5242857143,2025-11-30,10185830302.36,7945735966.05,128.19,Normal
2025-11-30,aud,Treasury,434264.06,1,156138.172857143,2025-11-30,10185830302.36,7945735966.05,128.19,Normal
2025-11-30,JPY,Markets,302427.43,6,1015069.99857143,2025-11-30,10185830302.36,7945735966.05,128.19,Normal
2025-11-30,CHF,Markets,845691.06,11,12961.15,2025-11-30,10185830302.36,7945735966.05,128.19,Normal
2025-11-30,EUR,Markets,502440.23,14,-1147827.41857143,2025-11-30,10185830302.36,7945735966.05,128.19,Normal
2025-11-30,AUD,Corporate Banking,-285025.39,13,-83970.5185714286,2025-11-30,10185830302.36,7945735966.05,128.19,Normal
2025-11-30,AUD,Treasury,686465.52,14,342775.421428572,2025-11-30,10185830302.36,7945735966.05,128.19,Normal
2025-11-30,JPY,Corporate Banking,-80758.9,11,-165265.214285714,2025-11-30,10185830302.36,7945735966.05,128.19,Normal
2025-11-30,eur,Retail Banking,-7319.26,1,-18254.8442857143,2025-11-30,10185830302.36,7945735966.05,128.19,Normal
2025-11-30,CHF,Investment Banking,-89523.73,9,83370.8357142857,2025-11-30,10185830302.36,7945735966.05,128.19,Normal
2025-11-09,INR,Corporate Banking,-13337.96,11,32939.3942857143,2025-11-09,10896102488.2,7116346453.31,153.11,Normal
2025-11-09,GBP,Investment Banking,-34965.37,13,-17233.7785714286,2025-11-09,10896102488.2,7116346453.31,153.11,Normal
2025-11-09,JPY,Treasury,447575.11,16,1003656.99,2025-11-09,10896102488.2,7116346453.31,153.11,Normal
2025-11-09,GBP,Corporate Banking,-27034.21,15,-2733.59857142856,2025-11-09,10896102488.2,7116346453.31,153.11,Normal
2025-11-09,CAD,Investment Banking,-368930.1,9,-111393.452857143,2025-11-09,10896102488.2,7116346453.31,153.11,Normal
2025-11-09,INR,Markets,-332880.17,11,-253416.391428571,2025-11-09,10896102488.2,7116346453.31,153.11,Normal
2025-11-09,GBP,Retail Banking,-53123.98,12,21498.0357142857,2025-11-09,10896102488.2,7116346453.31,153.11,Normal
2025-11-09,AUD,Investment Banking,-2735.74000000003,10,41308.8414285714,2025-11-09,10896102488.2,7116346453.31,153.11,Normal
2025-11-09,AUD,Retail Banking,-36547.43,6,-52145.7828571429,2025-11-09,10896102488.2,7116346453.31,153.11,Normal
2025-11-09,cad,Markets,127397.39,1,144117.751428571,2025-11-09,10896102488.2,7116346453.31,153.11,Normal
2025-11-09,EUR,Retail Banking,-73224.4,8,-22912.5271428571,2025-11-09,10896102488.2,7116346453.31,153.11,Normal
2025-11-09,CAD,Retail Banking,-95429.97,7,-24990.9571428571,2025-11-09,10896102488.2,7116346453.31,153.11,Normal
2025-11-09,INR,Retail Banking,-435682.95,12,-62476.7357142857,2025-11-09,10896102488.2,7116346453.31,153.11,Normal
2025-11-09,CHF,Corporate Banking,-35975.37,9,14353.5414285714,2025-11-09,10896102488.2,7116346453.31,153.11,Normal
2025-11-09,GBP,Markets,-2941364.97,19,-2647579.83142857,2025-11-09,10896102488.2,7116346453.31,153.11,Normal
2025-11-09,USD,Corporate Banking,-40657.75,7,-50968.3857142857,2025-11-09,10896102488.2,7116346453.31,153.11,Normal
2025-11-09,EUR,Investment Banking,86088.4,8,-32852.9742857143,2025-11-09,10896102488.2,7116346453.31,153.11,Normal
2025-11-09,aud,Retail Banking,52584.58,1,31325.1142857143,2025-11-09,10896102488.2,7116346453.31,153.11,Normal
2025-11-09,USD,Markets,756500.35,15,-360075,2025-11-09,10896102488.2,7116346453.31,153.11,Normal
2025-11-09,cad,Investment Banking,12537.83,1,18116.3542857143,2025-11-09,10896102488.2,7116346453.31,153.11,Normal
2025-11-09,inr,Treasury,-364928.03,1,17253.3614285714,2025-11-09,10896102488.2,7116346453.31,153.11,Normal
2025-11-09,INR,Treasury,244539.18,17,-615204.395714286,2025-11-09,10896102488.2,7116346453.31,153.11,Normal
2025-11-09,USD,Retail Banking,-237672.34,11,-66180.4528571429,2025-11-09,10896102488.2,7116346453.31,153.11,Normal
2025-11-09,gbp,Corporate Banking,58994.06,1,1136.46,2025-11-09,10896102488.2,7116346453.31,153.11,Normal
2025-11-09,chf,Treasury,206945.11,1,57232.9071428571,2025-11-09,10896102488.2,7116346453.31,153.11,Normal
2025-11-09,CHF,Treasury,-990709.33,15,-492693.735714286,2025-11-09,10896102488.2,7116346453.31,153.11,Normal
2025-11-09,CAD,Corporate Banking,-38559.76,9,-27990.37,2025-11-09,10896102488.2,7116346453.31,153.11,Normal
2025-11-09,JPY,Retail Banking,42763.97,3,144749.341428571,2025-11-09,10896102488.2,7116346453.31,153.11,Normal
2025-11-09,JPY,Investment Banking,18723.06,7,32796.2171428571,2025-11-09,10896102488.2,7116346453.31,153.11,Normal
2025-11-09,AUD,Markets,-2030070.09,19,-254920.622857143,2025-11-09,10896102488.2,7116346453.31,153.11,Normal
2025-11-09,EUR,Corporate Banking,-564339.3,8,-13247.0828571428,2025-11-09,10896102488.2,7116346453.31,153.11,Normal
2025-11-09,USD,Treasury,-1400062.14,12,-701389.312857143,2025-11-09,10896102488.2,7116346453.31,153.11,Normal
2025-11-09,CHF,Retail Banking,73464.23,7,13812.4642857143,2025-11-09,10896102488.2,7116346453.31,153.11,Normal
2025-11-09,CAD,Markets,-312417.73,12,325819.94,2025-11-09,10896102488.2,7116346453.31,153.11,Normal
2025-11-09,CAD,Treasury,-1143928.83,11,615650.665714286,2025-11-09,10896102488.2,7116346453.31,153.11,Normal
2025-11-09,USD,Investment Banking,115846.5,13,2831.17285714286,2025-11-09,10896102488.2,7116346453.31,153.11,Normal
2025-11-09,INR,Investment Banking,-631330.3,4,-449194.171428571,2025-11-09,10896102488.2,7116346453.31,153.11,Normal
2025-11-09,GBP,Treasury,-1407880.39,10,-1405096.44285714,2025-11-09,10896102488.2,7116346453.31,153.11,Normal
2025-11-09,EUR,Treasury,-1999369.46,16,-361336.61,2025-11-09,10896102488.2,7116346453.31,153.11,Normal
2025-11-09,JPY,Markets,1852891.06,12,3869.67428571418,2025-11-09,10896102488.2,7116346453.31,153.11,Normal
2025-11-09,CHF,Markets,-1601197.61,6,-1144475.88857143,2025-11-09,10896102488.2,7116346453.31,153.11,Normal
2025-11-09,EUR,Markets,2389017.1,19,993295.402857143,2025-11-09,10896102488.2,7116346453.31,153.11,Normal
2025-11-09,AUD,Corporate Banking,71704.59,8,-3677.14285714287,2025-11-09,10896102488.2,7116346453.31,153.11,Normal
2025-11-09,AUD,Treasury,-2469909.68,21,-19442.9742857145,2025-11-09,10896102488.2,7116346453.31,153.11,Normal
2025-11-09,gbp,Retail Banking,35427.72,1,12233.9028571429,2025-11-09,10896102488.2,7116346453.31,153.11,Normal
2025-11-09,JPY,Corporate Banking,-385212.06,7,-66192.1485714286,2025-11-09,10896102488.2,7116346453.31,153.11,Normal
2025-11-09,usd,Markets,-47891.48,1,-85133.1142857143,2025-11-09,10896102488.2,7116346453.31,153.11,Normal
2025-11-09,CHF,Investment Banking,-222228.15,13,-16476.5314285714,2025-11-09,10896102488.2,7116346453.31,153.11,Normal
2025-10-31,INR,Corporate Banking,375216.13,11,65414.38,2025-10-31,10232036380.94,6157158911.03,166.18,Normal
2025-10-31,GBP,Investment Banking,-110047.12,14,-28718.9957142857,2025-10-31,10232036380.94,6157158911.03,166.18,Normal
2025-10-31,JPY,Treasury,-1503528.53,12,-231863.128571429,2025-10-31,10232036380.94,6157158911.03,166.18,Normal
2025-10-31,GBP,Corporate Banking,229010.54,17,-15293.52,2025-10-31,10232036380.94,6157158911.03,166.18,Normal
2025-10-31,jpy,Treasury,852081.84,2,248429.648571429,2025-10-31,10232036380.94,6157158911.03,166.18,Normal
2025-10-31,CAD,Investment Banking,287085.94,7,177587.642857143,2025-10-31,10232036380.94,6157158911.03,166.18,Normal
2025-10-31,INR,Markets,-2096362.12,17,-664161.98,2025-10-31,10232036380.94,6157158911.03,166.18,Normal
2025-10-31,GBP,Retail Banking,120912.74,8,-46394.4957142857,2025-10-31,10232036380.94,6157158911.03,166.18,Normal
2025-10-31,AUD,Investment Banking,10067.22,13,-27163.8342857143,2025-10-31,10232036380.94,6157158911.03,166.18,Normal
2025-10-31,AUD,Retail Banking,42087.73,8,36383.7671428571,2025-10-31,10232036380.94,6157158911.03,166.18,Normal
2025-10-31,EUR,Retail Banking,47900.63,11,-24736.0942857143,2025-10-31,10232036380.94,6157158911.03,166.18,Normal
2025-10-31,cad,Retail Banking,1958.2,1,-11923.1657142857,2025-10-31,10232036380.94,6157158911.03,166.18,Normal
2025-10-31,CAD,Retail Banking,-87049.83,5,37571.31,2025-10-31,10232036380.94,6157158911.03,166.18,Normal
2025-10-31,INR,Retail Banking,-19078.31,2,-45919.4214285714,2025-10-31,10232036380.94,6157158911.03,166.18,Normal
2025-10-31,CHF,Corporate Banking,34605.92,8,-61134.0842857143,2025-10-31,10232036380.94,6157158911.03,166.18,Normal
2025-10-31,GBP,Markets,-1199032.63,10,1015276.35142857,2025-10-31,10232036380.94,6157158911.03,166.18,Normal
2025-10-31,usd,Treasury,711486.96,1,101640.994285714,2025-10-31,10232036380.94,6157158911.03,166.18,Normal
2025-10-31,USD,Corporate Banking,-225199.21,14,-132240.502857143,2025-10-31,10232036380.94,6157158911.03,166.18,Normal
2025-10-31,EUR,Investment Banking,73136.42,14,50488.7328571429,2025-10-31,10232036380.94,6157158911.03,166.18,Normal
2025-10-31,aud,Retail Banking,67573.22,1,19353.2971428571,2025-10-31,10232036380.94,6157158911.03,166.18,Normal
2025-10-31,USD,Markets,-1097773.18,14,-585174.658571429,2025-10-31,10232036380.94,6157158911.03,166.18,Normal
2025-10-31,INR,Treasury,-670640.74,16,-449849.955714286,2025-10-31,10232036380.94,6157158911.03,166.18,Normal
2025-10-31,USD,Retail Banking,7339.14,12,-28453.0414285714,2025-10-31,10232036380.94,6157158911.03,166.18,Normal
2025-10-31,CHF,Treasury,1722657.58,18,140467.812857143,2025-10-31,10232036380.94,6157158911.03,166.18,Normal
2025-10-31,CAD,Corporate Banking,606723.01,13,7174.85142857144,2025-10-31,10232036380.94,6157158911.03,166.18,Normal
2025-10-31,JPY,Retail Banking,-115946.59,6,-45304.32,2025-10-31,10232036380.94,6157158911.03,166.18,Normal
2025-10-31,inr,Investment Banking,50783.84,1,7254.83428571429,2025-10-31,10232036380.94,6157158911.03,166.18,Normal
2025-10-31,JPY,Investment Banking,122095.76,12,-57690.88,2025-10-31,10232036380.94,6157158911.03,166.18,Normal
2025-10-31,AUD,Markets,-163885.97,13,-838851.568571429,2025-10-31,10232036380.94,6157158911.03,166.18,Normal
2025-10-31,EUR,Corporate Banking,-73837.08,4,-26213.5871428571,2025-10-31,10232036380.94,6157158911.03,166.18,Normal
2025-10-31,USD,Treasury,435186.81,21,-555222.855714286,2025-10-31,10232036380.94,6157158911.03,166.18,Normal
2025-10-31,CHF,Retail Banking,491637,10,109409.537142857,2025-10-31,10232036380.94,6157158911.03,166.18,Normal
2025-10-31,CAD,Markets,2091283.71,18,177303.725714286,2025-10-31,10232036380.94,6157158911.03,166.18,Normal
2025-10-31,CAD,Treasury,533966.28,8,402533.465714286,2025-10-31,10232036380.94,6157158911.03,166.18,Normal
2025-10-31,USD,Investment Banking,206448.79,7,-58059.4085714286,2025-10-31,10232036380.94,6157158911.03,166.18,Normal
2025-10-31,INR,Investment Banking,-367969.47,9,-40230.9585714286,2025-10-31,10232036380.94,6157158911.03,166.18,Normal
2025-10-31,GBP,Treasury,1543666.6,18,340148.667142857,2025-10-31,10232036380.94,6157158911.03,166.18,Normal
2025-10-31,EUR,Treasury,1476395.04,10,-152338.104285714,2025-10-31,10232036380.94,6157158911.03,166.18,Normal
2025-10-31,aud,Treasury,10483.73,1,65281.3114285714,2025-10-31,10232036380.94,6157158911.03,166.18,Normal
2025-10-31,JPY,Markets,1290889.16,13,497308.702857143,2025-10-31,10232036380.94,6157158911.03,166.18,Normal
2025-10-31,CHF,Markets,4718063.99,13,877464.865714286,2025-10-31,10232036380.94,6157158911.03,166.18,Normal
2025-10-31,eur,Corporate Banking,7786.97,1,1112.42428571429,2025-10-31,10232036380.94,6157158911.03,166.18,Normal
2025-10-31,EUR,Markets,-714511.48,18,-423809.582857143,2025-10-31,10232036380.94,6157158911.03,166.18,Normal
2025-10-31,cad,Corporate Banking,-12194.28,1,11463.0985714286,2025-10-31,10232036380.94,6157158911.03,166.18,Normal
2025-10-31,aud,Markets,-210800.06,1,-17629.0785714286,2025-10-31,10232036380.94,6157158911.03,166.18,Normal
2025-10-31,AUD,Corporate Banking,-213037.34,14,-63096.2471428571,2025-10-31,10232036380.94,6157158911.03,166.18,Normal
2025-10-31,AUD,Treasury,-2911173.42,10,-1470678.02428571,2025-10-31,10232036380.94,6157158911.03,166.18,Normal
2025-10-31,gbp,Retail Banking,12219.31,1,1745.61571428571,2025-10-31,10232036380.94,6157158911.03,166.18,Normal
2025-10-31,JPY,Corporate Banking,-273349.7,15,26027.7242857143,2025-10-31,10232036380.94,6157158911.03,166.18,Normal
2025-10-31,eur,Retail Banking,-59953.83,1,-8564.83285714286,2025-10-31,10232036380.94,6157158911.03,166.18,Normal
2025-10-31,usd,Markets,-110927.4,1,-59275.7342857143,2025-10-31,10232036380.94,6157158911.03,166.18,Normal
2025-10-31,CHF,Investment Banking,-79186.79,6,-36725.6771428571,2025-10-31,10232036380.94,6157158911.03,166.18,Normal
2025-12-14,jpy,Investment Banking,9329.12,1,-19144.7657142857,2025-12-14,11477628013.86,7348130506.67,156.2,Normal
2025-12-14,INR,Corporate Banking,-216157.35,8,-39798.7242857143,2025-12-14,11477628013.86,7348130506.67,156.2,Normal
2025-12-14,usd,Investment Banking,-47481.2,1,-2309.59285714286,2025-12-14,11477628013.86,7348130506.67,156.2,Normal
2025-12-14,GBP,Investment Banking,87496,10,-26580.0728571429,2025-12-14,11477628013.86,7348130506.67,156.2,Normal
2025-12-14,inr,Markets,-223666.3,1,-37782.6385714286,2025-12-14,11477628013.86,7348130506.67,156.2,Normal
2025-12-14,JPY,Treasury,6323165.35,21,177117.537142857,2025-12-14,11477628013.86,7348130506.67,156.2,Normal
2025-12-14,GBP,Corporate Banking,-59950.21,12,121096.037142857,2025-12-14,11477628013.86,7348130506.67,156.2,Normal
2025-12-14,CAD,Investment Banking,-159261.73,8,-61662.9514285714,2025-12-14,11477628013.86,7348130506.67,156.2,Normal
2025-12-14,INR,Markets,235208.7,11,28747.3899999999,2025-12-14,11477628013.86,7348130506.67,156.2,Normal
2025-12-14,GBP,Retail Banking,-64438.6,9,-15386.8042857143,2025-12-14,11477628013.86,7348130506.67,156.2,Normal
2025-12-14,AUD,Investment Banking,10289,4,-66509.09,2025-12-14,11477628013.86,7348130506.67,156.2,Normal
2025-12-14,AUD,Retail Banking,32803.32,14,-47003.8485714286,2025-12-14,11477628013.86,7348130506.67,156.2,Normal
2025-12-14,EUR,Retail Banking,73646.42,9,-63064.3514285714,2025-12-14,11477628013.86,7348130506.67,156.2,Normal
2025-12-14,CAD,Retail Banking,11819.85,11,-11736.3485714285,2025-12-14,11477628013.86,7348130506.67,156.2,Normal
2025-12-14,INR,Retail Banking,-188275.71,11,5971.17428571429,2025-12-14,11477628013.86,7348130506.67,156.2,Normal
2025-12-14,CHF,Corporate Banking,521544.89,14,100595.684285714,2025-12-14,11477628013.86,7348130506.67,156.2,Normal
2025-12-14,GBP,Markets,1413040.84,15,268151.297142857,2025-12-14,11477628013.86,7348130506.67,156.2,Normal
2025-12-14,usd,Treasury,-177250.05,1,-283596.43,2025-12-14,11477628013.86,7348130506.67,156.2,Normal
2025-12-14,USD,Corporate Banking,-142605.4,10,-8061.95571428571,2025-12-14,11477628013.86,7348130506.67,156.2,Normal
2025-12-14,EUR,Investment Banking,-17335.26,10,33861.4171428571,2025-12-14,11477628013.86,7348130506.67,156.2,Normal
2025-12-14,USD,Markets,-1503996.05,17,-538724.788571429,2025-12-14,11477628013.86,7348130506.67,156.2,Normal
2025-12-14,INR,Treasury,884060.64,12,-457857.618571429,2025-12-14,11477628013.86,7348130506.67,156.2,Normal
2025-12-14,USD,Retail Banking,24740.98,8,25949.19,2025-12-14,11477628013.86,7348130506.67,156.2,Normal
2025-12-14,CHF,Treasury,-1031830.78,11,-463773.481428571,2025-12-14,11477628013.86,7348130506.67,156.2,Normal
2025-12-14,CAD,Corporate Banking,71412.14,9,44889.8685714286,2025-12-14,11477628013.86,7348130506.67,156.2,Normal
2025-12-14,JPY,Retail Banking,-99218.95,8,-31426.4085714286,2025-12-14,11477628013.86,7348130506.67,156.2,Normal
2025-12-14,inr,Investment Banking,8267.22,1,-12161.1971428571,2025-12-14,11477628013.86,7348130506.67,156.2,Normal
2025-12-14,JPY,Investment Banking,149760.48,11,47950.4971428571,2025-12-14,11477628013.86,7348130506.67,156.2,Normal
2025-12-14,AUD,Markets,-68902.37,12,93480.5714285715,2025-12-14,11477628013.86,7348130506.67,156.2,Normal
2025-12-14,EUR,Corporate Banking,-353510.17,18,47113.0514285714,2025-12-14,11477628013.86,7348130506.67,156.2,Normal
2025-12-14,USD,Treasury,-1087450.01,11,-504449.3,2025-12-14,11477628013.86,7348130506.67,156.2,Normal
2025-12-14,CHF,Retail Banking,121338.1,6,-35704.1957142857,2025-12-14,11477628013.86,7348130506.67,156.2,Normal
2025-12-14,usd,Corporate Banking,-23992.87,1,-11329.9814285714,2025-12-14,11477628013.86,7348130506.67,156.2,Normal
2025-12-14,CAD,Markets,-1037294.79,18,-284288.282857143,2025-12-14,11477628013.86,7348130506.67,156.2,Normal
2025-12-14,chf,Corporate Banking,-18849.56,1,137.778571428571,2025-12-14,11477628013.86,7348130506.67,156.2,Normal
2025-12-14,CAD,Treasury,2152455.82,19,-359647.354285714,2025-12-14,11477628013.86,7348130506.67,156.2,Normal
2025-12-14,USD,Investment Banking,25597.09,10,31643.5028571429,2025-12-14,11477628013.86,7348130506.67,156.2,Normal
2025-12-14,aud,Investment Banking,243145.31,1,34890.9442857143,2025-12-14,11477628013.86,7348130506.67,156.2,Normal
2025-12-14,INR,Investment Banking,-98483,15,-124909.167142857,2025-12-14,11477628013.86,7348130506.67,156.2,Normal
2025-12-14,GBP,Treasury,3954213.78,12,-157263.295714286,2025-12-14,11477628013.86,7348130506.67,156.2,Normal
2025-12-14,EUR,Treasury,3141104.13,18,579506.102857143,2025-12-14,11477628013.86,7348130506.67,156.2,Normal
2025-12-14,JPY,Markets,2118286.78,12,-48355.0000000001,2025-12-14,11477628013.86,7348130506.67,156.2,Normal
2025-12-14,CHF,Markets,-112785.09,17,290906.987142857,2025-12-14,11477628013.86,7348130506.67,156.2,Normal
2025-12-14,EUR,Markets,-1804758.31,15,-205025.941428571,2025-12-14,11477628013.86,7348130506.67,156.2,Normal
2025-12-14,AUD,Corporate Banking,99281.34,15,14630.7371428571,2025-12-14,11477628013.86,7348130506.67,156.2,Normal
2025-12-14,AUD,Treasury,-2055160.91,27,-926240.022857143,2025-12-14,11477628013.86,7348130506.67,156.2,Normal
2025-12-14,gbp,Retail Banking,-7811.87,2,-93128.5614285714,2025-12-14,11477628013.86,7348130506.67,156.2,Normal
2025-12-14,JPY,Corporate Banking,-284067.38,13,15954.2114285714,2025-12-14,11477628013.86,7348130506.67,156.2,Normal
2025-12-14,CHF,Investment Banking,-262325.61,6,-22867.8028571429,2025-12-14,11477628013.86,7348130506.67,156.2,Normal
2026-02-15,INR,Corporate Banking,107252.25,10,-98270.79,2026-02-15,8979575072.99,7396912418.98,121.4,Normal
2026-02-15,jpy,Markets,-101086.84,1,51931.1114285714,2026-02-15,8979575072.99,7396912418.98,121.4,Normal
2026-02-15,GBP,Investment Banking,80678.05,9,42034.6142857143,2026-02-15,8979575072.99,7396912418.98,121.4,Normal
2026-02-15,inr,Markets,-1652536.01,1,-235923.881428571,2026-02-15,8979575072.99,7396912418.98,121.4,Normal
2026-02-15,JPY,Treasury,-1470184.71,15,-1469553.9,2026-02-15,8979575072.99,7396912418.98,121.4,Normal
2026-02-15,GBP,Corporate Banking,-154395.84,8,-31917.4942857143,2026-02-15,8979575072.99,7396912418.98,121.4,Normal
2026-02-15,jpy,Retail Banking,26777.48,1,-34050.8771428571,2026-02-15,8979575072.99,7396912418.98,121.4,Normal
2026-02-15,CAD,Investment Banking,-185368.67,7,-148959.18,2026-02-15,8979575072.99,7396912418.98,121.4,Normal
2026-02-15,INR,Markets,3516636.21,15,-2123756.98285714,2026-02-15,8979575072.99,7396912418.98,121.4,Normal
2026-02-15,GBP,Retail Banking,-123917.9,13,-124911.415714286,2026-02-15,8979575072.99,7396912418.98,121.4,Normal
2026-02-15,AUD,Investment Banking,-262919.91,10,-216289.102857143,2026-02-15,8979575072.99,7396912418.98,121.4,Normal
2026-02-15,AUD,Retail Banking,205972.53,8,-25805.4085714286,2026-02-15,8979575072.99,7396912418.98,121.4,Normal
2026-02-15,EUR,Retail Banking,177693.31,6,-4549.82142857143,2026-02-15,8979575072.99,7396912418.98,121.4,Normal
2026-02-15,CAD,Retail Banking,-445137.3,4,-112724.357142857,2026-02-15,8979575072.99,7396912418.98,121.4,Normal
2026-02-15,INR,Retail Banking,9975.1,1,-293251.265714286,2026-02-15,8979575072.99,7396912418.98,121.4,Normal
2026-02-15,CHF,Corporate Banking,-51726.99,12,-19253.4071428571,2026-02-15,8979575072.99,7396912418.98,121.4,Normal
2026-02-15,GBP,Markets,1660481.41,17,-2248485.63428571,2026-02-15,8979575072.99,7396912418.98,121.4,Normal
2026-02-15,USD,Corporate Banking,-96931.9,8,3133.98857142858,2026-02-15,8979575072.99,7396912418.98,121.4,Normal
2026-02-15,EUR,Investment Banking,76257.4,15,27577.1271428571,2026-02-15,8979575072.99,7396912418.98,121.4,Normal
2026-02-15,USD,Markets,-2513547.76,19,-1170666.04285714,2026-02-15,8979575072.99,7396912418.98,121.4,Normal
2026-02-15,INR,Treasury,-990022.31,13,-613117.752857143,2026-02-15,8979575072.99,7396912418.98,121.4,Normal
2026-02-15,USD,Retail Banking,-664672.37,17,-209824.65,2026-02-15,8979575072.99,7396912418.98,121.4,Normal
2026-02-15,chf,Treasury,522624.98,2,118538.07,2026-02-15,8979575072.99,7396912418.98,121.4,Normal
2026-02-15,CHF,Treasury,-1453187.8,23,-1188800.32,2026-02-15,8979575072.99,7396912418.98,121.4,Normal
2026-02-15,CAD,Corporate Banking,-26947.79,10,-77543.8971428571,2026-02-15,8979575072.99,7396912418.98,121.4,Normal
2026-02-15,JPY,Retail Banking,371771.99,11,-64546.7671428572,2026-02-15,8979575072.99,7396912418.98,121.4,Normal
2026-02-15,JPY,Investment Banking,-390927.41,13,-128424.201428571,2026-02-15,8979575072.99,7396912418.98,121.4,Normal
2026-02-15,AUD,Markets,7839228.38,20,1098053.30857143,2026-02-15,8979575072.99,7396912418.98,121.4,Normal
2026-02-15,EUR,Corporate Banking,1979.99999999998,11,-157419.6,2026-02-15,8979575072.99,7396912418.98,121.4,Normal
2026-02-15,USD,Treasury,217074.26,12,35886.3900000001,2026-02-15,8979575072.99,7396912418.98,121.4,Normal
2026-02-15,CHF,Retail Banking,-155681.71,5,-57089.4757142857,2026-02-15,8979575072.99,7396912418.98,121.4,Normal
2026-02-15,CAD,Markets,-74045.7699999999,10,-710710.531428571,2026-02-15,8979575072.99,7396912418.98,121.4,Normal
2026-02-15,CAD,Treasury,-2760401.78,15,-753839.312857143,2026-02-15,8979575072.99,7396912418.98,121.4,Normal
2026-02-15,USD,Investment Banking,287079.69,16,90646.6714285714,2026-02-15,8979575072.99,7396912418.98,121.4,Normal
2026-02-15,INR,Investment Banking,48754.11,12,-185035.108571429,2026-02-15,8979575072.99,7396912418.98,121.4,Normal
2026-02-15,GBP,Treasury,-585145.4,20,-705180.158571429,2026-02-15,8979575072.99,7396912418.98,121.4,Normal
2026-02-15,EUR,Treasury,1060505.85,16,-692025.598571428,2026-02-15,8979575072.99,7396912418.98,121.4,Normal
2026-02-15,jpy,Corporate Banking,-72143.73,1,-48607.2628571429,2026-02-15,8979575072.99,7396912418.98,121.4,Normal
2026-02-15,aud,Treasury,-100035.66,1,-110236.198571429,2026-02-15,8979575072.99,7396912418.98,121.4,Normal
2026-02-15,JPY,Markets,-1192883.02,13,-184112.704285714,2026-02-15,8979575072.99,7396912418.98,121.4,Normal
2026-02-15,CHF,Markets,789888.72,15,-809279.197142857,2026-02-15,8979575072.99,7396912418.98,121.4,Normal
2026-02-15,usd,Retail Banking,-20786.3,1,26548.9314285714,2026-02-15,8979575072.99,7396912418.98,121.4,Normal
2026-02-15,EUR,Markets,-864638.31,19,-1685742.69571429,2026-02-15,8979575072.99,7396912418.98,121.4,Normal
2026-02-15,cad,Corporate Banking,-10363.4,1,8984.5,2026-02-15,8979575072.99,7396912418.98,121.4,Normal
2026-02-15,AUD,Corporate Banking,-97499.12,10,39465.4485714286,2026-02-15,8979575072.99,7396912418.98,121.4,Normal
2026-02-15,eur,Treasury,-264159.16,1,56919.6757142857,2026-02-15,8979575072.99,7396912418.98,121.4,Normal
2026-02-15,AUD,Treasury,1364666.68,16,-253498.188571429,2026-02-15,8979575072.99,7396912418.98,121.4,Normal
2026-02-15,JPY,Corporate Banking,249664.53,11,80676.6185714286,2026-02-15,8979575072.99,7396912418.98,121.4,Normal
2026-02-15,eur,Retail Banking,-3357.54,1,-10192.25,2026-02-15,8979575072.99,7396912418.98,121.4,Normal
2026-02-15,usd,Markets,-304410.65,1,-178311.325714286,2026-02-15,8979575072.99,7396912418.98,121.4,Normal
2026-02-15,CHF,Investment Banking,-53438.42,12,-25613.6128571429,2026-02-15,8979575072.99,7396912418.98,121.4,Normal
2026-01-13,INR,Corporate Banking,38992.04,8,-124.869999999996,2026-01-13,11183150111.83,6466050548.27,172.95,Normal
2026-01-13,GBP,Investment Banking,-94694.36,4,-119696.06,2026-01-13,11183150111.83,6466050548.27,172.95,Normal
2026-01-13,JPY,Treasury,-5162965.74,25,-658257.534285714,2026-01-13,11183150111.83,6466050548.27,172.95,Normal
2026-01-13,GBP,Corporate Banking,114023.31,12,72207.0814285714,2026-01-13,11183150111.83,6466050548.27,172.95,Normal
2026-01-13,gbp,Treasury,596201.81,1,-27012.4785714286,2026-01-13,11183150111.83,6466050548.27,172.95,Normal
2026-01-13,aud,Corporate Banking,7939.6,1,9421.31714285714,2026-01-13,11183150111.83,6466050548.27,172.95,Normal
2026-01-13,CAD,Investment Banking,-156779.44,13,-37925.8257142857,2026-01-13,11183150111.83,6466050548.27,172.95,Normal
2026-01-13,INR,Markets,-2039448.25,22,-52196.32,2026-01-13,11183150111.83,6466050548.27,172.95,Normal
2026-01-13,GBP,Retail Banking,386549.78,7,25682.9471428571,2026-01-13,11183150111.83,6466050548.27,172.95,Normal
2026-01-13,AUD,Investment Banking,-36802.96,11,10837.3171428571,2026-01-13,11183150111.83,6466050548.27,172.95,Normal
2026-01-13,AUD,Retail Banking,-45137.66,10,-50030.8171428571,2026-01-13,11183150111.83,6466050548.27,172.95,Normal
2026-01-13,EUR,Retail Banking,226189.38,12,31336.4528571429,2026-01-13,11183150111.83,6466050548.27,172.95,Normal
2026-01-13,CAD,Retail Banking,69112.24,5,17398.4457142857,2026-01-13,11183150111.83,6466050548.27,172.95,Normal
2026-01-13,INR,Retail Banking,54597.83,6,11271.5485714286,2026-01-13,11183150111.83,6466050548.27,172.95,Normal
2026-01-13,CHF,Corporate Banking,278694.71,9,88445.86,2026-01-13,11183150111.83,6466050548.27,172.95,Normal
2026-01-13,GBP,Markets,-1560440.22,13,-969827.27,2026-01-13,11183150111.83,6466050548.27,172.95,Normal
2026-01-13,USD,Corporate Banking,-10406.55,7,45470.1542857143,2026-01-13,11183150111.83,6466050548.27,172.95,Normal
2026-01-13,EUR,Investment Banking,228425.7,17,-13464.7014285714,2026-01-13,11183150111.83,6466050548.27,172.95,Normal
2026-01-13,chf,Markets,49704.04,1,-126579.722857143,2026-01-13,11183150111.83,6466050548.27,172.95,Normal
2026-01-13,USD,Markets,-1478305.58,19,-348605.851428572,2026-01-13,11183150111.83,6466050548.27,172.95,Normal
2026-01-13,INR,Treasury,1185067.55,14,-921202.721428572,2026-01-13,11183150111.83,6466050548.27,172.95,Normal
2026-01-13,USD,Retail Banking,-107489.7,10,-115302.014285714,2026-01-13,11183150111.83,6466050548.27,172.95,Normal
2026-01-13,gbp,Corporate Banking,21885.93,1,-3418.44285714286,2026-01-13,11183150111.83,6466050548.27,172.95,Normal
2026-01-13,CHF,Treasury,332156.45,13,-462556.822857143,2026-01-13,11183150111.83,6466050548.27,172.95,Normal
2026-01-13,CAD,Corporate Banking,-465040.15,15,-19366.3385714286,2026-01-13,11183150111.83,6466050548.27,172.95,Normal
2026-01-13,JPY,Retail Banking,-53324.51,6,-30484.8814285714,2026-01-13,11183150111.83,6466050548.27,172.95,Normal
2026-01-13,JPY,Investment Banking,14506.44,12,-62917.4414285714,2026-01-13,11183150111.83,6466050548.27,172.95,Normal
2026-01-13,AUD,Markets,-2847317.79,10,116968.98,2026-01-13,11183150111.83,6466050548.27,172.95,Normal
2026-01-13,EUR,Corporate Banking,-168584.3,10,-180594.645714286,2026-01-13,11183150111.83,6466050548.27,172.95,Normal
2026-01-13,USD,Treasury,629966.99,14,845749.281428572,2026-01-13,11183150111.83,6466050548.27,172.95,Normal
2026-01-13,CHF,Retail Banking,122269.02,12,60285.9814285714,2026-01-13,11183150111.83,6466050548.27,172.95,Normal
2026-01-13,usd,Corporate Banking,44248.95,1,-7063.70714285715,2026-01-13,11183150111.83,6466050548.27,172.95,Normal
2026-01-13,CAD,Markets,4151456.68,23,-931530.925714286,2026-01-13,11183150111.83,6466050548.27,172.95,Normal
2026-01-13,CAD,Treasury,-666181.52,8,-333164.595714286,2026-01-13,11183150111.83,6466050548.27,172.95,Normal
2026-01-13,USD,Investment Banking,-244288.21,7,-101887.504285714,2026-01-13,11183150111.83,6466050548.27,172.95,Normal
2026-01-13,INR,Investment Banking,-322754.94,11,14091.9771428571,2026-01-13,11183150111.83,6466050548.27,172.95,Normal
2026-01-13,GBP,Treasury,236421.8,17,-1283944.39285714,2026-01-13,11183150111.83,6466050548.27,172.95,Normal
2026-01-13,EUR,Treasury,896386.63,19,-448448.97,2026-01-13,11183150111.83,6466050548.27,172.95,Normal
2026-01-13,JPY,Markets,1081639.94,14,30521.007142857,2026-01-13,11183150111.83,6466050548.27,172.95,Normal
2026-01-13,CHF,Markets,1485316.55,10,114344.3,2026-01-13,11183150111.83,6466050548.27,172.95,Normal
2026-01-13,EUR,Markets,-414393.44,14,-76669.7314285713,2026-01-13,11183150111.83,6466050548.27,172.95,Normal
2026-01-13,AUD,Corporate Banking,-203685.55,11,27354.5642857143,2026-01-13,11183150111.83,6466050548.27,172.95,Normal
2026-01-13,AUD,Treasury,1026079.8,15,931320.817142857,2026-01-13,11183150111.83,6466050548.27,172.95,Normal
2026-01-13,JPY,Corporate Banking,-68831.44,6,-92290.4628571429,2026-01-13,11183150111.83,6466050548.27,172.95,Normal
2026-01-13,CHF,Investment Banking,150629.75,12,-14887.4342857143,2026-01-13,11183150111.83,6466050548.27,172.95,Normal
2026-02-10,INR,Corporate Banking,-23130.67,4,7465.72857142858,2026-02-10,10263189913.97,7520214229.29,136.47,Normal
2026-02-10,GBP,Investment Banking,-49875.69,8,179979.212857143,2026-02-10,10263189913.97,7520214229.29,136.47,Normal
2026-02-10,inr,Markets,130512.03,1,-17305.3028571429,2026-02-10,10263189913.97,7520214229.29,136.47,Normal
2026-02-10,JPY,Treasury,-3213659.4,12,31299.9771428572,2026-02-10,10263189913.97,7520214229.29,136.47,Normal
2026-02-10,GBP,Corporate Banking,-25387.01,9,4511.98714285714,2026-02-10,10263189913.97,7520214229.29,136.47,Normal
2026-02-10,gbp,Markets,-174829.46,1,-169571.774285714,2026-02-10,10263189913.97,7520214229.29,136.47,Normal
2026-02-10,jpy,Treasury,-189456.7,1,-168714.888571429,2026-02-10,10263189913.97,7520214229.29,136.47,Normal
2026-02-10,CAD,Investment Banking,24840.4,8,-11879.7742857143,2026-02-10,10263189913.97,7520214229.29,136.47,Normal
2026-02-10,INR,Markets,-1100761.96,17,-1134152.87857143,2026-02-10,10263189913.97,7520214229.29,136.47,Normal
2026-02-10,GBP,Retail Banking,107981.59,11,8348.7,2026-02-10,10263189913.97,7520214229.29,136.47,Normal
2026-02-10,AUD,Investment Banking,-157022.36,14,-73485.0857142857,2026-02-10,10263189913.97,7520214229.29,136.47,Normal
2026-02-10,AUD,Retail Banking,-41847.1,9,51968.0828571429,2026-02-10,10263189913.97,7520214229.29,136.47,Normal
2026-02-10,EUR,Retail Banking,-72185.7,6,-65007.7942857143,2026-02-10,10263189913.97,7520214229.29,136.47,Normal
2026-02-10,cad,Retail Banking,-25451.67,2,-13545.3314285714,2026-02-10,10263189913.97,7520214229.29,136.47,Normal
2026-02-10,CAD,Retail Banking,211375.14,11,4639.86428571428,2026-02-10,10263189913.97,7520214229.29,136.47,Normal
2026-02-10,INR,Retail Banking,-48315.56,9,-39111.3414285714,2026-02-10,10263189913.97,7520214229.29,136.47,Normal
2026-02-10,CHF,Corporate Banking,174767.63,13,-34601.4385714286,2026-02-10,10263189913.97,7520214229.29,136.47,Normal
2026-02-10,GBP,Markets,-399179.74,15,-189100.158571429,2026-02-10,10263189913.97,7520214229.29,136.47,Normal
2026-02-10,USD,Corporate Banking,18726.85,8,-14117.5957142857,2026-02-10,10263189913.97,7520214229.29,136.47,Normal
2026-02-10,EUR,Investment Banking,81448.2,13,-73340.3228571429,2026-02-10,10263189913.97,7520214229.29,136.47,Normal
2026-02-10,USD,Markets,2512889.74,19,-448176.165714286,2026-02-10,10263189913.97,7520214229.29,136.47,Normal
2026-02-10,inr,Treasury,47015.82,1,-20960.5314285714,2026-02-10,10263189913.97,7520214229.29,136.47,Normal
2026-02-10,INR,Treasury,-488140.32,20,290105.12,2026-02-10,10263189913.97,7520214229.29,136.47,Normal
2026-02-10,USD,Retail Banking,93277.73,5,-51959.5071428571,2026-02-10,10263189913.97,7520214229.29,136.47,Normal
2026-02-10,CHF,Treasury,-2305898.82,15,197719.732857143,2026-02-10,10263189913.97,7520214229.29,136.47,Normal
2026-02-10,CAD,Corporate Banking,-129321.96,13,-29392.7742857143,2026-02-10,10263189913.97,7520214229.29,136.47,Normal
2026-02-10,JPY,Retail Banking,-253856.26,10,-89469.1742857143,2026-02-10,10263189913.97,7520214229.29,136.47,Normal
2026-02-10,JPY,Investment Banking,28916.12,13,-45559.4214285714,2026-02-10,10263189913.97,7520214229.29,136.47,Normal
2026-02-10,AUD,Markets,251952.86,12,232531.025714286,2026-02-10,10263189913.97,7520214229.29,136.47,Normal
2026-02-10,EUR,Corporate Banking,207216.97,9,22778.4485714286,2026-02-10,10263189913.97,7520214229.29,136.47,Normal
2026-02-10,USD,Treasury,1434162.61,15,463002.804285714,2026-02-10,10263189913.97,7520214229.29,136.47,Normal
2026-02-10,CHF,Retail Banking,120848.07,13,75053.4514285715,2026-02-10,10263189913.97,7520214229.29,136.47,Normal
2026-02-10,CAD,Markets,-2554251.44,8,275563.651428572,2026-02-10,10263189913.97,7520214229.29,136.47,Normal
2026-02-10,CAD,Treasury,2100818.04,19,-380037.917142857,2026-02-10,10263189913.97,7520214229.29,136.47,Normal
2026-02-10,USD,Investment Banking,229983.29,8,-14697.1871428571,2026-02-10,10263189913.97,7520214229.29,136.47,Normal
2026-02-10,INR,Investment Banking,11552.84,11,10164.5685714286,2026-02-10,10263189913.97,7520214229.29,136.47,Normal
2026-02-10,GBP,Treasury,-2029493.58,14,344104.084285714,2026-02-10,10263189913.97,7520214229.29,136.47,Normal
2026-02-10,EUR,Treasury,-2804508.55,14,-1134621.21571429,2026-02-10,10263189913.97,7520214229.29,136.47,Normal
2026-02-10,aud,Treasury,-51593.54,1,-42515.8442857143,2026-02-10,10263189913.97,7520214229.29,136.47,Normal
2026-02-10,JPY,Markets,1674366.46,20,-299420.637142857,2026-02-10,10263189913.97,7520214229.29,136.47,Normal
2026-02-10,CHF,Markets,-2688492.63,12,-458660.59,2026-02-10,10263189913.97,7520214229.29,136.47,Normal
2026-02-10,EUR,Markets,-1335971.19,28,-709958.092857143,2026-02-10,10263189913.97,7520214229.29,136.47,Normal
2026-02-10,AUD,Corporate Banking,7780.58,12,-70299.5728571429,2026-02-10,10263189913.97,7520214229.29,136.47,Normal
2026-02-10,AUD,Treasury,-815379.16,13,-523157.514285714,2026-02-10,10263189913.97,7520214229.29,136.47,Normal
2026-02-10,JPY,Corporate Banking,420904.41,14,-7013.05142857142,2026-02-10,10263189913.97,7520214229.29,136.47,Normal
2026-02-10,CHF,Investment Banking,-50781.63,10,12108.2428571429,2026-02-10,10263189913.97,7520214229.29,136.47,Normal
2026-01-10,INR,Corporate Banking,-34481.73,8,-51385.8957142857,2026-01-10,10401364738.97,7137661961.8,145.73,Normal
2026-01-10,GBP,Investment Banking,-90205.27,6,-63524.4485714286,2026-01-10,10401364738.97,7137661961.8,145.73,Normal
2026-01-10,JPY,Treasury,1118005.52,13,-41759.6242857142,2026-01-10,10401364738.97,7137661961.8,145.73,Normal
2026-01-10,GBP,Corporate Banking,622296.08,13,171760.457142857,2026-01-10,10401364738.97,7137661961.8,145.73,Normal
2026-01-10,gbp,Markets,175495.25,1,13353.8971428571,2026-01-10,10401364738.97,7137661961.8,145.73,Normal
2026-01-10,CAD,Investment Banking,250157.71,11,29227.1228571429,2026-01-10,10401364738.97,7137661961.8,145.73,Normal
2026-01-10,INR,Markets,-2923968.34,18,446081.147142857,2026-01-10,10401364738.97,7137661961.8,145.73,Normal
2026-01-10,GBP,Retail Banking,65540.92,15,29123.94,2026-01-10,10401364738.97,7137661961.8,145.73,Normal
2026-01-10,AUD,Investment Banking,38278.3,6,-165436.085714286,2026-01-10,10401364738.97,7137661961.8,145.73,Normal
2026-01-10,AUD,Retail Banking,-106098.97,8,-93917.4214285714,2026-01-10,10401364738.97,7137661961.8,145.73,Normal
2026-01-10,cad,Markets,-65613.06,1,-58578.7271428571,2026-01-10,10401364738.97,7137661961.8,145.73,Normal
2026-01-10,EUR,Retail Banking,-280628.4,13,-9982.4457142857,2026-01-10,10401364738.97,7137661961.8,145.73,Normal
2026-01-10,CAD,Retail Banking,-92862.79,10,3560.71714285715,2026-01-10,10401364738.97,7137661961.8,145.73,Normal
2026-01-10,INR,Retail Banking,182873.46,7,13261.5314285714,2026-01-10,10401364738.97,7137661961.8,145.73,Normal
2026-01-10,CHF,Corporate Banking,98330.76,13,-20629.5671428572,2026-01-10,10401364738.97,7137661961.8,145.73,Normal
2026-01-10,GBP,Markets,-69926.21,23,-156145.034285714,2026-01-10,10401364738.97,7137661961.8,145.73,Normal
2026-01-10,usd,Treasury,-112755.54,1,-169336.934285714,2026-01-10,10401364738.97,7137661961.8,145.73,Normal
2026-01-10,USD,Corporate Banking,-8893.32,13,32373.0828571429,2026-01-10,10401364738.97,7137661961.8,145.73,Normal
2026-01-10,EUR,Investment Banking,-198195.27,8,-64238.34,2026-01-10,10401364738.97,7137661961.8,145.73,Normal
2026-01-10,chf,Markets,68507.65,1,-125661.401428571,2026-01-10,10401364738.97,7137661961.8,145.73,Normal
2026-01-10,aud,Retail Banking,25217.22,1,10482.49,2026-01-10,10401364738.97,7137661961.8,145.73,Normal
2026-01-10,USD,Markets,-2177328.2,15,-33834.7857142857,2026-01-10,10401364738.97,7137661961.8,145.73,Normal
2026-01-10,cad,Treasury,-43512.56,1,20789.49,2026-01-10,10401364738.97,7137661961.8,145.73,Normal
2026-01-10,cad,Investment Banking,-17275.72,1,4373.27,2026-01-10,10401364738.97,7137661961.8,145.73,Normal
2026-01-10,INR,Treasury,-1802364.16,18,-863371.302857143,2026-01-10,10401364738.97,7137661961.8,145.73,Normal
2026-01-10,USD,Retail Banking,-39904.43,10,-125298.852857143,2026-01-10,10401364738.97,7137661961.8,145.73,Normal
2026-01-10,CHF,Treasury,-1586454.34,15,-550676.334285714,2026-01-10,10401364738.97,7137661961.8,145.73,Normal
2026-01-10,CAD,Corporate Banking,273556.64,8,-9844.34857142858,2026-01-10,10401364738.97,7137661961.8,145.73,Normal
2026-01-10,JPY,Retail Banking,30731.44,10,-25923.6414285714,2026-01-10,10401364738.97,7137661961.8,145.73,Normal
2026-01-10,JPY,Investment Banking,35231.62,13,3341.32714285715,2026-01-10,10401364738.97,7137661961.8,145.73,Normal
2026-01-10,AUD,Markets,2141005.79,10,868965.282857143,2026-01-10,10401364738.97,7137661961.8,145.73,Normal
2026-01-10,EUR,Corporate Banking,-66075.45,12,-125600.66,2026-01-10,10401364738.97,7137661961.8,145.73,Normal
2026-01-10,USD,Treasury,-1070037.14,16,-15489.682857143,2026-01-10,10401364738.97,7137661961.8,145.73,Normal
2026-01-10,eur,Markets,129202.46,1,17227.52,2026-01-10,10401364738.97,7137661961.8,145.73,Normal
2026-01-10,CHF,Retail Banking,271622.41,8,23181.6671428571,2026-01-10,10401364738.97,7137661961.8,145.73,Normal
2026-01-10,CAD,Markets,-3964333.82,15,-2063215.75857143,2026-01-10,10401364738.97,7137661961.8,145.73,Normal
2026-01-10,chf,Retail Banking,6563.15,2,-16014.9042857143,2026-01-10,10401364738.97,7137661961.8,145.73,Normal
2026-01-10,CAD,Treasury,-942578.98,24,-175332.528571429,2026-01-10,10401364738.97,7137661961.8,145.73,Normal
2026-01-10,USD,Investment Banking,174052.2,9,-107799.815714286,2026-01-10,10401364738.97,7137661961.8,145.73,Normal
2026-01-10,INR,Investment Banking,224254.16,16,59155.7271428571,2026-01-10,10401364738.97,7137661961.8,145.73,Normal
2026-01-10,GBP,Treasury,-308860.56,16,-909427.81,2026-01-10,10401364738.97,7137661961.8,145.73,Normal
2026-01-10,EUR,Treasury,-1450274.62,7,-261449.975714286,2026-01-10,10401364738.97,7137661961.8,145.73,Normal
2026-01-10,jpy,Corporate Banking,-90970.66,1,-14279.43,2026-01-10,10401364738.97,7137661961.8,145.73,Normal
2026-01-10,aud,Treasury,4939.18,1,118262.954285714,2026-01-10,10401364738.97,7137661961.8,145.73,Normal
2026-01-10,JPY,Markets,1799530.99,12,245696.031428571,2026-01-10,10401364738.97,7137661961.8,145.73,Normal
2026-01-10,CHF,Markets,2592472.89,21,779514.642857143,2026-01-10,10401364738.97,7137661961.8,145.73,Normal
2026-01-10,EUR,Markets,2658188.34,11,-776637.968571429,2026-01-10,10401364738.97,7137661961.8,145.73,Normal
2026-01-10,AUD,Corporate Banking,393195.43,10,45655.5828571429,2026-01-10,10401364738.97,7137661961.8,145.73,Normal
2026-01-10,AUD,Treasury,962634.88,12,-166141.622857143,2026-01-10,10401364738.97,7137661961.8,145.73,Normal
2026-01-10,JPY,Corporate Banking,-171313.51,9,-115260.681428571,2026-01-10,10401364738.97,7137661961.8,145.73,Normal
2026-01-10,usd,Markets,-111214.84,1,-363730.762857143,2026-01-10,10401364738.97,7137661961.8,145.73,Normal
2026-01-10,CHF,Investment Banking,107257.29,4,-26036.7942857143,2026-01-10,10401364738.97,7137661961.8,145.73,Normal
2026-01-19,INR,Corporate Banking,-10872.72,9,-113829.174285714,2026-01-19,11102804127.93,7064923014.32,157.15,Normal
2026-01-19,GBP,Investment Banking,47462.92,10,-52522.3028571429,2026-01-19,11102804127.93,7064923014.32,157.15,Normal
2026-01-19,JPY,Treasury,-707142.98,15,-1183229.30428571,2026-01-19,11102804127.93,7064923014.32,157.15,Normal
2026-01-19,GBP,Corporate Banking,56808.17,11,28460.1171428571,2026-01-19,11102804127.93,7064923014.32,157.15,Normal
2026-01-19,jpy,Treasury,41549.2,1,30920.3157142857,2026-01-19,11102804127.93,7064923014.32,157.15,Normal
2026-01-19,aud,Corporate Banking,-85143.78,1,-15776.3514285714,2026-01-19,11102804127.93,7064923014.32,157.15,Normal
2026-01-19,CAD,Investment Banking,148785.37,8,-23127.9971428572,2026-01-19,11102804127.93,7064923014.32,157.15,Normal
2026-01-19,INR,Markets,-1594283.67,15,457387.805714286,2026-01-19,11102804127.93,7064923014.32,157.15,Normal
2026-01-19,GBP,Retail Banking,46127.43,8,16734.52,2026-01-19,11102804127.93,7064923014.32,157.15,Normal
2026-01-19,AUD,Investment Banking,-398867.83,15,-63458.0485714286,2026-01-19,11102804127.93,7064923014.32,157.15,Normal
2026-01-19,AUD,Retail Banking,-85935.8,4,-61288.2085714286,2026-01-19,11102804127.93,7064923014.32,157.15,Normal
2026-01-19,EUR,Retail Banking,36008.93,5,133158.431428571,2026-01-19,11102804127.93,7064923014.32,157.15,Normal
2026-01-19,CAD,Retail Banking,86615.04,9,10993.1871428572,2026-01-19,11102804127.93,7064923014.32,157.15,Normal
2026-01-19,INR,Retail Banking,-1150.42000000001,11,-50378.7971428571,2026-01-19,11102804127.93,7064923014.32,157.15,Normal
2026-01-19,CHF,Corporate Banking,-24897.74,13,-65753.6371428572,2026-01-19,11102804127.93,7064923014.32,157.15,Normal
2026-01-19,GBP,Markets,2962958.33,19,434155.14,2026-01-19,11102804127.93,7064923014.32,157.15,Normal
2026-01-19,usd,Treasury,-12103.12,1,-233308.081428571,2026-01-19,11102804127.93,7064923014.32,157.15,Normal
2026-01-19,USD,Corporate Banking,79279.08,14,-78249.9957142857,2026-01-19,11102804127.93,7064923014.32,157.15,Normal
2026-01-19,EUR,Investment Banking,107632.4,9,39479.0628571429,2026-01-19,11102804127.93,7064923014.32,157.15,Normal
2026-01-19,USD,Markets,5186538.22,16,153025.412857143,2026-01-19,11102804127.93,7064923014.32,157.15,Normal
2026-01-19,INR,Treasury,1335852.05,17,-237774.277142857,2026-01-19,11102804127.93,7064923014.32,157.15,Normal
2026-01-19,USD,Retail Banking,-34025.56,13,-106879.138571429,2026-01-19,11102804127.93,7064923014.32,157.15,Normal
2026-01-19,chf,Treasury,417405.02,1,-44772.73,2026-01-19,11102804127.93,7064923014.32,157.15,Normal
2026-01-19,CHF,Treasury,-606743.25,18,167484.421428571,2026-01-19,11102804127.93,7064923014.32,157.15,Normal
2026-01-19,CAD,Corporate Banking,-184741.39,16,-80837.0314285714,2026-01-19,11102804127.93,7064923014.32,157.15,Normal
2026-01-19,JPY,Retail Banking,89904.95,10,164816.112857143,2026-01-19,11102804127.93,7064923014.32,157.15,Normal
2026-01-19,inr,Investment Banking,3980.62,1,29265.47,2026-01-19,11102804127.93,7064923014.32,157.15,Normal
2026-01-19,JPY,Investment Banking,261073.31,19,9484.01571428572,2026-01-19,11102804127.93,7064923014.32,157.15,Normal
2026-01-19,AUD,Markets,-851431.77,19,172999.244285714,2026-01-19,11102804127.93,7064923014.32,157.15,Normal
2026-01-19,EUR,Corporate Banking,-366198.53,12,40417.5428571428,2026-01-19,11102804127.93,7064923014.32,157.15,Normal
2026-01-19,USD,Treasury,2620400.45,15,-449657.731428572,2026-01-19,11102804127.93,7064923014.32,157.15,Normal
2026-01-19,CHF,Retail Banking,178185.67,10,32523.9542857143,2026-01-19,11102804127.93,7064923014.32,157.15,Normal
2026-01-19,CAD,Markets,-822374.71,14,255388.525714286,2026-01-19,11102804127.93,7064923014.32,157.15,Normal
2026-01-19,CAD,Treasury,-278102.29,14,111430.755714286,2026-01-19,11102804127.93,7064923014.32,157.15,Normal
2026-01-19,USD,Investment Banking,-156332.45,13,-76386.9785714286,2026-01-19,11102804127.93,7064923014.32,157.15,Normal
2026-01-19,aud,Investment Banking,-18419.08,1,40125.13,2026-01-19,11102804127.93,7064923014.32,157.15,Normal
2026-01-19,INR,Investment Banking,124221.78,11,-114991.875714286,2026-01-19,11102804127.93,7064923014.32,157.15,Normal
2026-01-19,GBP,Treasury,-149757.51,12,-390524.184285714,2026-01-19,11102804127.93,7064923014.32,157.15,Normal
2026-01-19,EUR,Treasury,-1480057.93,9,133621.061428571,2026-01-19,11102804127.93,7064923014.32,157.15,Normal
2026-01-19,aud,Treasury,74774.41,1,55725.73,2026-01-19,11102804127.93,7064923014.32,157.15,Normal
2026-01-19,JPY,Markets,-116709.11,15,-33439.6899999999,2026-01-19,11102804127.93,7064923014.32,157.15,Normal
2026-01-19,CHF,Markets,-437065.18,12,27764.7257142858,2026-01-19,11102804127.93,7064923014.32,157.15,Normal
2026-01-19,chf,Investment Banking,7391.19,1,13801.6328571429,2026-01-19,11102804127.93,7064923014.32,157.15,Normal
2026-01-19,EUR,Markets,-1412939.83,16,-40746.0942857143,2026-01-19,11102804127.93,7064923014.32,157.15,Normal
2026-01-19,AUD,Corporate Banking,-58991.7,21,-40970.7857142857,2026-01-19,11102804127.93,7064923014.32,157.15,Normal
2026-01-19,eur,Treasury,-158966.35,1,129694.414285714,2026-01-19,11102804127.93,7064923014.32,157.15,Normal
2026-01-19,AUD,Treasury,-246670.65,16,792091.588571428,2026-01-19,11102804127.93,7064923014.32,157.15,Normal
2026-01-19,JPY,Corporate Banking,5661.15,8,23530.0942857143,2026-01-19,11102804127.93,7064923014.32,157.15,Normal
2026-01-19,eur,Retail Banking,48334.98,2,-13504.3414285714,2026-01-19,11102804127.93,7064923014.32,157.15,Normal
2026-01-19,CHF,Investment Banking,89757.53,4,88773.1714285714,2026-01-19,11102804127.93,7064923014.32,157.15,Normal
2026-01-23,INR,Corporate Banking,180760.38,11,-2242.23142857142,2026-01-23,8616397908.98,7423590375.65,116.07,Normal
2026-01-23,jpy,Markets,-70245.27,1,-79087.4785714286,2026-01-23,8616397908.98,7423590375.65,116.07,Normal
2026-01-23,GBP,Investment Banking,102848.79,10,101517.744285714,2026-01-23,8616397908.98,7423590375.65,116.07,Normal
2026-01-23,inr,Markets,-404640.42,1,-15007.2871428571,2026-01-23,8616397908.98,7423590375.65,116.07,Normal
2026-01-23,JPY,Treasury,1392592.48,18,358912.075714286,2026-01-23,8616397908.98,7423590375.65,116.07,Normal
2026-01-23,GBP,Corporate Banking,-188114.74,9,-67405.3428571428,2026-01-23,8616397908.98,7423590375.65,116.07,Normal
2026-01-23,jpy,Treasury,-227209.75,1,-8724.90571428571,2026-01-23,8616397908.98,7423590375.65,116.07,Normal
2026-01-23,aud,Corporate Banking,9599.41,1,-10277.4271428571,2026-01-23,8616397908.98,7423590375.65,116.07,Normal
2026-01-23,CAD,Investment Banking,-208326.38,12,-26636.8271428571,2026-01-23,8616397908.98,7423590375.65,116.07,Normal
2026-01-23,INR,Markets,-546505.1,15,275050.594285714,2026-01-23,8616397908.98,7423590375.65,116.07,Normal
2026-01-23,GBP,Retail Banking,-48618.72,7,-78820.5657142857,2026-01-23,8616397908.98,7423590375.65,116.07,Normal
2026-01-23,AUD,Investment Banking,-93567.92,10,-42974.5985714286,2026-01-23,8616397908.98,7423590375.65,116.07,Normal
2026-01-23,AUD,Retail Banking,-289062.93,12,-33479.5514285714,2026-01-23,8616397908.98,7423590375.65,116.07,Normal
2026-01-23,EUR,Retail Banking,136906.64,4,80814.7442857143,2026-01-23,8616397908.98,7423590375.65,116.07,Normal
2026-01-23,CAD,Retail Banking,272751.69,14,41675.3457142857,2026-01-23,8616397908.98,7423590375.65,116.07,Normal
2026-01-23,INR,Retail Banking,-272335.71,8,22802.8285714286,2026-01-23,8616397908.98,7423590375.65,116.07,Normal
2026-01-23,CHF,Corporate Banking,-148270.26,14,-80999.56,2026-01-23,8616397908.98,7423590375.65,116.07,Normal
2026-01-23,GBP,Markets,-2132021.84,21,422160.03,2026-01-23,8616397908.98,7423590375.65,116.07,Normal
2026-01-23,USD,Corporate Banking,69988.29,9,-45612.85,2026-01-23,8616397908.98,7423590375.65,116.07,Normal
2026-01-23,EUR,Investment Banking,-235859.23,10,-22296.2714285714,2026-01-23,8616397908.98,7423590375.65,116.07,Normal
2026-01-23,chf,Markets,50474.82,2,-25217.0042857143,2026-01-23,8616397908.98,7423590375.65,116.07,Normal
2026-01-23,USD,Markets,2124228.82,16,1326105.02,2026-01-23,8616397908.98,7423590375.65,116.07,Normal
2026-01-23,INR,Treasury,949582.82,12,-33459.0971428572,2026-01-23,8616397908.98,7423590375.65,116.07,Normal
2026-01-23,USD,Retail Banking,217894.54,9,-27314.4928571428,2026-01-23,8616397908.98,7423590375.65,116.07,Normal
2026-01-23,CHF,Treasury,1414125.85,22,-315324.51,2026-01-23,8616397908.98,7423590375.65,116.07,Normal
2026-01-23,CAD,Corporate Banking,-609957.88,13,-147403.317142857,2026-01-23,8616397908.98,7423590375.65,116.07,Normal
2026-01-23,JPY,Retail Banking,102.860000000001,8,-101287.47,2026-01-23,8616397908.98,7423590375.65,116.07,Normal
2026-01-23,JPY,Investment Banking,-85148.39,12,7746.62428571427,2026-01-23,8616397908.98,7423590375.65,116.07,Normal
2026-01-23,AUD,Markets,877751.62,17,592255.505714286,2026-01-23,8616397908.98,7423590375.65,116.07,Normal
2026-01-23,EUR,Corporate Banking,2172.31000000001,10,36353.4342857143,2026-01-23,8616397908.98,7423590375.65,116.07,Normal
2026-01-23,USD,Treasury,-326644.8,23,-291760.751428572,2026-01-23,8616397908.98,7423590375.65,116.07,Normal
2026-01-23,CHF,Retail Banking,71054.1799999999,16,-32945.6857142857,2026-01-23,8616397908.98,7423590375.65,116.07,Normal
2026-01-23,CAD,Markets,-3557755.59,19,98636.2785714286,2026-01-23,8616397908.98,7423590375.65,116.07,Normal
2026-01-23,chf,Retail Banking,-41762.33,2,-12043.7057142857,2026-01-23,8616397908.98,7423590375.65,116.07,Normal
2026-01-23,CAD,Treasury,1229373.68,18,31409.487142857,2026-01-23,8616397908.98,7423590375.65,116.07,Normal
2026-01-23,USD,Investment Banking,-33225.64,7,17261.4957142857,2026-01-23,8616397908.98,7423590375.65,116.07,Normal
2026-01-23,INR,Investment Banking,-599780.88,11,-40744.9442857143,2026-01-23,8616397908.98,7423590375.65,116.07,Normal
2026-01-23,GBP,Treasury,2719681.89,12,565794.35,2026-01-23,8616397908.98,7423590375.65,116.07,Normal
2026-01-23,EUR,Treasury,-1123579.19,11,241824.624285714,2026-01-23,8616397908.98,7423590375.65,116.07,Normal
2026-01-23,jpy,Corporate Banking,-40261.05,1,-49060.5742857143,2026-01-23,8616397908.98,7423590375.65,116.07,Normal
2026-01-23,JPY,Markets,-62901.57,16,445094.567142857,2026-01-23,8616397908.98,7423590375.65,116.07,Normal
2026-01-23,CHF,Markets,-5299596.31,21,-1019317.41857143,2026-01-23,8616397908.98,7423590375.65,116.07,Normal
2026-01-23,chf,Investment Banking,26174.83,2,14696.0242857143,2026-01-23,8616397908.98,7423590375.65,116.07,Normal
2026-01-23,EUR,Markets,-3193239.77,16,-433740.737142857,2026-01-23,8616397908.98,7423590375.65,116.07,Normal
2026-01-23,cad,Corporate Banking,13522.78,1,1979.57714285714,2026-01-23,8616397908.98,7423590375.65,116.07,Normal
2026-01-23,AUD,Corporate Banking,-386310.67,11,-113898.457142857,2026-01-23,8616397908.98,7423590375.65,116.07,Normal
2026-01-23,eur,Treasury,282417.54,1,152553.264285714,2026-01-23,8616397908.98,7423590375.65,116.07,Normal
2026-01-23,AUD,Treasury,-2100742.99,9,-252309.648571429,2026-01-23,8616397908.98,7423590375.65,116.07,Normal
2026-01-23,JPY,Corporate Banking,130024.33,5,29127.8657142857,2026-01-23,8616397908.98,7423590375.65,116.07,Normal
2026-01-23,CHF,Investment Banking,-89193.55,7,-46531.9142857143,2026-01-23,8616397908.98,7423590375.65,116.07,Normal
2026-01-29,INR,Corporate Banking,-45403.29,8,-13594.8185714286,2026-01-29,11476824117.69,6266596843.75,183.14,Normal
2026-01-29,jpy,Markets,78747.03,1,-54526.5214285714,2026-01-29,11476824117.69,6266596843.75,183.14,Normal
2026-01-29,GBP,Investment Banking,115622.09,12,24868.6842857143,2026-01-29,11476824117.69,6266596843.75,183.14,Normal
2026-01-29,inr,Markets,-301667.36,1,-271827.084285714,2026-01-29,11476824117.69,6266596843.75,183.14,Normal
2026-01-29,JPY,Treasury,-103299.36,14,-107589.977142857,2026-01-29,11476824117.69,6266596843.75,183.14,Normal
2026-01-29,GBP,Corporate Banking,22910.72,11,9795.26142857144,2026-01-29,11476824117.69,6266596843.75,183.14,Normal
2026-01-29,gbp,Markets,-49967.8,1,112474.592857143,2026-01-29,11476824117.69,6266596843.75,183.14,Normal
2026-01-29,jpy,Treasury,-179442.15,1,-112311.911428571,2026-01-29,11476824117.69,6266596843.75,183.14,Normal
2026-01-29,aud,Corporate Banking,-77368.07,1,-28603.9071428571,2026-01-29,11476824117.69,6266596843.75,183.14,Normal
2026-01-29,CAD,Investment Banking,-36765.52,9,-83603.09,2026-01-29,11476824117.69,6266596843.75,183.14,Normal
2026-01-29,INR,Markets,109199.54,13,-599385.792857143,2026-01-29,11476824117.69,6266596843.75,183.14,Normal
2026-01-29,GBP,Retail Banking,-51822.94,7,54696.5885714286,2026-01-29,11476824117.69,6266596843.75,183.14,Normal
2026-01-29,AUD,Investment Banking,25939.49,6,-29978.1542857143,2026-01-29,11476824117.69,6266596843.75,183.14,Normal
2026-01-29,AUD,Retail Banking,39719.75,10,-97486.1585714286,2026-01-29,11476824117.69,6266596843.75,183.14,Normal
2026-01-29,EUR,Retail Banking,121365.68,7,85010.8985714286,2026-01-29,11476824117.69,6266596843.75,183.14,Normal
2026-01-29,CAD,Retail Banking,-444270.1,15,-21936.2771428572,2026-01-29,11476824117.69,6266596843.75,183.14,Normal
2026-01-29,INR,Retail Banking,-160850.02,15,-99000.98,2026-01-29,11476824117.69,6266596843.75,183.14,Normal
2026-01-29,CHF,Corporate Banking,-145682.31,14,-91880.1128571429,2026-01-29,11476824117.69,6266596843.75,183.14,Normal
2026-01-29,GBP,Markets,-58351.41,10,81075.5399999999,2026-01-29,11476824117.69,6266596843.75,183.14,Normal
2026-01-29,usd,Treasury,-97347.02,2,-98981.1071428571,2026-01-29,11476824117.69,6266596843.75,183.14,Normal
2026-01-29,USD,Corporate Banking,-25659.24,6,47542.9485714286,2026-01-29,11476824117.69,6266596843.75,183.14,Normal
2026-01-29,EUR,Investment Banking,-70016.25,16,75109.6071428571,2026-01-29,11476824117.69,6266596843.75,183.14,Normal
2026-01-29,chf,Markets,-45044.93,1,894.612857142861,2026-01-29,11476824117.69,6266596843.75,183.14,Normal
2026-01-29,USD,Markets,-2481334.3,18,412077.998571429,2026-01-29,11476824117.69,6266596843.75,183.14,Normal
2026-01-29,inr,Treasury,327705.71,1,48373.0728571429,2026-01-29,11476824117.69,6266596843.75,183.14,Normal
2026-01-29,INR,Treasury,1689707.87,18,141962.39,2026-01-29,11476824117.69,6266596843.75,183.14,Normal
2026-01-29,USD,Retail Banking,93874.89,8,48260.86,2026-01-29,11476824117.69,6266596843.75,183.14,Normal
2026-01-29,gbp,Corporate Banking,20879.26,1,8849.68714285715,2026-01-29,11476824117.69,6266596843.75,183.14,Normal
2026-01-29,CHF,Treasury,-795140.85,17,-424773.368571429,2026-01-29,11476824117.69,6266596843.75,183.14,Normal
2026-01-29,CAD,Corporate Banking,284242.82,10,-14724.8585714286,2026-01-29,11476824117.69,6266596843.75,183.14,Normal
2026-01-29,JPY,Retail Banking,520605.71,14,5614.56428571428,2026-01-29,11476824117.69,6266596843.75,183.14,Normal
2026-01-29,inr,Investment Banking,33394.1,1,10056.1528571429,2026-01-29,11476824117.69,6266596843.75,183.14,Normal
2026-01-29,JPY,Investment Banking,64912.46,5,-8623.34285714286,2026-01-29,11476824117.69,6266596843.75,183.14,Normal
2026-01-29,AUD,Markets,-2094905.85,18,-176118.477142857,2026-01-29,11476824117.69,6266596843.75,183.14,Normal
2026-01-29,EUR,Corporate Banking,170127.83,7,-1387.94714285714,2026-01-29,11476824117.69,6266596843.75,183.14,Normal
2026-01-29,USD,Treasury,-869458.07,6,-861382.03,2026-01-29,11476824117.69,6266596843.75,183.14,Normal
2026-01-29,CHF,Retail Banking,-28304.6,15,32640.1814285714,2026-01-29,11476824117.69,6266596843.75,183.14,Normal
2026-01-29,CAD,Markets,3169099.62,12,-90583.7499999999,2026-01-29,11476824117.69,6266596843.75,183.14,Normal
2026-01-29,chf,Corporate Banking,-7825.47,1,25214.3928571429,2026-01-29,11476824117.69,6266596843.75,183.14,Normal
2026-01-29,CAD,Treasury,110166.77,22,402297.512857143,2026-01-29,11476824117.69,6266596843.75,183.14,Normal
2026-01-29,USD,Investment Banking,119252.12,6,-637.287142857143,2026-01-29,11476824117.69,6266596843.75,183.14,Normal
2026-01-29,INR,Investment Banking,-424560.95,11,-266171.964285714,2026-01-29,11476824117.69,6266596843.75,183.14,Normal
2026-01-29,GBP,Treasury,1832210.54,10,1197066.50714286,2026-01-29,11476824117.69,6266596843.75,183.14,Normal
2026-01-29,EUR,Treasury,4735269.65,24,142095.801428571,2026-01-29,11476824117.69,6266596843.75,183.14,Normal
2026-01-29,aud,Treasury,132313.31,1,42158.7257142857,2026-01-29,11476824117.69,6266596843.75,183.14,Normal
2026-01-29,JPY,Markets,-1878305.88,18,-316506.25,2026-01-29,11476824117.69,6266596843.75,183.14,Normal
2026-01-29,CHF,Markets,479343.12,24,-989594.171428571,2026-01-29,11476824117.69,6266596843.75,183.14,Normal
2026-01-29,eur,Corporate Banking,-20357.54,1,1345.27142857143,2026-01-29,11476824117.69,6266596843.75,183.14,Normal
2026-01-29,EUR,Markets,2842559.98,13,-889831.327142857,2026-01-29,11476824117.69,6266596843.75,183.14,Normal
2026-01-29,AUD,Corporate Banking,-36725.18,10,-38552.7271428571,2026-01-29,11476824117.69,6266596843.75,183.14,Normal
2026-01-29,AUD,Treasury,1278686.52,14,288245.11,2026-01-29,11476824117.69,6266596843.75,183.14,Normal
2026-01-29,gbp,Retail Banking,-35211.23,1,-16122.2242857143,2026-01-29,11476824117.69,6266596843.75,183.14,Normal
2026-01-29,JPY,Corporate Banking,343077.74,11,114846.4,2026-01-29,11476824117.69,6266596843.75,183.14,Normal
2026-01-29,CHF,Investment Banking,35444.99,10,-10003.51,2026-01-29,11476824117.69,6266596843.75,183.14,Normal
2026-01-21,INR,Corporate Banking,179775.39,11,-69995.36,2026-01-21,11253893105.93,6003545900.3,187.45,Normal
2026-01-21,jpy,Markets,-53339.94,1,-61036.3585714286,2026-01-21,11253893105.93,6003545900.3,187.45,Normal
2026-01-21,GBP,Investment Banking,48373.47,6,-43328.3585714286,2026-01-21,11253893105.93,6003545900.3,187.45,Normal
2026-01-21,JPY,Treasury,-1033439.38,13,-231651.648571429,2026-01-21,11253893105.93,6003545900.3,187.45,Normal
2026-01-21,GBP,Corporate Banking,-103786.06,10,28292.1628571429,2026-01-21,11253893105.93,6003545900.3,187.45,Normal
2026-01-21,aud,Corporate Banking,7955.9,2,-6792.99142857143,2026-01-21,11253893105.93,6003545900.3,187.45,Normal
2026-01-21,CAD,Investment Banking,182952.26,10,12571.9028571429,2026-01-21,11253893105.93,6003545900.3,187.45,Normal
2026-01-21,INR,Markets,805451.03,15,337957.935714286,2026-01-21,11253893105.93,6003545900.3,187.45,Normal
2026-01-21,GBP,Retail Banking,-201503.11,10,-75969.1214285714,2026-01-21,11253893105.93,6003545900.3,187.45,Normal
2026-01-21,AUD,Investment Banking,-79702.48,9,-52759.2642857143,2026-01-21,11253893105.93,6003545900.3,187.45,Normal
2026-01-21,AUD,Retail Banking,109230.42,6,-32264.3628571429,2026-01-21,11253893105.93,6003545900.3,187.45,Normal
2026-01-21,cad,Markets,-1843390.27,1,-286631.167142857,2026-01-21,11253893105.93,6003545900.3,187.45,Normal
2026-01-21,EUR,Retail Banking,-252128.3,5,60379.6314285714,2026-01-21,11253893105.93,6003545900.3,187.45,Normal
2026-01-21,CAD,Retail Banking,-37854.76,11,-1136.98714285713,2026-01-21,11253893105.93,6003545900.3,187.45,Normal
2026-01-21,INR,Retail Banking,101984.09,11,-10158.06,2026-01-21,11253893105.93,6003545900.3,187.45,Normal
2026-01-21,CHF,Corporate Banking,219068.3,9,-75980.27,2026-01-21,11253893105.93,6003545900.3,187.45,Normal
2026-01-21,GBP,Markets,358156.37,16,428426.947142857,2026-01-21,11253893105.93,6003545900.3,187.45,Normal
2026-01-21,USD,Corporate Banking,-35532.04,11,-74413.7785714286,2026-01-21,11253893105.93,6003545900.3,187.45,Normal
2026-01-21,EUR,Investment Banking,-74861.97,10,-19561.5671428571,2026-01-21,11253893105.93,6003545900.3,187.45,Normal
2026-01-21,USD,Markets,2483162.65,19,1303074.88857143,2026-01-21,11253893105.93,6003545900.3,187.45,Normal
2026-01-21,inr,Treasury,102454.03,1,-90351.1157142857,2026-01-21,11253893105.93,6003545900.3,187.45,Normal
2026-01-21,INR,Treasury,1017544.52,19,-811019.388571428,2026-01-21,11253893105.93,6003545900.3,187.45,Normal
2026-01-21,USD,Retail Banking,-225268.81,11,-86076.5014285714,2026-01-21,11253893105.93,6003545900.3,187.45,Normal
2026-01-21,gbp,Corporate Banking,38505.57,1,3858.75285714286,2026-01-21,11253893105.93,6003545900.3,187.45,Normal
2026-01-21,CHF,Treasury,1093505.64,22,-703936.787142857,2026-01-21,11253893105.93,6003545900.3,187.45,Normal
2026-01-21,CAD,Corporate Banking,156473.3,10,-874.589999999992,2026-01-21,11253893105.93,6003545900.3,187.45,Normal
2026-01-21,JPY,Retail Banking,-136455.39,10,-70076.4557142857,2026-01-21,11253893105.93,6003545900.3,187.45,Normal
2026-01-21,JPY,Investment Banking,128655.96,7,25998.6857142857,2026-01-21,11253893105.93,6003545900.3,187.45,Normal
2026-01-21,AUD,Markets,72695.1000000002,20,428707.018571429,2026-01-21,11253893105.93,6003545900.3,187.45,Normal
2026-01-21,EUR,Corporate Banking,110712.66,11,90893.3857142857,2026-01-21,11253893105.93,6003545900.3,187.45,Normal
2026-01-21,USD,Treasury,-351244.9,17,-787878.931428572,2026-01-21,11253893105.93,6003545900.3,187.45,Normal
2026-01-21,CHF,Retail Banking,-157337.94,9,-58834.59,2026-01-21,11253893105.93,6003545900.3,187.45,Normal
2026-01-21,usd,Corporate Banking,-43848.39,1,-12213.2914285714,2026-01-21,11253893105.93,6003545900.3,187.45,Normal
2026-01-21,eur,Investment Banking,-84150.13,1,-1395.59571428571,2026-01-21,11253893105.93,6003545900.3,187.45,Normal
2026-01-21,CAD,Markets,5415809.89,13,843099.98,2026-01-21,11253893105.93,6003545900.3,187.45,Normal
2026-01-21,CAD,Treasury,-1562263.31,13,-71636.5371428572,2026-01-21,11253893105.93,6003545900.3,187.45,Normal
2026-01-21,USD,Investment Banking,432769.5,16,4183.71,2026-01-21,11253893105.93,6003545900.3,187.45,Normal
2026-01-21,aud,Investment Banking,90335.02,2,18295.0885714286,2026-01-21,11253893105.93,6003545900.3,187.45,Normal
2026-01-21,INR,Investment Banking,99356.12,11,21458.3414285714,2026-01-21,11253893105.93,6003545900.3,187.45,Normal
2026-01-21,GBP,Treasury,2433638.09,13,-328611.005714286,2026-01-21,11253893105.93,6003545900.3,187.45,Normal
2026-01-21,EUR,Treasury,2418288.81,14,318885.277142857,2026-01-21,11253893105.93,6003545900.3,187.45,Normal
2026-01-21,aud,Treasury,-42266.52,1,31919.1614285714,2026-01-21,11253893105.93,6003545900.3,187.45,Normal
2026-01-21,JPY,Markets,1401828.44,13,582184.06,2026-01-21,11253893105.93,6003545900.3,187.45,Normal
2026-01-21,CHF,Markets,518214.72,11,-385989.95,2026-01-21,11253893105.93,6003545900.3,187.45,Normal
2026-01-21,chf,Investment Banking,-26311.2,1,11881.6785714286,2026-01-21,11253893105.93,6003545900.3,187.45,Normal
2026-01-21,usd,Retail Banking,58132.98,1,26115.6757142857,2026-01-21,11253893105.93,6003545900.3,187.45,Normal
2026-01-21,EUR,Markets,222158.32,10,34102.27,2026-01-21,11253893105.93,6003545900.3,187.45,Normal
2026-01-21,AUD,Corporate Banking,-255484.03,8,-39699.4342857143,2026-01-21,11253893105.93,6003545900.3,187.45,Normal
2026-01-21,eur,Treasury,51375.45,1,134710.521428571,2026-01-21,11253893105.93,6003545900.3,187.45,Normal
2026-01-21,AUD,Treasury,-794869.7,14,854366.511428571,2026-01-21,11253893105.93,6003545900.3,187.45,Normal
2026-01-21,JPY,Corporate Banking,-436672.65,8,-15161.0128571428,2026-01-21,11253893105.93,6003545900.3,187.45,Normal
2026-01-21,CHF,Investment Banking,17742.47,14,10611.7042857143,2026-01-21,11253893105.93,6003545900.3,187.45,Normal
2025-12-21,INR,Corporate Banking,-15554.38,5,26175.1442857143,2025-12-21,11129773537.26,6321111829.86,176.07,Normal
2025-12-21,GBP,Investment Banking,-168953.89,14,-19953.3842857143,2025-12-21,11129773537.26,6321111829.86,176.07,Normal
2025-12-21,JPY,Treasury,-1748550.74,17,-609658.031428571,2025-12-21,11129773537.26,6321111829.86,176.07,Normal
2025-12-21,GBP,Corporate Banking,62598.67,10,-52513.9957142857,2025-12-21,11129773537.26,6321111829.86,176.07,Normal
2025-12-21,jpy,Retail Banking,83560.36,1,19531.1571428571,2025-12-21,11129773537.26,6321111829.86,176.07,Normal
2025-12-21,jpy,Treasury,17973.27,1,-77416.4314285714,2025-12-21,11129773537.26,6321111829.86,176.07,Normal
2025-12-21,aud,Corporate Banking,33990.46,1,6229.19142857143,2025-12-21,11129773537.26,6321111829.86,176.07,Normal
2025-12-21,CAD,Investment Banking,-10882.05,1,34652.1771428572,2025-12-21,11129773537.26,6321111829.86,176.07,Normal
2025-12-21,INR,Markets,3019833.6,18,128929.712857143,2025-12-21,11129773537.26,6321111829.86,176.07,Normal
2025-12-21,GBP,Retail Banking,19451.47,11,71373.3942857143,2025-12-21,11129773537.26,6321111829.86,176.07,Normal
2025-12-21,AUD,Investment Banking,-62035.2,7,22581.8371428571,2025-12-21,11129773537.26,6321111829.86,176.07,Normal
2025-12-21,AUD,Retail Banking,14727.45,8,8110.76571428572,2025-12-21,11129773537.26,6321111829.86,176.07,Normal
2025-12-21,EUR,Retail Banking,204886.64,8,41915.7857142857,2025-12-21,11129773537.26,6321111829.86,176.07,Normal
2025-12-21,CAD,Retail Banking,119201.46,6,88598.5842857143,2025-12-21,11129773537.26,6321111829.86,176.07,Normal
2025-12-21,INR,Retail Banking,86022.95,7,-48206.3614285714,2025-12-21,11129773537.26,6321111829.86,176.07,Normal
2025-12-21,CHF,Corporate Banking,-213617.07,4,-20604.5114285714,2025-12-21,11129773537.26,6321111829.86,176.07,Normal
2025-12-21,GBP,Markets,-385418.13,17,-542943.501428572,2025-12-21,11129773537.26,6321111829.86,176.07,Normal
2025-12-21,USD,Corporate Banking,-188100.72,16,-107306.772857143,2025-12-21,11129773537.26,6321111829.86,176.07,Normal
2025-12-21,EUR,Investment Banking,22361.49,6,113650.632857143,2025-12-21,11129773537.26,6321111829.86,176.07,Normal
2025-12-21,USD,Markets,-7721.4899999999,14,-887603.204285714,2025-12-21,11129773537.26,6321111829.86,176.07,Normal
2025-12-21,cad,Investment Banking,-44420.55,1,21372.3614285714,2025-12-21,11129773537.26,6321111829.86,176.07,Normal
2025-12-21,inr,Treasury,-126465.25,1,-39869.4385714286,2025-12-21,11129773537.26,6321111829.86,176.07,Normal
2025-12-21,INR,Treasury,446806.78,13,-1321573.82,2025-12-21,11129773537.26,6321111829.86,176.07,Normal
2025-12-21,USD,Retail Banking,199847.3,5,-67631.7385714286,2025-12-21,11129773537.26,6321111829.86,176.07,Normal
2025-12-21,CHF,Treasury,-1343785.51,22,-592437.9,2025-12-21,11129773537.26,6321111829.86,176.07,Normal
2025-12-21,CAD,Corporate Banking,-33076.35,11,-43183.3128571429,2025-12-21,11129773537.26,6321111829.86,176.07,Normal
2025-12-21,JPY,Retail Banking,-58762.52,9,66747.3842857143,2025-12-21,11129773537.26,6321111829.86,176.07,Normal
2025-12-21,JPY,Investment Banking,124219.17,8,-78150.89,2025-12-21,11129773537.26,6321111829.86,176.07,Normal
2025-12-21,AUD,Markets,-1738880.53,11,105301.131428571,2025-12-21,11129773537.26,6321111829.86,176.07,Normal
2025-12-21,EUR,Corporate Banking,-19803.57,12,-19224.2042857143,2025-12-21,11129773537.26,6321111829.86,176.07,Normal
2025-12-21,USD,Treasury,-78511.5000000001,17,-290092.961428572,2025-12-21,11129773537.26,6321111829.86,176.07,Normal
2025-12-21,eur,Markets,325435.19,1,-116829.247142857,2025-12-21,11129773537.26,6321111829.86,176.07,Normal
2025-12-21,CHF,Retail Banking,204055.52,11,-31232.2242857143,2025-12-21,11129773537.26,6321111829.86,176.07,Normal
2025-12-21,CAD,Markets,2737005.63,21,-878061.438571429,2025-12-21,11129773537.26,6321111829.86,176.07,Normal
2025-12-21,CAD,Treasury,-1320445.87,8,-95202.4714285714,2025-12-21,11129773537.26,6321111829.86,176.07,Normal
2025-12-21,USD,Investment Banking,114331.3,12,-45848.5057142857,2025-12-21,11129773537.26,6321111829.86,176.07,Normal
2025-12-21,INR,Investment Banking,10510.52,11,-59776.8957142857,2025-12-21,11129773537.26,6321111829.86,176.07,Normal
2025-12-21,GBP,Treasury,-1578311.49,12,-571180.277142857,2025-12-21,11129773537.26,6321111829.86,176.07,Normal
2025-12-21,EUR,Treasury,-629277.2,26,161640.605714286,2025-12-21,11129773537.26,6321111829.86,176.07,Normal
2025-12-21,aud,Treasury,90624.37,1,213835.61,2025-12-21,11129773537.26,6321111829.86,176.07,Normal
2025-12-21,JPY,Markets,2847234.58,13,181731.822857143,2025-12-21,11129773537.26,6321111829.86,176.07,Normal
2025-12-21,CHF,Markets,-1303151.77,10,-161540.89,2025-12-21,11129773537.26,6321111829.86,176.07,Normal
2025-12-21,usd,Retail Banking,18673.05,1,5827.80142857143,2025-12-21,11129773537.26,6321111829.86,176.07,Normal
2025-12-21,EUR,Markets,-1767864.94,11,213548.674285714,2025-12-21,11129773537.26,6321111829.86,176.07,Normal
2025-12-21,AUD,Corporate Banking,-202991.25,11,-175743.444285714,2025-12-21,11129773537.26,6321111829.86,176.07,Normal
2025-12-21,eur,Treasury,240054.55,1,-118093.851428571,2025-12-21,11129773537.26,6321111829.86,176.07,Normal
2025-12-21,AUD,Treasury,-1992880.58,15,-381280.15,2025-12-21,11129773537.26,6321111829.86,176.07,Normal
2025-12-21,JPY,Corporate Banking,76400.14,9,29953.9642857143,2025-12-21,11129773537.26,6321111829.86,176.07,Normal
2025-12-21,CHF,Investment Banking,227511.88,11,38607.6785714286,2025-12-21,11129773537.26,6321111829.86,176.07,Normal
2026-01-15,INR,Corporate Banking,50979.57,10,-14911.5228571429,2026-01-15,11748307566.86,6678023810.24,175.92,Normal
2026-01-15,GBP,Investment Banking,-246061.76,15,-102898.647142857,2026-01-15,11748307566.86,6678023810.24,175.92,Normal
2026-01-15,JPY,Treasury,-2723544.96,16,-873131.188571429,2026-01-15,11748307566.86,6678023810.24,175.92,Normal
2026-01-15,GBP,Corporate Banking,10541.01,8,59244.1942857143,2026-01-15,11748307566.86,6678023810.24,175.92,Normal
2026-01-15,CAD,Investment Banking,-109203.86,9,-27181.3485714286,2026-01-15,11748307566.86,6678023810.24,175.92,Normal
2026-01-15,INR,Markets,386917.82,15,-360107.815714286,2026-01-15,11748307566.86,6678023810.24,175.92,Normal
2026-01-15,GBP,Retail Banking,-157953.11,8,73918.2528571429,2026-01-15,11748307566.86,6678023810.24,175.92,Normal
2026-01-15,AUD,Investment Banking,-252131.72,5,8642.35428571429,2026-01-15,11748307566.86,6678023810.24,175.92,Normal
2026-01-15,AUD,Retail Banking,-335800.72,12,-52794.6485714286,2026-01-15,11748307566.86,6678023810.24,175.92,Normal
2026-01-15,EUR,Retail Banking,-11647.4,13,29988.8028571428,2026-01-15,11748307566.86,6678023810.24,175.92,Normal
2026-01-15,CAD,Retail Banking,63371.58,11,30971.9957142857,2026-01-15,11748307566.86,6678023810.24,175.92,Normal
2026-01-15,INR,Retail Banking,-148396.81,16,-24496.9657142857,2026-01-15,11748307566.86,6678023810.24,175.92,Normal
2026-01-15,CHF,Corporate Banking,-218263.45,9,32560.4857142857,2026-01-15,11748307566.86,6678023810.24,175.92,Normal
2026-01-15,GBP,Markets,-201629.43,18,-509488.14,2026-01-15,11748307566.86,6678023810.24,175.92,Normal
2026-01-15,USD,Corporate Banking,-56481.32,11,18130.9628571429,2026-01-15,11748307566.86,6678023810.24,175.92,Normal
2026-01-15,EUR,Investment Banking,-234114.5,11,-42450.38,2026-01-15,11748307566.86,6678023810.24,175.92,Normal
2026-01-15,aud,Retail Banking,-24485.51,1,-1070.64857142857,2026-01-15,11748307566.86,6678023810.24,175.92,Normal
2026-01-15,USD,Markets,-1293063.58,22,-1356533.54571429,2026-01-15,11748307566.86,6678023810.24,175.92,Normal
2026-01-15,cad,Treasury,-138680.15,1,48265.0785714286,2026-01-15,11748307566.86,6678023810.24,175.92,Normal
2026-01-15,INR,Treasury,-1342567.98,21,-1205030.48571429,2026-01-15,11748307566.86,6678023810.24,175.92,Normal
2026-01-15,USD,Retail Banking,-183420.62,9,-103189.905714286,2026-01-15,11748307566.86,6678023810.24,175.92,Normal
2026-01-15,CHF,Treasury,-1218871.92,17,35488.5585714285,2026-01-15,11748307566.86,6678023810.24,175.92,Normal
2026-01-15,CAD,Corporate Banking,126381.18,12,-12185.4985714286,2026-01-15,11748307566.86,6678023810.24,175.92,Normal
2026-01-15,JPY,Retail Banking,-59014.2,12,165390.644285714,2026-01-15,11748307566.86,6678023810.24,175.92,Normal
2026-01-15,JPY,Investment Banking,-97775.09,9,-120592.561428571,2026-01-15,11748307566.86,6678023810.24,175.92,Normal
2026-01-15,AUD,Markets,-1037507.55,11,-85422.9428571428,2026-01-15,11748307566.86,6678023810.24,175.92,Normal
2026-01-15,EUR,Corporate Banking,198184.89,10,-176571.491428571,2026-01-15,11748307566.86,6678023810.24,175.92,Normal
2026-01-15,gbp,Investment Banking,50665,1,7087.75142857143,2026-01-15,11748307566.86,6678023810.24,175.92,Normal
2026-01-15,USD,Treasury,-1521290.3,14,-172093.888571429,2026-01-15,11748307566.86,6678023810.24,175.92,Normal
2026-01-15,CHF,Retail Banking,-86881.79,2,64776.6542857143,2026-01-15,11748307566.86,6678023810.24,175.92,Normal
2026-01-15,CAD,Markets,428547.97,14,-233249.928571429,2026-01-15,11748307566.86,6678023810.24,175.92,Normal
2026-01-15,CAD,Treasury,59161.1199999998,15,246282.497142857,2026-01-15,11748307566.86,6678023810.24,175.92,Normal
2026-01-15,USD,Investment Banking,144155.96,7,-51488.0442857143,2026-01-15,11748307566.86,6678023810.24,175.92,Normal
2026-01-15,aud,Investment Banking,-5435.4,1,52098.2085714286,2026-01-15,11748307566.86,6678023810.24,175.92,Normal
2026-01-15,INR,Investment Banking,-109252.05,11,-99747.1957142857,2026-01-15,11748307566.86,6678023810.24,175.92,Normal
2026-01-15,GBP,Treasury,-1502832.35,16,-882005.961428571,2026-01-15,11748307566.86,6678023810.24,175.92,Normal
2026-01-15,EUR,Treasury,790447.97,17,-121525.775714286,2026-01-15,11748307566.86,6678023810.24,175.92,Normal
2026-01-15,JPY,Markets,433784.31,16,351213.844285714,2026-01-15,11748307566.86,6678023810.24,175.92,Normal
2026-01-15,CHF,Markets,283557.79,16,413661.678571428,2026-01-15,11748307566.86,6678023810.24,175.92,Normal
2026-01-15,EUR,Markets,56779.2199999997,17,349406.722857143,2026-01-15,11748307566.86,6678023810.24,175.92,Normal
2026-01-15,AUD,Corporate Banking,161422.98,10,64700.0342857143,2026-01-15,11748307566.86,6678023810.24,175.92,Normal
2026-01-15,AUD,Treasury,4227076.38,19,859671.1,2026-01-15,11748307566.86,6678023810.24,175.92,Normal
2026-01-15,gbp,Retail Banking,-6529.35,1,-91945.7857142857,2026-01-15,11748307566.86,6678023810.24,175.92,Normal
2026-01-15,JPY,Corporate Banking,89371.22,7,-47102.6085714286,2026-01-15,11748307566.86,6678023810.24,175.92,Normal
2026-01-15,eur,Retail Banking,-27485.59,1,-13373.74,2026-01-15,11748307566.86,6678023810.24,175.92,Normal
2026-01-15,CHF,Investment Banking,22385.69,8,-14989.2128571429,2026-01-15,11748307566.86,6678023810.24,175.92,Normal
2025-12-12,INR,Corporate Banking,-88247.86,8,29249.93,2025-12-12,9630708493.66,7658310782.08,125.75,Normal
2025-12-12,GBP,Investment Banking,-58311.3,10,-50229.4228571428,2025-12-12,9630708493.66,7658310782.08,125.75,Normal
2025-12-12,JPY,Treasury,558774.4,18,-668118.11,2025-12-12,9630708493.66,7658310782.08,125.75,Normal
2025-12-12,GBP,Corporate Banking,417977.56,17,104002.041428571,2025-12-12,9630708493.66,7658310782.08,125.75,Normal
2025-12-12,jpy,Retail Banking,91600.83,1,9762.42428571429,2025-12-12,9630708493.66,7658310782.08,125.75,Normal
2025-12-12,CAD,Investment Banking,82304.35,9,-70004.3328571429,2025-12-12,9630708493.66,7658310782.08,125.75,Normal
2025-12-12,INR,Markets,-1774262.64,9,485511.317142857,2025-12-12,9630708493.66,7658310782.08,125.75,Normal
2025-12-12,GBP,Retail Banking,-15278.59,12,-42614.7357142857,2025-12-12,9630708493.66,7658310782.08,125.75,Normal
2025-12-12,AUD,Investment Banking,-69591.6,11,-35585.0414285714,2025-12-12,9630708493.66,7658310782.08,125.75,Normal
2025-12-12,AUD,Retail Banking,-49583.3,15,-73566.94,2025-12-12,9630708493.66,7658310782.08,125.75,Normal
2025-12-12,cad,Markets,-636234.82,1,-134111.032857143,2025-12-12,9630708493.66,7658310782.08,125.75,Normal
2025-12-12,EUR,Retail Banking,57803.25,10,-43544.0742857143,2025-12-12,9630708493.66,7658310782.08,125.75,Normal
2025-12-12,cad,Retail Banking,-28333.14,1,-29218.4985714286,2025-12-12,9630708493.66,7658310782.08,125.75,Normal
2025-12-12,CAD,Retail Banking,-380127.37,19,68017.5785714286,2025-12-12,9630708493.66,7658310782.08,125.75,Normal
2025-12-12,INR,Retail Banking,217511.24,9,-19580.7628571429,2025-12-12,9630708493.66,7658310782.08,125.75,Normal
2025-12-12,CHF,Corporate Banking,-189834.24,9,-26342.6614285714,2025-12-12,9630708493.66,7658310782.08,125.75,Normal
2025-12-12,GBP,Markets,617488.87,12,1056163.12285714,2025-12-12,9630708493.66,7658310782.08,125.75,Normal
2025-12-12,USD,Corporate Banking,148964.26,10,40966.6357142857,2025-12-12,9630708493.66,7658310782.08,125.75,Normal
2025-12-12,EUR,Investment Banking,53649.03,9,28243.24,2025-12-12,9630708493.66,7658310782.08,125.75,Normal
2025-12-12,chf,Markets,-483777.24,1,87797.8571428571,2025-12-12,9630708493.66,7658310782.08,125.75,Normal
2025-12-12,USD,Markets,-857307.33,12,-1392469.20857143,2025-12-12,9630708493.66,7658310782.08,125.75,Normal
2025-12-12,cad,Treasury,126653.77,1,357317.087142857,2025-12-12,9630708493.66,7658310782.08,125.75,Normal
2025-12-12,INR,Treasury,63237.8,12,372651.857142857,2025-12-12,9630708493.66,7658310782.08,125.75,Normal
2025-12-12,USD,Retail Banking,66286.64,5,82533.2557142857,2025-12-12,9630708493.66,7658310782.08,125.75,Normal
2025-12-12,CHF,Treasury,472513.63,13,-405468.722857143,2025-12-12,9630708493.66,7658310782.08,125.75,Normal
2025-12-12,CAD,Corporate Banking,-236812.8,10,14949.57,2025-12-12,9630708493.66,7658310782.08,125.75,Normal
2025-12-12,JPY,Retail Banking,-102663.83,11,-33705.6171428571,2025-12-12,9630708493.66,7658310782.08,125.75,Normal
2025-12-12,JPY,Investment Banking,-10362.48,8,57363.2142857143,2025-12-12,9630708493.66,7658310782.08,125.75,Normal
2025-12-12,AUD,Markets,-2571170.82,13,-404747.635714286,2025-12-12,9630708493.66,7658310782.08,125.75,Normal
2025-12-12,EUR,Corporate Banking,324002.25,16,167220.988571429,2025-12-12,9630708493.66,7658310782.08,125.75,Normal
2025-12-12,gbp,Investment Banking,19953.32,1,10086.13,2025-12-12,9630708493.66,7658310782.08,125.75,Normal
2025-12-12,USD,Treasury,465795.41,15,-432155.582857143,2025-12-12,9630708493.66,7658310782.08,125.75,Normal
2025-12-12,CHF,Retail Banking,290424.79,10,-10571.7628571429,2025-12-12,9630708493.66,7658310782.08,125.75,Normal
2025-12-12,CAD,Markets,207499.96,17,-350420.681428572,2025-12-12,9630708493.66,7658310782.08,125.75,Normal
2025-12-12,CAD,Treasury,-940935.21,17,-195524.858571429,2025-12-12,9630708493.66,7658310782.08,125.75,Normal
2025-12-12,USD,Investment Banking,131217.79,10,49930.3971428571,2025-12-12,9630708493.66,7658310782.08,125.75,Normal
2025-12-12,aud,Investment Banking,-22748.73,1,-9192.33857142857,2025-12-12,9630708493.66,7658310782.08,125.75,Normal
2025-12-12,INR,Investment Banking,140864.16,8,-83546.9171428571,2025-12-12,9630708493.66,7658310782.08,125.75,Normal
2025-12-12,GBP,Treasury,645303.45,11,-644628.142857143,2025-12-12,9630708493.66,7658310782.08,125.75,Normal
2025-12-12,EUR,Treasury,-1261198.42,13,333184.98,2025-12-12,9630708493.66,7658310782.08,125.75,Normal
2025-12-12,JPY,Markets,728937.78,16,-476691.341428571,2025-12-12,9630708493.66,7658310782.08,125.75,Normal
2025-12-12,CHF,Markets,-218853.64,13,19984.9514285715,2025-12-12,9630708493.66,7658310782.08,125.75,Normal
2025-12-12,EUR,Markets,-1953937.12,21,-286712.224285714,2025-12-12,9630708493.66,7658310782.08,125.75,Normal
2025-12-12,aud,Markets,-242358.21,2,-363016.671428571,2025-12-12,9630708493.66,7658310782.08,125.75,Normal
2025-12-12,AUD,Corporate Banking,20050.94,5,3577.73428571429,2025-12-12,9630708493.66,7658310782.08,125.75,Normal
2025-12-12,AUD,Treasury,-1165292.81,9,-216425.151428571,2025-12-12,9630708493.66,7658310782.08,125.75,Normal
2025-12-12,JPY,Corporate Banking,-72084.44,4,83904.8971428572,2025-12-12,9630708493.66,7658310782.08,125.75,Normal
2025-12-12,CHF,Investment Banking,51345.91,11,-21792.5885714286,2025-12-12,9630708493.66,7658310782.08,125.75,Normal
2025-12-12,inr,Retail Banking,-6850.13,1,42483.6885714286,2025-12-12,9630708493.66,7658310782.08,125.75,Normal
2026-01-14,INR,Corporate Banking,-64906.59,5,-5250.22428571428,2026-01-14,9462354530.95,6655921188.35,142.16,Normal
2026-01-14,usd,Investment Banking,-6602.55,1,-8252.57142857143,2026-01-14,9462354530.95,6655921188.35,142.16,Normal
2026-01-14,GBP,Investment Banking,171738.45,12,-56662.0057142857,2026-01-14,9462354530.95,6655921188.35,142.16,Normal
2026-01-14,inr,Markets,-545831.68,1,319559.494285714,2026-01-14,9462354530.95,6655921188.35,142.16,Normal
2026-01-14,JPY,Treasury,-1179444.2,19,-844027.95,2026-01-14,9462354530.95,6655921188.35,142.16,Normal
2026-01-14,GBP,Corporate Banking,-82402.89,9,44992.49,2026-01-14,9462354530.95,6655921188.35,142.16,Normal
2026-01-14,gbp,Markets,-233974.2,1,-42796.5871428571,2026-01-14,9462354530.95,6655921188.35,142.16,Normal
2026-01-14,CAD,Investment Banking,9927.32,9,-29491.6171428571,2026-01-14,9462354530.95,6655921188.35,142.16,Normal
2026-01-14,INR,Markets,3089770.31,10,-39674.0728571428,2026-01-14,9462354530.95,6655921188.35,142.16,Normal
2026-01-14,GBP,Retail Banking,2086.95999999999,11,69051.1471428572,2026-01-14,9462354530.95,6655921188.35,142.16,Normal
2026-01-14,AUD,Investment Banking,-3836.43000000001,11,32615.1328571429,2026-01-14,9462354530.95,6655921188.35,142.16,Normal
2026-01-14,AUD,Retail Banking,105199.3,10,-14970.5385714286,2026-01-14,9462354530.95,6655921188.35,142.16,Normal
2026-01-14,EUR,Retail Banking,336304.19,9,71905.8571428571,2026-01-14,9462354530.95,6655921188.35,142.16,Normal
2026-01-14,CAD,Retail Banking,61083.19,4,21558.1728571429,2026-01-14,9462354530.95,6655921188.35,142.16,Normal
2026-01-14,INR,Retail Banking,-254803.81,10,-22789.3785714286,2026-01-14,9462354530.95,6655921188.35,142.16,Normal
2026-01-14,CHF,Corporate Banking,-96057.05,14,78573.2,2026-01-14,9462354530.95,6655921188.35,142.16,Normal
2026-01-14,GBP,Markets,2012269.07,16,-467422.221428571,2026-01-14,9462354530.95,6655921188.35,142.16,Normal
2026-01-14,usd,Treasury,-217006.38,1,-184944.68,2026-01-14,9462354530.95,6655921188.35,142.16,Normal
2026-01-14,USD,Corporate Banking,10133.83,7,33853.49,2026-01-14,9462354530.95,6655921188.35,142.16,Normal
2026-01-14,EUR,Investment Banking,-22394.7,6,4084.47285714287,2026-01-14,9462354530.95,6655921188.35,142.16,Normal
2026-01-14,USD,Markets,-4722851.34,18,-962292.727142857,2026-01-14,9462354530.95,6655921188.35,142.16,Normal
2026-01-14,INR,Treasury,1191113.27,9,-1141109.87142857,2026-01-14,9462354530.95,6655921188.35,142.16,Normal
2026-01-14,USD,Retail Banking,5859.7,5,-106676.228571429,2026-01-14,9462354530.95,6655921188.35,142.16,Normal
2026-01-14,CHF,Treasury,1908654.61,11,377101.074285714,2026-01-14,9462354530.95,6655921188.35,142.16,Normal
2026-01-14,CAD,Corporate Banking,42524.83,8,-8414.98142857143,2026-01-14,9462354530.95,6655921188.35,142.16,Normal
2026-01-14,JPY,Retail Banking,1309645.14,18,148119.108571429,2026-01-14,9462354530.95,6655921188.35,142.16,Normal
2026-01-14,JPY,Investment Banking,-375478.4,10,-135779.075714286,2026-01-14,9462354530.95,6655921188.35,142.16,Normal
2026-01-14,AUD,Markets,15977.79,17,-276514.755714286,2026-01-14,9462354530.95,6655921188.35,142.16,Normal
2026-01-14,EUR,Corporate Banking,-151134.89,10,-221804.874285714,2026-01-14,9462354530.95,6655921188.35,142.16,Normal
2026-01-14,USD,Treasury,-305436.02,16,202682.344285714,2026-01-14,9462354530.95,6655921188.35,142.16,Normal
2026-01-14,CHF,Retail Banking,-109242.21,7,50050.4928571429,2026-01-14,9462354530.95,6655921188.35,142.16,Normal
2026-01-14,CAD,Markets,-1355600.42,19,-411891.648571429,2026-01-14,9462354530.95,6655921188.35,142.16,Normal
2026-01-14,chf,Corporate Banking,131154.16,1,28335.04,2026-01-14,9462354530.95,6655921188.35,142.16,Normal
2026-01-14,CAD,Treasury,1851134.85,16,21062.3742857142,2026-01-14,9462354530.95,6655921188.35,142.16,Normal
2026-01-14,USD,Investment Banking,48031.58,11,-86481.3014285714,2026-01-14,9462354530.95,6655921188.35,142.16,Normal
2026-01-14,INR,Investment Banking,-515971.24,11,-50608.2628571429,2026-01-14,9462354530.95,6655921188.35,142.16,Normal
2026-01-14,GBP,Treasury,1559374.04,17,-1202003.42285714,2026-01-14,9462354530.95,6655921188.35,142.16,Normal
2026-01-14,EUR,Treasury,1324414.1,18,-190647.725714286,2026-01-14,9462354530.95,6655921188.35,142.16,Normal
2026-01-14,aud,Treasury,-318434.27,1,59145.08,2026-01-14,9462354530.95,6655921188.35,142.16,Normal
2026-01-14,JPY,Markets,-935113.1,13,348568.305714286,2026-01-14,9462354530.95,6655921188.35,142.16,Normal
2026-01-14,CHF,Markets,1829226.27,14,371541.162857143,2026-01-14,9462354530.95,6655921188.35,142.16,Normal
2026-01-14,eur,Corporate Banking,32834.11,1,12548.8457142857,2026-01-14,9462354530.95,6655921188.35,142.16,Normal
2026-01-14,EUR,Markets,159104.63,15,187438.405714286,2026-01-14,9462354530.95,6655921188.35,142.16,Normal
2026-01-14,cad,Corporate Banking,-25319.23,1,-11648.4171428571,2026-01-14,9462354530.95,6655921188.35,142.16,Normal
2026-01-14,AUD,Corporate Banking,-49826.86,7,43757.3628571429,2026-01-14,9462354530.95,6655921188.35,142.16,Normal
2026-01-14,AUD,Treasury,-1155953,12,274801.505714286,2026-01-14,9462354530.95,6655921188.35,142.16,Normal
2026-01-14,JPY,Corporate Banking,53862.46,8,-76212.3457142857,2026-01-14,9462354530.95,6655921188.35,142.16,Normal
2026-01-14,CHF,Investment Banking,58985.91,8,-21053.5885714286,2026-01-14,9462354530.95,6655921188.35,142.16,Normal
2026-01-06,INR,Corporate Banking,-307061.69,14,-121353.377142857,2026-01-06,9945481394.11,7799181952.98,127.52,Normal
2026-01-06,usd,Investment Banking,10562.07,1,-11577.6614285714,2026-01-06,9945481394.11,7799181952.98,127.52,Normal
2026-01-06,GBP,Investment Banking,4444.37,6,-57925.0142857143,2026-01-06,9945481394.11,7799181952.98,127.52,Normal
2026-01-06,JPY,Treasury,-2407332.32,18,324094.14,2026-01-06,9945481394.11,7799181952.98,127.52,Normal
2026-01-06,GBP,Corporate Banking,262731.37,9,-5275.54999999998,2026-01-06,9945481394.11,7799181952.98,127.52,Normal
2026-01-06,CAD,Investment Banking,-177912.35,11,-68783.97,2026-01-06,9945481394.11,7799181952.98,127.52,Normal
2026-01-06,INR,Markets,2035085.7,14,122450.308571429,2026-01-06,9945481394.11,7799181952.98,127.52,Normal
2026-01-06,GBP,Retail Banking,100001.62,9,27588.8085714286,2026-01-06,9945481394.11,7799181952.98,127.52,Normal
2026-01-06,AUD,Investment Banking,-359807.52,14,-159608.658571429,2026-01-06,9945481394.11,7799181952.98,127.52,Normal
2026-01-06,AUD,Retail Banking,-192651.88,7,-35567.74,2026-01-06,9945481394.11,7799181952.98,127.52,Normal
2026-01-06,EUR,Retail Banking,-266084.52,11,-318.379999999984,2026-01-06,9945481394.11,7799181952.98,127.52,Normal
2026-01-06,CAD,Retail Banking,84467.76,6,-48434.8514285714,2026-01-06,9945481394.11,7799181952.98,127.52,Normal
2026-01-06,INR,Retail Banking,19890.58,10,-8136.68571428572,2026-01-06,9945481394.11,7799181952.98,127.52,Normal
2026-01-06,CHF,Corporate Banking,-144236.39,8,-105113.972857143,2026-01-06,9945481394.11,7799181952.98,127.52,Normal
2026-01-06,GBP,Markets,-650192.68,19,-826415.695714286,2026-01-06,9945481394.11,7799181952.98,127.52,Normal
2026-01-06,USD,Corporate Banking,34290.55,17,5652.25428571429,2026-01-06,9945481394.11,7799181952.98,127.52,Normal
2026-01-06,EUR,Investment Banking,83060.26,13,-113170.577142857,2026-01-06,9945481394.11,7799181952.98,127.52,Normal
2026-01-06,chf,Markets,-227826.25,1,-126636.997142857,2026-01-06,9945481394.11,7799181952.98,127.52,Normal
2026-01-06,USD,Markets,66139.3000000002,13,180662.697142857,2026-01-06,9945481394.11,7799181952.98,127.52,Normal
2026-01-06,cad,Treasury,-49252.05,1,111773.345714286,2026-01-06,9945481394.11,7799181952.98,127.52,Normal
2026-01-06,INR,Treasury,-1799987.34,14,-170906.827142857,2026-01-06,9945481394.11,7799181952.98,127.52,Normal
2026-01-06,USD,Retail Banking,-96905.74,5,-93717.59,2026-01-06,9945481394.11,7799181952.98,127.52,Normal
2026-01-06,CHF,Treasury,-1337814,18,-383262.102857143,2026-01-06,9945481394.11,7799181952.98,127.52,Normal
2026-01-06,CAD,Corporate Banking,-147908.48,15,-14982.94,2026-01-06,9945481394.11,7799181952.98,127.52,Normal
2026-01-06,JPY,Retail Banking,37460.07,12,-16216.2257142857,2026-01-06,9945481394.11,7799181952.98,127.52,Normal
2026-01-06,JPY,Investment Banking,165190.8,10,-25157.1871428571,2026-01-06,9945481394.11,7799181952.98,127.52,Normal
2026-01-06,AUD,Markets,183644.37,9,283076.787142857,2026-01-06,9945481394.11,7799181952.98,127.52,Normal
2026-01-06,EUR,Corporate Banking,-54575.83,11,-77146.3157142857,2026-01-06,9945481394.11,7799181952.98,127.52,Normal
2026-01-06,USD,Treasury,-2550521.21,11,-566247.691428571,2026-01-06,9945481394.11,7799181952.98,127.52,Normal
2026-01-06,eur,Markets,485301.4,1,69816.9957142857,2026-01-06,9945481394.11,7799181952.98,127.52,Normal
2026-01-06,CHF,Retail Banking,33936.79,4,-9562.79428571428,2026-01-06,9945481394.11,7799181952.98,127.52,Normal
2026-01-06,eur,Investment Banking,-43630.85,1,4176.25428571429,2026-01-06,9945481394.11,7799181952.98,127.52,Normal
2026-01-06,CAD,Markets,-1624054.57,19,-905696.83,2026-01-06,9945481394.11,7799181952.98,127.52,Normal
2026-01-06,CAD,Treasury,1307976.27,28,217939.54,2026-01-06,9945481394.11,7799181952.98,127.52,Normal
2026-01-06,USD,Investment Banking,-182776.92,9,-50500.4642857143,2026-01-06,9945481394.11,7799181952.98,127.52,Normal
2026-01-06,aud,Investment Banking,47529.15,1,49624.8757142857,2026-01-06,9945481394.11,7799181952.98,127.52,Normal
2026-01-06,INR,Investment Banking,-256323.56,10,-27866.8371428571,2026-01-06,9945481394.11,7799181952.98,127.52,Normal
2026-01-06,GBP,Treasury,-1320260.12,17,-673933.452857143,2026-01-06,9945481394.11,7799181952.98,127.52,Normal
2026-01-06,EUR,Treasury,-71841.14,15,146847.481428571,2026-01-06,9945481394.11,7799181952.98,127.52,Normal
2026-01-06,jpy,Corporate Banking,-7034.52,1,30448.1828571429,2026-01-06,9945481394.11,7799181952.98,127.52,Normal
2026-01-06,aud,Treasury,367686.16,1,130503.695714286,2026-01-06,9945481394.11,7799181952.98,127.52,Normal
2026-01-06,JPY,Markets,1353380.88,16,583606.991428572,2026-01-06,9945481394.11,7799181952.98,127.52,Normal
2026-01-06,CHF,Markets,952280.2,18,108811.467142857,2026-01-06,9945481394.11,7799181952.98,127.52,Normal
2026-01-06,EUR,Markets,-1968666.63,17,-47993.9514285714,2026-01-06,9945481394.11,7799181952.98,127.52,Normal
2026-01-06,AUD,Corporate Banking,-81909.62,19,-28430.3028571429,2026-01-06,9945481394.11,7799181952.98,127.52,Normal
2026-01-06,AUD,Treasury,-885585.19,21,-829197.897142857,2026-01-06,9945481394.11,7799181952.98,127.52,Normal
2026-01-06,JPY,Corporate Banking,-171130.98,13,-76716.16,2026-01-06,9945481394.11,7799181952.98,127.52,Normal
2026-01-06,CHF,Investment Banking,52012.42,8,19054.1485714286,2026-01-06,9945481394.11,7799181952.98,127.52,Normal
2026-01-06,inr,Retail Banking,-49416.33,1,-13878.1385714286,2026-01-06,9945481394.11,7799181952.98,127.52,Normal
2026-01-27,jpy,Investment Banking,-28001.03,1,-3648.87,2026-01-27,9652596605.63,7428488239.07,129.94,Normal
2026-01-27,INR,Corporate Banking,39014.8,11,54162.0428571429,2026-01-27,9652596605.63,7428488239.07,129.94,Normal
2026-01-27,GBP,Investment Banking,-17327.82,12,16215.0528571428,2026-01-27,9652596605.63,7428488239.07,129.94,Normal
2026-01-27,inr,Markets,-257722.14,1,-254997.91,2026-01-27,9652596605.63,7428488239.07,129.94,Normal
2026-01-27,JPY,Treasury,2079180.57,21,-212160.401428571,2026-01-27,9652596605.63,7428488239.07,129.94,Normal
2026-01-27,GBP,Corporate Banking,-24777.41,11,-53013.4657142857,2026-01-27,9652596605.63,7428488239.07,129.94,Normal
2026-01-27,jpy,Treasury,-79599.4,1,-51662.4814285714,2026-01-27,9652596605.63,7428488239.07,129.94,Normal
2026-01-27,aud,Corporate Banking,435.98,1,-19733.1771428571,2026-01-27,9652596605.63,7428488239.07,129.94,Normal
2026-01-27,CAD,Investment Banking,-32479.66,9,-48806.6571428571,2026-01-27,9652596605.63,7428488239.07,129.94,Normal
2026-01-27,INR,Markets,-264485.62,11,168835.784285714,2026-01-27,9652596605.63,7428488239.07,129.94,Normal
2026-01-27,GBP,Retail Banking,558375.62,10,63591.7814285714,2026-01-27,9652596605.63,7428488239.07,129.94,Normal
2026-01-27,AUD,Investment Banking,13314.94,6,-55653.9285714286,2026-01-27,9652596605.63,7428488239.07,129.94,Normal
2026-01-27,AUD,Retail Banking,-168500.46,7,-64701.58,2026-01-27,9652596605.63,7428488239.07,129.94,Normal
2026-01-27,EUR,Retail Banking,-102201.18,5,46305.8371428571,2026-01-27,9652596605.63,7428488239.07,129.94,Normal
2026-01-27,CAD,Retail Banking,73977.85,8,8149.76999999999,2026-01-27,9652596605.63,7428488239.07,129.94,Normal
2026-01-27,INR,Retail Banking,13134.59,13,22974.4385714286,2026-01-27,9652596605.63,7428488239.07,129.94,Normal
2026-01-27,CHF,Corporate Banking,39047.7,9,-39755.47,2026-01-27,9652596605.63,7428488239.07,129.94,Normal
2026-01-27,GBP,Markets,-861250.35,20,109600.081428571,2026-01-27,9652596605.63,7428488239.07,129.94,Normal
2026-01-27,usd,Treasury,-50499.18,1,-128972.524285714,2026-01-27,9652596605.63,7428488239.07,129.94,Normal
2026-01-27,USD,Corporate Banking,-49314.12,11,48483.0642857143,2026-01-27,9652596605.63,7428488239.07,129.94,Normal
2026-01-27,EUR,Investment Banking,738214.2,10,91450.7457142857,2026-01-27,9652596605.63,7428488239.07,129.94,Normal
2026-01-27,USD,Markets,233265.33,11,655651.291428572,2026-01-27,9652596605.63,7428488239.07,129.94,Normal
2026-01-27,inr,Treasury,-639997.09,1,-58099.3942857143,2026-01-27,9652596605.63,7428488239.07,129.94,Normal
2026-01-27,INR,Treasury,-816542.1,15,-81233.5285714286,2026-01-27,9652596605.63,7428488239.07,129.94,Normal
2026-01-27,USD,Retail Banking,8389.83000000001,11,14485.27,2026-01-27,9652596605.63,7428488239.07,129.94,Normal
2026-01-27,CHF,Treasury,-514737.07,15,-214866.065714286,2026-01-27,9652596605.63,7428488239.07,129.94,Normal
2026-01-27,CAD,Corporate Banking,78783.75,7,-50617.0642857143,2026-01-27,9652596605.63,7428488239.07,129.94,Normal
2026-01-27,JPY,Retail Banking,-142969.82,9,-103740.134285714,2026-01-27,9652596605.63,7428488239.07,129.94,Normal
2026-01-27,JPY,Investment Banking,244448.46,8,54511.7657142857,2026-01-27,9652596605.63,7428488239.07,129.94,Normal
2026-01-27,AUD,Markets,-520619.06,12,202277.118571429,2026-01-27,9652596605.63,7428488239.07,129.94,Normal
2026-01-27,EUR,Corporate Banking,-215101.53,10,-15831.0057142857,2026-01-27,9652596605.63,7428488239.07,129.94,Normal
2026-01-27,USD,Treasury,-210426.35,16,-540395.282857143,2026-01-27,9652596605.63,7428488239.07,129.94,Normal
2026-01-27,CHF,Retail Banking,7092.24999999999,12,3549.22428571427,2026-01-27,9652596605.63,7428488239.07,129.94,Normal
2026-01-27,usd,Corporate Banking,1511.17,1,-9631.47285714286,2026-01-27,9652596605.63,7428488239.07,129.94,Normal
2026-01-27,CAD,Markets,-2200928.96,18,154530.444285714,2026-01-27,9652596605.63,7428488239.07,129.94,Normal
2026-01-27,CAD,Treasury,-723597.3,14,134932.514285714,2026-01-27,9652596605.63,7428488239.07,129.94,Normal
2026-01-27,USD,Investment Banking,-272023.28,15,47297.1542857143,2026-01-27,9652596605.63,7428488239.07,129.94,Normal
2026-01-27,INR,Investment Banking,-40513.07,13,-149900.11,2026-01-27,9652596605.63,7428488239.07,129.94,Normal
2026-01-27,GBP,Treasury,170150.47,16,1086335.23,2026-01-27,9652596605.63,7428488239.07,129.94,Normal
2026-01-27,EUR,Treasury,-3903577.27,20,183027.691428571,2026-01-27,9652596605.63,7428488239.07,129.94,Normal
2026-01-27,JPY,Markets,39692.9999999999,23,-137353.927142857,2026-01-27,9652596605.63,7428488239.07,129.94,Normal
2026-01-27,CHF,Markets,-1281227.89,18,-951434.802857143,2026-01-27,9652596605.63,7428488239.07,129.94,Normal
2026-01-27,EUR,Markets,-1817420.73,17,-678440.588571429,2026-01-27,9652596605.63,7428488239.07,129.94,Normal
2026-01-27,AUD,Corporate Banking,156727.78,9,-64582.8171428571,2026-01-27,9652596605.63,7428488239.07,129.94,Normal
2026-01-27,AUD,Treasury,727500.96,15,-257394.677142857,2026-01-27,9652596605.63,7428488239.07,129.94,Normal
2026-01-27,JPY,Corporate Banking,-169448.62,12,26057.9485714286,2026-01-27,9652596605.63,7428488239.07,129.94,Normal
2026-01-27,eur,Retail Banking,-29239.33,1,-7962.93142857143,2026-01-27,9652596605.63,7428488239.07,129.94,Normal
2026-01-27,CHF,Investment Banking,-115699.31,7,-21706.3828571428,2026-01-27,9652596605.63,7428488239.07,129.94,Normal
2025-12-19,INR,Corporate Banking,-27367.79,6,49.7042857142899,2025-12-19,8240338558.56,6666703895.19,123.6,Normal
2025-12-19,GBP,Investment Banking,-38287.65,8,44186.8657142857,2025-12-19,8240338558.56,6666703895.19,123.6,Normal
2025-12-19,JPY,Treasury,943991.04,20,785432.48,2025-12-19,8240338558.56,6666703895.19,123.6,Normal
2025-12-19,GBP,Corporate Banking,-194655.09,11,-71119.7457142857,2025-12-19,8240338558.56,6666703895.19,123.6,Normal
2025-12-19,gbp,Markets,159079.19,2,310915.348571429,2025-12-19,8240338558.56,6666703895.19,123.6,Normal
2025-12-19,CAD,Investment Banking,-203409.98,11,61565.6928571429,2025-12-19,8240338558.56,6666703895.19,123.6,Normal
2025-12-19,INR,Markets,-373977.7,12,-253043.445714286,2025-12-19,8240338558.56,6666703895.19,123.6,Normal
2025-12-19,GBP,Retail Banking,233384.2,14,-3986.88142857142,2025-12-19,8240338558.56,6666703895.19,123.6,Normal
2025-12-19,AUD,Investment Banking,-262791.84,7,12067.6385714286,2025-12-19,8240338558.56,6666703895.19,123.6,Normal
2025-12-19,AUD,Retail Banking,-158209.8,10,21569.8028571429,2025-12-19,8240338558.56,6666703895.19,123.6,Normal
2025-12-19,EUR,Retail Banking,22722.63,8,-14341.4114285714,2025-12-19,8240338558.56,6666703895.19,123.6,Normal
2025-12-19,CAD,Retail Banking,30110.77,7,38218.87,2025-12-19,8240338558.56,6666703895.19,123.6,Normal
2025-12-19,INR,Retail Banking,-168678.71,16,-86464.2914285714,2025-12-19,8240338558.56,6666703895.19,123.6,Normal
2025-12-19,CHF,Corporate Banking,-129188.62,6,73216.35,2025-12-19,8240338558.56,6666703895.19,123.6,Normal
2025-12-19,GBP,Markets,694650.78,16,-208308.558571429,2025-12-19,8240338558.56,6666703895.19,123.6,Normal
2025-12-19,USD,Corporate Banking,-128148.84,15,-131597.695714286,2025-12-19,8240338558.56,6666703895.19,123.6,Normal
2025-12-19,EUR,Investment Banking,200237.5,9,135724.932857143,2025-12-19,8240338558.56,6666703895.19,123.6,Normal
2025-12-19,USD,Markets,-79021.43,11,-612516.05,2025-12-19,8240338558.56,6666703895.19,123.6,Normal
2025-12-19,INR,Treasury,-2675219.44,9,-960043.072857143,2025-12-19,8240338558.56,6666703895.19,123.6,Normal
2025-12-19,USD,Retail Banking,-309851.19,9,-91339.2285714286,2025-12-19,8240338558.56,6666703895.19,123.6,Normal
2025-12-19,CHF,Treasury,-473361.7,22,-401779.344285714,2025-12-19,8240338558.56,6666703895.19,123.6,Normal
2025-12-19,CAD,Corporate Banking,-12754.1,13,-19676.0357142857,2025-12-19,8240338558.56,6666703895.19,123.6,Normal
2025-12-19,JPY,Retail Banking,182307.77,8,96117.8485714286,2025-12-19,8240338558.56,6666703895.19,123.6,Normal
2025-12-19,JPY,Investment Banking,-390325.05,8,-29488.2314285714,2025-12-19,8240338558.56,6666703895.19,123.6,Normal
2025-12-19,AUD,Markets,257636.31,21,135646.454285714,2025-12-19,8240338558.56,6666703895.19,123.6,Normal
2025-12-19,EUR,Corporate Banking,204616.54,5,-59297.8457142857,2025-12-19,8240338558.56,6666703895.19,123.6,Normal
2025-12-19,USD,Treasury,1915395.54,14,-847112.312857143,2025-12-19,8240338558.56,6666703895.19,123.6,Normal
2025-12-19,CHF,Retail Banking,106839.75,10,-40018.8885714286,2025-12-19,8240338558.56,6666703895.19,123.6,Normal
2025-12-19,usd,Corporate Banking,-7801.3,1,-9605.12571428571,2025-12-19,8240338558.56,6666703895.19,123.6,Normal
2025-12-19,eur,Investment Banking,9210.6,1,-21559.4685714286,2025-12-19,8240338558.56,6666703895.19,123.6,Normal
2025-12-19,CAD,Markets,-4532333.64,13,-1181550.02714286,2025-12-19,8240338558.56,6666703895.19,123.6,Normal
2025-12-19,chf,Corporate Banking,60829.26,1,13059.0814285714,2025-12-19,8240338558.56,6666703895.19,123.6,Normal
2025-12-19,CAD,Treasury,-454229.53,8,41840.83,2025-12-19,8240338558.56,6666703895.19,123.6,Normal
2025-12-19,USD,Investment Banking,-535457.58,8,-59199.9057142857,2025-12-19,8240338558.56,6666703895.19,123.6,Normal
2025-12-19,INR,Investment Banking,66576.79,15,-94995.9185714286,2025-12-19,8240338558.56,6666703895.19,123.6,Normal
2025-12-19,GBP,Treasury,-407872.95,20,196470.9,2025-12-19,8240338558.56,6666703895.19,123.6,Normal
2025-12-19,EUR,Treasury,444027.88,14,856338.497142857,2025-12-19,8240338558.56,6666703895.19,123.6,Normal
2025-12-19,JPY,Markets,-942563.08,14,15848.1585714286,2025-12-19,8240338558.56,6666703895.19,123.6,Normal
2025-12-19,CHF,Markets,2231540.46,10,86745.2328571428,2025-12-19,8240338558.56,6666703895.19,123.6,Normal
2025-12-19,EUR,Markets,1622205.45,15,791643.83,2025-12-19,8240338558.56,6666703895.19,123.6,Normal
2025-12-19,aud,Markets,320998.63,1,-422313.274285714,2025-12-19,8240338558.56,6666703895.19,123.6,Normal
2025-12-19,AUD,Corporate Banking,-449200.82,14,-163568.781428571,2025-12-19,8240338558.56,6666703895.19,123.6,Normal
2025-12-19,eur,Treasury,-104494.09,1,-208996.607142857,2025-12-19,8240338558.56,6666703895.19,123.6,Normal
2025-12-19,AUD,Treasury,-177365.1,10,-527446.161428571,2025-12-19,8240338558.56,6666703895.19,123.6,Normal
2025-12-19,JPY,Corporate Banking,41631.79,12,-3937.31,2025-12-19,8240338558.56,6666703895.19,123.6,Normal
2025-12-19,CHF,Investment Banking,-34798.89,8,-3030.58571428571,2025-12-19,8240338558.56,6666703895.19,123.6,Normal
2025-11-03,INR,Corporate Banking,-9900.04999999999,13,12742.3714285714,2025-11-03,8666218160.19,6728093708.8,128.81,Normal
2025-11-03,jpy,Markets,82459.62,1,155703.318571429,2025-11-03,8666218160.19,6728093708.8,128.81,Normal
2025-11-03,GBP,Investment Banking,170704.27,9,8181.20428571429,2025-11-03,8666218160.19,6728093708.8,128.81,Normal
2025-11-03,JPY,Treasury,2454041.92,15,215882.191428571,2025-11-03,8666218160.19,6728093708.8,128.81,Normal
2025-11-03,GBP,Corporate Banking,89652.29,15,38905.8485714286,2025-11-03,8666218160.19,6728093708.8,128.81,Normal
2025-11-03,jpy,Retail Banking,-17776.12,1,-5653.67,2025-11-03,8666218160.19,6728093708.8,128.81,Normal
2025-11-03,CAD,Investment Banking,249499.67,14,265826.585714286,2025-11-03,8666218160.19,6728093708.8,128.81,Normal
2025-11-03,INR,Markets,-391159.78,11,99945.8214285714,2025-11-03,8666218160.19,6728093708.8,128.81,Normal
2025-11-03,GBP,Retail Banking,88488.9,5,2676.38714285714,2025-11-03,8666218160.19,6728093708.8,128.81,Normal
2025-11-03,AUD,Investment Banking,83703.33,10,24169.1128571428,2025-11-03,8666218160.19,6728093708.8,128.81,Normal
2025-11-03,AUD,Retail Banking,-48250.72,8,-87947.6771428571,2025-11-03,8666218160.19,6728093708.8,128.81,Normal
2025-11-03,cad,Markets,-213883.17,1,76562.6114285714,2025-11-03,8666218160.19,6728093708.8,128.81,Normal
2025-11-03,EUR,Retail Banking,31042.79,10,-61632.9485714286,2025-11-03,8666218160.19,6728093708.8,128.81,Normal
2025-11-03,cad,Retail Banking,-77918.41,1,-23054.3671428571,2025-11-03,8666218160.19,6728093708.8,128.81,Normal
2025-11-03,CAD,Retail Banking,127473.37,10,26787.2714285714,2025-11-03,8666218160.19,6728093708.8,128.81,Normal
2025-11-03,INR,Retail Banking,-220658.15,12,-30766.3328571429,2025-11-03,8666218160.19,6728093708.8,128.81,Normal
2025-11-03,CHF,Corporate Banking,6808.87999999999,11,-62386.9071428571,2025-11-03,8666218160.19,6728093708.8,128.81,Normal
2025-11-03,GBP,Markets,-156980.06,17,311110.358571429,2025-11-03,8666218160.19,6728093708.8,128.81,Normal
2025-11-03,USD,Corporate Banking,-309025.52,10,-64504.5971428571,2025-11-03,8666218160.19,6728093708.8,128.81,Normal
2025-11-03,EUR,Investment Banking,-133208.83,4,41248.7057142857,2025-11-03,8666218160.19,6728093708.8,128.81,Normal
2025-11-03,USD,Markets,917706.37,10,-652890.245714286,2025-11-03,8666218160.19,6728093708.8,128.81,Normal
2025-11-03,cad,Investment Banking,18350.85,1,2621.55,2025-11-03,8666218160.19,6728093708.8,128.81,Normal
2025-11-03,INR,Treasury,-2754606,16,-788467.194285714,2025-11-03,8666218160.19,6728093708.8,128.81,Normal
2025-11-03,USD,Retail Banking,147149.92,12,-42383.6985714286,2025-11-03,8666218160.19,6728093708.8,128.81,Normal
2025-11-03,chf,Treasury,190757.08,1,27251.0114285714,2025-11-03,8666218160.19,6728093708.8,128.81,Normal
2025-11-03,CHF,Treasury,2205121.41,22,702085.53,2025-11-03,8666218160.19,6728093708.8,128.81,Normal
2025-11-03,CAD,Corporate Banking,-41131.45,10,6572.79428571428,2025-11-03,8666218160.19,6728093708.8,128.81,Normal
2025-11-03,JPY,Retail Banking,180162.14,10,2284.02857142859,2025-11-03,8666218160.19,6728093708.8,128.81,Normal
2025-11-03,JPY,Investment Banking,-147152.73,14,-48285.3471428571,2025-11-03,8666218160.19,6728093708.8,128.81,Normal
2025-11-03,AUD,Markets,-85477.9299999999,15,-456951.35,2025-11-03,8666218160.19,6728093708.8,128.81,Normal
2025-11-03,EUR,Corporate Banking,-102134.29,11,-32267.5742857143,2025-11-03,8666218160.19,6728093708.8,128.81,Normal
2025-11-03,USD,Treasury,747510.36,22,-443233.244285714,2025-11-03,8666218160.19,6728093708.8,128.81,Normal
2025-11-03,CHF,Retail Banking,135564.86,7,29628.8457142857,2025-11-03,8666218160.19,6728093708.8,128.81,Normal
2025-11-03,CAD,Markets,-257422.54,12,604417.742857143,2025-11-03,8666218160.19,6728093708.8,128.81,Normal
2025-11-03,CAD,Treasury,1443989.87,13,1098262.92857143,2025-11-03,8666218160.19,6728093708.8,128.81,Normal
2025-11-03,USD,Investment Banking,-78845.39,8,-11172.7442857143,2025-11-03,8666218160.19,6728093708.8,128.81,Normal
2025-11-03,INR,Investment Banking,-368219.37,19,-72644.7314285714,2025-11-03,8666218160.19,6728093708.8,128.81,Normal
2025-11-03,GBP,Treasury,-4188432.24,20,-688139.014285714,2025-11-03,8666218160.19,6728093708.8,128.81,Normal
2025-11-03,EUR,Treasury,1875036.47,13,-12052.3385714285,2025-11-03,8666218160.19,6728093708.8,128.81,Normal
2025-11-03,JPY,Markets,-2777521.6,18,-821589.077142857,2025-11-03,8666218160.19,6728093708.8,128.81,Normal
2025-11-03,CHF,Markets,-18882.18,13,1079127.67142857,2025-11-03,8666218160.19,6728093708.8,128.81,Normal
2025-11-03,EUR,Markets,823717.23,15,-628745.257142857,2025-11-03,8666218160.19,6728093708.8,128.81,Normal
2025-11-03,AUD,Corporate Banking,-185674.49,7,-22909.69,2025-11-03,8666218160.19,6728093708.8,128.81,Normal
2025-11-03,AUD,Treasury,2358707.63,14,-1239752.33571429,2025-11-03,8666218160.19,6728093708.8,128.81,Normal
2025-11-03,JPY,Corporate Banking,-118272.94,14,-137885.034285714,2025-11-03,8666218160.19,6728093708.8,128.81,Normal
2025-11-03,eur,Retail Banking,-25037.46,1,-15883.5714285714,2025-11-03,8666218160.19,6728093708.8,128.81,Normal
2025-11-03,CHF,Investment Banking,68177.71,18,4691.10142857142,2025-11-03,8666218160.19,6728093708.8,128.81,Normal
2025-11-16,jpy,Investment Banking,-15492.14,1,-1520.16285714286,2025-11-16,8563309280.46,6380259474.66,134.22,Normal
2025-11-16,INR,Corporate Banking,1342.01,7,-97947.7471428571,2025-11-16,8563309280.46,6380259474.66,134.22,Normal
2025-11-16,GBP,Investment Banking,-100656.54,13,-2760.80285714285,2025-11-16,8563309280.46,6380259474.66,134.22,Normal
2025-11-16,inr,Markets,198312.55,1,-24290.4071428571,2025-11-16,8563309280.46,6380259474.66,134.22,Normal
2025-11-16,JPY,Treasury,-780631.5,13,-646487.384285714,2025-11-16,8563309280.46,6380259474.66,134.22,Normal
2025-11-16,GBP,Corporate Banking,-224016.26,9,29542.47,2025-11-16,8563309280.46,6380259474.66,134.22,Normal
2025-11-16,gbp,Treasury,-267661.84,1,-55858.35,2025-11-16,8563309280.46,6380259474.66,134.22,Normal
2025-11-16,CAD,Investment Banking,-118008.37,16,-40269.1342857143,2025-11-16,8563309280.46,6380259474.66,134.22,Normal
2025-11-16,INR,Markets,-1259262.72,9,-937203.651428572,2025-11-16,8563309280.46,6380259474.66,134.22,Normal
2025-11-16,GBP,Retail Banking,-142041.2,9,65583.3771428571,2025-11-16,8563309280.46,6380259474.66,134.22,Normal
2025-11-16,AUD,Investment Banking,-31589.8,6,-106816.005714286,2025-11-16,8563309280.46,6380259474.66,134.22,Normal
2025-11-16,AUD,Retail Banking,181179.68,16,33008.4557142857,2025-11-16,8563309280.46,6380259474.66,134.22,Normal
2025-11-16,inr,Corporate Banking,26456.02,1,15500.6,2025-11-16,8563309280.46,6380259474.66,134.22,Normal
2025-11-16,EUR,Retail Banking,-66174.66,7,-88344.8128571429,2025-11-16,8563309280.46,6380259474.66,134.22,Normal
2025-11-16,CAD,Retail Banking,99125.02,12,-15856.4342857143,2025-11-16,8563309280.46,6380259474.66,134.22,Normal
2025-11-16,INR,Retail Banking,56604.29,8,-51570.6885714286,2025-11-16,8563309280.46,6380259474.66,134.22,Normal
2025-11-16,CHF,Corporate Banking,96442.6,8,3060.70714285715,2025-11-16,8563309280.46,6380259474.66,134.22,Normal
2025-11-16,GBP,Markets,-2535092.83,14,-1636773.92,2025-11-16,8563309280.46,6380259474.66,134.22,Normal
2025-11-16,USD,Corporate Banking,33189.86,8,7034.16714285715,2025-11-16,8563309280.46,6380259474.66,134.22,Normal
2025-11-16,EUR,Investment Banking,45214.67,8,95896.8342857143,2025-11-16,8563309280.46,6380259474.66,134.22,Normal
2025-11-16,chf,Markets,21857.17,1,82.7428571428588,2025-11-16,8563309280.46,6380259474.66,134.22,Normal
2025-11-16,USD,Markets,1604459.34,14,-86618.9857142858,2025-11-16,8563309280.46,6380259474.66,134.22,Normal
2025-11-16,INR,Treasury,-1924620.23,12,104976.838571429,2025-11-16,8563309280.46,6380259474.66,134.22,Normal
2025-11-16,USD,Retail Banking,-24042.89,9,19526.8442857143,2025-11-16,8563309280.46,6380259474.66,134.22,Normal
2025-11-16,chf,Treasury,-271584.95,1,136895.667142857,2025-11-16,8563309280.46,6380259474.66,134.22,Normal
2025-11-16,CHF,Treasury,1318954.69,19,46629.0242857145,2025-11-16,8563309280.46,6380259474.66,134.22,Normal
2025-11-16,CAD,Corporate Banking,-466120.02,7,-98733.2957142857,2025-11-16,8563309280.46,6380259474.66,134.22,Normal
2025-11-16,JPY,Retail Banking,-148874.85,9,-11081.9957142857,2025-11-16,8563309280.46,6380259474.66,134.22,Normal
2025-11-16,JPY,Investment Banking,-190221.88,9,-5813.79571428573,2025-11-16,8563309280.46,6380259474.66,134.22,Normal
2025-11-16,AUD,Markets,-2888637.93,17,-133424.1,2025-11-16,8563309280.46,6380259474.66,134.22,Normal
2025-11-16,EUR,Corporate Banking,96689.02,7,-9855.03,2025-11-16,8563309280.46,6380259474.66,134.22,Normal
2025-11-16,USD,Treasury,839708.07,16,-544277.66,2025-11-16,8563309280.46,6380259474.66,134.22,Normal
2025-11-16,CHF,Retail Banking,-16708.1,8,111475.228571429,2025-11-16,8563309280.46,6380259474.66,134.22,Normal
2025-11-16,CAD,Markets,-722689.74,11,365388.297142857,2025-11-16,8563309280.46,6380259474.66,134.22,Normal
2025-11-16,CAD,Treasury,-6409541.42,18,-1121111.04714286,2025-11-16,8563309280.46,6380259474.66,134.22,Normal
2025-11-16,USD,Investment Banking,249720.17,6,37049.4728571429,2025-11-16,8563309280.46,6380259474.66,134.22,Normal
2025-11-16,INR,Investment Banking,100383.12,13,-115343.627142857,2025-11-16,8563309280.46,6380259474.66,134.22,Normal
2025-11-16,GBP,Treasury,233361.05,18,474863.264285714,2025-11-16,8563309280.46,6380259474.66,134.22,Normal
2025-11-16,EUR,Treasury,1015798.03,14,-407493.09,2025-11-16,8563309280.46,6380259474.66,134.22,Normal
2025-11-16,aud,Treasury,580315.22,1,-45362.7485714285,2025-11-16,8563309280.46,6380259474.66,134.22,Normal
2025-11-16,JPY,Markets,-500640.41,16,-183690.028571429,2025-11-16,8563309280.46,6380259474.66,134.22,Normal
2025-11-16,CHF,Markets,527718.86,11,-593635.862857143,2025-11-16,8563309280.46,6380259474.66,134.22,Normal
2025-11-16,EUR,Markets,3083183.76,16,-445791.214285714,2025-11-16,8563309280.46,6380259474.66,134.22,Normal
2025-11-16,AUD,Corporate Banking,54328.97,7,11408.4628571429,2025-11-16,8563309280.46,6380259474.66,134.22,Normal
2025-11-16,AUD,Treasury,-1486665.81,15,-970570.161428572,2025-11-16,8563309280.46,6380259474.66,134.22,Normal
2025-11-16,JPY,Corporate Banking,-185348.78,8,-52849.2,2025-11-16,8563309280.46,6380259474.66,134.22,Normal
2025-11-16,CHF,Investment Banking,-39866.71,6,-16673.3414285714,2025-11-16,8563309280.46,6380259474.66,134.22,Normal
2025-11-16,inr,Retail Banking,-9965.02,1,-8002.15285714286,2025-11-16,8563309280.46,6380259474.66,134.22,Normal
2025-12-03,INR,Corporate Banking,256580.08,14,-21429.1214285714,2025-12-03,8634641137.62,7667290787.15,112.62,Normal
2025-12-03,jpy,Markets,-523517.11,1,-100344.382857143,2025-12-03,8634641137.62,7667290787.15,112.62,Normal
2025-12-03,GBP,Investment Banking,35040.73,12,31441.3171428571,2025-12-03,8634641137.62,7667290787.15,112.62,Normal
2025-12-03,JPY,Treasury,278474.59,16,26286.4328571426,2025-12-03,8634641137.62,7667290787.15,112.62,Normal
2025-12-03,GBP,Corporate Banking,229471.91,9,37836.4771428571,2025-12-03,8634641137.62,7667290787.15,112.62,Normal
2025-12-03,jpy,Retail Banking,-46125.38,1,11379.01,2025-12-03,8634641137.62,7667290787.15,112.62,Normal
2025-12-03,gbp,Treasury,295816.86,1,101739.891428571,2025-12-03,8634641137.62,7667290787.15,112.62,Normal
2025-12-03,jpy,Treasury,301965.63,1,177640.471428571,2025-12-03,8634641137.62,7667290787.15,112.62,Normal
2025-12-03,aud,Corporate Banking,7271.61,1,-10166.4928571429,2025-12-03,8634641137.62,7667290787.15,112.62,Normal
2025-12-03,CAD,Investment Banking,-857.189999999988,13,-102692.258571429,2025-12-03,8634641137.62,7667290787.15,112.62,Normal
2025-12-03,INR,Markets,-575544.38,19,782126.812857143,2025-12-03,8634641137.62,7667290787.15,112.62,Normal
2025-12-03,GBP,Retail Banking,-36429.71,8,33751.3157142857,2025-12-03,8634641137.62,7667290787.15,112.62,Normal
2025-12-03,AUD,Investment Banking,93218.82,10,17730.1114285714,2025-12-03,8634641137.62,7667290787.15,112.62,Normal
2025-12-03,AUD,Retail Banking,-24310.71,11,-35050.2857142857,2025-12-03,8634641137.62,7667290787.15,112.62,Normal
2025-12-03,EUR,Retail Banking,443353.86,7,-28082.3557142857,2025-12-03,8634641137.62,7667290787.15,112.62,Normal
2025-12-03,CAD,Retail Banking,5341.88000000002,10,37066.5842857143,2025-12-03,8634641137.62,7667290787.15,112.62,Normal
2025-12-03,INR,Retail Banking,67944.49,12,2301.46999999999,2025-12-03,8634641137.62,7667290787.15,112.62,Normal
2025-12-03,CHF,Corporate Banking,-75916.25,14,-5323.2957142857,2025-12-03,8634641137.62,7667290787.15,112.62,Normal
2025-12-03,GBP,Markets,-930402.99,8,-38446.7271428573,2025-12-03,8634641137.62,7667290787.15,112.62,Normal
2025-12-03,USD,Corporate Banking,-112226.71,9,-103400.221428571,2025-12-03,8634641137.62,7667290787.15,112.62,Normal
2025-12-03,EUR,Investment Banking,44124.77,9,18978.4271428571,2025-12-03,8634641137.62,7667290787.15,112.62,Normal
2025-12-03,chf,Markets,151737.21,1,111.074285714295,2025-12-03,8634641137.62,7667290787.15,112.62,Normal
2025-12-03,USD,Markets,389678.78,17,52395.8342857143,2025-12-03,8634641137.62,7667290787.15,112.62,Normal
2025-12-03,cad,Treasury,123459.04,1,197765.772857143,2025-12-03,8634641137.62,7667290787.15,112.62,Normal
2025-12-03,INR,Treasury,68185.8399999999,20,-9823.5828571428,2025-12-03,8634641137.62,7667290787.15,112.62,Normal
2025-12-03,USD,Retail Banking,-36937,13,-17470.3771428571,2025-12-03,8634641137.62,7667290787.15,112.62,Normal
2025-12-03,gbp,Corporate Banking,-12434.8,1,5603.15857142857,2025-12-03,8634641137.62,7667290787.15,112.62,Normal
2025-12-03,chf,Treasury,-285248.75,1,91879.0442857143,2025-12-03,8634641137.62,7667290787.15,112.62,Normal
2025-12-03,CHF,Treasury,3629162.9,18,-172278.567142857,2025-12-03,8634641137.62,7667290787.15,112.62,Normal
2025-12-03,CAD,Corporate Banking,-126143.66,10,-12539.0714285714,2025-12-03,8634641137.62,7667290787.15,112.62,Normal
2025-12-03,JPY,Retail Banking,-91267.79,7,-1428.85714285712,2025-12-03,8634641137.62,7667290787.15,112.62,Normal
2025-12-03,inr,Investment Banking,44654.47,1,-5550.28857142857,2025-12-03,8634641137.62,7667290787.15,112.62,Normal
2025-12-03,JPY,Investment Banking,913.459999999988,13,50919.2871428571,2025-12-03,8634641137.62,7667290787.15,112.62,Normal
2025-12-03,AUD,Markets,-2810923.93,12,-512735.584285714,2025-12-03,8634641137.62,7667290787.15,112.62,Normal
2025-12-03,EUR,Corporate Banking,-499359.69,15,-99676.4085714286,2025-12-03,8634641137.62,7667290787.15,112.62,Normal
2025-12-03,USD,Treasury,-1324359.85,11,-167029.115714286,2025-12-03,8634641137.62,7667290787.15,112.62,Normal
2025-12-03,CHF,Retail Banking,60560.48,8,-55346.8028571429,2025-12-03,8634641137.62,7667290787.15,112.62,Normal
2025-12-03,CAD,Markets,-1286747.72,20,-993501.448571429,2025-12-03,8634641137.62,7667290787.15,112.62,Normal
2025-12-03,CAD,Treasury,617345.42,20,362005.825714286,2025-12-03,8634641137.62,7667290787.15,112.62,Normal
2025-12-03,USD,Investment Banking,12454.75,14,73758.0785714286,2025-12-03,8634641137.62,7667290787.15,112.62,Normal
2025-12-03,INR,Investment Banking,210964.48,9,-9175.05,2025-12-03,8634641137.62,7667290787.15,112.62,Normal
2025-12-03,GBP,Treasury,1260374.28,17,253367.82,2025-12-03,8634641137.62,7667290787.15,112.62,Normal
2025-12-03,EUR,Treasury,-734440.08,16,-69635.66,2025-12-03,8634641137.62,7667290787.15,112.62,Normal
2025-12-03,aud,Treasury,688961.08,1,308443.854285714,2025-12-03,8634641137.62,7667290787.15,112.62,Normal
2025-12-03,JPY,Markets,2093795.16,16,965055.875714286,2025-12-03,8634641137.62,7667290787.15,112.62,Normal
2025-12-03,CHF,Markets,690967.36,17,60981.4528571428,2025-12-03,8634641137.62,7667290787.15,112.62,Normal
2025-12-03,eur,Corporate Banking,37028.09,2,3704.45,2025-12-03,8634641137.62,7667290787.15,112.62,Normal
2025-12-03,EUR,Markets,319466.14,24,-835020.175714286,2025-12-03,8634641137.62,7667290787.15,112.62,Normal
2025-12-03,AUD,Corporate Banking,171096.49,7,1195.64714285715,2025-12-03,8634641137.62,7667290787.15,112.62,Normal
2025-12-03,AUD,Treasury,951822.48,13,-4659.18999999998,2025-12-03,8634641137.62,7667290787.15,112.62,Normal
2025-12-03,JPY,Corporate Banking,-23816.75,11,-19281.01,2025-12-03,8634641137.62,7667290787.15,112.62,Normal
2025-12-03,CHF,Investment Banking,-53003.44,8,99842.5214285714,2025-12-03,8634641137.62,7667290787.15,112.62,Normal
2025-12-03,inr,Retail Banking,50615.96,3,363.478571428572,2025-12-03,8634641137.62,7667290787.15,112.62,Normal
2025-12-25,jpy,Investment Banking,44389.05,1,-726.095714285713,2025-12-25,9988730850.53,6202468930.52,161.04,Normal
2025-12-25,INR,Corporate Banking,-95285.27,13,-82275.2,2025-12-25,9988730850.53,6202468930.52,161.04,Normal
2025-12-25,GBP,Investment Banking,-10980.4,13,-86072.3214285714,2025-12-25,9988730850.53,6202468930.52,161.04,Normal
2025-12-25,JPY,Treasury,80280.2900000001,13,-956119.818571429,2025-12-25,9988730850.53,6202468930.52,161.04,Normal
2025-12-25,GBP,Corporate Banking,-135298.38,7,-99859.8514285714,2025-12-25,9988730850.53,6202468930.52,161.04,Normal
2025-12-25,gbp,Treasury,283533.32,1,-152056.502857143,2025-12-25,9988730850.53,6202468930.52,161.04,Normal
2025-12-25,CAD,Investment Banking,161862.77,16,-98873.1385714286,2025-12-25,9988730850.53,6202468930.52,161.04,Normal
2025-12-25,INR,Markets,2216207.68,15,493582.708571428,2025-12-25,9988730850.53,6202468930.52,161.04,Normal
2025-12-25,GBP,Retail Banking,-82078.47,9,10079.66,2025-12-25,9988730850.53,6202468930.52,161.04,Normal
2025-12-25,AUD,Investment Banking,-257843.77,9,-74078.6371428571,2025-12-25,9988730850.53,6202468930.52,161.04,Normal
2025-12-25,AUD,Retail Banking,-2324.54000000001,14,-33172.3914285714,2025-12-25,9988730850.53,6202468930.52,161.04,Normal
2025-12-25,EUR,Retail Banking,-97572.7,11,57541.5071428571,2025-12-25,9988730850.53,6202468930.52,161.04,Normal
2025-12-25,CAD,Retail Banking,91490.34,8,35516.78,2025-12-25,9988730850.53,6202468930.52,161.04,Normal
2025-12-25,INR,Retail Banking,-312224.62,13,-76484.0528571429,2025-12-25,9988730850.53,6202468930.52,161.04,Normal
2025-12-25,CHF,Corporate Banking,70972.81,10,33383.06,2025-12-25,9988730850.53,6202468930.52,161.04,Normal
2025-12-25,GBP,Markets,-1287098.65,17,60895.0114285714,2025-12-25,9988730850.53,6202468930.52,161.04,Normal
2025-12-25,USD,Corporate Banking,-135827.6,12,-31535.93,2025-12-25,9988730850.53,6202468930.52,161.04,Normal
2025-12-25,EUR,Investment Banking,-80701.56,9,-20840.38,2025-12-25,9988730850.53,6202468930.52,161.04,Normal
2025-12-25,aud,Retail Banking,-9481.94,1,-25729.0114285714,2025-12-25,9988730850.53,6202468930.52,161.04,Normal
2025-12-25,USD,Markets,-2289178.05,13,-1151129.08714286,2025-12-25,9988730850.53,6202468930.52,161.04,Normal
2025-12-25,INR,Treasury,206983.05,14,-1506310.04571429,2025-12-25,9988730850.53,6202468930.52,161.04,Normal
2025-12-25,USD,Retail Banking,393267.5,8,26117.6342857143,2025-12-25,9988730850.53,6202468930.52,161.04,Normal
2025-12-25,chf,Treasury,-257257.56,1,-123926.024285714,2025-12-25,9988730850.53,6202468930.52,161.04,Normal
2025-12-25,CHF,Treasury,80357.8900000002,14,-1187545.33714286,2025-12-25,9988730850.53,6202468930.52,161.04,Normal
2025-12-25,CAD,Corporate Banking,-68896.66,9,-45212.6185714286,2025-12-25,9988730850.53,6202468930.52,161.04,Normal
2025-12-25,JPY,Retail Banking,-122106.12,8,-77441.3,2025-12-25,9988730850.53,6202468930.52,161.04,Normal
2025-12-25,JPY,Investment Banking,-140661.94,13,-202486.62,2025-12-25,9988730850.53,6202468930.52,161.04,Normal
2025-12-25,AUD,Markets,-372250.28,18,153482.578571429,2025-12-25,9988730850.53,6202468930.52,161.04,Normal
2025-12-25,EUR,Corporate Banking,-244101.66,10,-115506.254285714,2025-12-25,9988730850.53,6202468930.52,161.04,Normal
2025-12-25,USD,Treasury,-286080.53,13,562719.408571429,2025-12-25,9988730850.53,6202468930.52,161.04,Normal
2025-12-25,CHF,Retail Banking,-3765.07999999999,12,38051.14,2025-12-25,9988730850.53,6202468930.52,161.04,Normal
2025-12-25,CAD,Markets,-2471805.13,16,-835617.718571428,2025-12-25,9988730850.53,6202468930.52,161.04,Normal
2025-12-25,chf,Corporate Banking,-3941.61,1,8014.53285714286,2025-12-25,9988730850.53,6202468930.52,161.04,Normal
2025-12-25,CAD,Treasury,-261834.04,19,161432.827142857,2025-12-25,9988730850.53,6202468930.52,161.04,Normal
2025-12-25,USD,Investment Banking,255339.98,10,-35674.21,2025-12-25,9988730850.53,6202468930.52,161.04,Normal
2025-12-25,aud,Investment Banking,-34559.08,2,34128.3671428571,2025-12-25,9988730850.53,6202468930.52,161.04,Normal
2025-12-25,INR,Investment Banking,-20804.19,14,-5905.3,2025-12-25,9988730850.53,6202468930.52,161.04,Normal
2025-12-25,GBP,Treasury,1245285.68,13,-413611.282857143,2025-12-25,9988730850.53,6202468930.52,161.04,Normal
2025-12-25,EUR,Treasury,2309562.05,18,118634.75,2025-12-25,9988730850.53,6202468930.52,161.04,Normal
2025-12-25,aud,Treasury,98709.86,2,241266.427142857,2025-12-25,9988730850.53,6202468930.52,161.04,Normal
2025-12-25,JPY,Markets,-891831.06,18,241520.697142857,2025-12-25,9988730850.53,6202468930.52,161.04,Normal
2025-12-25,CHF,Markets,1328004.41,12,1000119.84571429,2025-12-25,9988730850.53,6202468930.52,161.04,Normal
2025-12-25,EUR,Markets,1602519.35,20,224408.874285714,2025-12-25,9988730850.53,6202468930.52,161.04,Normal
2025-12-25,aud,Markets,436580.56,1,60364.1271428572,2025-12-25,9988730850.53,6202468930.52,161.04,Normal
2025-12-25,AUD,Corporate Banking,-424885.65,9,-216762.554285714,2025-12-25,9988730850.53,6202468930.52,161.04,Normal
2025-12-25,AUD,Treasury,1002389.59,20,-492578.595714286,2025-12-25,9988730850.53,6202468930.52,161.04,Normal
2025-12-25,JPY,Corporate Banking,-114525.36,7,-50087.6871428571,2025-12-25,9988730850.53,6202468930.52,161.04,Normal
2025-12-25,CHF,Investment Banking,-28500.09,13,-100601.688571429,2025-12-25,9988730850.53,6202468930.52,161.04,Normal
2026-02-06,INR,Corporate Banking,-257926.03,11,-36440.4671428571,2026-02-06,9683139508.74,7565522487,127.99,Normal
2026-02-06,usd,Investment Banking,56331.63,1,6086.28,2026-02-06,9683139508.74,7565522487,127.99,Normal
2026-02-06,GBP,Investment Banking,453288.25,11,70743.7628571429,2026-02-06,9683139508.74,7565522487,127.99,Normal
2026-02-06,JPY,Treasury,762968.88,14,731123.748571428,2026-02-06,9683139508.74,7565522487,127.99,Normal
2026-02-06,GBP,Corporate Banking,-162347.68,9,-82176.9142857143,2026-02-06,9683139508.74,7565522487,127.99,Normal
2026-02-06,aud,Corporate Banking,-60199,1,-28111.4228571429,2026-02-06,9683139508.74,7565522487,127.99,Normal
2026-02-06,CAD,Investment Banking,-201392.78,8,-78995.4585714286,2026-02-06,9683139508.74,7565522487,127.99,Normal
2026-02-06,INR,Markets,-1577486.68,19,-10231.3957142858,2026-02-06,9683139508.74,7565522487,127.99,Normal
2026-02-06,GBP,Retail Banking,-385225.54,7,-89641.1171428571,2026-02-06,9683139508.74,7565522487,127.99,Normal
2026-02-06,AUD,Investment Banking,205618.06,11,-1645.98142857142,2026-02-06,9683139508.74,7565522487,127.99,Normal
2026-02-06,AUD,Retail Banking,-135536.31,8,3695.6357142857,2026-02-06,9683139508.74,7565522487,127.99,Normal
2026-02-06,cad,Markets,-226170.42,1,-394064.231428571,2026-02-06,9683139508.74,7565522487,127.99,Normal
2026-02-06,EUR,Retail Banking,-132008.9,11,-84074.6957142857,2026-02-06,9683139508.74,7565522487,127.99,Normal
2026-02-06,CAD,Retail Banking,-142831.29,14,-103756.304285714,2026-02-06,9683139508.74,7565522487,127.99,Normal
2026-02-06,INR,Retail Banking,21933.74,10,9420.66285714286,2026-02-06,9683139508.74,7565522487,127.99,Normal
2026-02-06,CHF,Corporate Banking,47593.4,12,-22008.4442857143,2026-02-06,9683139508.74,7565522487,127.99,Normal
2026-02-06,GBP,Markets,-1737701.76,11,610154.664285714,2026-02-06,9683139508.74,7565522487,127.99,Normal
2026-02-06,USD,Corporate Banking,16155.41,16,48745.8628571429,2026-02-06,9683139508.74,7565522487,127.99,Normal
2026-02-06,EUR,Investment Banking,-31301.15,8,-88219.1485714286,2026-02-06,9683139508.74,7565522487,127.99,Normal
2026-02-06,USD,Markets,-1770925.43,17,-1012527.59,2026-02-06,9683139508.74,7565522487,127.99,Normal
2026-02-06,cad,Treasury,-327597.6,2,-266883.164285714,2026-02-06,9683139508.74,7565522487,127.99,Normal
2026-02-06,cad,Investment Banking,16405.15,2,15597.8028571429,2026-02-06,9683139508.74,7565522487,127.99,Normal
2026-02-06,INR,Treasury,-2100300.73,15,-25287.6885714285,2026-02-06,9683139508.74,7565522487,127.99,Normal
2026-02-06,USD,Retail Banking,-58683.55,8,-68135.6614285714,2026-02-06,9683139508.74,7565522487,127.99,Normal
2026-02-06,CHF,Treasury,353136.75,18,-249543.631428572,2026-02-06,9683139508.74,7565522487,127.99,Normal
2026-02-06,CAD,Corporate Banking,-65577.85,9,29163.5685714286,2026-02-06,9683139508.74,7565522487,127.99,Normal
2026-02-06,JPY,Retail Banking,-233538.51,10,-140877.418571429,2026-02-06,9683139508.74,7565522487,127.99,Normal
2026-02-06,JPY,Investment Banking,-136003.21,9,-22405.9271428571,2026-02-06,9683139508.74,7565522487,127.99,Normal
2026-02-06,AUD,Markets,-948764.87,11,-78177.842857143,2026-02-06,9683139508.74,7565522487,127.99,Normal
2026-02-06,EUR,Corporate Banking,-306342.75,14,5808.35285714285,2026-02-06,9683139508.74,7565522487,127.99,Normal
2026-02-06,USD,Treasury,-2720046.27,25,367267.845714286,2026-02-06,9683139508.74,7565522487,127.99,Normal
2026-02-06,CHF,Retail Banking,387463.45,11,114295.268571429,2026-02-06,9683139508.74,7565522487,127.99,Normal
2026-02-06,CAD,Markets,895850,12,-531137.222857143,2026-02-06,9683139508.74,7565522487,127.99,Normal
2026-02-06,CAD,Treasury,-1959478.35,16,-644023.751428571,2026-02-06,9683139508.74,7565522487,127.99,Normal
2026-02-06,USD,Investment Banking,-50885.39,13,-127311.855714286,2026-02-06,9683139508.74,7565522487,127.99,Normal
2026-02-06,INR,Investment Banking,25023.22,11,-92015.1214285714,2026-02-06,9683139508.74,7565522487,127.99,Normal
2026-02-06,GBP,Treasury,1455533.94,19,961658.574285714,2026-02-06,9683139508.74,7565522487,127.99,Normal
2026-02-06,EUR,Treasury,26300.73,12,-366954.752857143,2026-02-06,9683139508.74,7565522487,127.99,Normal
2026-02-06,aud,Treasury,-123228.89,3,-49767.6428571429,2026-02-06,9683139508.74,7565522487,127.99,Normal
2026-02-06,JPY,Markets,-1299360.8,12,-982267.807142857,2026-02-06,9683139508.74,7565522487,127.99,Normal
2026-02-06,CHF,Markets,1903763.75,15,-379894.548571428,2026-02-06,9683139508.74,7565522487,127.99,Normal
2026-02-06,EUR,Markets,-158508.23,13,-3480.83000000011,2026-02-06,9683139508.74,7565522487,127.99,Normal
2026-02-06,aud,Markets,87224.96,1,88761.2971428571,2026-02-06,9683139508.74,7565522487,127.99,Normal
2026-02-06,AUD,Corporate Banking,43502.69,13,57079.4314285714,2026-02-06,9683139508.74,7565522487,127.99,Normal
2026-02-06,eur,Treasury,-179361,1,115904.45,2026-02-06,9683139508.74,7565522487,127.99,Normal
2026-02-06,AUD,Treasury,-142830.5,11,339413.151428571,2026-02-06,9683139508.74,7565522487,127.99,Normal
2026-02-06,JPY,Corporate Banking,-302442.86,11,-77918.9271428571,2026-02-06,9683139508.74,7565522487,127.99,Normal
2026-02-06,eur,Retail Banking,22376.97,1,1284.20571428572,2026-02-06,9683139508.74,7565522487,127.99,Normal
2026-02-06,CHF,Investment Banking,-61318.81,10,-67727.0442857143,2026-02-06,9683139508.74,7565522487,127.99,Normal
2025-11-23,INR,Corporate Banking,-22333.54,11,56650.8685714286,2025-11-23,8677514456.55,6559660705.81,132.29,Normal
2025-11-23,GBP,Investment Banking,-55275.82,10,-15867.5271428571,2025-11-23,8677514456.55,6559660705.81,132.29,Normal
2025-11-23,JPY,Treasury,-871335.24,16,-12598.6228571429,2025-11-23,8677514456.55,6559660705.81,132.29,Normal
2025-11-23,GBP,Corporate Banking,-46922.46,9,-56457.4314285714,2025-11-23,8677514456.55,6559660705.81,132.29,Normal
2025-11-23,CAD,Investment Banking,-108715.31,11,36026.9185714286,2025-11-23,8677514456.55,6559660705.81,132.29,Normal
2025-11-23,INR,Markets,-5777710.84,20,-855423.278571428,2025-11-23,8677514456.55,6559660705.81,132.29,Normal
2025-11-23,GBP,Retail Banking,57596.47,12,-1196.27142857142,2025-11-23,8677514456.55,6559660705.81,132.29,Normal
2025-11-23,AUD,Investment Banking,152234.8,9,151927.735714286,2025-11-23,8677514456.55,6559660705.81,132.29,Normal
2025-11-23,AUD,Retail Banking,164861.58,9,89959.2385714286,2025-11-23,8677514456.55,6559660705.81,132.29,Normal
2025-11-23,cad,Markets,292898.23,1,-99267.8671428572,2025-11-23,8677514456.55,6559660705.81,132.29,Normal
2025-11-23,EUR,Retail Banking,68054.27,10,-15616.1757142857,2025-11-23,8677514456.55,6559660705.81,132.29,Normal
2025-11-23,CAD,Retail Banking,30769.76,14,20152.9014285714,2025-11-23,8677514456.55,6559660705.81,132.29,Normal
2025-11-23,INR,Retail Banking,-70502.59,7,-69219.1571428571,2025-11-23,8677514456.55,6559660705.81,132.29,Normal
2025-11-23,CHF,Corporate Banking,436835.66,4,62789.9471428571,2025-11-23,8677514456.55,6559660705.81,132.29,Normal
2025-11-23,GBP,Markets,751770.58,11,623499.235714286,2025-11-23,8677514456.55,6559660705.81,132.29,Normal
2025-11-23,usd,Treasury,-213241.72,1,-5615.53999999999,2025-11-23,8677514456.55,6559660705.81,132.29,Normal
2025-11-23,USD,Corporate Banking,-377040,12,-130066.851428571,2025-11-23,8677514456.55,6559660705.81,132.29,Normal
2025-11-23,EUR,Investment Banking,52370.89,10,-88726.4942857143,2025-11-23,8677514456.55,6559660705.81,132.29,Normal
2025-11-23,USD,Markets,-395915.52,17,359264.601428571,2025-11-23,8677514456.55,6559660705.81,132.29,Normal
2025-11-23,INR,Treasury,100716.59,17,-653544.16,2025-11-23,8677514456.55,6559660705.81,132.29,Normal
2025-11-23,USD,Retail Banking,-87570.5,10,-196587.567142857,2025-11-23,8677514456.55,6559660705.81,132.29,Normal
2025-11-23,gbp,Corporate Banking,-38409.57,1,-5437.32571428571,2025-11-23,8677514456.55,6559660705.81,132.29,Normal
2025-11-23,chf,Treasury,248147.86,1,46.8557142856922,2025-11-23,8677514456.55,6559660705.81,132.29,Normal
2025-11-23,CHF,Treasury,2402524.69,15,148517.148571428,2025-11-23,8677514456.55,6559660705.81,132.29,Normal
2025-11-23,CAD,Corporate Banking,-17607.08,8,-8062.03285714286,2025-11-23,8677514456.55,6559660705.81,132.29,Normal
2025-11-23,JPY,Retail Banking,-301589.19,10,-56677.95,2025-11-23,8677514456.55,6559660705.81,132.29,Normal
2025-11-23,JPY,Investment Banking,11180.66,5,13061.7957142857,2025-11-23,8677514456.55,6559660705.81,132.29,Normal
2025-11-23,AUD,Markets,-1950460.74,13,-131267.637142857,2025-11-23,8677514456.55,6559660705.81,132.29,Normal
2025-11-23,EUR,Corporate Banking,160099.01,6,-31192.57,2025-11-23,8677514456.55,6559660705.81,132.29,Normal
2025-11-23,USD,Treasury,-1894706.23,11,-61899.08,2025-11-23,8677514456.55,6559660705.81,132.29,Normal
2025-11-23,eur,Markets,-264792.49,1,-20728.1442857143,2025-11-23,8677514456.55,6559660705.81,132.29,Normal
2025-11-23,CHF,Retail Banking,40791.37,8,-57586.1914285714,2025-11-23,8677514456.55,6559660705.81,132.29,Normal
2025-11-23,CAD,Markets,533084.46,10,426449.277142857,2025-11-23,8677514456.55,6559660705.81,132.29,Normal
2025-11-23,CAD,Treasury,1317892.71,16,574566.075714286,2025-11-23,8677514456.55,6559660705.81,132.29,Normal
2025-11-23,USD,Investment Banking,-21966.18,14,-45456.6057142857,2025-11-23,8677514456.55,6559660705.81,132.29,Normal
2025-11-23,INR,Investment Banking,-78613.98,13,-72922.99,2025-11-23,8677514456.55,6559660705.81,132.29,Normal
2025-11-23,GBP,Treasury,1845858.01,16,-33038.6457142858,2025-11-23,8677514456.55,6559660705.81,132.29,Normal
2025-11-23,EUR,Treasury,998633.47,10,-108277.392857143,2025-11-23,8677514456.55,6559660705.81,132.29,Normal
2025-11-23,jpy,Corporate Banking,-142463.07,1,10842.3471428571,2025-11-23,8677514456.55,6559660705.81,132.29,Normal
2025-11-23,JPY,Markets,-898545.29,9,192414.778571428,2025-11-23,8677514456.55,6559660705.81,132.29,Normal
2025-11-23,CHF,Markets,-97409.8399999999,19,-944643.682857143,2025-11-23,8677514456.55,6559660705.81,132.29,Normal
2025-11-23,EUR,Markets,-1116345.53,14,528379.71,2025-11-23,8677514456.55,6559660705.81,132.29,Normal
2025-11-23,aud,Markets,586369.06,1,98577.74,2025-11-23,8677514456.55,6559660705.81,132.29,Normal
2025-11-23,AUD,Corporate Banking,-26350.1,5,-79245.9528571429,2025-11-23,8677514456.55,6559660705.81,132.29,Normal
2025-11-23,eur,Treasury,-323026.04,1,-93074.9242857143,2025-11-23,8677514456.55,6559660705.81,132.29,Normal
2025-11-23,AUD,Treasury,-710609.47,7,-947188.262857143,2025-11-23,8677514456.55,6559660705.81,132.29,Normal
2025-11-23,JPY,Corporate Banking,-213690.39,11,-81066.0771428571,2025-11-23,8677514456.55,6559660705.81,132.29,Normal
2025-11-23,CHF,Investment Banking,-38719.26,8,-79523.0985714286,2025-11-23,8677514456.55,6559660705.81,132.29,Normal
2025-11-15,INR,Corporate Banking,44716.62,12,-100044.885714286,2025-11-15,10604334438.88,7813631462.34,135.72,Normal
2025-11-15,jpy,Markets,-35112.04,1,150687.312857143,2025-11-15,10604334438.88,7813631462.34,135.72,Normal
2025-11-15,GBP,Investment Banking,188320.02,14,6623.65,2025-11-15,10604334438.88,7813631462.34,135.72,Normal
2025-11-15,JPY,Treasury,942353.1,7,-471029.297142857,2025-11-15,10604334438.88,7813631462.34,135.72,Normal
2025-11-15,GBP,Corporate Banking,-17875.97,5,57682.7628571429,2025-11-15,10604334438.88,7813631462.34,135.72,Normal
2025-11-15,gbp,Markets,-416070.95,1,-141663.775714286,2025-11-15,10604334438.88,7813631462.34,135.72,Normal
2025-11-15,CAD,Investment Banking,-100185.4,10,-76115.0957142857,2025-11-15,10604334438.88,7813631462.34,135.72,Normal
2025-11-15,INR,Markets,-168743.56,7,-804863.287142857,2025-11-15,10604334438.88,7813631462.34,135.72,Normal
2025-11-15,GBP,Retail Banking,-111498.35,13,78285.8371428571,2025-11-15,10604334438.88,7813631462.34,135.72,Normal
2025-11-15,AUD,Investment Banking,-92060.33,9,-102693.997142857,2025-11-15,10604334438.88,7813631462.34,135.72,Normal
2025-11-15,AUD,Retail Banking,139988.51,10,1904.58285714286,2025-11-15,10604334438.88,7813631462.34,135.72,Normal
2025-11-15,EUR,Retail Banking,-126040.53,6,-89351.9185714286,2025-11-15,10604334438.88,7813631462.34,135.72,Normal
2025-11-15,CAD,Retail Banking,-22635.99,4,-43650.0042857143,2025-11-15,10604334438.88,7813631462.34,135.72,Normal
2025-11-15,INR,Retail Banking,-23848.76,14,-121897.437142857,2025-11-15,10604334438.88,7813631462.34,135.72,Normal
2025-11-15,CHF,Corporate Banking,40866.83,5,-15856.1457142857,2025-11-15,10604334438.88,7813631462.34,135.72,Normal
2025-11-15,GBP,Markets,-3928929.81,20,-1694812.79714286,2025-11-15,10604334438.88,7813631462.34,135.72,Normal
2025-11-15,usd,Treasury,-338310.19,1,239662.678571429,2025-11-15,10604334438.88,7813631462.34,135.72,Normal
2025-11-15,USD,Corporate Banking,-104256.22,7,-3515.49142857142,2025-11-15,10604334438.88,7813631462.34,135.72,Normal
2025-11-15,EUR,Investment Banking,100285.5,8,101735.938571429,2025-11-15,10604334438.88,7813631462.34,135.72,Normal
2025-11-15,USD,Markets,2705252.08,15,-207755.984285714,2025-11-15,10604334438.88,7813631462.34,135.72,Normal
2025-11-15,cad,Treasury,74332.73,1,57572.3471428571,2025-11-15,10604334438.88,7813631462.34,135.72,Normal
2025-11-15,inr,Treasury,-164291.2,1,71353.7328571428,2025-11-15,10604334438.88,7813631462.34,135.72,Normal
2025-11-15,INR,Treasury,248817.93,12,414856.754285714,2025-11-15,10604334438.88,7813631462.34,135.72,Normal
2025-11-15,USD,Retail Banking,-85451.01,8,-10991.6485714286,2025-11-15,10604334438.88,7813631462.34,135.72,Normal
2025-11-15,chf,Treasury,-310761.83,1,202944.528571429,2025-11-15,10604334438.88,7813631462.34,135.72,Normal
2025-11-15,CHF,Treasury,-687974.68,26,-283322.978571428,2025-11-15,10604334438.88,7813631462.34,135.72,Normal
2025-11-15,CAD,Corporate Banking,-236.690000000024,15,-37653.2585714286,2025-11-15,10604334438.88,7813631462.34,135.72,Normal
2025-11-15,JPY,Retail Banking,226205.75,13,16294.9785714286,2025-11-15,10604334438.88,7813631462.34,135.72,Normal
2025-11-15,inr,Investment Banking,-8486.4,1,662.374285714285,2025-11-15,10604334438.88,7813631462.34,135.72,Normal
2025-11-15,JPY,Investment Banking,-24505.3,7,24035.4814285714,2025-11-15,10604334438.88,7813631462.34,135.72,Normal
2025-11-15,AUD,Markets,-601556.9,15,-10771.5514285715,2025-11-15,10604334438.88,7813631462.34,135.72,Normal
2025-11-15,EUR,Corporate Banking,-385126.4,15,-104287.647142857,2025-11-15,10604334438.88,7813631462.34,135.72,Normal
2025-11-15,USD,Treasury,1623760.84,17,-864244.832857143,2025-11-15,10604334438.88,7813631462.34,135.72,Normal
2025-11-15,eur,Markets,153090.68,1,92523.6285714286,2025-11-15,10604334438.88,7813631462.34,135.72,Normal
2025-11-15,CHF,Retail Banking,74525.75,8,124356.99,2025-11-15,10604334438.88,7813631462.34,135.72,Normal
2025-11-15,usd,Corporate Banking,12470.18,1,1438.01714285714,2025-11-15,10604334438.88,7813631462.34,135.72,Normal
2025-11-15,eur,Investment Banking,6185.57,1,4074.24428571429,2025-11-15,10604334438.88,7813631462.34,135.72,Normal
2025-11-15,CAD,Markets,376666.52,18,423998.584285714,2025-11-15,10604334438.88,7813631462.34,135.72,Normal
2025-11-15,CAD,Treasury,-163031.77,8,-368880.677142857,2025-11-15,10604334438.88,7813631462.34,135.72,Normal
2025-11-15,USD,Investment Banking,-121088,7,17924.6628571429,2025-11-15,10604334438.88,7813631462.34,135.72,Normal
2025-11-15,INR,Investment Banking,-209705.13,6,-219874.115714286,2025-11-15,10604334438.88,7813631462.34,135.72,Normal
2025-11-15,GBP,Treasury,902256.54,15,240400.201428571,2025-11-15,10604334438.88,7813631462.34,135.72,Normal
2025-11-15,EUR,Treasury,-215725.8,18,-838231.302857143,2025-11-15,10604334438.88,7813631462.34,135.72,Normal
2025-11-15,aud,Treasury,42775.91,1,-141928.367142857,2025-11-15,10604334438.88,7813631462.34,135.72,Normal
2025-11-15,JPY,Markets,-1393416.78,13,152528.752857143,2025-11-15,10604334438.88,7813631462.34,135.72,Normal
2025-11-15,CHF,Markets,-888021.33,12,-897766.787142857,2025-11-15,10604334438.88,7813631462.34,135.72,Normal
2025-11-15,EUR,Markets,-920138.47,13,-544957.88,2025-11-15,10604334438.88,7813631462.34,135.72,Normal
2025-11-15,AUD,Corporate Banking,84295.01,13,13890.6942857143,2025-11-15,10604334438.88,7813631462.34,135.72,Normal
2025-11-15,AUD,Treasury,1494795.72,18,-1111033.57142857,2025-11-15,10604334438.88,7813631462.34,135.72,Normal
2025-11-15,JPY,Corporate Banking,-216631.25,11,-81401.0971428572,2025-11-15,10604334438.88,7813631462.34,135.72,Normal
2025-11-15,CHF,Investment Banking,-10365.37,15,-42724.9757142857,2025-11-15,10604334438.88,7813631462.34,135.72,Normal
2025-11-15,inr,Retail Banking,24878.99,1,-6578.57857142857,2025-11-15,10604334438.88,7813631462.34,135.72,Normal
2026-02-05,INR,Corporate Banking,-102018.44,14,21210.2228571429,2026-02-05,9911224750.56,7273244287.77,136.27,Normal
2026-02-05,GBP,Investment Banking,-37733.87,8,7642.82428571429,2026-02-05,9911224750.56,7273244287.77,136.27,Normal
2026-02-05,JPY,Treasury,3427080.6,17,520788.03,2026-02-05,9911224750.56,7273244287.77,136.27,Normal
2026-02-05,GBP,Corporate Banking,-106867.43,9,-56357.2928571429,2026-02-05,9911224750.56,7273244287.77,136.27,Normal
2026-02-05,gbp,Markets,283052.87,1,170717.861428571,2026-02-05,9911224750.56,7273244287.77,136.27,Normal
2026-02-05,CAD,Investment Banking,-114840.75,6,-70980.2528571429,2026-02-05,9911224750.56,7273244287.77,136.27,Normal
2026-02-05,INR,Markets,-2724041.62,11,155767.468571429,2026-02-05,9911224750.56,7273244287.77,136.27,Normal
2026-02-05,GBP,Retail Banking,209948.44,10,31222.0571428571,2026-02-05,9911224750.56,7273244287.77,136.27,Normal
2026-02-05,AUD,Investment Banking,-138426.16,11,-46598.48,2026-02-05,9911224750.56,7273244287.77,136.27,Normal
2026-02-05,AUD,Retail Banking,100231.71,9,-9011.27285714287,2026-02-05,9911224750.56,7273244287.77,136.27,Normal
2026-02-05,cad,Markets,-82639.76,1,-321663.01,2026-02-05,9911224750.56,7273244287.77,136.27,Normal
2026-02-05,inr,Corporate Banking,4391.72,1,19206.6857142857,2026-02-05,9911224750.56,7273244287.77,136.27,Normal
2026-02-05,EUR,Retail Banking,9862.67999999999,6,-1121.86714285713,2026-02-05,9911224750.56,7273244287.77,136.27,Normal
2026-02-05,CAD,Retail Banking,-50162.52,10,-82484.4785714286,2026-02-05,9911224750.56,7273244287.77,136.27,Normal
2026-02-05,INR,Retail Banking,130390.18,7,26310.2457142857,2026-02-05,9911224750.56,7273244287.77,136.27,Normal
2026-02-05,CHF,Corporate Banking,-226745.31,8,-50213.8328571429,2026-02-05,9911224750.56,7273244287.77,136.27,Normal
2026-02-05,GBP,Markets,1188657.49,15,884213.532857143,2026-02-05,9911224750.56,7273244287.77,136.27,Normal
2026-02-05,usd,Treasury,-58238.07,1,103755.475714286,2026-02-05,9911224750.56,7273244287.77,136.27,Normal
2026-02-05,USD,Corporate Banking,128609.06,9,45295.7185714286,2026-02-05,9911224750.56,7273244287.77,136.27,Normal
2026-02-05,EUR,Investment Banking,5419.22,6,-141467.408571429,2026-02-05,9911224750.56,7273244287.77,136.27,Normal
2026-02-05,USD,Markets,-1576033.12,13,-924678.397142857,2026-02-05,9911224750.56,7273244287.77,136.27,Normal
2026-02-05,cad,Treasury,-1826152.87,1,-222208.672857143,2026-02-05,9911224750.56,7273244287.77,136.27,Normal
2026-02-05,INR,Treasury,-174152.6,19,-376404.641428571,2026-02-05,9911224750.56,7273244287.77,136.27,Normal
2026-02-05,USD,Retail Banking,-85397.86,13,-14151.7,2026-02-05,9911224750.56,7273244287.77,136.27,Normal
2026-02-05,CHF,Treasury,790100.67,13,-647488.298571429,2026-02-05,9911224750.56,7273244287.77,136.27,Normal
2026-02-05,CAD,Corporate Banking,-43639.85,11,76263.91,2026-02-05,9911224750.56,7273244287.77,136.27,Normal
2026-02-05,JPY,Retail Banking,149283.33,5,-115381.267142857,2026-02-05,9911224750.56,7273244287.77,136.27,Normal
2026-02-05,JPY,Investment Banking,24939.51,13,31415.1314285714,2026-02-05,9911224750.56,7273244287.77,136.27,Normal
2026-02-05,AUD,Markets,2522086.09,17,-249120.254285714,2026-02-05,9911224750.56,7273244287.77,136.27,Normal
2026-02-05,EUR,Corporate Banking,140973.76,10,41291.5371428571,2026-02-05,9911224750.56,7273244287.77,136.27,Normal
2026-02-05,gbp,Investment Banking,-65206.09,2,-19813.0642857143,2026-02-05,9911224750.56,7273244287.77,136.27,Normal
2026-02-05,USD,Treasury,560141.47,20,636005.272857143,2026-02-05,9911224750.56,7273244287.77,136.27,Normal
2026-02-05,eur,Markets,151965.46,1,-49735.3357142857,2026-02-05,9911224750.56,7273244287.77,136.27,Normal
2026-02-05,CHF,Retail Banking,99055.69,11,62929.0114285714,2026-02-05,9911224750.56,7273244287.77,136.27,Normal
2026-02-05,CAD,Markets,-127664.62,14,-796209.491428571,2026-02-05,9911224750.56,7273244287.77,136.27,Normal
2026-02-05,CAD,Treasury,-995860.65,15,-474077.95,2026-02-05,9911224750.56,7273244287.77,136.27,Normal
2026-02-05,USD,Investment Banking,-614306.07,11,-145901.715714286,2026-02-05,9911224750.56,7273244287.77,136.27,Normal
2026-02-05,INR,Investment Banking,-16321.94,10,-90176.5557142857,2026-02-05,9911224750.56,7273244287.77,136.27,Normal
2026-02-05,GBP,Treasury,1733381.86,18,802726.395714286,2026-02-05,9911224750.56,7273244287.77,136.27,Normal
2026-02-05,EUR,Treasury,-1216.79999999999,10,-494363.94,2026-02-05,9911224750.56,7273244287.77,136.27,Normal
2026-02-05,JPY,Markets,-1114721.6,16,-1075450.46142857,2026-02-05,9911224750.56,7273244287.77,136.27,Normal
2026-02-05,CHF,Markets,1502294.82,15,-640860.13,2026-02-05,9911224750.56,7273244287.77,136.27,Normal
2026-02-05,EUR,Markets,-624678.5,14,166772.812857143,2026-02-05,9911224750.56,7273244287.77,136.27,Normal
2026-02-05,AUD,Corporate Banking,71897.07,11,57095.9985714286,2026-02-05,9911224750.56,7273244287.77,136.27,Normal
2026-02-05,AUD,Treasury,1254793.56,18,451515.775714286,2026-02-05,9911224750.56,7273244287.77,136.27,Normal
2026-02-05,gbp,Retail Banking,56207.23,1,-11377.21,2026-02-05,9911224750.56,7273244287.77,136.27,Normal
2026-02-05,JPY,Corporate Banking,-189178.94,13,31043.2871428571,2026-02-05,9911224750.56,7273244287.77,136.27,Normal
2026-02-05,eur,Retail Banking,-18764.64,1,-4208.16142857143,2026-02-05,9911224750.56,7273244287.77,136.27,Normal
2026-02-05,usd,Markets,-1462253.19,1,-292366.207142857,2026-02-05,9911224750.56,7273244287.77,136.27,Normal
2026-02-05,CHF,Investment Banking,-52420.24,8,-25299.3628571429,2026-02-05,9911224750.56,7273244287.77,136.27,Normal
2025-11-05,INR,Corporate Banking,112397.32,15,4409.89571428574,2025-11-05,8452743262,7109779586.79,118.89,Normal
2025-11-05,GBP,Investment Banking,-69437.69,10,22922.0071428572,2025-11-05,8452743262,7109779586.79,118.89,Normal
2025-11-05,JPY,Treasury,-369936.31,15,463236.931428572,2025-11-05,8452743262,7109779586.79,118.89,Normal
2025-11-05,GBP,Corporate Banking,-120583.31,7,-15759.78,2025-11-05,8452743262,7109779586.79,118.89,Normal
2025-11-05,gbp,Treasury,112183.64,1,32956.5157142857,2025-11-05,8452743262,7109779586.79,118.89,Normal
2025-11-05,jpy,Treasury,326830.47,2,295119.715714286,2025-11-05,8452743262,7109779586.79,118.89,Normal
2025-11-05,CAD,Investment Banking,-35774.78,10,247583.892857143,2025-11-05,8452743262,7109779586.79,118.89,Normal
2025-11-05,INR,Markets,554947.37,22,142731.058571428,2025-11-05,8452743262,7109779586.79,118.89,Normal
2025-11-05,GBP,Retail Banking,299373.05,13,59430.4014285714,2025-11-05,8452743262,7109779586.79,118.89,Normal
2025-11-05,AUD,Investment Banking,-55389.37,7,25150.8614285714,2025-11-05,8452743262,7109779586.79,118.89,Normal
2025-11-05,AUD,Retail Banking,-32680.69,8,-122311.011428571,2025-11-05,8452743262,7109779586.79,118.89,Normal
2025-11-05,inr,Corporate Banking,-17333.08,1,10179.5242857143,2025-11-05,8452743262,7109779586.79,118.89,Normal
2025-11-05,EUR,Retail Banking,-99147.01,8,-57311.4957142857,2025-11-05,8452743262,7109779586.79,118.89,Normal
2025-11-05,CAD,Retail Banking,-34265.71,8,-16515.0028571429,2025-11-05,8452743262,7109779586.79,118.89,Normal
2025-11-05,INR,Retail Banking,163222.9,12,-13018.0714285714,2025-11-05,8452743262,7109779586.79,118.89,Normal
2025-11-05,CHF,Corporate Banking,290378.03,4,-10939.1528571428,2025-11-05,8452743262,7109779586.79,118.89,Normal
2025-11-05,GBP,Markets,-2082824.41,20,-684117.477142857,2025-11-05,8452743262,7109779586.79,118.89,Normal
2025-11-05,USD,Corporate Banking,59700.4,6,-23377.1242857143,2025-11-05,8452743262,7109779586.79,118.89,Normal
2025-11-05,EUR,Investment Banking,-106145.78,10,39779.2028571428,2025-11-05,8452743262,7109779586.79,118.89,Normal
2025-11-05,USD,Markets,-476399.69,14,-381523.878571429,2025-11-05,8452743262,7109779586.79,118.89,Normal
2025-11-05,inr,Treasury,-47720.82,1,-56045.6042857143,2025-11-05,8452743262,7109779586.79,118.89,Normal
2025-11-05,INR,Treasury,805185.33,14,-768061.64,2025-11-05,8452743262,7109779586.79,118.89,Normal
2025-11-05,USD,Retail Banking,154122.43,9,-7197.11142857142,2025-11-05,8452743262,7109779586.79,118.89,Normal
2025-11-05,CHF,Treasury,-1946146.6,16,651056.218571428,2025-11-05,8452743262,7109779586.79,118.89,Normal
2025-11-05,CAD,Corporate Banking,59646.31,14,62725.65,2025-11-05,8452743262,7109779586.79,118.89,Normal
2025-11-05,JPY,Retail Banking,125097.82,7,54426.7728571429,2025-11-05,8452743262,7109779586.79,118.89,Normal
2025-11-05,JPY,Investment Banking,-108857.82,9,-15741.5157142857,2025-11-05,8452743262,7109779586.79,118.89,Normal
2025-11-05,AUD,Markets,673915.79,19,-304327.292857143,2025-11-05,8452743262,7109779586.79,118.89,Normal
2025-11-05,EUR,Corporate Banking,-19442.08,10,-46611.6257142857,2025-11-05,8452743262,7109779586.79,118.89,Normal
2025-11-05,USD,Treasury,-3012887.24,15,-273303.662857143,2025-11-05,8452743262,7109779586.79,118.89,Normal
2025-11-05,eur,Markets,-33672.05,1,38036.6171428571,2025-11-05,8452743262,7109779586.79,118.89,Normal
2025-11-05,CHF,Retail Banking,-112199.14,12,23901.5042857143,2025-11-05,8452743262,7109779586.79,118.89,Normal
2025-11-05,eur,Investment Banking,-11044.06,1,-6862.90857142857,2025-11-05,8452743262,7109779586.79,118.89,Normal
2025-11-05,CAD,Markets,3056117.46,9,936300.63,2025-11-05,8452743262,7109779586.79,118.89,Normal
2025-11-05,CAD,Treasury,1020783.73,14,893652.021428571,2025-11-05,8452743262,7109779586.79,118.89,Normal
2025-11-05,USD,Investment Banking,-150994.49,12,-6491.26571428572,2025-11-05,8452743262,7109779586.79,118.89,Normal
2025-11-05,aud,Investment Banking,55173.1,1,9946.88285714286,2025-11-05,8452743262,7109779586.79,118.89,Normal
2025-11-05,INR,Investment Banking,-1907803.7,8,-335284.715714286,2025-11-05,8452743262,7109779586.79,118.89,Normal
2025-11-05,GBP,Treasury,1151381.2,15,-1293525.05142857,2025-11-05,8452743262,7109779586.79,118.89,Normal
2025-11-05,EUR,Treasury,-434377.5,22,-61888.6157142857,2025-11-05,8452743262,7109779586.79,118.89,Normal
2025-11-05,JPY,Markets,2507987.3,22,-465491.991428571,2025-11-05,8452743262,7109779586.79,118.89,Normal
2025-11-05,CHF,Markets,-628558.86,16,769999.968571429,2025-11-05,8452743262,7109779586.79,118.89,Normal
2025-11-05,chf,Investment Banking,2401.57,1,-5933.59571428571,2025-11-05,8452743262,7109779586.79,118.89,Normal
2025-11-05,EUR,Markets,-566185.68,22,30758.0585714287,2025-11-05,8452743262,7109779586.79,118.89,Normal
2025-11-05,AUD,Corporate Banking,-273267.49,11,-164463.385714286,2025-11-05,8452743262,7109779586.79,118.89,Normal
2025-11-05,AUD,Treasury,126024.3,17,-256924.692857143,2025-11-05,8452743262,7109779586.79,118.89,Normal
2025-11-05,JPY,Corporate Banking,-8635.29999999999,20,-173713.827142857,2025-11-05,8452743262,7109779586.79,118.89,Normal
2025-11-05,CHF,Investment Banking,-132267.51,11,-12435.3328571429,2025-11-05,8452743262,7109779586.79,118.89,Normal
2025-11-05,inr,Retail Banking,-44159.95,1,-10132.72,2025-11-05,8452743262,7109779586.79,118.89,Normal
2025-12-10,INR,Corporate Banking,33966.76,5,71435.9785714286,2025-12-10,11143474126.54,6597675615.14,168.9,Normal
2025-12-10,GBP,Investment Banking,-134616.44,6,-93251.1242857143,2025-12-10,11143474126.54,6597675615.14,168.9,Normal
2025-12-10,inr,Markets,138215.89,1,29259.1314285714,2025-12-10,11143474126.54,6597675615.14,168.9,Normal
2025-12-10,JPY,Treasury,-983023.43,14,-463256.972857143,2025-12-10,11143474126.54,6597675615.14,168.9,Normal
2025-12-10,GBP,Corporate Banking,66021.6,8,-39390.2842857143,2025-12-10,11143474126.54,6597675615.14,168.9,Normal
2025-12-10,CAD,Investment Banking,-254545.05,8,-96745.88,2025-12-10,11143474126.54,6597675615.14,168.9,Normal
2025-12-10,INR,Markets,-1077559.03,16,718418.372857143,2025-12-10,11143474126.54,6597675615.14,168.9,Normal
2025-12-10,GBP,Retail Banking,131178.36,12,6948.17285714286,2025-12-10,11143474126.54,6597675615.14,168.9,Normal
2025-12-10,AUD,Investment Banking,-28141.41,10,-15788.3228571429,2025-12-10,11143474126.54,6597675615.14,168.9,Normal
2025-12-10,AUD,Retail Banking,-292313.67,13,-37750.7642857143,2025-12-10,11143474126.54,6597675615.14,168.9,Normal
2025-12-10,inr,Corporate Banking,-99122.61,1,-39596.11,2025-12-10,11143474126.54,6597675615.14,168.9,Normal
2025-12-10,EUR,Retail Banking,108004.94,5,-54984.8585714286,2025-12-10,11143474126.54,6597675615.14,168.9,Normal
2025-12-10,CAD,Retail Banking,98520.57,8,150380.481428571,2025-12-10,11143474126.54,6597675615.14,168.9,Normal
2025-12-10,INR,Retail Banking,-77818.75,7,-33695.06,2025-12-10,11143474126.54,6597675615.14,168.9,Normal
2025-12-10,CHF,Corporate Banking,128823.19,8,-12898.8,2025-12-10,11143474126.54,6597675615.14,168.9,Normal
2025-12-10,GBP,Markets,1706335.92,21,1509226.84714286,2025-12-10,11143474126.54,6597675615.14,168.9,Normal
2025-12-10,usd,Treasury,-30752.22,1,-306605.021428571,2025-12-10,11143474126.54,6597675615.14,168.9,Normal
2025-12-10,USD,Corporate Banking,36634.09,11,37431.83,2025-12-10,11143474126.54,6597675615.14,168.9,Normal
2025-12-10,EUR,Investment Banking,153150.88,13,-29832.6028571429,2025-12-10,11143474126.54,6597675615.14,168.9,Normal
2025-12-10,USD,Markets,-363579.75,14,-1249740.26857143,2025-12-10,11143474126.54,6597675615.14,168.9,Normal
2025-12-10,cad,Treasury,124207.36,1,328080.68,2025-12-10,11143474126.54,6597675615.14,168.9,Normal
2025-12-10,INR,Treasury,-575134.939999999,17,346822.711428571,2025-12-10,11143474126.54,6597675615.14,168.9,Normal
2025-12-10,USD,Retail Banking,-204448.44,11,90401.7557142857,2025-12-10,11143474126.54,6597675615.14,168.9,Normal
2025-12-10,gbp,Corporate Banking,-11096.86,1,9300.97285714286,2025-12-10,11143474126.54,6597675615.14,168.9,Normal
2025-12-10,CHF,Treasury,-536592.03,14,3075.1928571428,2025-12-10,11143474126.54,6597675615.14,168.9,Normal
2025-12-10,CAD,Corporate Banking,-164976.65,8,63034.7342857143,2025-12-10,11143474126.54,6597675615.14,168.9,Normal
2025-12-10,JPY,Retail Banking,-141156.16,7,-39259.2128571428,2025-12-10,11143474126.54,6597675615.14,168.9,Normal
2025-12-10,inr,Investment Banking,-28440.22,1,-16868.0114285714,2025-12-10,11143474126.54,6597675615.14,168.9,Normal
2025-12-10,JPY,Investment Banking,-17222.81,16,6094.26999999999,2025-12-10,11143474126.54,6597675615.14,168.9,Normal
2025-12-10,AUD,Markets,2070365.03,20,-120372.26,2025-12-10,11143474126.54,6597675615.14,168.9,Normal
2025-12-10,EUR,Corporate Banking,50202.95,8,191963.52,2025-12-10,11143474126.54,6597675615.14,168.9,Normal
2025-12-10,gbp,Investment Banking,55875.84,1,3093.49714285714,2025-12-10,11143474126.54,6597675615.14,168.9,Normal
2025-12-10,USD,Treasury,1058417.36,18,-738061.948571429,2025-12-10,11143474126.54,6597675615.14,168.9,Normal
2025-12-10,CHF,Retail Banking,-9787.9,14,-45024.1928571429,2025-12-10,11143474126.54,6597675615.14,168.9,Normal
2025-12-10,CAD,Markets,-754716.88,12,-1128186.25285714,2025-12-10,11143474126.54,6597675615.14,168.9,Normal
2025-12-10,CAD,Treasury,2648212.24,17,-140231.69,2025-12-10,11143474126.54,6597675615.14,168.9,Normal
2025-12-10,USD,Investment Banking,125895.41,9,43029.0571428571,2025-12-10,11143474126.54,6597675615.14,168.9,Normal
2025-12-10,INR,Investment Banking,197500.75,10,111605.537142857,2025-12-10,11143474126.54,6597675615.14,168.9,Normal
2025-12-10,GBP,Treasury,-3131477.08,13,-364190.818571428,2025-12-10,11143474126.54,6597675615.14,168.9,Normal
2025-12-10,EUR,Treasury,1150152.87,16,88975.1114285714,2025-12-10,11143474126.54,6597675615.14,168.9,Normal
2025-12-10,JPY,Markets,-2065070.14,19,-728649.744285714,2025-12-10,11143474126.54,6597675615.14,168.9,Normal
2025-12-10,CHF,Markets,-1773151.03,13,-607656.075714286,2025-12-10,11143474126.54,6597675615.14,168.9,Normal
2025-12-10,usd,Retail Banking,21703.36,1,7331.70714285714,2025-12-10,11143474126.54,6597675615.14,168.9,Normal
2025-12-10,EUR,Markets,-153633.57,16,-111338.83,2025-12-10,11143474126.54,6597675615.14,168.9,Normal
2025-12-10,aud,Markets,188554.4,1,-244627.061428571,2025-12-10,11143474126.54,6597675615.14,168.9,Normal
2025-12-10,AUD,Corporate Banking,371670.87,15,-94560.6185714286,2025-12-10,11143474126.54,6597675615.14,168.9,Normal
2025-12-10,AUD,Treasury,-918752.3,16,-341875.821428571,2025-12-10,11143474126.54,6597675615.14,168.9,Normal
2025-12-10,gbp,Retail Banking,-68297.98,1,-5358.31857142857,2025-12-10,11143474126.54,6597675615.14,168.9,Normal
2025-12-10,JPY,Corporate Banking,406105.27,3,86083.0385714286,2025-12-10,11143474126.54,6597675615.14,168.9,Normal
2025-12-10,usd,Markets,-442409.41,1,-63140.9942857143,2025-12-10,11143474126.54,6597675615.14,168.9,Normal
2025-12-10,CHF,Investment Banking,-233937.55,13,-8141.89714285713,2025-12-10,11143474126.54,6597675615.14,168.9,Normal
2025-12-28,INR,Corporate Banking,-96035,5,-91180.6471428572,2025-12-28,8306631365.52,7836206049.16,106,Normal
2025-12-28,jpy,Markets,451503.6,3,-33567.1342857143,2025-12-28,8306631365.52,7836206049.16,106,Normal
2025-12-28,GBP,Investment Banking,-117889.85,7,-115840.482857143,2025-12-28,8306631365.52,7836206049.16,106,Normal
2025-12-28,JPY,Treasury,-2054558.66,16,-807754.667142857,2025-12-28,8306631365.52,7836206049.16,106,Normal
2025-12-28,GBP,Corporate Banking,-167045.35,5,-92230.7771428572,2025-12-28,8306631365.52,7836206049.16,106,Normal
2025-12-28,CAD,Investment Banking,-100570.72,6,-45120.5228571429,2025-12-28,8306631365.52,7836206049.16,106,Normal
2025-12-28,INR,Markets,1444740.2,15,497078.348571428,2025-12-28,8306631365.52,7836206049.16,106,Normal
2025-12-28,GBP,Retail Banking,-69865.11,8,-96416.35,2025-12-28,8306631365.52,7836206049.16,106,Normal
2025-12-28,AUD,Investment Banking,52383.11,14,-24568.31,2025-12-28,8306631365.52,7836206049.16,106,Normal
2025-12-28,AUD,Retail Banking,-114113.11,13,-36217.5685714286,2025-12-28,8306631365.52,7836206049.16,106,Normal
2025-12-28,EUR,Retail Banking,178745.51,17,25837.2871428572,2025-12-28,8306631365.52,7836206049.16,106,Normal
2025-12-28,CAD,Retail Banking,-122644.48,6,-72687.4642857143,2025-12-28,8306631365.52,7836206049.16,106,Normal
2025-12-28,INR,Retail Banking,-202282.35,6,-145966.875714286,2025-12-28,8306631365.52,7836206049.16,106,Normal
2025-12-28,CHF,Corporate Banking,-9864.94000000001,18,71031.29,2025-12-28,8306631365.52,7836206049.16,106,Normal
2025-12-28,GBP,Markets,214044.11,13,608787.741428572,2025-12-28,8306631365.52,7836206049.16,106,Normal
2025-12-28,USD,Corporate Banking,8397.53,10,9201.64857142857,2025-12-28,8306631365.52,7836206049.16,106,Normal
2025-12-28,EUR,Investment Banking,-29396.31,8,-91819.7171428571,2025-12-28,8306631365.52,7836206049.16,106,Normal
2025-12-28,chf,Markets,-804608.33,1,92034.5985714286,2025-12-28,8306631365.52,7836206049.16,106,Normal
2025-12-28,USD,Markets,391714.2,18,-1651404.01428571,2025-12-28,8306631365.52,7836206049.16,106,Normal
2025-12-28,cad,Treasury,-138527.95,1,173747.74,2025-12-28,8306631365.52,7836206049.16,106,Normal
2025-12-28,INR,Treasury,-1403095.91,11,-919601.001428571,2025-12-28,8306631365.52,7836206049.16,106,Normal
2025-12-28,USD,Retail Banking,10860.1,6,63341.0842857143,2025-12-28,8306631365.52,7836206049.16,106,Normal
2025-12-28,CHF,Treasury,1483851.25,18,-989359.218571428,2025-12-28,8306631365.52,7836206049.16,106,Normal
2025-12-28,CAD,Corporate Banking,-45728.64,12,-22029.8957142857,2025-12-28,8306631365.52,7836206049.16,106,Normal
2025-12-28,JPY,Retail Banking,-307507.83,8,-167220.94,2025-12-28,8306631365.52,7836206049.16,106,Normal
2025-12-28,JPY,Investment Banking,317270.49,18,-63962.1628571429,2025-12-28,8306631365.52,7836206049.16,106,Normal
2025-12-28,AUD,Markets,-707150.59,20,-146716.771428571,2025-12-28,8306631365.52,7836206049.16,106,Normal
2025-12-28,EUR,Corporate Banking,-225471.12,9,-156518.638571429,2025-12-28,8306631365.52,7836206049.16,106,Normal
2025-12-28,USD,Treasury,-1443173.59,10,-42643.9442857143,2025-12-28,8306631365.52,7836206049.16,106,Normal
2025-12-28,CHF,Retail Banking,-242522.25,12,26218.1142857143,2025-12-28,8306631365.52,7836206049.16,106,Normal
2025-12-28,usd,Corporate Banking,-13011.76,1,-10296.4557142857,2025-12-28,8306631365.52,7836206049.16,106,Normal
2025-12-28,CAD,Markets,-280181.52,7,-314073.785714286,2025-12-28,8306631365.52,7836206049.16,106,Normal
2025-12-28,CAD,Treasury,1303689.38,17,280040.215714286,2025-12-28,8306631365.52,7836206049.16,106,Normal
2025-12-28,USD,Investment Banking,12796.06,8,29161.8842857143,2025-12-28,8306631365.52,7836206049.16,106,Normal
2025-12-28,aud,Investment Banking,15431.48,1,41127.2442857143,2025-12-28,8306631365.52,7836206049.16,106,Normal
2025-12-28,INR,Investment Banking,-359632.15,9,-119762.368571429,2025-12-28,8306631365.52,7836206049.16,106,Normal
2025-12-28,GBP,Treasury,314563.5,13,-253632.281428571,2025-12-28,8306631365.52,7836206049.16,106,Normal
2025-12-28,EUR,Treasury,3796311.28,14,1331317.22571429,2025-12-28,8306631365.52,7836206049.16,106,Normal
2025-12-28,JPY,Markets,-1196514.91,14,-172135.74,2025-12-28,8306631365.52,7836206049.16,106,Normal
2025-12-28,CHF,Markets,514508.27,10,799742.242857143,2025-12-28,8306631365.52,7836206049.16,106,Normal
2025-12-28,EUR,Markets,859144.42,12,357629.922857143,2025-12-28,8306631365.52,7836206049.16,106,Normal
2025-12-28,AUD,Corporate Banking,-186290.27,10,-199179.062857143,2025-12-28,8306631365.52,7836206049.16,106,Normal
2025-12-28,AUD,Treasury,1754879.13,12,308194.527142857,2025-12-28,8306631365.52,7836206049.16,106,Normal
2025-12-28,JPY,Corporate Banking,-139895.9,18,-42845.9942857143,2025-12-28,8306631365.52,7836206049.16,106,Normal
2025-12-28,CHF,Investment Banking,-417508.08,13,-228219.324285714,2025-12-28,8306631365.52,7836206049.16,106,Normal
2025-12-07,INR,Corporate Banking,-108465.94,10,91999.3071428572,2025-12-07,8520981713.71,7421108691.43,114.82,Normal
2025-12-07,jpy,Markets,152139.55,1,-90390.1071428571,2025-12-07,8520981713.71,7421108691.43,114.82,Normal
2025-12-07,GBP,Investment Banking,16645.34,6,26220.4342857143,2025-12-07,8520981713.71,7421108691.43,114.82,Normal
2025-12-07,inr,Markets,-175502.6,1,-43390.6328571429,2025-12-07,8520981713.71,7421108691.43,114.82,Normal
2025-12-07,JPY,Treasury,693005.22,8,256105.842857143,2025-12-07,8520981713.71,7421108691.43,114.82,Normal
2025-12-07,GBP,Corporate Banking,-44867.97,11,-78046.1785714286,2025-12-07,8520981713.71,7421108691.43,114.82,Normal
2025-12-07,gbp,Treasury,-105594.6,1,131625.815714286,2025-12-07,8520981713.71,7421108691.43,114.82,Normal
2025-12-07,jpy,Treasury,305839.49,2,-51643.7042857143,2025-12-07,8520981713.71,7421108691.43,114.82,Normal
2025-12-07,CAD,Investment Banking,162232.29,21,-30029.1471428571,2025-12-07,8520981713.71,7421108691.43,114.82,Normal
2025-12-07,INR,Markets,2864738.58,10,706801.694285714,2025-12-07,8520981713.71,7421108691.43,114.82,Normal
2025-12-07,GBP,Retail Banking,-23510.36,6,-67037.6657142857,2025-12-07,8520981713.71,7421108691.43,114.82,Normal
2025-12-07,AUD,Investment Banking,24381.99,8,43105.2685714286,2025-12-07,8520981713.71,7421108691.43,114.82,Normal
2025-12-07,AUD,Retail Banking,114178.68,14,-77223.8685714286,2025-12-07,8520981713.71,7421108691.43,114.82,Normal
2025-12-07,EUR,Retail Banking,31038.53,6,-28115.3285714286,2025-12-07,8520981713.71,7421108691.43,114.82,Normal
2025-12-07,CAD,Retail Banking,270790.93,12,51180.6842857143,2025-12-07,8520981713.71,7421108691.43,114.82,Normal
2025-12-07,INR,Retail Banking,-297740.48,7,-9143.53285714286,2025-12-07,8520981713.71,7421108691.43,114.82,Normal
2025-12-07,CHF,Corporate Banking,-162439.19,9,-69364.03,2025-12-07,8520981713.71,7421108691.43,114.82,Normal
2025-12-07,GBP,Markets,1005101.81,14,925326.987142857,2025-12-07,8520981713.71,7421108691.43,114.82,Normal
2025-12-07,USD,Corporate Banking,-35331.13,5,-67655.6957142857,2025-12-07,8520981713.71,7421108691.43,114.82,Normal
2025-12-07,EUR,Investment Banking,-126932.52,14,-70613.0685714286,2025-12-07,8520981713.71,7421108691.43,114.82,Normal
2025-12-07,chf,Markets,220916.91,1,144438.911428571,2025-12-07,8520981713.71,7421108691.43,114.82,Normal
2025-12-07,USD,Markets,-1396260.95,11,-1048719.87142857,2025-12-07,8520981713.71,7421108691.43,114.82,Normal
2025-12-07,inr,Treasury,-139003.31,1,-68571.7057142857,2025-12-07,8520981713.71,7421108691.43,114.82,Normal
2025-12-07,INR,Treasury,2237025.41,14,304912.15,2025-12-07,8520981713.71,7421108691.43,114.82,Normal
2025-12-07,USD,Retail Banking,156643.87,10,107850.801428571,2025-12-07,8520981713.71,7421108691.43,114.82,Normal
2025-12-07,CHF,Treasury,320337.23,19,456437.457142857,2025-12-07,8520981713.71,7421108691.43,114.82,Normal
2025-12-07,CAD,Corporate Banking,68964.15,12,-124133.357142857,2025-12-07,8520981713.71,7421108691.43,114.82,Normal
2025-12-07,JPY,Retail Banking,-119823.89,10,38178.9485714286,2025-12-07,8520981713.71,7421108691.43,114.82,Normal
2025-12-07,JPY,Investment Banking,126693.59,16,47994.9514285714,2025-12-07,8520981713.71,7421108691.43,114.82,Normal
2025-12-07,AUD,Markets,-1615104.4,20,-1000226.7,2025-12-07,8520981713.71,7421108691.43,114.82,Normal
2025-12-07,EUR,Corporate Banking,135665.49,13,122146.605714286,2025-12-07,8520981713.71,7421108691.43,114.82,Normal
2025-12-07,USD,Treasury,-1817254.66,18,-501540.097142857,2025-12-07,8520981713.71,7421108691.43,114.82,Normal
2025-12-07,CHF,Retail Banking,171191.99,11,-40568.5542857143,2025-12-07,8520981713.71,7421108691.43,114.82,Normal
2025-12-07,CAD,Markets,-693458.38,14,-1339697.69428571,2025-12-07,8520981713.71,7421108691.43,114.82,Normal
2025-12-07,chf,Retail Banking,-15526.59,1,-5069.25714285714,2025-12-07,8520981713.71,7421108691.43,114.82,Normal
2025-12-07,CAD,Treasury,441591.16,9,411160.482857143,2025-12-07,8520981713.71,7421108691.43,114.82,Normal
2025-12-07,USD,Investment Banking,-145325.07,12,99273.2357142857,2025-12-07,8520981713.71,7421108691.43,114.82,Normal
2025-12-07,aud,Investment Banking,-11954.27,1,-18454.0942857143,2025-12-07,8520981713.71,7421108691.43,114.82,Normal
2025-12-07,INR,Investment Banking,80885.81,7,45289.26,2025-12-07,8520981713.71,7421108691.43,114.82,Normal
2025-12-07,GBP,Treasury,31463.94,12,-108412.06,2025-12-07,8520981713.71,7421108691.43,114.82,Normal
2025-12-07,EUR,Treasury,587375.9,19,-173849.374285714,2025-12-07,8520981713.71,7421108691.43,114.82,Normal
2025-12-07,JPY,Markets,-670404.51,12,-361344.504285714,2025-12-07,8520981713.71,7421108691.43,114.82,Normal
2025-12-07,CHF,Markets,-1361539.18,19,65570.6828571428,2025-12-07,8520981713.71,7421108691.43,114.82,Normal
2025-12-07,usd,Retail Banking,12741.93,1,-15171.4642857143,2025-12-07,8520981713.71,7421108691.43,114.82,Normal
2025-12-07,EUR,Markets,177984.44,21,-504829.605714286,2025-12-07,8520981713.71,7421108691.43,114.82,Normal
2025-12-07,aud,Markets,-2608566.67,1,-282835.538571429,2025-12-07,8520981713.71,7421108691.43,114.82,Normal
2025-12-07,AUD,Corporate Banking,-7005.42000000001,7,-51294.9300000001,2025-12-07,8520981713.71,7421108691.43,114.82,Normal
2025-12-07,AUD,Treasury,-233238.22,10,-92681.8271428572,2025-12-07,8520981713.71,7421108691.43,114.82,Normal
2025-12-07,JPY,Corporate Banking,28282.2,8,73002.1228571428,2025-12-07,8520981713.71,7421108691.43,114.82,Normal
2025-12-07,CHF,Investment Banking,112224.23,10,35951.8742857143,2025-12-07,8520981713.71,7421108691.43,114.82,Normal
2025-12-07,inr,Retail Banking,17750.5,1,8646.49571428571,2025-12-07,8520981713.71,7421108691.43,114.82,Normal
2025-12-04,INR,Corporate Banking,-8080.61,1,-56939.9014285714,2025-12-04,10108638991.25,6158423596.4,164.14,Normal
2025-12-04,GBP,Investment Banking,-73859.27,7,19163.95,2025-12-04,10108638991.25,6158423596.4,164.14,Normal
2025-12-04,JPY,Treasury,1076176.44,12,35014.7928571427,2025-12-04,10108638991.25,6158423596.4,164.14,Normal
2025-12-04,GBP,Corporate Banking,-509301.13,14,-9408.07,2025-12-04,10108638991.25,6158423596.4,164.14,Normal
2025-12-04,jpy,Retail Banking,-23483.39,1,6131.26,2025-12-04,10108638991.25,6158423596.4,164.14,Normal
2025-12-04,gbp,Markets,960770.5,1,72174.4557142857,2025-12-04,10108638991.25,6158423596.4,164.14,Normal
2025-12-04,gbp,Treasury,-109412.96,1,131702.55,2025-12-04,10108638991.25,6158423596.4,164.14,Normal
2025-12-04,jpy,Treasury,-212395.49,1,-117733.777142857,2025-12-04,10108638991.25,6158423596.4,164.14,Normal
2025-12-04,aud,Corporate Banking,5169.2,1,-10110.3357142857,2025-12-04,10108638991.25,6158423596.4,164.14,Normal
2025-12-04,CAD,Investment Banking,1852.43,14,-76004.9542857143,2025-12-04,10108638991.25,6158423596.4,164.14,Normal
2025-12-04,INR,Markets,-161178.18,16,173027.822857143,2025-12-04,10108638991.25,6158423596.4,164.14,Normal
2025-12-04,GBP,Retail Banking,75168.74,12,37400.5628571429,2025-12-04,10108638991.25,6158423596.4,164.14,Normal
2025-12-04,AUD,Investment Banking,58510.68,5,-351.021428571427,2025-12-04,10108638991.25,6158423596.4,164.14,Normal
2025-12-04,AUD,Retail Banking,103228.39,9,-1986.49999999999,2025-12-04,10108638991.25,6158423596.4,164.14,Normal
2025-12-04,EUR,Retail Banking,-109982.01,11,-8011.88857142857,2025-12-04,10108638991.25,6158423596.4,164.14,Normal
2025-12-04,cad,Retail Banking,-14703.53,1,-27897.3928571429,2025-12-04,10108638991.25,6158423596.4,164.14,Normal
2025-12-04,CAD,Retail Banking,-51360.33,11,42821.73,2025-12-04,10108638991.25,6158423596.4,164.14,Normal
2025-12-04,INR,Retail Banking,148343.85,8,26521.48,2025-12-04,10108638991.25,6158423596.4,164.14,Normal
2025-12-04,CHF,Corporate Banking,-63777.31,6,-40583.17,2025-12-04,10108638991.25,6158423596.4,164.14,Normal
2025-12-04,GBP,Markets,567246.2,17,265579.177142857,2025-12-04,10108638991.25,6158423596.4,164.14,Normal
2025-12-04,USD,Corporate Banking,13007.3,8,-83923.9085714285,2025-12-04,10108638991.25,6158423596.4,164.14,Normal
2025-12-04,EUR,Investment Banking,-438171.5,12,-59161.5485714286,2025-12-04,10108638991.25,6158423596.4,164.14,Normal
2025-12-04,USD,Markets,-240423.5,23,23478.7271428571,2025-12-04,10108638991.25,6158423596.4,164.14,Normal
2025-12-04,cad,Treasury,251960.67,1,205514.427142857,2025-12-04,10108638991.25,6158423596.4,164.14,Normal
2025-12-04,cad,Investment Banking,-14699.48,2,22347.7,2025-12-04,10108638991.25,6158423596.4,164.14,Normal
2025-12-04,INR,Treasury,66796.0200000001,10,-255328.222857143,2025-12-04,10108638991.25,6158423596.4,164.14,Normal
2025-12-04,USD,Retail Banking,175088.09,9,17581.0942857143,2025-12-04,10108638991.25,6158423596.4,164.14,Normal
2025-12-04,CHF,Treasury,3329477.16,15,258329.298571428,2025-12-04,10108638991.25,6158423596.4,164.14,Normal
2025-12-04,CAD,Corporate Banking,182729.59,9,-4295.94999999999,2025-12-04,10108638991.25,6158423596.4,164.14,Normal
2025-12-04,JPY,Retail Banking,-2453.36,15,23597.0857142857,2025-12-04,10108638991.25,6158423596.4,164.14,Normal
2025-12-04,JPY,Investment Banking,-194556.19,15,17769.8628571428,2025-12-04,10108638991.25,6158423596.4,164.14,Normal
2025-12-04,AUD,Markets,-702938.25,15,-589963.422857142,2025-12-04,10108638991.25,6158423596.4,164.14,Normal
2025-12-04,EUR,Corporate Banking,723519.03,10,-1421.00142857144,2025-12-04,10108638991.25,6158423596.4,164.14,Normal
2025-12-04,USD,Treasury,29227.6199999999,14,-157201.217142857,2025-12-04,10108638991.25,6158423596.4,164.14,Normal
2025-12-04,CHF,Retail Banking,-28560.77,8,-48309.4442857143,2025-12-04,10108638991.25,6158423596.4,164.14,Normal
2025-12-04,CAD,Markets,-1722627.63,13,-1289680.98142857,2025-12-04,10108638991.25,6158423596.4,164.14,Normal
2025-12-04,CAD,Treasury,38047.9000000001,15,680113.578571429,2025-12-04,10108638991.25,6158423596.4,164.14,Normal
2025-12-04,USD,Investment Banking,41635.81,5,72718.9085714286,2025-12-04,10108638991.25,6158423596.4,164.14,Normal
2025-12-04,INR,Investment Banking,42527.7,9,-28276.3957142857,2025-12-04,10108638991.25,6158423596.4,164.14,Normal
2025-12-04,GBP,Treasury,-539858.21,14,70307.6357142855,2025-12-04,10108638991.25,6158423596.4,164.14,Normal
2025-12-04,EUR,Treasury,-1485596.91,14,-149951.77,2025-12-04,10108638991.25,6158423596.4,164.14,Normal
2025-12-04,aud,Treasury,63396.57,1,209037.025714286,2025-12-04,10108638991.25,6158423596.4,164.14,Normal
2025-12-04,JPY,Markets,-699109.26,11,749431.332857143,2025-12-04,10108638991.25,6158423596.4,164.14,Normal
2025-12-04,CHF,Markets,-1713290.46,10,-30912.3028571429,2025-12-04,10108638991.25,6158423596.4,164.14,Normal
2025-12-04,EUR,Markets,-1331397.56,20,-313690.982857143,2025-12-04,10108638991.25,6158423596.4,164.14,Normal
2025-12-04,cad,Corporate Banking,-14311.44,2,10700.8371428571,2025-12-04,10108638991.25,6158423596.4,164.14,Normal
2025-12-04,AUD,Corporate Banking,-810583.4,13,-167629.252857143,2025-12-04,10108638991.25,6158423596.4,164.14,Normal
2025-12-04,AUD,Treasury,320491.5,12,307615.13,2025-12-04,10108638991.25,6158423596.4,164.14,Normal
2025-12-04,JPY,Corporate Banking,224868.94,12,55595.7914285714,2025-12-04,10108638991.25,6158423596.4,164.14,Normal
2025-12-04,CHF,Investment Banking,-89992.76,12,48748.9,2025-12-04,10108638991.25,6158423596.4,164.14,Normal
2025-10-28,INR,Corporate Banking,-31257.7,7,1680.64142857143,2025-10-28,9579480993.63,7883662602.78,121.51,Normal
2025-10-28,jpy,Markets,623768.54,1,98850.7814285714,2025-10-28,9579480993.63,7883662602.78,121.51,Normal
2025-10-28,GBP,Investment Banking,-221275.97,15,-33754.2928571429,2025-10-28,9579480993.63,7883662602.78,121.51,Normal
2025-10-28,JPY,Treasury,-199361.78,23,201021.368571429,2025-10-28,9579480993.63,7883662602.78,121.51,Normal
2025-10-28,GBP,Corporate Banking,-90757.85,9,-46071.06,2025-10-28,9579480993.63,7883662602.78,121.51,Normal
2025-10-28,jpy,Retail Banking,-15330.74,1,-2190.10571428571,2025-10-28,9579480993.63,7883662602.78,121.51,Normal
2025-10-28,gbp,Treasury,-65767.9,1,-9395.41428571429,2025-10-28,9579480993.63,7883662602.78,121.51,Normal
2025-10-28,CAD,Investment Banking,193240.35,7,55652.8457142857,2025-10-28,9579480993.63,7883662602.78,121.51,Normal
2025-10-28,INR,Markets,-35288.7200000002,14,-308703.762857143,2025-10-28,9579480993.63,7883662602.78,121.51,Normal
2025-10-28,GBP,Retail Banking,-96786.02,8,-12223.0114285714,2025-10-28,9579480993.63,7883662602.78,121.51,Normal
2025-10-28,AUD,Investment Banking,-141275.32,12,-31172.3328571429,2025-10-28,9579480993.63,7883662602.78,121.51,Normal
2025-10-28,AUD,Retail Banking,208368.14,10,34286.6428571428,2025-10-28,9579480993.63,7883662602.78,121.51,Normal
2025-10-28,cad,Markets,569177.41,1,-9198.83714285714,2025-10-28,9579480993.63,7883662602.78,121.51,Normal
2025-10-28,inr,Corporate Banking,33051.56,1,4721.65142857143,2025-10-28,9579480993.63,7883662602.78,121.51,Normal
2025-10-28,EUR,Retail Banking,-45883.18,15,4332.69285714286,2025-10-28,9579480993.63,7883662602.78,121.51,Normal
2025-10-28,cad,Retail Banking,-11777.43,1,-1682.49,2025-10-28,9579480993.63,7883662602.78,121.51,Normal
2025-10-28,CAD,Retail Banking,263782.58,6,59004.18,2025-10-28,9579480993.63,7883662602.78,121.51,Normal
2025-10-28,INR,Retail Banking,1697.76000000001,9,-66299.1928571429,2025-10-28,9579480993.63,7883662602.78,121.51,Normal
2025-10-28,CHF,Corporate Banking,-285985.42,15,-77974.3114285714,2025-10-28,9579480993.63,7883662602.78,121.51,Normal
2025-10-28,GBP,Markets,782060.08,7,562331.097142857,2025-10-28,9579480993.63,7883662602.78,121.51,Normal
2025-10-28,USD,Corporate Banking,-209977.17,4,-89536.7785714286,2025-10-28,9579480993.63,7883662602.78,121.51,Normal
2025-10-28,EUR,Investment Banking,74394.25,14,51047.0671428571,2025-10-28,9579480993.63,7883662602.78,121.51,Normal
2025-10-28,aud,Retail Banking,67899.86,1,9699.98,2025-10-28,9579480993.63,7883662602.78,121.51,Normal
2025-10-28,USD,Markets,-1545328.44,16,-160269.66,2025-10-28,9579480993.63,7883662602.78,121.51,Normal
2025-10-28,INR,Treasury,320707.61,14,-456642.177142857,2025-10-28,9579480993.63,7883662602.78,121.51,Normal
2025-10-28,USD,Retail Banking,-32952.12,13,28635.2642857143,2025-10-28,9579480993.63,7883662602.78,121.51,Normal
2025-10-28,CHF,Treasury,2416602.18,15,509101.717142857,2025-10-28,9579480993.63,7883662602.78,121.51,Normal
2025-10-28,CAD,Corporate Banking,-368678.98,13,-59962.43,2025-10-28,9579480993.63,7883662602.78,121.51,Normal
2025-10-28,JPY,Retail Banking,-170895.63,9,-31280.8014285714,2025-10-28,9579480993.63,7883662602.78,121.51,Normal
2025-10-28,JPY,Investment Banking,-187459.2,8,-50581.1028571429,2025-10-28,9579480993.63,7883662602.78,121.51,Normal
2025-10-28,AUD,Markets,-492293.66,13,-401028.76,2025-10-28,9579480993.63,7883662602.78,121.51,Normal
2025-10-28,EUR,Corporate Banking,-1629.19000000001,9,-13782.8928571429,2025-10-28,9579480993.63,7883662602.78,121.51,Normal
2025-10-28,USD,Treasury,-3430129.81,22,-685766.498571429,2025-10-28,9579480993.63,7883662602.78,121.51,Normal
2025-10-28,CHF,Retail Banking,61064.37,13,34633.9271428571,2025-10-28,9579480993.63,7883662602.78,121.51,Normal
2025-10-28,eur,Investment Banking,-33627.62,1,-4803.94571428571,2025-10-28,9579480993.63,7883662602.78,121.51,Normal
2025-10-28,CAD,Markets,99937.2700000001,21,-409580.651428571,2025-10-28,9579480993.63,7883662602.78,121.51,Normal
2025-10-28,CAD,Treasury,1303072.34,11,76710.5828571429,2025-10-28,9579480993.63,7883662602.78,121.51,Normal
2025-10-28,USD,Investment Banking,-302598.2,7,-91824.5485714286,2025-10-28,9579480993.63,7883662602.78,121.51,Normal
2025-10-28,INR,Investment Banking,-109667.48,9,-459.021428571429,2025-10-28,9579480993.63,7883662602.78,121.51,Normal
2025-10-28,GBP,Treasury,229022.12,12,-405332.752857143,2025-10-28,9579480993.63,7883662602.78,121.51,Normal
2025-10-28,EUR,Treasury,-302459.83,12,-65615.1742857143,2025-10-28,9579480993.63,7883662602.78,121.51,Normal
2025-10-28,JPY,Markets,-991593.98,17,476764.562857143,2025-10-28,9579480993.63,7883662602.78,121.51,Normal
2025-10-28,CHF,Markets,1586244.71,18,-43591.7671428572,2025-10-28,9579480993.63,7883662602.78,121.51,Normal
2025-10-28,EUR,Markets,-1932484.93,15,-317585.131428571,2025-10-28,9579480993.63,7883662602.78,121.51,Normal
2025-10-28,AUD,Corporate Banking,74519.89,10,-69647.0714285714,2025-10-28,9579480993.63,7883662602.78,121.51,Normal
2025-10-28,AUD,Treasury,-3506127.25,19,-443237.345714286,2025-10-28,9579480993.63,7883662602.78,121.51,Normal
2025-10-28,JPY,Corporate Banking,220608.18,12,74622.1485714286,2025-10-28,9579480993.63,7883662602.78,121.51,Normal
2025-10-28,CHF,Investment Banking,98743.81,8,-25216.8657142857,2025-10-28,9579480993.63,7883662602.78,121.51,Normal
2025-10-27,INR,Corporate Banking,31513.91,7,6146.02714285714,2025-10-27,11022480753.74,6751432891.03,163.26,Normal
2025-10-27,GBP,Investment Banking,77689.34,7,-2143.44,2025-10-27,11022480753.74,6751432891.03,163.26,Normal
2025-10-27,JPY,Treasury,281912.38,15,229501.622857143,2025-10-27,11022480753.74,6751432891.03,163.26,Normal
2025-10-27,GBP,Corporate Banking,-167853.43,4,-33105.6528571429,2025-10-27,11022480753.74,6751432891.03,163.26,Normal
2025-10-27,gbp,Markets,-513089.1,1,-73298.4428571429,2025-10-27,11022480753.74,6751432891.03,163.26,Normal
2025-10-27,jpy,Treasury,227094.62,1,32442.0885714286,2025-10-27,11022480753.74,6751432891.03,163.26,Normal
2025-10-27,CAD,Investment Banking,220499.6,11,28047.0814285714,2025-10-27,11022480753.74,6751432891.03,163.26,Normal
2025-10-27,INR,Markets,509375.86,16,-303662.517142857,2025-10-27,11022480753.74,6751432891.03,163.26,Normal
2025-10-27,GBP,Retail Banking,129414.96,10,1603.56285714287,2025-10-27,11022480753.74,6751432891.03,163.26,Normal
2025-10-27,AUD,Investment Banking,140352.53,8,-10990.1442857143,2025-10-27,11022480753.74,6751432891.03,163.26,Normal
2025-10-27,AUD,Retail Banking,60998.91,12,4519.76571428571,2025-10-27,11022480753.74,6751432891.03,163.26,Normal
2025-10-27,EUR,Retail Banking,-14497.97,9,10887.4328571429,2025-10-27,11022480753.74,6751432891.03,163.26,Normal
2025-10-27,CAD,Retail Banking,56477.52,10,21320.9542857143,2025-10-27,11022480753.74,6751432891.03,163.26,Normal
2025-10-27,INR,Retail Banking,-527938.59,7,-66541.73,2025-10-27,11022480753.74,6751432891.03,163.26,Normal
2025-10-27,CHF,Corporate Banking,-211846.42,13,-37119.2514285714,2025-10-27,11022480753.74,6751432891.03,163.26,Normal
2025-10-27,GBP,Markets,481030.64,16,450608.228571429,2025-10-27,11022480753.74,6751432891.03,163.26,Normal
2025-10-27,USD,Corporate Banking,141536.56,6,-59540.04,2025-10-27,11022480753.74,6751432891.03,163.26,Normal
2025-10-27,EUR,Investment Banking,467007.13,12,40419.3171428571,2025-10-27,11022480753.74,6751432891.03,163.26,Normal
2025-10-27,USD,Markets,1383119.15,20,60491.5457142857,2025-10-27,11022480753.74,6751432891.03,163.26,Normal
2025-10-27,cad,Treasury,132503.17,1,47784.63,2025-10-27,11022480753.74,6751432891.03,163.26,Normal
2025-10-27,INR,Treasury,-3085748.12,22,-502457.55,2025-10-27,11022480753.74,6751432891.03,163.26,Normal
2025-10-27,USD,Retail Banking,-8414.94999999998,11,33342.71,2025-10-27,11022480753.74,6751432891.03,163.26,Normal
2025-10-27,CHF,Treasury,820912.85,16,163872.834285714,2025-10-27,11022480753.74,6751432891.03,163.26,Normal
2025-10-27,CAD,Corporate Banking,216688.36,9,-7294.00428571427,2025-10-27,11022480753.74,6751432891.03,163.26,Normal
2025-10-27,JPY,Retail Banking,-248637.02,15,-6867.14,2025-10-27,11022480753.74,6751432891.03,163.26,Normal
2025-10-27,JPY,Investment Banking,46718.61,14,-23801.2171428571,2025-10-27,11022480753.74,6751432891.03,163.26,Normal
2025-10-27,AUD,Markets,-1466215.57,19,-330701.094285714,2025-10-27,11022480753.74,6751432891.03,163.26,Normal
2025-10-27,EUR,Corporate Banking,-29278.4,6,-13550.1514285714,2025-10-27,11022480753.74,6751432891.03,163.26,Normal
2025-10-27,USD,Treasury,936617.55,15,-195747.954285714,2025-10-27,11022480753.74,6751432891.03,163.26,Normal
2025-10-27,CHF,Retail Banking,128964.68,9,25910.4457142857,2025-10-27,11022480753.74,6751432891.03,163.26,Normal
2025-10-27,usd,Corporate Banking,29846.37,1,4263.76714285714,2025-10-27,11022480753.74,6751432891.03,163.26,Normal
2025-10-27,CAD,Markets,-1625538.55,18,-423857.404285714,2025-10-27,11022480753.74,6751432891.03,163.26,Normal
2025-10-27,CAD,Treasury,-1304724,14,-109442.608571429,2025-10-27,11022480753.74,6751432891.03,163.26,Normal
2025-10-27,USD,Investment Banking,-332360.47,12,-48596.2342857143,2025-10-27,11022480753.74,6751432891.03,163.26,Normal
2025-10-27,INR,Investment Banking,45454.46,8,15207.7614285714,2025-10-27,11022480753.74,6751432891.03,163.26,Normal
2025-10-27,GBP,Treasury,-1653932.03,14,-438050.198571429,2025-10-27,11022480753.74,6751432891.03,163.26,Normal
2025-10-27,EUR,Treasury,-750727.81,20,-22406.6271428571,2025-10-27,11022480753.74,6751432891.03,163.26,Normal
2025-10-27,aud,Treasury,-95644.11,1,34546.8,2025-10-27,11022480753.74,6751432891.03,163.26,Normal
2025-10-27,JPY,Markets,3298650.46,17,618420.845714286,2025-10-27,11022480753.74,6751432891.03,163.26,Normal
2025-10-27,CHF,Markets,-1389094.35,11,-270198.154285714,2025-10-27,11022480753.74,6751432891.03,163.26,Normal
2025-10-27,EUR,Markets,144022.48,6,-41515.8557142857,2025-10-27,11022480753.74,6751432891.03,163.26,Normal
2025-10-27,cad,Corporate Banking,-27011.02,1,-3858.71714285714,2025-10-27,11022480753.74,6751432891.03,163.26,Normal
2025-10-27,aud,Markets,87396.51,1,12485.2157142857,2025-10-27,11022480753.74,6751432891.03,163.26,Normal
2025-10-27,AUD,Corporate Banking,-288017.63,8,-80292.77,2025-10-27,11022480753.74,6751432891.03,163.26,Normal
2025-10-27,AUD,Treasury,-2660362.77,12,57637.9757142857,2025-10-27,11022480753.74,6751432891.03,163.26,Normal
2025-10-27,JPY,Corporate Banking,78866.08,8,43106.6942857143,2025-10-27,11022480753.74,6751432891.03,163.26,Normal
2025-10-27,CHF,Investment Banking,-29311.64,18,-39323.1242857143,2025-10-27,11022480753.74,6751432891.03,163.26,Normal
2026-01-05,INR,Corporate Banking,-111848.56,6,-61596.84,2026-01-05,9975953626.28,6611422751.94,150.89,Normal
2026-01-05,GBP,Investment Banking,-23231.1,8,-115815.725714286,2026-01-05,9975953626.28,6611422751.94,150.89,Normal
2026-01-05,JPY,Treasury,9969.30999999991,13,1148172.73142857,2026-01-05,9975953626.28,6611422751.94,150.89,Normal
2026-01-05,GBP,Corporate Banking,123400.84,9,-32922.4585714286,2026-01-05,9975953626.28,6611422751.94,150.89,Normal
2026-01-05,CAD,Investment Banking,342902,10,-54887.6157142857,2026-01-05,9975953626.28,6611422751.94,150.89,Normal
2026-01-05,INR,Markets,-976542.090000001,18,-84880.5757142858,2026-01-05,9975953626.28,6611422751.94,150.89,Normal
2026-01-05,GBP,Retail Banking,21325.24,13,22670.0257142857,2026-01-05,9975953626.28,6611422751.94,150.89,Normal
2026-01-05,AUD,Investment Banking,-759417.3,14,-110125.89,2026-01-05,9975953626.28,6611422751.94,150.89,Normal
2026-01-05,AUD,Retail Banking,-254172.77,14,-24098.3785714286,2026-01-05,9975953626.28,6611422751.94,150.89,Normal
2026-01-05,EUR,Retail Banking,396284.94,13,19114.8728571429,2026-01-05,9975953626.28,6611422751.94,150.89,Normal
2026-01-05,CAD,Retail Banking,-1821.80999999999,8,-65098.6442857143,2026-01-05,9975953626.28,6611422751.94,150.89,Normal
2026-01-05,INR,Retail Banking,49093.05,10,-21880.41,2026-01-05,9975953626.28,6611422751.94,150.89,Normal
2026-01-05,CHF,Corporate Banking,-33056.37,11,-87572.2171428572,2026-01-05,9975953626.28,6611422751.94,150.89,Normal
2026-01-05,GBP,Markets,440563.3,15,-303660.594285714,2026-01-05,9975953626.28,6611422751.94,150.89,Normal
2026-01-05,USD,Corporate Banking,5052.50999999999,7,-7145.55285714285,2026-01-05,9975953626.28,6611422751.94,150.89,Normal
2026-01-05,EUR,Investment Banking,-263063.89,14,-28505.7657142857,2026-01-05,9975953626.28,6611422751.94,150.89,Normal
2026-01-05,USD,Markets,-775583.81,20,668121.452857143,2026-01-05,9975953626.28,6611422751.94,150.89,Normal
2026-01-05,cad,Investment Banking,32171.03,2,495.437142857143,2026-01-05,9975953626.28,6611422751.94,150.89,Normal
2026-01-05,INR,Treasury,-257302.28,11,-174004.275714286,2026-01-05,9975953626.28,6611422751.94,150.89,Normal
2026-01-05,USD,Retail Banking,-106666.87,12,-25463.7542857143,2026-01-05,9975953626.28,6611422751.94,150.89,Normal
2026-01-05,CHF,Treasury,-225884.33,13,-322392.987142857,2026-01-05,9975953626.28,6611422751.94,150.89,Normal
2026-01-05,CAD,Corporate Banking,-120473.39,10,9048.31142857143,2026-01-05,9975953626.28,6611422751.94,150.89,Normal
2026-01-05,JPY,Retail Banking,-12979.31,4,-46662.9714285714,2026-01-05,9975953626.28,6611422751.94,150.89,Normal
2026-01-05,JPY,Investment Banking,-15903.31,11,-24841.65,2026-01-05,9975953626.28,6611422751.94,150.89,Normal
2026-01-05,AUD,Markets,364772.08,12,164518.288571429,2026-01-05,9975953626.28,6611422751.94,150.89,Normal
2026-01-05,EUR,Corporate Banking,-104623.68,6,-34137.4842857143,2026-01-05,9975953626.28,6611422751.94,150.89,Normal
2026-01-05,USD,Treasury,-1217791.76,15,25089.01,2026-01-05,9975953626.28,6611422751.94,150.89,Normal
2026-01-05,eur,Markets,198793.8,1,7776.72,2026-01-05,9975953626.28,6611422751.94,150.89,Normal
2026-01-05,CHF,Retail Banking,1591.55999999999,11,71.6142857142882,2026-01-05,9975953626.28,6611422751.94,150.89,Normal
2026-01-05,usd,Corporate Banking,-7388.55,1,-8859.84571428571,2026-01-05,9975953626.28,6611422751.94,150.89,Normal
2026-01-05,eur,Investment Banking,56595.51,1,6781.48571428572,2026-01-05,9975953626.28,6611422751.94,150.89,Normal
2026-01-05,CAD,Markets,-1996937.69,18,-661267.504285714,2026-01-05,9975953626.28,6611422751.94,150.89,Normal
2026-01-05,CAD,Treasury,-627241.81,13,300145.172857143,2026-01-05,9975953626.28,6611422751.94,150.89,Normal
2026-01-05,USD,Investment Banking,21918.3,17,-27483.4928571429,2026-01-05,9975953626.28,6611422751.94,150.89,Normal
2026-01-05,INR,Investment Banking,50863.69,9,769.79428571429,2026-01-05,9975953626.28,6611422751.94,150.89,Normal
2026-01-05,GBP,Treasury,-1140167.74,11,-631484.497142857,2026-01-05,9975953626.28,6611422751.94,150.89,Normal
2026-01-05,EUR,Treasury,820282.54,12,148426.695714286,2026-01-05,9975953626.28,6611422751.94,150.89,Normal
2026-01-05,JPY,Markets,341080.61,13,351094.747142857,2026-01-05,9975953626.28,6611422751.94,150.89,Normal
2026-01-05,CHF,Markets,1917274.57,17,-64619.3271428572,2026-01-05,9975953626.28,6611422751.94,150.89,Normal
2026-01-05,usd,Retail Banking,10421.4,1,2318.66285714286,2026-01-05,9975953626.28,6611422751.94,150.89,Normal
2026-01-05,EUR,Markets,242615.06,18,115989.168571429,2026-01-05,9975953626.28,6611422751.94,150.89,Normal
2026-01-05,AUD,Corporate Banking,77120.52,16,-28061.6328571428,2026-01-05,9975953626.28,6611422751.94,150.89,Normal
2026-01-05,eur,Treasury,59943.02,1,163798.688571429,2026-01-05,9975953626.28,6611422751.94,150.89,Normal
2026-01-05,AUD,Treasury,236302.99,13,20260.3599999999,2026-01-05,9975953626.28,6611422751.94,150.89,Normal
2026-01-05,JPY,Corporate Banking,-156531.26,13,-55776.2742857143,2026-01-05,9975953626.28,6611422751.94,150.89,Normal
2026-01-05,eur,Retail Banking,-49803.42,1,-14205.85,2026-01-05,9975953626.28,6611422751.94,150.89,Normal
2026-01-05,CHF,Investment Banking,115384.81,9,5420.25571428572,2026-01-05,9975953626.28,6611422751.94,150.89,Normal
2026-02-13,jpy,Investment Banking,-15453.12,1,-3425.58857142857,2026-02-13,8623411621.35,7687935695.42,112.17,Normal
2026-02-13,INR,Corporate Banking,-387865.91,8,-70737.9914285714,2026-02-13,8623411621.35,7687935695.42,112.17,Normal
2026-02-13,usd,Investment Banking,13833.24,1,20562.4828571429,2026-02-13,8623411621.35,7687935695.42,112.17,Normal
2026-02-13,GBP,Investment Banking,-253309.62,12,56763.3385714286,2026-02-13,8623411621.35,7687935695.42,112.17,Normal
2026-02-13,JPY,Treasury,-3500563.06,9,-1612669.07428571,2026-02-13,8623411621.35,7687935695.42,112.17,Normal
2026-02-13,GBP,Corporate Banking,-536002,12,21660.9814285714,2026-02-13,8623411621.35,7687935695.42,112.17,Normal
2026-02-13,gbp,Markets,116960.22,1,-125704.954285714,2026-02-13,8623411621.35,7687935695.42,112.17,Normal
2026-02-13,CAD,Investment Banking,-455694.76,10,-118180.617142857,2026-02-13,8623411621.35,7687935695.42,112.17,Normal
2026-02-13,INR,Markets,-12056095.88,9,-2524942.60142857,2026-02-13,8623411621.35,7687935695.42,112.17,Normal
2026-02-13,GBP,Retail Banking,-549113.21,13,-74851.1357142857,2026-02-13,8623411621.35,7687935695.42,112.17,Normal
2026-02-13,AUD,Investment Banking,-642805.3,16,-213809.97,2026-02-13,8623411621.35,7687935695.42,112.17,Normal
2026-02-13,AUD,Retail Banking,-173850.43,10,32736.9771428571,2026-02-13,8623411621.35,7687935695.42,112.17,Normal
2026-02-13,EUR,Retail Banking,-71283.93,10,-62941.43,2026-02-13,8623411621.35,7687935695.42,112.17,Normal
2026-02-13,CAD,Retail Banking,-400711.05,11,-22567.6228571429,2026-02-13,8623411621.35,7687935695.42,112.17,Normal
2026-02-13,INR,Retail Banking,-823676.77,11,-231396.11,2026-02-13,8623411621.35,7687935695.42,112.17,Normal
2026-02-13,CHF,Corporate Banking,-122914.5,9,-23815.33,2026-02-13,8623411621.35,7687935695.42,112.17,Normal
2026-02-13,GBP,Markets,-9114303.95,16,-2388300.05571429,2026-02-13,8623411621.35,7687935695.42,112.17,Normal
2026-02-13,USD,Corporate Banking,-26591.34,8,-54773.8628571428,2026-02-13,8623411621.35,7687935695.42,112.17,Normal
2026-02-13,EUR,Investment Banking,-42847.08,9,-21059.1457142857,2026-02-13,8623411621.35,7687935695.42,112.17,Normal
2026-02-13,USD,Markets,-1400779.95,20,-622326.641428571,2026-02-13,8623411621.35,7687935695.42,112.17,Normal
2026-02-13,cad,Investment Banking,170708.65,1,36992.6671428571,2026-02-13,8623411621.35,7687935695.42,112.17,Normal
2026-02-13,inr,Treasury,-404556.68,1,-112518.01,2026-02-13,8623411621.35,7687935695.42,112.17,Normal
2026-02-13,INR,Treasury,-2459584.23,20,-277486.305714286,2026-02-13,8623411621.35,7687935695.42,112.17,Normal
2026-02-13,USD,Retail Banking,-605955.49,8,-150107.381428571,2026-02-13,8623411621.35,7687935695.42,112.17,Normal
2026-02-13,CHF,Treasury,-2850178.1,11,-390197.741428571,2026-02-13,8623411621.35,7687935695.42,112.17,Normal
2026-02-13,CAD,Corporate Banking,-693303.74,12,-87569.6671428571,2026-02-13,8623411621.35,7687935695.42,112.17,Normal
2026-02-13,JPY,Retail Banking,-345736.25,3,-126571.447142857,2026-02-13,8623411621.35,7687935695.42,112.17,Normal
2026-02-13,JPY,Investment Banking,-171973.96,8,-59894.4428571428,2026-02-13,8623411621.35,7687935695.42,112.17,Normal
2026-02-13,AUD,Markets,-1933436.74,21,-257242.932857143,2026-02-13,8623411621.35,7687935695.42,112.17,Normal
2026-02-13,EUR,Corporate Banking,-602630.32,7,-111382.474285714,2026-02-13,8623411621.35,7687935695.42,112.17,Normal
2026-02-13,USD,Treasury,-3611927.91,15,201934.604285714,2026-02-13,8623411621.35,7687935695.42,112.17,Normal
2026-02-13,CHF,Retail Banking,-132499.05,7,-17040.17,2026-02-13,8623411621.35,7687935695.42,112.17,Normal
2026-02-13,usd,Corporate Banking,-80127.2,1,-11950.04,2026-02-13,8623411621.35,7687935695.42,112.17,Normal
2026-02-13,CAD,Markets,-3693748.59,15,-571665.985714286,2026-02-13,8623411621.35,7687935695.42,112.17,Normal
2026-02-13,chf,Retail Banking,-162278.85,1,-22826.9785714286,2026-02-13,8623411621.35,7687935695.42,112.17,Normal
2026-02-13,CAD,Treasury,-3424478.92,7,-565975.562857143,2026-02-13,8623411621.35,7687935695.42,112.17,Normal
2026-02-13,USD,Investment Banking,6067.9,6,53752.6785714286,2026-02-13,8623411621.35,7687935695.42,112.17,Normal
2026-02-13,INR,Investment Banking,-426907.62,12,-148713.811428571,2026-02-13,8623411621.35,7687935695.42,112.17,Normal
2026-02-13,GBP,Treasury,-1827830.45,18,-552648.5,2026-02-13,8623411621.35,7687935695.42,112.17,Normal
2026-02-13,EUR,Treasury,-52392.1,13,-1011112.72857143,2026-02-13,8623411621.35,7687935695.42,112.17,Normal
2026-02-13,JPY,Markets,140283.54,16,520883.351428572,2026-02-13,8623411621.35,7687935695.42,112.17,Normal
2026-02-13,CHF,Markets,2886422.34,16,-803117.494285714,2026-02-13,8623411621.35,7687935695.42,112.17,Normal
2026-02-13,EUR,Markets,-4458355.1,20,-1103555.64714286,2026-02-13,8623411621.35,7687935695.42,112.17,Normal
2026-02-13,AUD,Corporate Banking,-283238.78,10,-46156.6971428571,2026-02-13,8623411621.35,7687935695.42,112.17,Normal
2026-02-13,AUD,Treasury,400098.09,13,-711507.884285714,2026-02-13,8623411621.35,7687935695.42,112.17,Normal
2026-02-13,JPY,Corporate Banking,-33209.73,6,101583.171428571,2026-02-13,8623411621.35,7687935695.42,112.17,Normal
2026-02-13,CHF,Investment Banking,-323789.52,14,-9252.61571428571,2026-02-13,8623411621.35,7687935695.42,112.17,Normal
2025-12-02,INR,Corporate Banking,120630.28,11,-72052.2228571428,2025-12-02,11549084952.68,7072514356.4,163.3,Normal
2025-12-02,GBP,Investment Banking,208536.51,8,21111.6071428571,2025-12-02,11549084952.68,7072514356.4,163.3,Normal
2025-12-02,JPY,Treasury,810885.22,13,-235993.301428572,2025-12-02,11549084952.68,7072514356.4,163.3,Normal
2025-12-02,GBP,Corporate Banking,56317.9,9,-6747.67714285715,2025-12-02,11549084952.68,7072514356.4,163.3,Normal
2025-12-02,jpy,Retail Banking,12225.7,1,20834.7585714286,2025-12-02,11549084952.68,7072514356.4,163.3,Normal
2025-12-02,gbp,Treasury,208346.49,1,21242.9342857143,2025-12-02,11549084952.68,7072514356.4,163.3,Normal
2025-12-02,CAD,Investment Banking,-22582.46,12,-97283.1285714286,2025-12-02,11549084952.68,7072514356.4,163.3,Normal
2025-12-02,INR,Markets,-18936.67,11,912387.994285714,2025-12-02,11549084952.68,7072514356.4,163.3,Normal
2025-12-02,GBP,Retail Banking,-175439.98,8,31139.8485714286,2025-12-02,11549084952.68,7072514356.4,163.3,Normal
2025-12-02,AUD,Investment Banking,-83074.75,9,14872.3285714286,2025-12-02,11549084952.68,7072514356.4,163.3,Normal
2025-12-02,AUD,Retail Banking,-325646.12,19,-14054.4628571429,2025-12-02,11549084952.68,7072514356.4,163.3,Normal
2025-12-02,cad,Markets,-7668.78,2,-103342.652857143,2025-12-02,11549084952.68,7072514356.4,163.3,Normal
2025-12-02,EUR,Retail Banking,-419764.13,9,-91761.8114285715,2025-12-02,11549084952.68,7072514356.4,163.3,Normal
2025-12-02,CAD,Retail Banking,-156476.25,7,62668.9057142857,2025-12-02,11549084952.68,7072514356.4,163.3,Normal
2025-12-02,INR,Retail Banking,-116059.63,10,17691.7871428571,2025-12-02,11549084952.68,7072514356.4,163.3,Normal
2025-12-02,CHF,Corporate Banking,63298.88,15,4823.7142857143,2025-12-02,11549084952.68,7072514356.4,163.3,Normal
2025-12-02,GBP,Markets,-2842441.03,15,93470.1471428571,2025-12-02,11549084952.68,7072514356.4,163.3,Normal
2025-12-02,usd,Treasury,-139548.97,1,-4982.98142857143,2025-12-02,11549084952.68,7072514356.4,163.3,Normal
2025-12-02,USD,Corporate Banking,-419991.09,18,-76830.6042857143,2025-12-02,11549084952.68,7072514356.4,163.3,Normal
2025-12-02,EUR,Investment Banking,-236356.2,5,-22918.6628571429,2025-12-02,11549084952.68,7072514356.4,163.3,Normal
2025-12-02,USD,Markets,-538961.11,17,-113407.848571429,2025-12-02,11549084952.68,7072514356.4,163.3,Normal
2025-12-02,INR,Treasury,-1781675.56,21,57454.4642857144,2025-12-02,11549084952.68,7072514356.4,163.3,Normal
2025-12-02,USD,Retail Banking,471499.81,15,-13064.3585714286,2025-12-02,11549084952.68,7072514356.4,163.3,Normal
2025-12-02,chf,Treasury,75224.94,1,88234.3185714285,2025-12-02,11549084952.68,7072514356.4,163.3,Normal
2025-12-02,CHF,Treasury,51915.8200000002,17,-664773.548571429,2025-12-02,11549084952.68,7072514356.4,163.3,Normal
2025-12-02,CAD,Corporate Banking,-244243.53,6,30053.4557142857,2025-12-02,11549084952.68,7072514356.4,163.3,Normal
2025-12-02,JPY,Retail Banking,439.840000000018,13,1157.67714285715,2025-12-02,11549084952.68,7072514356.4,163.3,Normal
2025-12-02,inr,Investment Banking,-95299.78,2,-11929.4985714286,2025-12-02,11549084952.68,7072514356.4,163.3,Normal
2025-12-02,JPY,Investment Banking,229239.12,7,18815.61,2025-12-02,11549084952.68,7072514356.4,163.3,Normal
2025-12-02,AUD,Markets,-2345713.99,15,-256120.967142857,2025-12-02,11549084952.68,7072514356.4,163.3,Normal
2025-12-02,EUR,Corporate Banking,-127364.54,9,-35969.8,2025-12-02,11549084952.68,7072514356.4,163.3,Normal
2025-12-02,USD,Treasury,1197913.1,14,533859.33,2025-12-02,11549084952.68,7072514356.4,163.3,Normal
2025-12-02,CHF,Retail Banking,-205809.63,8,-105791.282857143,2025-12-02,11549084952.68,7072514356.4,163.3,Normal
2025-12-02,usd,Corporate Banking,-17377.4,1,-7800.35285714286,2025-12-02,11549084952.68,7072514356.4,163.3,Normal
2025-12-02,eur,Investment Banking,1897.05,1,-16643.7571428571,2025-12-02,11549084952.68,7072514356.4,163.3,Normal
2025-12-02,CAD,Markets,-2530648.09,17,-1153213.95,2025-12-02,11549084952.68,7072514356.4,163.3,Normal
2025-12-02,chf,Corporate Banking,4736.12,1,-2568.01714285714,2025-12-02,11549084952.68,7072514356.4,163.3,Normal
2025-12-02,CAD,Treasury,1918211.26,19,-16076.2914285718,2025-12-02,11549084952.68,7072514356.4,163.3,Normal
2025-12-02,USD,Investment Banking,249259.88,7,51983.4685714286,2025-12-02,11549084952.68,7072514356.4,163.3,Normal
2025-12-02,INR,Investment Banking,-67237.01,9,-59742.0614285714,2025-12-02,11549084952.68,7072514356.4,163.3,Normal
2025-12-02,GBP,Treasury,-1443405.5,17,-3138.29142857152,2025-12-02,11549084952.68,7072514356.4,163.3,Normal
2025-12-02,EUR,Treasury,353505.31,8,128036.798571429,2025-12-02,11549084952.68,7072514356.4,163.3,Normal
2025-12-02,jpy,Corporate Banking,3994.9,1,3333.5,2025-12-02,11549084952.68,7072514356.4,163.3,Normal
2025-12-02,JPY,Markets,-1876916.9,14,805409.417142857,2025-12-02,11549084952.68,7072514356.4,163.3,Normal
2025-12-02,CHF,Markets,1135163.31,14,-172361.491428571,2025-12-02,11549084952.68,7072514356.4,163.3,Normal
2025-12-02,eur,Corporate Banking,14487.43,1,-1585.27714285714,2025-12-02,11549084952.68,7072514356.4,163.3,Normal
2025-12-02,usd,Retail Banking,8433.25,2,-11628.68,2025-12-02,11549084952.68,7072514356.4,163.3,Normal
2025-12-02,EUR,Markets,-666901.269999999,11,-991877.821428572,2025-12-02,11549084952.68,7072514356.4,163.3,Normal
2025-12-02,cad,Corporate Banking,11912.16,1,12745.3285714286,2025-12-02,11549084952.68,7072514356.4,163.3,Normal
2025-12-02,AUD,Corporate Banking,-37755.77,12,8624.96,2025-12-02,11549084952.68,7072514356.4,163.3,Normal
2025-12-02,AUD,Treasury,-311625.2,7,136774.544285714,2025-12-02,11549084952.68,7072514356.4,163.3,Normal
2025-12-02,gbp,Retail Banking,-36993.95,1,7918.62857142858,2025-12-02,11549084952.68,7072514356.4,163.3,Normal
2025-12-02,JPY,Corporate Banking,-75450.64,7,-73814.4457142857,2025-12-02,11549084952.68,7072514356.4,163.3,Normal
2025-12-02,eur,Retail Banking,-18864.83,3,-19215.1028571429,2025-12-02,11549084952.68,7072514356.4,163.3,Normal
2025-12-02,CHF,Investment Banking,228329.39,6,64852.6085714286,2025-12-02,11549084952.68,7072514356.4,163.3,Normal
2025-11-14,INR,Corporate Banking,-121866.64,11,-87536.1,2025-11-14,8175491161.99,7380588441.74,110.77,Normal
2025-11-14,usd,Investment Banking,-19156.14,1,-1668.26428571429,2025-11-14,8175491161.99,7380588441.74,110.77,Normal
2025-11-14,GBP,Investment Banking,-129696.92,11,-55318.0342857143,2025-11-14,8175491161.99,7380588441.74,110.77,Normal
2025-11-14,inr,Markets,-111359.7,1,-52620.7714285714,2025-11-14,8175491161.99,7380588441.74,110.77,Normal
2025-11-14,JPY,Treasury,-1297994.15,22,-439809.495714286,2025-11-14,8175491161.99,7380588441.74,110.77,Normal
2025-11-14,GBP,Corporate Banking,-11136.95,8,54474.61,2025-11-14,8175491161.99,7380588441.74,110.77,Normal
2025-11-14,CAD,Investment Banking,79578.12,12,-121357.467142857,2025-11-14,8175491161.99,7380588441.74,110.77,Normal
2025-11-14,INR,Markets,147282.8,17,-636520.264285714,2025-11-14,8175491161.99,7380588441.74,110.77,Normal
2025-11-14,GBP,Retail Banking,44939.77,11,86145.26,2025-11-14,8175491161.99,7380588441.74,110.77,Normal
2025-11-14,AUD,Investment Banking,18410.61,9,-71369.5042857143,2025-11-14,8175491161.99,7380588441.74,110.77,Normal
2025-11-14,AUD,Retail Banking,-108004.61,7,-12422.9642857143,2025-11-14,8175491161.99,7380588441.74,110.77,Normal
2025-11-14,inr,Corporate Banking,10791.51,1,11721.1685714286,2025-11-14,8175491161.99,7380588441.74,110.77,Normal
2025-11-14,EUR,Retail Banking,-262846.21,12,-54319.3885714286,2025-11-14,8175491161.99,7380588441.74,110.77,Normal
2025-11-14,CAD,Retail Banking,-84302.46,7,-60218.8185714286,2025-11-14,8175491161.99,7380588441.74,110.77,Normal
2025-11-14,INR,Retail Banking,-107094.66,9,-93510.9528571429,2025-11-14,8175491161.99,7380588441.74,110.77,Normal
2025-11-14,CHF,Corporate Banking,-67741.22,17,-11830.7314285714,2025-11-14,8175491161.99,7380588441.74,110.77,Normal
2025-11-14,GBP,Markets,-3883597.69,15,-1958604.39428571,2025-11-14,8175491161.99,7380588441.74,110.77,Normal
2025-11-14,USD,Corporate Banking,2720.94000000002,10,25438.32,2025-11-14,8175491161.99,7380588441.74,110.77,Normal
2025-11-14,EUR,Investment Banking,63114.26,10,105800.12,2025-11-14,8175491161.99,7380588441.74,110.77,Normal
2025-11-14,USD,Markets,784999.32,16,-788281.862857143,2025-11-14,8175491161.99,7380588441.74,110.77,Normal
2025-11-14,INR,Treasury,239172.48,10,486201.322857143,2025-11-14,8175491161.99,7380588441.74,110.77,Normal
2025-11-14,USD,Retail Banking,-64261.31,16,-24423.04,2025-11-14,8175491161.99,7380588441.74,110.77,Normal
2025-11-14,chf,Treasury,60924.56,1,247339.075714286,2025-11-14,8175491161.99,7380588441.74,110.77,Normal
2025-11-14,CHF,Treasury,1152359.07,19,-487016.357142857,2025-11-14,8175491161.99,7380588441.74,110.77,Normal
2025-11-14,CAD,Corporate Banking,-270797.74,14,-14284.6928571429,2025-11-14,8175491161.99,7380588441.74,110.77,Normal
2025-11-14,JPY,Retail Banking,-155952.84,9,30893.8928571429,2025-11-14,8175491161.99,7380588441.74,110.77,Normal
2025-11-14,JPY,Investment Banking,-249466.78,14,58409.9485714286,2025-11-14,8175491161.99,7380588441.74,110.77,Normal
2025-11-14,AUD,Markets,-460840.4,23,-12116.5457142857,2025-11-14,8175491161.99,7380588441.74,110.77,Normal
2025-11-14,EUR,Corporate Banking,-106459.35,11,38554.1228571429,2025-11-14,8175491161.99,7380588441.74,110.77,Normal
2025-11-14,gbp,Investment Banking,-23855.94,1,-18305.2428571429,2025-11-14,8175491161.99,7380588441.74,110.77,Normal
2025-11-14,USD,Treasury,-907480.14,18,-1205339.08428571,2025-11-14,8175491161.99,7380588441.74,110.77,Normal
2025-11-14,CHF,Retail Banking,-65516.09,12,89040.86,2025-11-14,8175491161.99,7380588441.74,110.77,Normal
2025-11-14,eur,Investment Banking,47775.35,1,3190.59142857143,2025-11-14,8175491161.99,7380588441.74,110.77,Normal
2025-11-14,CAD,Markets,-198410.84,13,283927.925714286,2025-11-14,8175491161.99,7380588441.74,110.77,Normal
2025-11-14,CAD,Treasury,410305.23,11,-16724.3014285715,2025-11-14,8175491161.99,7380588441.74,110.77,Normal
2025-11-14,USD,Investment Banking,177226.31,8,48069.26,2025-11-14,8175491161.99,7380588441.74,110.77,Normal
2025-11-14,INR,Investment Banking,-99699.64,5,-186770.827142857,2025-11-14,8175491161.99,7380588441.74,110.77,Normal
2025-11-14,GBP,Treasury,-6389.91999999993,14,168821.33,2025-11-14,8175491161.99,7380588441.74,110.77,Normal
2025-11-14,EUR,Treasury,-1102468.96,12,-979159.861428571,2025-11-14,8175491161.99,7380588441.74,110.77,Normal
2025-11-14,aud,Treasury,-1182418.5,3,-99828.9671428571,2025-11-14,8175491161.99,7380588441.74,110.77,Normal
2025-11-14,JPY,Markets,1786541.17,12,413829.088571429,2025-11-14,8175491161.99,7380588441.74,110.77,Normal
2025-11-14,CHF,Markets,-2737882.6,16,-1167648.59428571,2025-11-14,8175491161.99,7380588441.74,110.77,Normal
2025-11-14,usd,Retail Banking,-135818.84,1,-17850.7085714286,2025-11-14,8175491161.99,7380588441.74,110.77,Normal
2025-11-14,EUR,Markets,1044643.97,14,-74036.4242857143,2025-11-14,8175491161.99,7380588441.74,110.77,Normal
2025-11-14,AUD,Corporate Banking,-215336.4,8,22461.07,2025-11-14,8175491161.99,7380588441.74,110.77,Normal
2025-11-14,eur,Treasury,-83545.89,1,-11935.1271428571,2025-11-14,8175491161.99,7380588441.74,110.77,Normal
2025-11-14,AUD,Treasury,-2700335.49,8,-1579665.75428571,2025-11-14,8175491161.99,7380588441.74,110.77,Normal
2025-11-14,gbp,Retail Banking,-3607.37,1,20661.4742857143,2025-11-14,8175491161.99,7380588441.74,110.77,Normal
2025-11-14,JPY,Corporate Banking,-94472.1800000001,15,-66493.6857142857,2025-11-14,8175491161.99,7380588441.74,110.77,Normal
2025-11-14,CHF,Investment Banking,-135346.84,10,-50156.0785714286,2025-11-14,8175491161.99,7380588441.74,110.77,Normal
2026-01-31,jpy,Investment Banking,65273.4,2,15977.5914285714,2026-01-31,8471284682.54,6362103152.15,133.15,Normal
2026-01-31,INR,Corporate Banking,121280.41,10,-4440.56142857142,2026-01-31,8471284682.54,6362103152.15,133.15,Normal
2026-01-31,GBP,Investment Banking,-18002.99,10,41809.6414285714,2026-01-31,8471284682.54,6362103152.15,133.15,Normal
2026-01-31,JPY,Treasury,171870.68,17,-479045.72,2026-01-31,8471284682.54,6362103152.15,133.15,Normal
2026-01-31,GBP,Corporate Banking,-18481.18,13,48627.5428571429,2026-01-31,8471284682.54,6362103152.15,133.15,Normal
2026-01-31,gbp,Treasury,33241.13,2,148678.697142857,2026-01-31,8471284682.54,6362103152.15,133.15,Normal
2026-01-31,jpy,Treasury,-201249.28,1,-135714.045714286,2026-01-31,8471284682.54,6362103152.15,133.15,Normal
2026-01-31,CAD,Investment Banking,-145221.63,10,-95926.5485714286,2026-01-31,8471284682.54,6362103152.15,133.15,Normal
2026-01-31,INR,Markets,1250743.03,15,-447683.022857143,2026-01-31,8471284682.54,6362103152.15,133.15,Normal
2026-01-31,GBP,Retail Banking,-494336.32,12,70720.77,2026-01-31,8471284682.54,6362103152.15,133.15,Normal
2026-01-31,AUD,Investment Banking,20136.46,9,3558.25285714285,2026-01-31,8471284682.54,6362103152.15,133.15,Normal
2026-01-31,AUD,Retail Banking,23908.16,10,-83001.8928571429,2026-01-31,8471284682.54,6362103152.15,133.15,Normal
2026-01-31,inr,Corporate Banking,14013.09,1,3689.79571428571,2026-01-31,8471284682.54,6362103152.15,133.15,Normal
2026-01-31,EUR,Retail Banking,-110921.91,16,105953.412857143,2026-01-31,8471284682.54,6362103152.15,133.15,Normal
2026-01-31,CAD,Retail Banking,-48814.62,13,-78663.21,2026-01-31,8471284682.54,6362103152.15,133.15,Normal
2026-01-31,INR,Retail Banking,178336.55,8,-2363.24285714286,2026-01-31,8471284682.54,6362103152.15,133.15,Normal
2026-01-31,CHF,Corporate Banking,35873.34,6,-67807.8014285714,2026-01-31,8471284682.54,6362103152.15,133.15,Normal
2026-01-31,GBP,Markets,-199249.46,11,283875.727142857,2026-01-31,8471284682.54,6362103152.15,133.15,Normal
2026-01-31,USD,Corporate Banking,59757.95,10,31132.5657142857,2026-01-31,8471284682.54,6362103152.15,133.15,Normal
2026-01-31,EUR,Investment Banking,134913.96,8,59912.3514285714,2026-01-31,8471284682.54,6362103152.15,133.15,Normal
2026-01-31,USD,Markets,-1354860.25,15,-234213.564285714,2026-01-31,8471284682.54,6362103152.15,133.15,Normal
2026-01-31,INR,Treasury,1077805,12,-507763.915714286,2026-01-31,8471284682.54,6362103152.15,133.15,Normal
2026-01-31,USD,Retail Banking,9057.26999999999,8,73692.0057142857,2026-01-31,8471284682.54,6362103152.15,133.15,Normal
2026-01-31,CHF,Treasury,-2683946.7,18,-1105654.23,2026-01-31,8471284682.54,6362103152.15,133.15,Normal
2026-01-31,CAD,Corporate Banking,199015.38,16,118568.99,2026-01-31,8471284682.54,6362103152.15,133.15,Normal
2026-01-31,JPY,Retail Banking,-187589.47,10,9276.63285714286,2026-01-31,8471284682.54,6362103152.15,133.15,Normal
2026-01-31,JPY,Investment Banking,-36895.92,6,32285.0285714286,2026-01-31,8471284682.54,6362103152.15,133.15,Normal
2026-01-31,AUD,Markets,753262.49,16,-360708.431428571,2026-01-31,8471284682.54,6362103152.15,133.15,Normal
2026-01-31,EUR,Corporate Banking,-60492.82,2,-1465.45142857142,2026-01-31,8471284682.54,6362103152.15,133.15,Normal
2026-01-31,USD,Treasury,2276386.45,18,-550494.288571429,2026-01-31,8471284682.54,6362103152.15,133.15,Normal
2026-01-31,CHF,Retail Banking,5894.54,6,47987.13,2026-01-31,8471284682.54,6362103152.15,133.15,Normal
2026-01-31,CAD,Markets,-1227856.73,8,89530.782857143,2026-01-31,8471284682.54,6362103152.15,133.15,Normal
2026-01-31,chf,Retail Banking,-1713.13,1,-10057.9142857143,2026-01-31,8471284682.54,6362103152.15,133.15,Normal
2026-01-31,CAD,Treasury,-4332145.51,17,-618791.971428572,2026-01-31,8471284682.54,6362103152.15,133.15,Normal
2026-01-31,USD,Investment Banking,-5756.37,8,-66953.5842857143,2026-01-31,8471284682.54,6362103152.15,133.15,Normal
2026-01-31,INR,Investment Banking,-82874.6,14,-169804.781428571,2026-01-31,8471284682.54,6362103152.15,133.15,Normal
2026-01-31,GBP,Treasury,2137942.29,13,677201.547142857,2026-01-31,8471284682.54,6362103152.15,133.15,Normal
2026-01-31,EUR,Treasury,-925764.56,19,-148521.465714286,2026-01-31,8471284682.54,6362103152.15,133.15,Normal
2026-01-31,JPY,Markets,-2421905.44,16,-1199435.37428571,2026-01-31,8471284682.54,6362103152.15,133.15,Normal
2026-01-31,CHF,Markets,-4052945.89,14,-796812.764285714,2026-01-31,8471284682.54,6362103152.15,133.15,Normal
2026-01-31,EUR,Markets,-1726607.56,17,-543836.542857143,2026-01-31,8471284682.54,6362103152.15,133.15,Normal
2026-01-31,AUD,Corporate Banking,390337.59,8,70267.1471428571,2026-01-31,8471284682.54,6362103152.15,133.15,Normal
2026-01-31,AUD,Treasury,-490227.86,11,345258.452857143,2026-01-31,8471284682.54,6362103152.15,133.15,Normal
2026-01-31,JPY,Corporate Banking,28850.86,13,160016.91,2026-01-31,8471284682.54,6362103152.15,133.15,Normal
2026-01-31,CHF,Investment Banking,4016.08,8,40061.5728571429,2026-01-31,8471284682.54,6362103152.15,133.15,Normal
2026-01-31,inr,Retail Banking,84625.42,3,-9094.29285714286,2026-01-31,8471284682.54,6362103152.15,133.15,Normal
2025-10-30,jpy,Investment Banking,-6918.8,1,-12567.5814285714,2025-10-30,8981860940.94,7134948943.56,125.89,Normal
2025-10-30,INR,Corporate Banking,-147718.25,16,11812.0757142857,2025-10-30,8981860940.94,7134948943.56,125.89,Normal
2025-10-30,usd,Investment Banking,-26865.63,1,-3837.94714285714,2025-10-30,8981860940.94,7134948943.56,125.89,Normal
2025-10-30,jpy,Markets,174359.52,1,123759.284285714,2025-10-30,8981860940.94,7134948943.56,125.89,Normal
2025-10-30,GBP,Investment Banking,-16807.37,9,-12997.9785714286,2025-10-30,8981860940.94,7134948943.56,125.89,Normal
2025-10-30,JPY,Treasury,22882.56,19,-17073.3385714286,2025-10-30,8981860940.94,7134948943.56,125.89,Normal
2025-10-30,GBP,Corporate Banking,-439272.66,9,-48009.3114285714,2025-10-30,8981860940.94,7134948943.56,125.89,Normal
2025-10-30,gbp,Markets,-125342.1,1,-92569.8,2025-10-30,8981860940.94,7134948943.56,125.89,Normal
2025-10-30,aud,Corporate Banking,-17857.31,1,-2551.04428571429,2025-10-30,8981860940.94,7134948943.56,125.89,Normal
2025-10-30,CAD,Investment Banking,812032.27,14,136575.365714286,2025-10-30,8981860940.94,7134948943.56,125.89,Normal
2025-10-30,INR,Markets,-458449.1,24,-364681.677142857,2025-10-30,8981860940.94,7134948943.56,125.89,Normal
2025-10-30,GBP,Retail Banking,-342715.65,10,-63667.7442857143,2025-10-30,8981860940.94,7134948943.56,125.89,Normal
2025-10-30,AUD,Investment Banking,-79239.31,10,-28602.0085714286,2025-10-30,8981860940.94,7134948943.56,125.89,Normal
2025-10-30,AUD,Retail Banking,132494.73,12,30371.2342857143,2025-10-30,8981860940.94,7134948943.56,125.89,Normal
2025-10-30,inr,Corporate Banking,55538.19,1,12655.6785714286,2025-10-30,8981860940.94,7134948943.56,125.89,Normal
2025-10-30,EUR,Retail Banking,-154413.17,11,-31579.0414285714,2025-10-30,8981860940.94,7134948943.56,125.89,Normal
2025-10-30,cad,Retail Banking,-54557.53,1,-12202.9085714286,2025-10-30,8981860940.94,7134948943.56,125.89,Normal
2025-10-30,CAD,Retail Banking,-55446.75,5,50007,2025-10-30,8981860940.94,7134948943.56,125.89,Normal
2025-10-30,INR,Retail Banking,348647.84,10,-43193.9485714286,2025-10-30,8981860940.94,7134948943.56,125.89,Normal
2025-10-30,CHF,Corporate Banking,-72277.46,11,-66077.7871428571,2025-10-30,8981860940.94,7134948943.56,125.89,Normal
2025-10-30,GBP,Markets,1902908.96,14,1186566.72714286,2025-10-30,8981860940.94,7134948943.56,125.89,Normal
2025-10-30,USD,Corporate Banking,-83335.09,12,-100069.187142857,2025-10-30,8981860940.94,7134948943.56,125.89,Normal
2025-10-30,EUR,Investment Banking,83717.42,9,40040.6728571429,2025-10-30,8981860940.94,7134948943.56,125.89,Normal
2025-10-30,USD,Markets,-757804.39,20,-428349.918571429,2025-10-30,8981860940.94,7134948943.56,125.89,Normal
2025-10-30,inr,Treasury,-484562.19,1,-69223.17,2025-10-30,8981860940.94,7134948943.56,125.89,Normal
2025-10-30,INR,Treasury,917848.31,25,-354044.135714286,2025-10-30,8981860940.94,7134948943.56,125.89,Normal
2025-10-30,USD,Retail Banking,-263747.11,12,-29501.49,2025-10-30,8981860940.94,7134948943.56,125.89,Normal
2025-10-30,CHF,Treasury,-828800.01,19,-105626.127142857,2025-10-30,8981860940.94,7134948943.56,125.89,Normal
2025-10-30,CAD,Corporate Banking,-82643.37,8,-79499.8642857143,2025-10-30,8981860940.94,7134948943.56,125.89,Normal
2025-10-30,JPY,Retail Banking,49409.38,9,-28740.5214285714,2025-10-30,8981860940.94,7134948943.56,125.89,Normal
2025-10-30,JPY,Investment Banking,-287451.95,10,-75133.1314285714,2025-10-30,8981860940.94,7134948943.56,125.89,Normal
2025-10-30,AUD,Markets,-2568949.19,12,-815439.287142857,2025-10-30,8981860940.94,7134948943.56,125.89,Normal
2025-10-30,EUR,Corporate Banking,-64718.28,15,-15665.4328571429,2025-10-30,8981860940.94,7134948943.56,125.89,Normal
2025-10-30,USD,Treasury,217794.15,13,-617392.4,2025-10-30,8981860940.94,7134948943.56,125.89,Normal
2025-10-30,eur,Markets,144364.06,1,42846.91,2025-10-30,8981860940.94,7134948943.56,125.89,Normal
2025-10-30,CHF,Retail Banking,171160.82,10,39175.68,2025-10-30,8981860940.94,7134948943.56,125.89,Normal
2025-10-30,usd,Corporate Banking,-19875.29,1,1526.51571428571,2025-10-30,8981860940.94,7134948943.56,125.89,Normal
2025-10-30,CAD,Markets,2013169.47,12,-121451.09,2025-10-30,8981860940.94,7134948943.56,125.89,Normal
2025-10-30,chf,Retail Banking,4399.31,1,628.472857142857,2025-10-30,8981860940.94,7134948943.56,125.89,Normal
2025-10-30,CAD,Treasury,-99291.44,16,326252.568571429,2025-10-30,8981860940.94,7134948943.56,125.89,Normal
2025-10-30,USD,Investment Banking,116223.12,10,-87552.0928571429,2025-10-30,8981860940.94,7134948943.56,125.89,Normal
2025-10-30,INR,Investment Banking,70094.14,12,12336.1085714286,2025-10-30,8981860940.94,7134948943.56,125.89,Normal
2025-10-30,GBP,Treasury,460397.22,17,119624.867142857,2025-10-30,8981860940.94,7134948943.56,125.89,Normal
2025-10-30,EUR,Treasury,-2213502.38,16,-363251.681428571,2025-10-30,8981860940.94,7134948943.56,125.89,Normal
2025-10-30,aud,Treasury,204657.85,1,63783.6357142857,2025-10-30,8981860940.94,7134948943.56,125.89,Normal
2025-10-30,JPY,Markets,66862.41,11,312895.965714286,2025-10-30,8981860940.94,7134948943.56,125.89,Normal
2025-10-30,CHF,Markets,959920.67,11,203455.724285714,2025-10-30,8981860940.94,7134948943.56,125.89,Normal
2025-10-30,EUR,Markets,1042901.5,16,-321736.514285714,2025-10-30,8981860940.94,7134948943.56,125.89,Normal
2025-10-30,AUD,Corporate Banking,-204250.94,9,-32662.3414285714,2025-10-30,8981860940.94,7134948943.56,125.89,Normal
2025-10-30,AUD,Treasury,-1222286.68,19,-1054796.10714286,2025-10-30,8981860940.94,7134948943.56,125.89,Normal
2025-10-30,JPY,Corporate Banking,-92677.73,8,65077.6814285714,2025-10-30,8981860940.94,7134948943.56,125.89,Normal
2025-10-30,usd,Markets,-304002.74,1,-43428.9628571429,2025-10-30,8981860940.94,7134948943.56,125.89,Normal
2025-10-30,CHF,Investment Banking,-107085.52,9,-25413.2785714286,2025-10-30,8981860940.94,7134948943.56,125.89,Normal
2026-01-08,INR,Corporate Banking,118608.66,10,-28535.0642857143,2026-01-08,10603551341.06,7204935033.99,147.17,Normal
2026-01-08,usd,Investment Banking,-47016.07,1,-3093.62285714286,2026-01-08,10603551341.06,7204935033.99,147.17,Normal
2026-01-08,jpy,Markets,38141.78,1,107623.657142857,2026-01-08,10603551341.06,7204935033.99,147.17,Normal
2026-01-08,GBP,Investment Banking,77594.73,17,-68767.2971428571,2026-01-08,10603551341.06,7204935033.99,147.17,Normal
2026-01-08,JPY,Treasury,-2519822.29,15,-259042.491428571,2026-01-08,10603551341.06,7204935033.99,147.17,Normal
2026-01-08,GBP,Corporate Banking,-89220.92,9,30374.4271428572,2026-01-08,10603551341.06,7204935033.99,147.17,Normal
2026-01-08,gbp,Markets,-150044.74,1,34855.3428571429,2026-01-08,10603551341.06,7204935033.99,147.17,Normal
2026-01-08,CAD,Investment Banking,-125375.74,7,-93897.4985714286,2026-01-08,10603551341.06,7204935033.99,147.17,Normal
2026-01-08,INR,Markets,2629954.02,18,1310113.13428571,2026-01-08,10603551341.06,7204935033.99,147.17,Normal
2026-01-08,GBP,Retail Banking,-192022.85,11,-30548.33,2026-01-08,10603551341.06,7204935033.99,147.17,Normal
2026-01-08,AUD,Investment Banking,-84322.27,5,-167851.118571429,2026-01-08,10603551341.06,7204935033.99,147.17,Normal
2026-01-08,AUD,Retail Banking,-71031.95,11,-84090.8171428572,2026-01-08,10603551341.06,7204935033.99,147.17,Normal
2026-01-08,cad,Markets,474215.58,1,-10070.6228571428,2026-01-08,10603551341.06,7204935033.99,147.17,Normal
2026-01-08,inr,Corporate Banking,-65533.86,1,-40959.7457142857,2026-01-08,10603551341.06,7204935033.99,147.17,Normal
2026-01-08,EUR,Retail Banking,281771.98,7,14088.8671428572,2026-01-08,10603551341.06,7204935033.99,147.17,Normal
2026-01-08,CAD,Retail Banking,-2525.18,9,-29044.1928571429,2026-01-08,10603551341.06,7204935033.99,147.17,Normal
2026-01-08,INR,Retail Banking,-136443.7,8,-46892.2171428572,2026-01-08,10603551341.06,7204935033.99,147.17,Normal
2026-01-08,CHF,Corporate Banking,103825.55,6,-45293.3071428572,2026-01-08,10603551341.06,7204935033.99,147.17,Normal
2026-01-08,GBP,Markets,92832,12,-259931.747142857,2026-01-08,10603551341.06,7204935033.99,147.17,Normal
2026-01-08,USD,Corporate Banking,53576.37,14,37859.3157142857,2026-01-08,10603551341.06,7204935033.99,147.17,Normal
2026-01-08,EUR,Investment Banking,91629.47,13,-25408.3742857143,2026-01-08,10603551341.06,7204935033.99,147.17,Normal
2026-01-08,USD,Markets,1466622.15,10,93798.2842857143,2026-01-08,10603551341.06,7204935033.99,147.17,Normal
2026-01-08,cad,Treasury,-108659.03,1,65035.4914285714,2026-01-08,10603551341.06,7204935033.99,147.17,Normal
2026-01-08,INR,Treasury,-895123.68,14,-770025.824285714,2026-01-08,10603551341.06,7204935033.99,147.17,Normal
2026-01-08,USD,Retail Banking,-207824.88,7,-110700.238571429,2026-01-08,10603551341.06,7204935033.99,147.17,Normal
2026-01-08,chf,Treasury,-252508.11,1,-151910.38,2026-01-08,10603551341.06,7204935033.99,147.17,Normal
2026-01-08,CHF,Treasury,1172415.69,15,-221004.155714286,2026-01-08,10603551341.06,7204935033.99,147.17,Normal
2026-01-08,CAD,Corporate Banking,152774.8,12,2977.31142857143,2026-01-08,10603551341.06,7204935033.99,147.17,Normal
2026-01-08,JPY,Retail Banking,-179914.95,9,-35255.2214285714,2026-01-08,10603551341.06,7204935033.99,147.17,Normal
2026-01-08,JPY,Investment Banking,-204080.69,4,-37702.8214285714,2026-01-08,10603551341.06,7204935033.99,147.17,Normal
2026-01-08,AUD,Markets,-2375150.24,19,192229.015714286,2026-01-08,10603551341.06,7204935033.99,147.17,Normal
2026-01-08,EUR,Corporate Banking,-118448.79,9,-9175.29142857143,2026-01-08,10603551341.06,7204935033.99,147.17,Normal
2026-01-08,USD,Treasury,1102143.33,11,306144.47,2026-01-08,10603551341.06,7204935033.99,147.17,Normal
2026-01-08,CHF,Retail Banking,-189964.92,16,-84719.4142857143,2026-01-08,10603551341.06,7204935033.99,147.17,Normal
2026-01-08,usd,Corporate Banking,-73046.25,1,-16812.5385714286,2026-01-08,10603551341.06,7204935033.99,147.17,Normal
2026-01-08,CAD,Markets,-821944.07,17,-1467543.60142857,2026-01-08,10603551341.06,7204935033.99,147.17,Normal
2026-01-08,chf,Retail Banking,-18746.77,1,-15636.6728571429,2026-01-08,10603551341.06,7204935033.99,147.17,Normal
2026-01-08,CAD,Treasury,-1517379.74,12,322921.307142857,2026-01-08,10603551341.06,7204935033.99,147.17,Normal
2026-01-08,USD,Investment Banking,-100796.84,9,-11799.5671428571,2026-01-08,10603551341.06,7204935033.99,147.17,Normal
2026-01-08,INR,Investment Banking,234720.48,9,-46099.8514285714,2026-01-08,10603551341.06,7204935033.99,147.17,Normal
2026-01-08,GBP,Treasury,-3742814.58,13,-1017177.00285714,2026-01-08,10603551341.06,7204935033.99,147.17,Normal
2026-01-08,EUR,Treasury,306594.32,10,75724.6914285714,2026-01-08,10603551341.06,7204935033.99,147.17,Normal
2026-01-08,jpy,Corporate Banking,-52499.6,1,11276.6357142857,2026-01-08,10603551341.06,7204935033.99,147.17,Normal
2026-01-08,JPY,Markets,415265.54,12,43470.097142857,2026-01-08,10603551341.06,7204935033.99,147.17,Normal
2026-01-08,CHF,Markets,-11285.82,12,129958.394285714,2026-01-08,10603551341.06,7204935033.99,147.17,Normal
2026-01-08,EUR,Markets,-1076999,11,-578924.701428571,2026-01-08,10603551341.06,7204935033.99,147.17,Normal
2026-01-08,cad,Corporate Banking,-23132.81,1,-6329.64714285714,2026-01-08,10603551341.06,7204935033.99,147.17,Normal
2026-01-08,AUD,Corporate Banking,14824.28,10,5913.01714285715,2026-01-08,10603551341.06,7204935033.99,147.17,Normal
2026-01-08,AUD,Treasury,132989.22,16,-181436.342857143,2026-01-08,10603551341.06,7204935033.99,147.17,Normal
2026-01-08,JPY,Corporate Banking,-114396.94,14,-85182.5371428571,2026-01-08,10603551341.06,7204935033.99,147.17,Normal
2026-01-08,CHF,Investment Banking,-20064.94,10,-2199.59285714285,2026-01-08,10603551341.06,7204935033.99,147.17,Normal
2026-02-03,INR,Corporate Banking,-168114.4,12,5382.50571428572,2026-02-03,9062081242.25,8683062731.11,104.37,Normal
2026-02-03,GBP,Investment Banking,-368252.63,5,-57990.2914285714,2026-02-03,9062081242.25,8683062731.11,104.37,Normal
2026-02-03,JPY,Treasury,1589094.44,16,-146492.822857143,2026-02-03,9062081242.25,8683062731.11,104.37,Normal
2026-02-03,GBP,Corporate Banking,-56948.24,9,-26273.2728571429,2026-02-03,9062081242.25,8683062731.11,104.37,Normal
2026-02-03,gbp,Markets,-94722.37,1,155352.487142857,2026-02-03,9062081242.25,8683062731.11,104.37,Normal
2026-02-03,CAD,Investment Banking,-22939.17,11,-102122.845714286,2026-02-03,9062081242.25,8683062731.11,104.37,Normal
2026-02-03,INR,Markets,297788.37,7,-659874.611428571,2026-02-03,9062081242.25,8683062731.11,104.37,Normal
2026-02-03,GBP,Retail Banking,-26182.87,9,-34903.7142857143,2026-02-03,9062081242.25,8683062731.11,104.37,Normal
2026-02-03,AUD,Investment Banking,-107406.4,3,-27450.4942857143,2026-02-03,9062081242.25,8683062731.11,104.37,Normal
2026-02-03,AUD,Retail Banking,-148913.41,14,-73636.1171428572,2026-02-03,9062081242.25,8683062731.11,104.37,Normal
2026-02-03,EUR,Retail Banking,47678.94,10,27626.2971428572,2026-02-03,9062081242.25,8683062731.11,104.37,Normal
2026-02-03,CAD,Retail Banking,-143026.4,12,-116268.435714286,2026-02-03,9062081242.25,8683062731.11,104.37,Normal
2026-02-03,INR,Retail Banking,-81868.25,17,-25477.11,2026-02-03,9062081242.25,8683062731.11,104.37,Normal
2026-02-03,CHF,Corporate Banking,67868.31,12,-16373.2214285714,2026-02-03,9062081242.25,8683062731.11,104.37,Normal
2026-02-03,GBP,Markets,4013559.63,21,652874.8,2026-02-03,9062081242.25,8683062731.11,104.37,Normal
2026-02-03,USD,Corporate Banking,-158027.62,4,5196.84571428572,2026-02-03,9062081242.25,8683062731.11,104.37,Normal
2026-02-03,EUR,Investment Banking,-140942.16,10,-92601.5171428571,2026-02-03,9062081242.25,8683062731.11,104.37,Normal
2026-02-03,USD,Markets,-1801326.53,11,-780403.488571428,2026-02-03,9062081242.25,8683062731.11,104.37,Normal
2026-02-03,INR,Treasury,-818979.26,15,-464328.377142857,2026-02-03,9062081242.25,8683062731.11,104.37,Normal
2026-02-03,USD,Retail Banking,-62995.91,9,987.528571428569,2026-02-03,9062081242.25,8683062731.11,104.37,Normal
2026-02-03,gbp,Corporate Banking,-9462.82,1,14064.4871428571,2026-02-03,9062081242.25,8683062731.11,104.37,Normal
2026-02-03,CHF,Treasury,-1152149.99,13,-744496.62,2026-02-03,9062081242.25,8683062731.11,104.37,Normal
2026-02-03,CAD,Corporate Banking,86667.84,8,115631.607142857,2026-02-03,9062081242.25,8683062731.11,104.37,Normal
2026-02-03,JPY,Retail Banking,-613340.36,11,-66022.7685714286,2026-02-03,9062081242.25,8683062731.11,104.37,Normal
2026-02-03,JPY,Investment Banking,193856.5,12,-654.232857142866,2026-02-03,9062081242.25,8683062731.11,104.37,Normal
2026-02-03,AUD,Markets,-855009.27,25,-1137867.75,2026-02-03,9062081242.25,8683062731.11,104.37,Normal
2026-02-03,EUR,Corporate Banking,74439.62,11,56853.96,2026-02-03,9062081242.25,8683062731.11,104.37,Normal
2026-02-03,gbp,Investment Banking,-7077.55,1,-3260.05142857143,2026-02-03,9062081242.25,8683062731.11,104.37,Normal
2026-02-03,USD,Treasury,788826.49,16,281091.112857143,2026-02-03,9062081242.25,8683062731.11,104.37,Normal
2026-02-03,eur,Markets,-45187.92,1,-52987.1928571429,2026-02-03,9062081242.25,8683062731.11,104.37,Normal
2026-02-03,CHF,Retail Banking,-202430.99,11,67060.7128571429,2026-02-03,9062081242.25,8683062731.11,104.37,Normal
2026-02-03,usd,Corporate Banking,10267.52,1,-8629.91714285714,2026-02-03,9062081242.25,8683062731.11,104.37,Normal
2026-02-03,CAD,Markets,-1923141.14,12,-615302.128571429,2026-02-03,9062081242.25,8683062731.11,104.37,Normal
2026-02-03,CAD,Treasury,131997.14,14,-184634.088571429,2026-02-03,9062081242.25,8683062731.11,104.37,Normal
2026-02-03,USD,Investment Banking,-7079.53999999999,12,-64850.3185714286,2026-02-03,9062081242.25,8683062731.11,104.37,Normal
2026-02-03,INR,Investment Banking,-128166.4,7,-148342.828571429,2026-02-03,9062081242.25,8683062731.11,104.37,Normal
2026-02-03,GBP,Treasury,-452851.21,12,743808.084285714,2026-02-03,9062081242.25,8683062731.11,104.37,Normal
2026-02-03,EUR,Treasury,877282.32,19,328358.06,2026-02-03,9062081242.25,8683062731.11,104.37,Normal
2026-02-03,aud,Treasury,-76470.72,1,20363.0785714286,2026-02-03,9062081242.25,8683062731.11,104.37,Normal
2026-02-03,JPY,Markets,-2833187.36,13,-1575758.51714286,2026-02-03,9062081242.25,8683062731.11,104.37,Normal
2026-02-03,CHF,Markets,-841615.09,19,-572046.721428571,2026-02-03,9062081242.25,8683062731.11,104.37,Normal
2026-02-03,eur,Corporate Banking,-21885.7,1,-7240.87857142857,2026-02-03,9062081242.25,8683062731.11,104.37,Normal
2026-02-03,EUR,Markets,1946563.71,18,405003.142857143,2026-02-03,9062081242.25,8683062731.11,104.37,Normal
2026-02-03,aud,Markets,542301.86,1,60495.4985714286,2026-02-03,9062081242.25,8683062731.11,104.37,Normal
2026-02-03,AUD,Corporate Banking,10027.93,12,95450.2442857143,2026-02-03,9062081242.25,8683062731.11,104.37,Normal
2026-02-03,AUD,Treasury,1221588.76,20,596163.048571429,2026-02-03,9062081242.25,8683062731.11,104.37,Normal
2026-02-03,JPY,Corporate Banking,171330.16,17,197420.772857143,2026-02-03,9062081242.25,8683062731.11,104.37,Normal
2026-02-03,eur,Retail Banking,24688.71,1,-5454.01142857143,2026-02-03,9062081242.25,8683062731.11,104.37,Normal
2026-02-03,usd,Markets,-272840.99,1,-248041.44,2026-02-03,9062081242.25,8683062731.11,104.37,Normal
2026-02-03,CHF,Investment Banking,56861.29,17,-20154.2257142857,2026-02-03,9062081242.25,8683062731.11,104.37,Normal
2026-02-18,INR,Corporate Banking,-162714.04,9,-214603.617142857,2026-02-18,10224237611.54,9776004812.99,104.59,Normal
2026-02-18,jpy,Markets,-26954.93,1,4289.37285714286,2026-02-18,10224237611.54,9776004812.99,104.59,Normal
2026-02-18,GBP,Investment Banking,-265533.55,12,-18837.5285714286,2026-02-18,10224237611.54,9776004812.99,104.59,Normal
2026-02-18,inr,Markets,-346035.9,3,-221743.505714286,2026-02-18,10224237611.54,9776004812.99,104.59,Normal
2026-02-18,JPY,Treasury,211400.82,12,-864637.611428572,2026-02-18,10224237611.54,9776004812.99,104.59,Normal
2026-02-18,GBP,Corporate Banking,169124.14,10,-21082.7514285714,2026-02-18,10224237611.54,9776004812.99,104.59,Normal
2026-02-18,gbp,Treasury,242899.81,1,219761.641428571,2026-02-18,10224237611.54,9776004812.99,104.59,Normal
2026-02-18,jpy,Treasury,-90919.79,1,-118008.497142857,2026-02-18,10224237611.54,9776004812.99,104.59,Normal
2026-02-18,CAD,Investment Banking,623632.32,12,-52716.8228571428,2026-02-18,10224237611.54,9776004812.99,104.59,Normal
2026-02-18,INR,Markets,305842.740000001,19,-1487265.88142857,2026-02-18,10224237611.54,9776004812.99,104.59,Normal
2026-02-18,GBP,Retail Banking,-52943.72,11,-152111.124285714,2026-02-18,10224237611.54,9776004812.99,104.59,Normal
2026-02-18,AUD,Investment Banking,96417.5,3,-76756.6414285714,2026-02-18,10224237611.54,9776004812.99,104.59,Normal
2026-02-18,AUD,Retail Banking,-223046.92,11,-55856.4942857143,2026-02-18,10224237611.54,9776004812.99,104.59,Normal
2026-02-18,EUR,Retail Banking,25099.79,8,-92075.2471428571,2026-02-18,10224237611.54,9776004812.99,104.59,Normal
2026-02-18,CAD,Retail Banking,-204050.9,3,-158209.282857143,2026-02-18,10224237611.54,9776004812.99,104.59,Normal
2026-02-18,INR,Retail Banking,148846.44,7,-244812.598571429,2026-02-18,10224237611.54,9776004812.99,104.59,Normal
2026-02-18,CHF,Corporate Banking,-143356.46,10,-111997.261428571,2026-02-18,10224237611.54,9776004812.99,104.59,Normal
2026-02-18,GBP,Markets,2078902.97,14,-321744.781428572,2026-02-18,10224237611.54,9776004812.99,104.59,Normal
2026-02-18,USD,Corporate Banking,-308348.96,9,-29739.3,2026-02-18,10224237611.54,9776004812.99,104.59,Normal
2026-02-18,EUR,Investment Banking,-7639.75000000006,14,-24258.5985714286,2026-02-18,10224237611.54,9776004812.99,104.59,Normal
2026-02-18,USD,Markets,973495.8,12,-55869.1657142859,2026-02-18,10224237611.54,9776004812.99,104.59,Normal
2026-02-18,INR,Treasury,-1494749.06,10,-934369.278571429,2026-02-18,10224237611.54,9776004812.99,104.59,Normal
2026-02-18,USD,Retail Banking,40983.47,6,-155307.494285714,2026-02-18,10224237611.54,9776004812.99,104.59,Normal
2026-02-18,gbp,Corporate Banking,33720.5,1,12087.8557142857,2026-02-18,10224237611.54,9776004812.99,104.59,Normal
2026-02-18,CHF,Treasury,1701496.61,11,-387032.315714286,2026-02-18,10224237611.54,9776004812.99,104.59,Normal
2026-02-18,CAD,Corporate Banking,-198209.09,11,-124592.024285714,2026-02-18,10224237611.54,9776004812.99,104.59,Normal
2026-02-18,JPY,Retail Banking,203870.93,20,-22584.9142857143,2026-02-18,10224237611.54,9776004812.99,104.59,Normal
2026-02-18,inr,Investment Banking,-32995.15,1,-8709.27714285714,2026-02-18,10224237611.54,9776004812.99,104.59,Normal
2026-02-18,JPY,Investment Banking,-453938.5,13,-162717.902857143,2026-02-18,10224237611.54,9776004812.99,104.59,Normal
2026-02-18,AUD,Markets,-1144208.89,17,746984.125714286,2026-02-18,10224237611.54,9776004812.99,104.59,Normal
2026-02-18,EUR,Corporate Banking,-97579.44,9,-108899.301428571,2026-02-18,10224237611.54,9776004812.99,104.59,Normal
2026-02-18,USD,Treasury,-1778139.26,12,-835231.581428571,2026-02-18,10224237611.54,9776004812.99,104.59,Normal
2026-02-18,CHF,Retail Banking,-38499.45,17,-74336.7342857143,2026-02-18,10224237611.54,9776004812.99,104.59,Normal
2026-02-18,usd,Corporate Banking,-9555.36,1,-9157.32857142857,2026-02-18,10224237611.54,9776004812.99,104.59,Normal
2026-02-18,CAD,Markets,913737,10,-543743.58,2026-02-18,10224237611.54,9776004812.99,104.59,Normal
2026-02-18,CAD,Treasury,121012.25,21,-677522.49,2026-02-18,10224237611.54,9776004812.99,104.59,Normal
2026-02-18,USD,Investment Banking,30847.88,9,89512.0528571429,2026-02-18,10224237611.54,9776004812.99,104.59,Normal
2026-02-18,aud,Investment Banking,-59311.99,1,6065.83,2026-02-18,10224237611.54,9776004812.99,104.59,Normal
2026-02-18,INR,Investment Banking,-227777.2,16,-229853.845714286,2026-02-18,10224237611.54,9776004812.99,104.59,Normal
2026-02-18,GBP,Treasury,-3497952.59,14,-983859.715714286,2026-02-18,10224237611.54,9776004812.99,104.59,Normal
2026-02-18,EUR,Treasury,1233323.86,19,211134.781428572,2026-02-18,10224237611.54,9776004812.99,104.59,Normal
2026-02-18,JPY,Markets,-480633.22,17,-694783.19,2026-02-18,10224237611.54,9776004812.99,104.59,Normal
2026-02-18,CHF,Markets,-919646.74,17,-702590.29,2026-02-18,10224237611.54,9776004812.99,104.59,Normal
2026-02-18,EUR,Markets,-2517210.83,19,-1600091.29285714,2026-02-18,10224237611.54,9776004812.99,104.59,Normal
2026-02-18,cad,Corporate Banking,6886.3,1,8036.43142857143,2026-02-18,10224237611.54,9776004812.99,104.59,Normal
2026-02-18,AUD,Corporate Banking,297755.23,5,-21904.35,2026-02-18,10224237611.54,9776004812.99,104.59,Normal
2026-02-18,AUD,Treasury,1454743.49,15,163792.004285714,2026-02-18,10224237611.54,9776004812.99,104.59,Normal
2026-02-18,JPY,Corporate Banking,-37561.45,12,43695.6514285714,2026-02-18,10224237611.54,9776004812.99,104.59,Normal
2026-02-18,eur,Retail Banking,44521.35,1,115.085714285714,2026-02-18,10224237611.54,9776004812.99,104.59,Normal
2026-02-18,CHF,Investment Banking,-93667.1,10,-94909.6985714286,2026-02-18,10224237611.54,9776004812.99,104.59,Normal
2026-01-09,INR,Corporate Banking,-69328.23,10,-58185.2571428571,2026-01-09,8916596062.43,7231287954.19,123.31,Normal
2026-01-09,GBP,Investment Banking,-143237.04,7,-75732.2428571428,2026-01-09,8916596062.43,7231287954.19,123.31,Normal
2026-01-09,inr,Markets,-183863.14,1,460402.968571429,2026-01-09,8916596062.43,7231287954.19,123.31,Normal
2026-01-09,JPY,Treasury,2455965.16,17,-102623.207142857,2026-01-09,8916596062.43,7231287954.19,123.31,Normal
2026-01-09,GBP,Corporate Banking,61926.7,16,33613.8114285715,2026-01-09,8916596062.43,7231287954.19,123.31,Normal
2026-01-09,aud,Corporate Banking,-15272.96,1,19156.6885714286,2026-01-09,8916596062.43,7231287954.19,123.31,Normal
2026-01-09,CAD,Investment Banking,-58015.5,10,-75427.1485714286,2026-01-09,8916596062.43,7231287954.19,123.31,Normal
2026-01-09,INR,Markets,-239607.18,14,979420.867142857,2026-01-09,8916596062.43,7231287954.19,123.31,Normal
2026-01-09,GBP,Retail Banking,342393.49,9,28088.9142857143,2026-01-09,8916596062.43,7231287954.19,123.31,Normal
2026-01-09,AUD,Investment Banking,19989.1,14,-175182.044285714,2026-01-09,8916596062.43,7231287954.19,123.31,Normal
2026-01-09,AUD,Retail Banking,109990.34,9,-59270.9685714286,2026-01-09,8916596062.43,7231287954.19,123.31,Normal
2026-01-09,EUR,Retail Banking,-54561.48,8,8052.53142857145,2026-01-09,8916596062.43,7231287954.19,123.31,Normal
2026-01-09,CAD,Retail Banking,279738.86,10,4481.21857142857,2026-01-09,8916596062.43,7231287954.19,123.31,Normal
2026-01-09,INR,Retail Banking,71795.9,4,-3331.39285714287,2026-01-09,8916596062.43,7231287954.19,123.31,Normal
2026-01-09,CHF,Corporate Banking,42297.34,7,-9212.15714285716,2026-01-09,8916596062.43,7231287954.19,123.31,Normal
2026-01-09,GBP,Markets,-857278.93,17,-148378.804285714,2026-01-09,8916596062.43,7231287954.19,123.31,Normal
2026-01-09,USD,Corporate Banking,-70739,11,16864.5457142857,2026-01-09,8916596062.43,7231287954.19,123.31,Normal
2026-01-09,EUR,Investment Banking,121421.82,12,-26983.61,2026-01-09,8916596062.43,7231287954.19,123.31,Normal
2026-01-09,chf,Markets,188117.84,1,-111963.654285714,2026-01-09,8916596062.43,7231287954.19,123.31,Normal
2026-01-09,USD,Markets,1582962.96,20,119470.764285714,2026-01-09,8916596062.43,7231287954.19,123.31,Normal
2026-01-09,inr,Treasury,-417601.56,3,-294374.868571429,2026-01-09,8916596062.43,7231287954.19,123.31,Normal
2026-01-09,INR,Treasury,-3104524.58,18,-1199400.89571429,2026-01-09,8916596062.43,7231287954.19,123.31,Normal
2026-01-09,USD,Retail Banking,-164212.49,9,-125008.752857143,2026-01-09,8916596062.43,7231287954.19,123.31,Normal
2026-01-09,gbp,Corporate Banking,-12414.74,2,6271.88,2026-01-09,8916596062.43,7231287954.19,123.31,Normal
2026-01-09,chf,Treasury,-10901.46,1,-161182.032857143,2026-01-09,8916596062.43,7231287954.19,123.31,Normal
2026-01-09,CHF,Treasury,-77254.1700000002,14,-322660.188571429,2026-01-09,8916596062.43,7231287954.19,123.31,Normal
2026-01-09,CAD,Corporate Banking,-89862.82,10,-15810.9942857143,2026-01-09,8916596062.43,7231287954.19,123.31,Normal
2026-01-09,JPY,Retail Banking,121211.96,14,4728.41428571428,2026-01-09,8916596062.43,7231287954.19,123.31,Normal
2026-01-09,JPY,Investment Banking,95703.1,10,18013.1285714286,2026-01-09,8916596062.43,7231287954.19,123.31,Normal
2026-01-09,AUD,Markets,1639540.33,11,513297.304285714,2026-01-09,8916596062.43,7231287954.19,123.31,Normal
2026-01-09,EUR,Corporate Banking,-819662.45,14,-124294.128571429,2026-01-09,8916596062.43,7231287954.19,123.31,Normal
2026-01-09,USD,Treasury,-582900.89,13,14614.08,2026-01-09,8916596062.43,7231287954.19,123.31,Normal
2026-01-09,eur,Markets,-307959.12,2,-20667.9057142857,2026-01-09,8916596062.43,7231287954.19,123.31,Normal
2026-01-09,CHF,Retail Banking,209318.3,10,-22777.3214285714,2026-01-09,8916596062.43,7231287954.19,123.31,Normal
2026-01-09,CAD,Markets,-760814.88,12,-1311731.25428571,2026-01-09,8916596062.43,7231287954.19,123.31,Normal
2026-01-09,CAD,Treasury,1349854.51,17,441896.512857143,2026-01-09,8916596062.43,7231287954.19,123.31,Normal
2026-01-09,USD,Investment Banking,-405109.18,9,-104742.321428571,2026-01-09,8916596062.43,7231287954.19,123.31,Normal
2026-01-09,INR,Investment Banking,220985.61,12,-15532.5628571429,2026-01-09,8916596062.43,7231287954.19,123.31,Normal
2026-01-09,GBP,Treasury,237892.41,12,-1007750.05142857,2026-01-09,8916596062.43,7231287954.19,123.31,Normal
2026-01-09,EUR,Treasury,-437858.97,15,-86902.99,2026-01-09,8916596062.43,7231287954.19,123.31,Normal
2026-01-09,JPY,Markets,355085.99,13,169471.678571428,2026-01-09,8916596062.43,7231287954.19,123.31,Normal
2026-01-09,CHF,Markets,32047.78,9,277891.851428571,2026-01-09,8916596062.43,7231287954.19,123.31,Normal
2026-01-09,EUR,Markets,-3337443.6,15,-1364681.09,2026-01-09,8916596062.43,7231287954.19,123.31,Normal
2026-01-09,AUD,Corporate Banking,80251.02,10,13887.08,2026-01-09,8916596062.43,7231287954.19,123.31,Normal
2026-01-09,AUD,Treasury,-3312981.5,12,-516566.554285714,2026-01-09,8916596062.43,7231287954.19,123.31,Normal
2026-01-09,JPY,Corporate Banking,-171306.67,15,-85069.7628571429,2026-01-09,8916596062.43,7231287954.19,123.31,Normal
2026-01-09,eur,Retail Banking,7126.27,1,-12142.2028571429,2026-01-09,8916596062.43,7231287954.19,123.31,Normal
2026-01-09,CHF,Investment Banking,-396746.18,10,-59697.3914285714,2026-01-09,8916596062.43,7231287954.19,123.31,Normal
2025-12-11,INR,Corporate Banking,-133413.98,16,53531.2114285714,2025-12-11,11492133048.9,7734255469.62,148.59,Normal
2025-12-11,jpy,Markets,60242.74,1,-76767.9957142857,2025-12-11,11492133048.9,7734255469.62,148.59,Normal
2025-12-11,GBP,Investment Banking,291699.44,10,-41028.4514285714,2025-12-11,11492133048.9,7734255469.62,148.59,Normal
2025-12-11,JPY,Treasury,-2147950.06,21,-923846.472857143,2025-12-11,11492133048.9,7734255469.62,148.59,Normal
2025-12-11,GBP,Corporate Banking,2096.71,9,33666.55,2025-12-11,11492133048.9,7734255469.62,148.59,Normal
2025-12-11,gbp,Treasury,-21839.64,1,41136.4114285714,2025-12-11,11492133048.9,7734255469.62,148.59,Normal
2025-12-11,CAD,Investment Banking,5350.56,6,-96246.1471428571,2025-12-11,11492133048.9,7734255469.62,148.59,Normal
2025-12-11,INR,Markets,1039950.99,13,890008.254285714,2025-12-11,11492133048.9,7734255469.62,148.59,Normal
2025-12-11,GBP,Retail Banking,-210283.76,11,-33830.7557142857,2025-12-11,11492133048.9,7734255469.62,148.59,Normal
2025-12-11,AUD,Investment Banking,-46960.47,4,-30855.63,2025-12-11,11492133048.9,7734255469.62,148.59,Normal
2025-12-11,AUD,Retail Banking,-41519.93,9,-58429.0957142857,2025-12-11,11492133048.9,7734255469.62,148.59,Normal
2025-12-11,EUR,Retail Banking,-98602.81,13,-53359.2585714286,2025-12-11,11492133048.9,7734255469.62,148.59,Normal
2025-12-11,CAD,Retail Banking,-266983.89,13,119577.115714286,2025-12-11,11492133048.9,7734255469.62,148.59,Normal
2025-12-11,INR,Retail Banking,-54915.11,16,-62732.0542857143,2025-12-11,11492133048.9,7734255469.62,148.59,Normal
2025-12-11,CHF,Corporate Banking,-171781.89,12,-28328.0257142857,2025-12-11,11492133048.9,7734255469.62,148.59,Normal
2025-12-11,GBP,Markets,-1869447,14,1161127.81857143,2025-12-11,11492133048.9,7734255469.62,148.59,Normal
2025-12-11,USD,Corporate Banking,-30395.83,13,31231.3828571429,2025-12-11,11492133048.9,7734255469.62,148.59,Normal
2025-12-11,EUR,Investment Banking,-90380.79,13,19851.7842857143,2025-12-11,11492133048.9,7734255469.62,148.59,Normal
2025-12-11,USD,Markets,-2939683.74,14,-1635348.87428571,2025-12-11,11492133048.9,7734255469.62,148.59,Normal
2025-12-11,cad,Treasury,1484932.23,1,414009.125714286,2025-12-11,11492133048.9,7734255469.62,148.59,Normal
2025-12-11,INR,Treasury,-251368.18,15,301370.682857143,2025-12-11,11492133048.9,7734255469.62,148.59,Normal
2025-12-11,USD,Retail Banking,67354.91,7,75011.3014285714,2025-12-11,11492133048.9,7734255469.62,148.59,Normal
2025-12-11,CHF,Treasury,-316496.58,9,-517778.198571429,2025-12-11,11492133048.9,7734255469.62,148.59,Normal
2025-12-11,CAD,Corporate Banking,76567.5,8,47868.7214285714,2025-12-11,11492133048.9,7734255469.62,148.59,Normal
2025-12-11,JPY,Retail Banking,139780.94,10,-18940.0271428571,2025-12-11,11492133048.9,7734255469.62,148.59,Normal
2025-12-11,JPY,Investment Banking,104876.47,11,48870.3642857143,2025-12-11,11492133048.9,7734255469.62,148.59,Normal
2025-12-11,AUD,Markets,-130752.9,17,-38631.4957142857,2025-12-11,11492133048.9,7734255469.62,148.59,Normal
2025-12-11,EUR,Corporate Banking,269189.17,11,127059.254285714,2025-12-11,11492133048.9,7734255469.62,148.59,Normal
2025-12-11,gbp,Investment Banking,6694.87,1,4477.22857142857,2025-12-11,11492133048.9,7734255469.62,148.59,Normal
2025-12-11,USD,Treasury,1798496.82,15,-485309.205714286,2025-12-11,11492133048.9,7734255469.62,148.59,Normal
2025-12-11,eur,Markets,192180.82,3,-177152.015714286,2025-12-11,11492133048.9,7734255469.62,148.59,Normal
2025-12-11,CHF,Retail Banking,-101438.15,9,-55435.2471428571,2025-12-11,11492133048.9,7734255469.62,148.59,Normal
2025-12-11,CAD,Markets,938883.57,17,-747970.367142857,2025-12-11,11492133048.9,7734255469.62,148.59,Normal
2025-12-11,CAD,Treasury,-2080685.17,14,-442907.842857143,2025-12-11,11492133048.9,7734255469.62,148.59,Normal
2025-12-11,USD,Investment Banking,-21083.92,12,34069.0957142857,2025-12-11,11492133048.9,7734255469.62,148.59,Normal
2025-12-11,INR,Investment Banking,-1355322.91,16,-88087.4071428571,2025-12-11,11492133048.9,7734255469.62,148.59,Normal
2025-12-11,GBP,Treasury,-2609352.9,19,-659832.917142857,2025-12-11,11492133048.9,7734255469.62,148.59,Normal
2025-12-11,EUR,Treasury,1118651.19,15,461010.554285714,2025-12-11,11492133048.9,7734255469.62,148.59,Normal
2025-12-11,JPY,Markets,-517733.32,15,-702738.895714286,2025-12-11,11492133048.9,7734255469.62,148.59,Normal
2025-12-11,CHF,Markets,1998038.61,13,-77466.2085714285,2025-12-11,11492133048.9,7734255469.62,148.59,Normal
2025-12-11,EUR,Markets,-1921700.88,17,-195667.875714286,2025-12-11,11492133048.9,7734255469.62,148.59,Normal
2025-12-11,AUD,Corporate Banking,65849.01,8,30644.0114285714,2025-12-11,11492133048.9,7734255469.62,148.59,Normal
2025-12-11,AUD,Treasury,245957.58,16,-352523.524285714,2025-12-11,11492133048.9,7734255469.62,148.59,Normal
2025-12-11,gbp,Retail Banking,-579491.77,1,-97085.7671428571,2025-12-11,11492133048.9,7734255469.62,148.59,Normal
2025-12-11,JPY,Corporate Banking,145078.31,9,74684.3771428571,2025-12-11,11492133048.9,7734255469.62,148.59,Normal
2025-12-11,CHF,Investment Banking,39036.64,13,10290.8742857143,2025-12-11,11492133048.9,7734255469.62,148.59,Normal
2025-12-11,inr,Retail Banking,-5565.17,1,42038.7042857143,2025-12-11,11492133048.9,7734255469.62,148.59,Normal
2025-11-25,INR,Corporate Banking,169030.65,8,68893.7471428571,2025-11-25,10190089156.11,6064737419.12,168.02,Normal
2025-11-25,jpy,Markets,-486684.71,2,-5392.13571428571,2025-11-25,10190089156.11,6064737419.12,168.02,Normal
2025-11-25,GBP,Investment Banking,119593.49,16,57229.6,2025-11-25,10190089156.11,6064737419.12,168.02,Normal
2025-11-25,JPY,Treasury,1199990.77,20,-110668.501428571,2025-11-25,10190089156.11,6064737419.12,168.02,Normal
2025-11-25,GBP,Corporate Banking,8051.46999999999,12,-35982.42,2025-11-25,10190089156.11,6064737419.12,168.02,Normal
2025-11-25,CAD,Investment Banking,315682.82,10,168015.907142857,2025-11-25,10190089156.11,6064737419.12,168.02,Normal
2025-11-25,INR,Markets,1425443.24,12,-630376.058571428,2025-11-25,10190089156.11,6064737419.12,168.02,Normal
2025-11-25,GBP,Retail Banking,48951.96,10,-19135.6971428571,2025-11-25,10190089156.11,6064737419.12,168.02,Normal
2025-11-25,AUD,Investment Banking,48526.58,7,28830.1385714286,2025-11-25,10190089156.11,6064737419.12,168.02,Normal
2025-11-25,AUD,Retail Banking,-319173.62,17,17900.08,2025-11-25,10190089156.11,6064737419.12,168.02,Normal
2025-11-25,EUR,Retail Banking,89771.38,13,149072.092857143,2025-11-25,10190089156.11,6064737419.12,168.02,Normal
2025-11-25,CAD,Retail Banking,-534178.88,11,-18452.4485714286,2025-11-25,10190089156.11,6064737419.12,168.02,Normal
2025-11-25,INR,Retail Banking,38967.55,9,-101538.108571429,2025-11-25,10190089156.11,6064737419.12,168.02,Normal
2025-11-25,CHF,Corporate Banking,99569.18,6,18231.0285714286,2025-11-25,10190089156.11,6064737419.12,168.02,Normal
2025-11-25,GBP,Markets,1351422.66,14,25176.6328571429,2025-11-25,10190089156.11,6064737419.12,168.02,Normal
2025-11-25,USD,Corporate Banking,501898.13,17,-54879.8428571429,2025-11-25,10190089156.11,6064737419.12,168.02,Normal
2025-11-25,EUR,Investment Banking,92496.53,7,-88299.6428571428,2025-11-25,10190089156.11,6064737419.12,168.02,Normal
2025-11-25,chf,Markets,-133582.08,1,34744.1214285714,2025-11-25,10190089156.11,6064737419.12,168.02,Normal
2025-11-25,USD,Markets,1439007.97,20,651687.871428571,2025-11-25,10190089156.11,6064737419.12,168.02,Normal
2025-11-25,INR,Treasury,2635175.73,17,-640089.352857143,2025-11-25,10190089156.11,6064737419.12,168.02,Normal
2025-11-25,USD,Retail Banking,-196846.05,14,-219268.04,2025-11-25,10190089156.11,6064737419.12,168.02,Normal
2025-11-25,CHF,Treasury,-1333232.73,10,-54876.5614285715,2025-11-25,10190089156.11,6064737419.12,168.02,Normal
2025-11-25,CAD,Corporate Banking,-118001.81,10,-10202.1514285714,2025-11-25,10190089156.11,6064737419.12,168.02,Normal
2025-11-25,JPY,Retail Banking,-154605.21,11,70299.4871428571,2025-11-25,10190089156.11,6064737419.12,168.02,Normal
2025-11-25,inr,Investment Banking,7156.67,1,1684.75571428571,2025-11-25,10190089156.11,6064737419.12,168.02,Normal
2025-11-25,JPY,Investment Banking,-87668.34,12,-6420.26285714286,2025-11-25,10190089156.11,6064737419.12,168.02,Normal
2025-11-25,AUD,Markets,-439880.2,17,78189.9557142856,2025-11-25,10190089156.11,6064737419.12,168.02,Normal
2025-11-25,EUR,Corporate Banking,271427.5,16,59966.0457142857,2025-11-25,10190089156.11,6064737419.12,168.02,Normal
2025-11-25,gbp,Investment Banking,-19308.99,1,-28354.9428571429,2025-11-25,10190089156.11,6064737419.12,168.02,Normal
2025-11-25,USD,Treasury,3438902.21,13,200008.262857143,2025-11-25,10190089156.11,6064737419.12,168.02,Normal
2025-11-25,eur,Markets,-926555.23,1,-175316.65,2025-11-25,10190089156.11,6064737419.12,168.02,Normal
2025-11-25,CHF,Retail Banking,21356.01,13,-53125.2342857143,2025-11-25,10190089156.11,6064737419.12,168.02,Normal
2025-11-25,CAD,Markets,-250908.41,9,152226.6,2025-11-25,10190089156.11,6064737419.12,168.02,Normal
2025-11-25,chf,Corporate Banking,18745.09,1,1296.22,2025-11-25,10190089156.11,6064737419.12,168.02,Normal
2025-11-25,CAD,Treasury,1401280.78,20,597635.261428571,2025-11-25,10190089156.11,6064737419.12,168.02,Normal
2025-11-25,USD,Investment Banking,-159200.6,8,-12926.7957142857,2025-11-25,10190089156.11,6064737419.12,168.02,Normal
2025-11-25,INR,Investment Banking,42646.28,13,-4907.70142857144,2025-11-25,10190089156.11,6064737419.12,168.02,Normal
2025-11-25,GBP,Treasury,330440.6,9,296865.204285714,2025-11-25,10190089156.11,6064737419.12,168.02,Normal
2025-11-25,EUR,Treasury,278083.99,19,179008.927142857,2025-11-25,10190089156.11,6064737419.12,168.02,Normal
2025-11-25,JPY,Markets,-1471126.96,13,-187504.817142857,2025-11-25,10190089156.11,6064737419.12,168.02,Normal
2025-11-25,CHF,Markets,509289.84,18,-135238.722857143,2025-11-25,10190089156.11,6064737419.12,168.02,Normal
2025-11-25,eur,Corporate Banking,23432.6,1,-3654.91,2025-11-25,10190089156.11,6064737419.12,168.02,Normal
2025-11-25,chf,Investment Banking,72317.64,1,37314.8828571429,2025-11-25,10190089156.11,6064737419.12,168.02,Normal
2025-11-25,EUR,Markets,-418697.48,6,489986.26,2025-11-25,10190089156.11,6064737419.12,168.02,Normal
2025-11-25,AUD,Corporate Banking,-541972.16,12,-114802.441428571,2025-11-25,10190089156.11,6064737419.12,168.02,Normal
2025-11-25,AUD,Treasury,-1446318.49,16,280449.29,2025-11-25,10190089156.11,6064737419.12,168.02,Normal
2025-11-25,JPY,Corporate Banking,-224248.66,13,-124024.272857143,2025-11-25,10190089156.11,6064737419.12,168.02,Normal
2025-11-25,usd,Markets,-246823.92,1,-21396.7485714286,2025-11-25,10190089156.11,6064737419.12,168.02,Normal
2025-11-25,CHF,Investment Banking,65200.64,10,-18769.4928571428,2025-11-25,10190089156.11,6064737419.12,168.02,Normal
2026-01-20,INR,Corporate Banking,101146.76,11,-104949.928571429,2026-01-20,9894213427.9,6723956131.81,147.15,Normal
2026-01-20,GBP,Investment Banking,93028.23,9,-25704.79,2026-01-20,9894213427.9,6723956131.81,147.15,Normal
2026-01-20,JPY,Treasury,1352073.03,14,-252509.48,2026-01-20,9894213427.9,6723956131.81,147.15,Normal
2026-01-20,GBP,Corporate Banking,134230.8,11,31346.9014285714,2026-01-20,9894213427.9,6723956131.81,147.15,Normal
2026-01-20,gbp,Treasury,33917.06,1,-6952.54714285714,2026-01-20,9894213427.9,6723956131.81,147.15,Normal
2026-01-20,CAD,Investment Banking,-79905.08,10,-12145.9457142857,2026-01-20,9894213427.9,6723956131.81,147.15,Normal
2026-01-20,INR,Markets,-591138.06,12,664289.261428571,2026-01-20,9894213427.9,6723956131.81,147.15,Normal
2026-01-20,GBP,Retail Banking,-58785.64,14,-46884.8257142857,2026-01-20,9894213427.9,6723956131.81,147.15,Normal
2026-01-20,AUD,Investment Banking,113954.58,13,-41921.2571428571,2026-01-20,9894213427.9,6723956131.81,147.15,Normal
2026-01-20,AUD,Retail Banking,153998.14,11,-32840.2371428571,2026-01-20,9894213427.9,6723956131.81,147.15,Normal
2026-01-20,EUR,Retail Banking,305170.27,13,144441.415714286,2026-01-20,9894213427.9,6723956131.81,147.15,Normal
2026-01-20,CAD,Retail Banking,83138.97,14,12997.0057142857,2026-01-20,9894213427.9,6723956131.81,147.15,Normal
2026-01-20,INR,Retail Banking,-20644.91,6,-61127.76,2026-01-20,9894213427.9,6723956131.81,147.15,Normal
2026-01-20,CHF,Corporate Banking,-108017.07,12,-120998.177142857,2026-01-20,9894213427.9,6723956131.81,147.15,Normal
2026-01-20,GBP,Markets,53575.1300000001,14,664728.761428571,2026-01-20,9894213427.9,6723956131.81,147.15,Normal
2026-01-20,USD,Corporate Banking,62112.84,9,-67890.0828571429,2026-01-20,9894213427.9,6723956131.81,147.15,Normal
2026-01-20,EUR,Investment Banking,-132391.44,14,-12066.2428571429,2026-01-20,9894213427.9,6723956131.81,147.15,Normal
2026-01-20,USD,Markets,-633973.24,16,273644.318571429,2026-01-20,9894213427.9,6723956131.81,147.15,Normal
2026-01-20,cad,Treasury,-66430.75,1,-20317.7357142857,2026-01-20,9894213427.9,6723956131.81,147.15,Normal
2026-01-20,cad,Investment Banking,5288.05,1,4695.07428571429,2026-01-20,9894213427.9,6723956131.81,147.15,Normal
2026-01-20,inr,Treasury,844129.55,2,-123053.87,2026-01-20,9894213427.9,6723956131.81,147.15,Normal
2026-01-20,INR,Treasury,-2654079.48,29,-786223.852857143,2026-01-20,9894213427.9,6723956131.81,147.15,Normal
2026-01-20,USD,Retail Banking,269257.27,12,-53058.1428571428,2026-01-20,9894213427.9,6723956131.81,147.15,Normal
2026-01-20,chf,Treasury,390908.31,2,22178.9971428571,2026-01-20,9894213427.9,6723956131.81,147.15,Normal
2026-01-20,CHF,Treasury,-4952643.04,16,-587486.934285715,2026-01-20,9894213427.9,6723956131.81,147.15,Normal
2026-01-20,CAD,Corporate Banking,-19251.53,7,-17152.9428571429,2026-01-20,9894213427.9,6723956131.81,147.15,Normal
2026-01-20,JPY,Retail Banking,-251471.96,7,136509.334285714,2026-01-20,9894213427.9,6723956131.81,147.15,Normal
2026-01-20,JPY,Investment Banking,-374025.23,16,-46020.5085714286,2026-01-20,9894213427.9,6723956131.81,147.15,Normal
2026-01-20,AUD,Markets,-1114080.68,11,420604.545714286,2026-01-20,9894213427.9,6723956131.81,147.15,Normal
2026-01-20,EUR,Corporate Banking,-77100.95,14,53486.5928571429,2026-01-20,9894213427.9,6723956131.81,147.15,Normal
2026-01-20,USD,Treasury,-1691772.53,14,-781334.805714286,2026-01-20,9894213427.9,6723956131.81,147.15,Normal
2026-01-20,eur,Markets,47140.74,1,11762.9257142857,2026-01-20,9894213427.9,6723956131.81,147.15,Normal
2026-01-20,CHF,Retail Banking,-469145.06,9,-51963.7714285714,2026-01-20,9894213427.9,6723956131.81,147.15,Normal
2026-01-20,CAD,Markets,1494026.55,14,-124244.35,2026-01-20,9894213427.9,6723956131.81,147.15,Normal
2026-01-20,chf,Corporate Banking,17085.27,2,30099.2042857143,2026-01-20,9894213427.9,6723956131.81,147.15,Normal
2026-01-20,CAD,Treasury,1465745.59,23,415991.771428571,2026-01-20,9894213427.9,6723956131.81,147.15,Normal
2026-01-20,USD,Investment Banking,-65031.31,11,-50778.85,2026-01-20,9894213427.9,6723956131.81,147.15,Normal
2026-01-20,INR,Investment Banking,17069.22,8,-66445.5671428572,2026-01-20,9894213427.9,6723956131.81,147.15,Normal
2026-01-20,GBP,Treasury,-204450,19,-453505.87,2026-01-20,9894213427.9,6723956131.81,147.15,Normal
2026-01-20,EUR,Treasury,1099361.43,26,162617.461428571,2026-01-20,9894213427.9,6723956131.81,147.15,Normal
2026-01-20,JPY,Markets,3054064.65,12,248335.268571429,2026-01-20,9894213427.9,6723956131.81,147.15,Normal
2026-01-20,CHF,Markets,-99954.6299999999,11,-198702.585714286,2026-01-20,9894213427.9,6723956131.81,147.15,Normal
2026-01-20,EUR,Markets,46491.4200000001,13,25094.6,2026-01-20,9894213427.9,6723956131.81,147.15,Normal
2026-01-20,cad,Corporate Banking,28797.69,1,-4273.30714285714,2026-01-20,9894213427.9,6723956131.81,147.15,Normal
2026-01-20,aud,Markets,293538.09,1,103772.745714286,2026-01-20,9894213427.9,6723956131.81,147.15,Normal
2026-01-20,AUD,Corporate Banking,10871.08,7,-10319.8385714286,2026-01-20,9894213427.9,6723956131.81,147.15,Normal
2026-01-20,AUD,Treasury,1100920.96,17,802783.182857143,2026-01-20,9894213427.9,6723956131.81,147.15,Normal
2026-01-20,gbp,Retail Banking,-12520.9,1,-93876.5871428571,2026-01-20,9894213427.9,6723956131.81,147.15,Normal
2026-01-20,JPY,Corporate Banking,150865.92,11,54915.4314285714,2026-01-20,9894213427.9,6723956131.81,147.15,Normal
2026-01-20,usd,Markets,-164164.37,2,-351922.255714286,2026-01-20,9894213427.9,6723956131.81,147.15,Normal
2026-01-20,CHF,Investment Banking,-355257.08,10,16503.6242857143,2026-01-20,9894213427.9,6723956131.81,147.15,Normal
2026-01-30,jpy,Investment Banking,44622.39,1,-2514.25571428571,2026-01-30,8138002792.94,7770903671.46,104.72,Normal
2026-01-30,INR,Corporate Banking,145628.8,10,-18613.6157142857,2026-01-30,8138002792.94,7770903671.46,104.72,Normal
2026-01-30,jpy,Markets,306537.24,1,-52806.4614285714,2026-01-30,8138002792.94,7770903671.46,104.72,Normal
2026-01-30,GBP,Investment Banking,11581.68,12,11830.5257142857,2026-01-30,8138002792.94,7770903671.46,104.72,Normal
2026-01-30,inr,Markets,353708.53,1,-154406.625714286,2026-01-30,8138002792.94,7770903671.46,104.72,Normal
2026-01-30,JPY,Treasury,-709381.15,17,-407871.924285714,2026-01-30,8138002792.94,7770903671.46,104.72,Normal
2026-01-30,GBP,Corporate Banking,18389.67,11,39295.8914285714,2026-01-30,8138002792.94,7770903671.46,104.72,Normal
2026-01-30,gbp,Markets,393327.19,1,147449.291428571,2026-01-30,8138002792.94,7770903671.46,104.72,Normal
2026-01-30,CAD,Investment Banking,-145286.34,9,-74597.37,2026-01-30,8138002792.94,7770903671.46,104.72,Normal
2026-01-30,INR,Markets,-415494.63,21,-580670.011428571,2026-01-30,8138002792.94,7770903671.46,104.72,Normal
2026-01-30,GBP,Retail Banking,460816.68,17,127473.074285714,2026-01-30,8138002792.94,7770903671.46,104.72,Normal
2026-01-30,AUD,Investment Banking,-109049.43,19,-32189.7985714286,2026-01-30,8138002792.94,7770903671.46,104.72,Normal
2026-01-30,AUD,Retail Banking,-224484.67,12,-88260.6928571428,2026-01-30,8138002792.94,7770903671.46,104.72,Normal
2026-01-30,cad,Markets,-100130.14,3,-319230.624285714,2026-01-30,8138002792.94,7770903671.46,104.72,Normal
2026-01-30,EUR,Retail Banking,448660.9,11,129547.221428571,2026-01-30,8138002792.94,7770903671.46,104.72,Normal
2026-01-30,CAD,Retail Banking,6071.48999999999,8,-60033.4485714286,2026-01-30,8138002792.94,7770903671.46,104.72,Normal
2026-01-30,INR,Retail Banking,140160.82,7,-40072.9042857143,2026-01-30,8138002792.94,7770903671.46,104.72,Normal
2026-01-30,CHF,Corporate Banking,-149844.32,14,-92104.9785714286,2026-01-30,8138002792.94,7770903671.46,104.72,Normal
2026-01-30,GBP,Markets,180710.32,18,411465.848571429,2026-01-30,8138002792.94,7770903671.46,104.72,Normal
2026-01-30,usd,Treasury,-117401.2,1,-84751.7957142857,2026-01-30,8138002792.94,7770903671.46,104.72,Normal
2026-01-30,USD,Corporate Banking,-7995.59999999999,10,36402.3928571429,2026-01-30,8138002792.94,7770903671.46,104.72,Normal
2026-01-30,EUR,Investment Banking,-404038.97,7,51083.93,2026-01-30,8138002792.94,7770903671.46,104.72,Normal
2026-01-30,chf,Markets,-157015.33,1,-17802.0471428572,2026-01-30,8138002792.94,7770903671.46,104.72,Normal
2026-01-30,USD,Markets,-1155981.08,8,-56523.4157142855,2026-01-30,8138002792.94,7770903671.46,104.72,Normal
2026-01-30,inr,Treasury,-112966.59,1,40271.0657142857,2026-01-30,8138002792.94,7770903671.46,104.72,Normal
2026-01-30,INR,Treasury,-4558119.4,14,-644852.212857143,2026-01-30,8138002792.94,7770903671.46,104.72,Normal
2026-01-30,USD,Retail Banking,319204.18,9,62733.6657142857,2026-01-30,8138002792.94,7770903671.46,104.72,Normal
2026-01-30,gbp,Corporate Banking,-22588.83,1,7207.97714285714,2026-01-30,8138002792.94,7770903671.46,104.72,Normal
2026-01-30,CHF,Treasury,-2432475.92,24,-974287.907142857,2026-01-30,8138002792.94,7770903671.46,104.72,Normal
2026-01-30,CAD,Corporate Banking,264124.54,8,110144.058571429,2026-01-30,8138002792.94,7770903671.46,104.72,Normal
2026-01-30,JPY,Retail Banking,-55065.45,10,-2266.62285714286,2026-01-30,8138002792.94,7770903671.46,104.72,Normal
2026-01-30,inr,Investment Banking,7766.52,1,6577.72428571429,2026-01-30,8138002792.94,7770903671.46,104.72,Normal
2026-01-30,JPY,Investment Banking,240744.2,11,37932.7414285714,2026-01-30,8138002792.94,7770903671.46,104.72,Normal
2026-01-30,AUD,Markets,-2145361.75,15,-607991.815714286,2026-01-30,8138002792.94,7770903671.46,104.72,Normal
2026-01-30,EUR,Corporate Banking,-57960.46,8,-9978.34285714286,2026-01-30,8138002792.94,7770903671.46,104.72,Normal
2026-01-30,USD,Treasury,-838884.28,13,-934559.098571429,2026-01-30,8138002792.94,7770903671.46,104.72,Normal
2026-01-30,CHF,Retail Banking,27899.65,10,26475.2485714286,2026-01-30,8138002792.94,7770903671.46,104.72,Normal
2026-01-30,CAD,Markets,-959655.88,14,280573.351428572,2026-01-30,8138002792.94,7770903671.46,104.72,Normal
2026-01-30,CAD,Treasury,-769857.74,15,116693.024285714,2026-01-30,8138002792.94,7770903671.46,104.72,Normal
2026-01-30,USD,Investment Banking,-181014.41,13,-21749.9685714286,2026-01-30,8138002792.94,7770903671.46,104.72,Normal
2026-01-30,INR,Investment Banking,37893.18,12,-175075.67,2026-01-30,8138002792.94,7770903671.46,104.72,Normal
2026-01-30,GBP,Treasury,343008.69,16,857541.764285714,2026-01-30,8138002792.94,7770903671.46,104.72,Normal
2026-01-30,EUR,Treasury,-865563.58,20,178955.174285714,2026-01-30,8138002792.94,7770903671.46,104.72,Normal
2026-01-30,JPY,Markets,-1951639.38,13,-586325.937142857,2026-01-30,8138002792.94,7770903671.46,104.72,Normal
2026-01-30,CHF,Markets,77004.68,7,-221508.315714286,2026-01-30,8138002792.94,7770903671.46,104.72,Normal
2026-01-30,eur,Corporate Banking,-12026.83,1,-5662.57428571429,2026-01-30,8138002792.94,7770903671.46,104.72,Normal
2026-01-30,EUR,Markets,1033267.27,12,-286044.607142857,2026-01-30,8138002792.94,7770903671.46,104.72,Normal
2026-01-30,cad,Corporate Banking,19097.75,1,7670.34571428572,2026-01-30,8138002792.94,7770903671.46,104.72,Normal
2026-01-30,AUD,Corporate Banking,43618.66,8,22865.7485714286,2026-01-30,8138002792.94,7770903671.46,104.72,Normal
2026-01-30,AUD,Treasury,641887.87,16,680049.518571429,2026-01-30,8138002792.94,7770903671.46,104.72,Normal
2026-01-30,JPY,Corporate Banking,460292.64,16,162027.587142857,2026-01-30,8138002792.94,7770903671.46,104.72,Normal
2026-01-30,CHF,Investment Banking,235674.96,10,36406.2771428572,2026-01-30,8138002792.94,7770903671.46,104.72,Normal
2025-12-31,INR,Corporate Banking,-31639.23,8,-20092.74,2025-12-31,9286004022.08,6955204759.57,133.51,Normal
2025-12-31,jpy,Markets,-93179.67,1,7049.92000000001,2025-12-31,9286004022.08,6955204759.57,133.51,Normal
2025-12-31,GBP,Investment Banking,-31183.24,10,-154638.467142857,2025-12-31,9286004022.08,6955204759.57,133.51,Normal
2025-12-31,JPY,Treasury,-1077713.99,16,84534.6471428572,2025-12-31,9286004022.08,6955204759.57,133.51,Normal
2025-12-31,GBP,Corporate Banking,-175821.65,8,-65263.9828571429,2025-12-31,9286004022.08,6955204759.57,133.51,Normal
2025-12-31,gbp,Markets,71830.37,1,-3634.40571428571,2025-12-31,9286004022.08,6955204759.57,133.51,Normal
2025-12-31,CAD,Investment Banking,-137892.43,10,15269.2314285714,2025-12-31,9286004022.08,6955204759.57,133.51,Normal
2025-12-31,INR,Markets,-2741691.44,9,406819.658571428,2025-12-31,9286004022.08,6955204759.57,133.51,Normal
2025-12-31,GBP,Retail Banking,-34260.13,8,-45851.7942857143,2025-12-31,9286004022.08,6955204759.57,133.51,Normal
2025-12-31,AUD,Investment Banking,-171121.64,11,-60142.0471428572,2025-12-31,9286004022.08,6955204759.57,133.51,Normal
2025-12-31,AUD,Retail Banking,233422.94,14,-18535.4071428571,2025-12-31,9286004022.08,6955204759.57,133.51,Normal
2025-12-31,EUR,Retail Banking,205100.01,9,18212.6842857143,2025-12-31,9286004022.08,6955204759.57,133.51,Normal
2025-12-31,CAD,Retail Banking,-153792.53,9,-124096.06,2025-12-31,9286004022.08,6955204759.57,133.51,Normal
2025-12-31,INR,Retail Banking,125441.31,6,-118079.768571429,2025-12-31,9286004022.08,6955204759.57,133.51,Normal
2025-12-31,CHF,Corporate Banking,-319538.59,7,-74573.1457142857,2025-12-31,9286004022.08,6955204759.57,133.51,Normal
2025-12-31,GBP,Markets,315135.11,15,954292.877142857,2025-12-31,9286004022.08,6955204759.57,133.51,Normal
2025-12-31,usd,Treasury,-130801.36,1,-261365.481428571,2025-12-31,9286004022.08,6955204759.57,133.51,Normal
2025-12-31,USD,Corporate Banking,162084.71,16,17573.6485714286,2025-12-31,9286004022.08,6955204759.57,133.51,Normal
2025-12-31,EUR,Investment Banking,-559624.07,9,-33574.4514285714,2025-12-31,9286004022.08,6955204759.57,133.51,Normal
2025-12-31,aud,Retail Banking,5304.53,1,-26784.0057142857,2025-12-31,9286004022.08,6955204759.57,133.51,Normal
2025-12-31,USD,Markets,-268422.73,14,-450369.994285714,2025-12-31,9286004022.08,6955204759.57,133.51,Normal
2025-12-31,cad,Treasury,58794.42,1,-54896.32,2025-12-31,9286004022.08,6955204759.57,133.51,Normal
2025-12-31,cad,Investment Banking,1665.72,1,19331.9928571429,2025-12-31,9286004022.08,6955204759.57,133.51,Normal
2025-12-31,INR,Treasury,4245987.19,19,61626.9871428571,2025-12-31,9286004022.08,6955204759.57,133.51,Normal
2025-12-31,USD,Retail Banking,-586413.48,19,48000.0157142857,2025-12-31,9286004022.08,6955204759.57,133.51,Normal
2025-12-31,gbp,Corporate Banking,61647.04,1,2558.33285714286,2025-12-31,9286004022.08,6955204759.57,133.51,Normal
2025-12-31,CHF,Treasury,-3818287.25,18,-920113.124285714,2025-12-31,9286004022.08,6955204759.57,133.51,Normal
2025-12-31,CAD,Corporate Banking,85626.11,5,-39686.2471428571,2025-12-31,9286004022.08,6955204759.57,133.51,Normal
2025-12-31,JPY,Retail Banking,14564.44,20,-114962.058571429,2025-12-31,9286004022.08,6955204759.57,133.51,Normal
2025-12-31,JPY,Investment Banking,-48296.85,6,73067.0571428572,2025-12-31,9286004022.08,6955204759.57,133.51,Normal
2025-12-31,AUD,Markets,-348074.05,14,-322536.697142857,2025-12-31,9286004022.08,6955204759.57,133.51,Normal
2025-12-31,EUR,Corporate Banking,-390121.47,10,-100791.9,2025-12-31,9286004022.08,6955204759.57,133.51,Normal
2025-12-31,USD,Treasury,1102780.69,13,407057.425714286,2025-12-31,9286004022.08,6955204759.57,133.51,Normal
2025-12-31,CHF,Retail Banking,153823.04,8,28104.1528571429,2025-12-31,9286004022.08,6955204759.57,133.51,Normal
2025-12-31,CAD,Markets,612630.36,12,-163341.444285714,2025-12-31,9286004022.08,6955204759.57,133.51,Normal
2025-12-31,CAD,Treasury,-1459522.63,12,-168635.631428571,2025-12-31,9286004022.08,6955204759.57,133.51,Normal
2025-12-31,USD,Investment Banking,-249981.45,10,-6158.02857142857,2025-12-31,9286004022.08,6955204759.57,133.51,Normal
2025-12-31,INR,Investment Banking,-21800.65,7,-125328.627142857,2025-12-31,9286004022.08,6955204759.57,133.51,Normal
2025-12-31,GBP,Treasury,-157135.24,14,-120620.221428571,2025-12-31,9286004022.08,6955204759.57,133.51,Normal
2025-12-31,EUR,Treasury,428089.57,12,1189371.13,2025-12-31,9286004022.08,6955204759.57,133.51,Normal
2025-12-31,aud,Treasury,124379.46,1,196997.198571429,2025-12-31,9286004022.08,6955204759.57,133.51,Normal
2025-12-31,JPY,Markets,-611401.96,11,-765461.678571429,2025-12-31,9286004022.08,6955204759.57,133.51,Normal
2025-12-31,CHF,Markets,242989.06,18,-253526.25,2025-12-31,9286004022.08,6955204759.57,133.51,Normal
2025-12-31,usd,Retail Banking,-32721.87,1,2685.27714285714,2025-12-31,9286004022.08,6955204759.57,133.51,Normal
2025-12-31,EUR,Markets,1709792.87,18,274290.627142857,2025-12-31,9286004022.08,6955204759.57,133.51,Normal
2025-12-31,AUD,Corporate Banking,-398098.75,11,-196422.915714286,2025-12-31,9286004022.08,6955204759.57,133.51,Normal
2025-12-31,AUD,Treasury,49934.9000000001,16,1359786.80857143,2025-12-31,9286004022.08,6955204759.57,133.51,Normal
2025-12-31,JPY,Corporate Banking,-60361.79,7,-15744.0514285714,2025-12-31,9286004022.08,6955204759.57,133.51,Normal
2025-12-31,CHF,Investment Banking,210420.1,11,-35688.4342857143,2025-12-31,9286004022.08,6955204759.57,133.51,Normal
2025-11-01,INR,Corporate Banking,-370182.2,16,12531.2085714286,2025-11-01,11656020493.64,7547897909.7,154.43,Normal
2025-11-01,jpy,Markets,141148.62,1,143923.372857143,2025-11-01,11656020493.64,7547897909.7,154.43,Normal
2025-11-01,GBP,Investment Banking,283260.61,13,11746.8057142857,2025-11-01,11656020493.64,7547897909.7,154.43,Normal
2025-11-01,JPY,Treasury,3896114.05,21,324724.592857143,2025-11-01,11656020493.64,7547897909.7,154.43,Normal
2025-11-01,GBP,Corporate Banking,-76178.56,10,-26176.1714285714,2025-11-01,11656020493.64,7547897909.7,154.43,Normal
2025-11-01,CAD,Investment Banking,381018.93,13,232018.918571429,2025-11-01,11656020493.64,7547897909.7,154.43,Normal
2025-11-01,INR,Markets,1971945,21,-382455.551428571,2025-11-01,11656020493.64,7547897909.7,154.43,Normal
2025-11-01,GBP,Retail Banking,156517.64,14,-24034.8328571429,2025-11-01,11656020493.64,7547897909.7,154.43,Normal
2025-11-01,AUD,Investment Banking,308906.83,17,16965.7128571428,2025-11-01,11656020493.64,7547897909.7,154.43,Normal
2025-11-01,AUD,Retail Banking,-230024.83,8,3523.07714285713,2025-11-01,11656020493.64,7547897909.7,154.43,Normal
2025-11-01,EUR,Retail Banking,11059.73,11,-23156.1328571429,2025-11-01,11656020493.64,7547897909.7,154.43,Normal
2025-11-01,CAD,Retail Banking,-50129.41,9,30409.9657142857,2025-11-01,11656020493.64,7547897909.7,154.43,Normal
2025-11-01,INR,Retail Banking,63488.33,5,-36849.66,2025-11-01,11656020493.64,7547897909.7,154.43,Normal
2025-11-01,CHF,Corporate Banking,-184963.95,9,-87557.5057142857,2025-11-01,11656020493.64,7547897909.7,154.43,Normal
2025-11-01,GBP,Markets,-609104.06,13,928261.485714286,2025-11-01,11656020493.64,7547897909.7,154.43,Normal
2025-11-01,usd,Treasury,-36974.57,1,96358.9128571429,2025-11-01,11656020493.64,7547897909.7,154.43,Normal
2025-11-01,USD,Corporate Banking,77206.99,6,-121210.932857143,2025-11-01,11656020493.64,7547897909.7,154.43,Normal
2025-11-01,EUR,Investment Banking,-8047.42000000003,8,49339.1014285714,2025-11-01,11656020493.64,7547897909.7,154.43,Normal
2025-11-01,USD,Markets,32547.01,14,-580525.085714286,2025-11-01,11656020493.64,7547897909.7,154.43,Normal
2025-11-01,INR,Treasury,-400016.36,17,-506995.15,2025-11-01,11656020493.64,7547897909.7,154.43,Normal
2025-11-01,USD,Retail Banking,68362.51,13,-18686.9685714286,2025-11-01,11656020493.64,7547897909.7,154.43,Normal
2025-11-01,CHF,Treasury,1161049.57,19,306332.037142857,2025-11-01,11656020493.64,7547897909.7,154.43,Normal
2025-11-01,CAD,Corporate Banking,-53621.18,13,-485.317142857122,2025-11-01,11656020493.64,7547897909.7,154.43,Normal
2025-11-01,JPY,Retail Banking,51841.6,11,-37898.3771428571,2025-11-01,11656020493.64,7547897909.7,154.43,Normal
2025-11-01,inr,Investment Banking,-45318.33,2,780.787142857142,2025-11-01,11656020493.64,7547897909.7,154.43,Normal
2025-11-01,JPY,Investment Banking,52765.72,7,-50152.92,2025-11-01,11656020493.64,7547897909.7,154.43,Normal
2025-11-01,AUD,Markets,1098040.53,14,-681988.635714286,2025-11-01,11656020493.64,7547897909.7,154.43,Normal
2025-11-01,EUR,Corporate Banking,87793.1,9,-13671.7157142857,2025-11-01,11656020493.64,7547897909.7,154.43,Normal
2025-11-01,USD,Treasury,-236698.33,20,-589036.902857143,2025-11-01,11656020493.64,7547897909.7,154.43,Normal
2025-11-01,CHF,Retail Banking,-333554.34,13,61758.9171428571,2025-11-01,11656020493.64,7547897909.7,154.43,Normal
2025-11-01,CAD,Markets,962543.05,18,314809.875714286,2025-11-01,11656020493.64,7547897909.7,154.43,Normal
2025-11-01,CAD,Treasury,928079.94,14,535116.314285714,2025-11-01,11656020493.64,7547897909.7,154.43,Normal
2025-11-01,USD,Investment Banking,-51510.62,9,-65418.0685714286,2025-11-01,11656020493.64,7547897909.7,154.43,Normal
2025-11-01,INR,Investment Banking,126704.85,14,-22130.2657142857,2025-11-01,11656020493.64,7547897909.7,154.43,Normal
2025-11-01,GBP,Treasury,-5283037.89,12,-414571.031428571,2025-11-01,11656020493.64,7547897909.7,154.43,Normal
2025-11-01,EUR,Treasury,901267.46,15,-23585.6099999999,2025-11-01,11656020493.64,7547897909.7,154.43,Normal
2025-11-01,JPY,Markets,84213.5800000001,15,509339.214285714,2025-11-01,11656020493.64,7547897909.7,154.43,Normal
2025-11-01,CHF,Markets,-1294565.47,15,692526.941428571,2025-11-01,11656020493.64,7547897909.7,154.43,Normal
2025-11-01,chf,Investment Banking,-24160.61,1,-6276.67714285714,2025-11-01,11656020493.64,7547897909.7,154.43,Normal
2025-11-01,EUR,Markets,-690234.39,13,-522414.495714286,2025-11-01,11656020493.64,7547897909.7,154.43,Normal
2025-11-01,AUD,Corporate Banking,-307198.72,12,-106981.778571429,2025-11-01,11656020493.64,7547897909.7,154.43,Normal
2025-11-01,AUD,Treasury,2074428.48,18,-1174331.09857143,2025-11-01,11656020493.64,7547897909.7,154.43,Normal
2025-11-01,JPY,Corporate Banking,135164.34,7,45336.9157142857,2025-11-01,11656020493.64,7547897909.7,154.43,Normal
2025-11-01,eur,Retail Banking,-12143.02,1,-10299.55,2025-11-01,11656020493.64,7547897909.7,154.43,Normal
2025-11-01,CHF,Investment Banking,134018.94,11,-17580.1142857143,2025-11-01,11656020493.64,7547897909.7,154.43,Normal
2026-02-04,INR,Corporate Banking,187679.7,11,29298.1014285714,2026-02-04,8619533886.76,6456346511.12,133.5,Normal
2026-02-04,jpy,Markets,-18103.71,1,-8392.05,2026-02-04,8619533886.76,6456346511.12,133.5,Normal
2026-02-04,GBP,Investment Banking,519841.22,8,29550.8185714286,2026-02-04,8619533886.76,6456346511.12,133.5,Normal
2026-02-04,JPY,Treasury,1173975.76,18,16448.0357142856,2026-02-04,8619533886.76,6456346511.12,133.5,Normal
2026-02-04,GBP,Corporate Banking,-129698.99,11,-37817.5571428571,2026-02-04,8619533886.76,6456346511.12,133.5,Normal
2026-02-04,gbp,Treasury,361024.8,1,185455.582857143,2026-02-04,8619533886.76,6456346511.12,133.5,Normal
2026-02-04,CAD,Investment Banking,187678.4,15,-59826.6485714286,2026-02-04,8619533886.76,6456346511.12,133.5,Normal
2026-02-04,INR,Markets,2417055.73,26,560516.205714286,2026-02-04,8619533886.76,6456346511.12,133.5,Normal
2026-02-04,GBP,Retail Banking,72997.72,13,-6173.85428571427,2026-02-04,8619533886.76,6456346511.12,133.5,Normal
2026-02-04,AUD,Investment Banking,30369.57,6,-23117.6728571429,2026-02-04,8619533886.76,6456346511.12,133.5,Normal
2026-02-04,AUD,Retail Banking,209916.1,8,-17655.8385714286,2026-02-04,8619533886.76,6456346511.12,133.5,Normal
2026-02-04,EUR,Retail Banking,-20573.12,13,14807.1328571429,2026-02-04,8619533886.76,6456346511.12,133.5,Normal
2026-02-04,CAD,Retail Banking,-52778.18,9,-138785.561428571,2026-02-04,8619533886.76,6456346511.12,133.5,Normal
2026-02-04,INR,Retail Banking,-115345.5,9,-15295.4971428571,2026-02-04,8619533886.76,6456346511.12,133.5,Normal
2026-02-04,CHF,Corporate Banking,-181135.9,11,-38633.4042857143,2026-02-04,8619533886.76,6456346511.12,133.5,Normal
2026-02-04,GBP,Markets,756641.66,19,706069.404285714,2026-02-04,8619533886.76,6456346511.12,133.5,Normal
2026-02-04,USD,Corporate Banking,116141.95,13,23257.39,2026-02-04,8619533886.76,6456346511.12,133.5,Normal
2026-02-04,EUR,Investment Banking,-448039.85,7,-152243.904285714,2026-02-04,8619533886.76,6456346511.12,133.5,Normal
2026-02-04,chf,Markets,-283092.28,2,-85117.7785714285,2026-02-04,8619533886.76,6456346511.12,133.5,Normal
2026-02-04,USD,Markets,49133.7,10,-1054007.13714286,2026-02-04,8619533886.76,6456346511.12,133.5,Normal
2026-02-04,INR,Treasury,2702286.67,10,-110138.86,2026-02-04,8619533886.76,6456346511.12,133.5,Normal
2026-02-04,USD,Retail Banking,-61741.9,13,11458.6928571429,2026-02-04,8619533886.76,6456346511.12,133.5,Normal
2026-02-04,gbp,Corporate Banking,1675.38,2,5497.10714285714,2026-02-04,8619533886.76,6456346511.12,133.5,Normal
2026-02-04,CHF,Treasury,-771014.1,20,-873951.372857143,2026-02-04,8619533886.76,6456346511.12,133.5,Normal
2026-02-04,CAD,Corporate Banking,-42794.26,12,123104.291428571,2026-02-04,8619533886.76,6456346511.12,133.5,Normal
2026-02-04,JPY,Retail Banking,-44470.63,4,-62335.2128571429,2026-02-04,8619533886.76,6456346511.12,133.5,Normal
2026-02-04,JPY,Investment Banking,2810.89000000002,18,37125.5528571429,2026-02-04,8619533886.76,6456346511.12,133.5,Normal
2026-02-04,AUD,Markets,1508052.63,12,-908690.531428572,2026-02-04,8619533886.76,6456346511.12,133.5,Normal
2026-02-04,EUR,Corporate Banking,-76981.32,8,45456.4042857143,2026-02-04,8619533886.76,6456346511.12,133.5,Normal
2026-02-04,USD,Treasury,1183161.76,12,431776.767142857,2026-02-04,8619533886.76,6456346511.12,133.5,Normal
2026-02-04,CHF,Retail Banking,33636.26,7,44734.6842857143,2026-02-04,8619533886.76,6456346511.12,133.5,Normal
2026-02-04,CAD,Markets,1466530.53,19,-325243.171428571,2026-02-04,8619533886.76,6456346511.12,133.5,Normal
2026-02-04,CAD,Treasury,446488.91,16,-316074.032857143,2026-02-04,8619533886.76,6456346511.12,133.5,Normal
2026-02-04,USD,Investment Banking,202031.78,14,-41107.6885714286,2026-02-04,8619533886.76,6456346511.12,133.5,Normal
2026-02-04,INR,Investment Banking,-68037.24,8,-148496.414285714,2026-02-04,8619533886.76,6456346511.12,133.5,Normal
2026-02-04,GBP,Treasury,1654518.82,27,816844.778571429,2026-02-04,8619533886.76,6456346511.12,133.5,Normal
2026-02-04,EUR,Treasury,-2813722.97,12,182276.981428571,2026-02-04,8619533886.76,6456346511.12,133.5,Normal
2026-02-04,JPY,Markets,949944.5,19,-1184533.93,2026-02-04,8619533886.76,6456346511.12,133.5,Normal
2026-02-04,CHF,Markets,-760576.7,10,-786996.087142857,2026-02-04,8619533886.76,6456346511.12,133.5,Normal
2026-02-04,eur,Corporate Banking,-21861.56,1,-15054.5457142857,2026-02-04,8619533886.76,6456346511.12,133.5,Normal
2026-02-04,EUR,Markets,-1104979.19,14,662092.595714286,2026-02-04,8619533886.76,6456346511.12,133.5,Normal
2026-02-04,AUD,Corporate Banking,-281852.21,6,41578.5342857143,2026-02-04,8619533886.76,6456346511.12,133.5,Normal
2026-02-04,AUD,Treasury,-107962.32,10,454929.055714286,2026-02-04,8619533886.76,6456346511.12,133.5,Normal
2026-02-04,JPY,Corporate Banking,-504010.38,8,107079.955714286,2026-02-04,8619533886.76,6456346511.12,133.5,Normal
2026-02-04,CHF,Investment Banking,26905.6,16,-12747.1871428571,2026-02-04,8619533886.76,6456346511.12,133.5,Normal
2025-12-13,jpy,Investment Banking,-20540.38,1,-14942.32,2025-12-13,9198271880.55,6517237413.23,141.14,Normal
2025-12-13,INR,Corporate Banking,-3858.94000000002,11,-24414.2371428571,2025-12-13,9198271880.55,6517237413.23,141.14,Normal
2025-12-13,GBP,Investment Banking,80147,5,-36701.5957142857,2025-12-13,9198271880.55,6517237413.23,141.14,Normal
2025-12-13,JPY,Treasury,-159171.91,9,-627191.052857143,2025-12-13,9198271880.55,6517237413.23,141.14,Normal
2025-12-13,GBP,Corporate Banking,34226.45,15,123250.642857143,2025-12-13,9198271880.55,6517237413.23,141.14,Normal
2025-12-13,gbp,Markets,326005.37,1,144627.285714286,2025-12-13,9198271880.55,6517237413.23,141.14,Normal
2025-12-13,gbp,Treasury,-962739.99,3,-67408.8242857143,2025-12-13,9198271880.55,6517237413.23,141.14,Normal
2025-12-13,CAD,Investment Banking,168902.28,11,-15735.2342857143,2025-12-13,9198271880.55,6517237413.23,141.14,Normal
2025-12-13,INR,Markets,78501.02,9,404394.515714286,2025-12-13,9198271880.55,6517237413.23,141.14,Normal
2025-12-13,GBP,Retail Banking,-138721.56,7,-9539.91285714286,2025-12-13,9198271880.55,6517237413.23,141.14,Normal
2025-12-13,AUD,Investment Banking,-112212.77,11,-64495.8057142857,2025-12-13,9198271880.55,6517237413.23,141.14,Normal
2025-12-13,AUD,Retail Banking,46303.61,8,-35378.7971428571,2025-12-13,9198271880.55,6517237413.23,141.14,Normal
2025-12-13,cad,Markets,205056.11,2,-61034.6828571429,2025-12-13,9198271880.55,6517237413.23,141.14,Normal
2025-12-13,EUR,Retail Banking,-208001.47,17,-69151.1928571429,2025-12-13,9198271880.55,6517237413.23,141.14,Normal
2025-12-13,CAD,Retail Banking,-189720.13,11,25259.52,2025-12-13,9198271880.55,6517237413.23,141.14,Normal
2025-12-13,INR,Retail Banking,-5832.63,13,-9666.65,2025-12-13,9198271880.55,6517237413.23,141.14,Normal
2025-12-13,CHF,Corporate Banking,66315.2100000001,10,2883.67285714286,2025-12-13,9198271880.55,6517237413.23,141.14,Normal
2025-12-13,GBP,Markets,154489.72,15,209874.292857143,2025-12-13,9198271880.55,6517237413.23,141.14,Normal
2025-12-13,USD,Corporate Banking,-178155.27,10,7262.94,2025-12-13,9198271880.55,6517237413.23,141.14,Normal
2025-12-13,EUR,Investment Banking,181156.07,11,18204.6657142857,2025-12-13,9198271880.55,6517237413.23,141.14,Normal
2025-12-13,chf,Markets,543042.97,1,184458.578571429,2025-12-13,9198271880.55,6517237413.23,141.14,Normal
2025-12-13,USD,Markets,3197398.94,20,-523334.06,2025-12-13,9198271880.55,6517237413.23,141.14,Normal
2025-12-13,inr,Treasury,395256.75,1,83827.0085714286,2025-12-13,9198271880.55,6517237413.23,141.14,Normal
2025-12-13,INR,Treasury,-1642663.87,19,-264576.937142857,2025-12-13,9198271880.55,6517237413.23,141.14,Normal
2025-12-13,USD,Retail Banking,-52653.78,10,44792.46,2025-12-13,9198271880.55,6517237413.23,141.14,Normal
2025-12-13,CHF,Treasury,509262.03,15,-270606.622857143,2025-12-13,9198271880.55,6517237413.23,141.14,Normal
2025-12-13,CAD,Corporate Banking,-210308.74,7,44540.1557142857,2025-12-13,9198271880.55,6517237413.23,141.14,Normal
2025-12-13,JPY,Retail Banking,89937.99,8,-34369.9714285714,2025-12-13,9198271880.55,6517237413.23,141.14,Normal
2025-12-13,inr,Investment Banking,-12980.34,1,-12248.2985714286,2025-12-13,9198271880.55,6517237413.23,141.14,Normal
2025-12-13,JPY,Investment Banking,-69755.58,15,44655.2271428571,2025-12-13,9198271880.55,6517237413.23,141.14,Normal
2025-12-13,AUD,Markets,814435,12,-127405.432857143,2025-12-13,9198271880.55,6517237413.23,141.14,Normal
2025-12-13,EUR,Corporate Banking,-103445.74,9,116995.288571429,2025-12-13,9198271880.55,6517237413.23,141.14,Normal
2025-12-13,USD,Treasury,-1215374.67,21,-608707.107142857,2025-12-13,9198271880.55,6517237413.23,141.14,Normal
2025-12-13,CHF,Retail Banking,-170475.65,13,-28582.2114285714,2025-12-13,9198271880.55,6517237413.23,141.14,Normal
2025-12-13,CAD,Markets,-119267.03,24,-235168.795714286,2025-12-13,9198271880.55,6517237413.23,141.14,Normal
2025-12-13,chf,Retail Banking,-49735.39,1,-14925.4814285714,2025-12-13,9198271880.55,6517237413.23,141.14,Normal
2025-12-13,CAD,Treasury,-2069905.77,9,-604056.591428571,2025-12-13,9198271880.55,6517237413.23,141.14,Normal
2025-12-13,USD,Investment Banking,-4882.48000000002,9,7226.05142857143,2025-12-13,9198271880.55,6517237413.23,141.14,Normal
2025-12-13,aud,Investment Banking,65392.47,1,-1073.73714285714,2025-12-13,9198271880.55,6517237413.23,141.14,Normal
2025-12-13,INR,Investment Banking,-113513.77,13,-99285.0514285714,2025-12-13,9198271880.55,6517237413.23,141.14,Normal
2025-12-13,GBP,Treasury,321970.77,23,-717656.13,2025-12-13,9198271880.55,6517237413.23,141.14,Normal
2025-12-13,EUR,Treasury,60698.78,13,214687.784285714,2025-12-13,9198271880.55,6517237413.23,141.14,Normal
2025-12-13,JPY,Markets,205778.26,11,-446739.47,2025-12-13,9198271880.55,6517237413.23,141.14,Normal
2025-12-13,CHF,Markets,848709.08,13,112513.545714286,2025-12-13,9198271880.55,6517237413.23,141.14,Normal
2025-12-13,EUR,Markets,1811729.07,15,78223.0228571429,2025-12-13,9198271880.55,6517237413.23,141.14,Normal
2025-12-13,cad,Corporate Banking,-30247.41,1,8278.62571428572,2025-12-13,9198271880.55,6517237413.23,141.14,Normal
2025-12-13,AUD,Corporate Banking,-85978.75,7,-553.085714285723,2025-12-13,9198271880.55,6517237413.23,141.14,Normal
2025-12-13,AUD,Treasury,-2144913.21,14,-665965.352857143,2025-12-13,9198271880.55,6517237413.23,141.14,Normal
2025-12-13,gbp,Retail Banking,22992.13,1,-93285.8385714286,2025-12-13,9198271880.55,6517237413.23,141.14,Normal
2025-12-13,JPY,Corporate Banking,-8709,5,60575.58,2025-12-13,9198271880.55,6517237413.23,141.14,Normal
2025-12-13,usd,Markets,-27315.93,1,-47414.3157142857,2025-12-13,9198271880.55,6517237413.23,141.14,Normal
2025-12-13,CHF,Investment Banking,292204.32,9,30639.3171428571,2025-12-13,9198271880.55,6517237413.23,141.14,Normal
2025-12-13,inr,Retail Banking,-13783.15,1,39379.8871428571,2025-12-13,9198271880.55,6517237413.23,141.14,Normal
2026-02-08,jpy,Investment Banking,-56992.7,1,1494.48428571429,2026-02-08,11406270609.74,6403171339.46,178.13,Normal
2026-02-08,INR,Corporate Banking,5670.10999999999,7,8202.29142857145,2026-02-08,11406270609.74,6403171339.46,178.13,Normal
2026-02-08,GBP,Investment Banking,178590.49,11,115707.947142857,2026-02-08,11406270609.74,6403171339.46,178.13,Normal
2026-02-08,JPY,Treasury,566268.26,11,552126.31,2026-02-08,11406270609.74,6403171339.46,178.13,Normal
2026-02-08,GBP,Corporate Banking,-12725.81,8,-49660.43,2026-02-08,11406270609.74,6403171339.46,178.13,Normal
2026-02-08,jpy,Retail Banking,11980.85,1,-42249.7671428571,2026-02-08,11406270609.74,6403171339.46,178.13,Normal
2026-02-08,gbp,Treasury,248591.35,2,135796.945714286,2026-02-08,11406270609.74,6403171339.46,178.13,Normal
2026-02-08,CAD,Investment Banking,-88286.12,13,-77573.4642857143,2026-02-08,11406270609.74,6403171339.46,178.13,Normal
2026-02-08,INR,Markets,-51779.1999999999,19,-470319.347142857,2026-02-08,11406270609.74,6403171339.46,178.13,Normal
2026-02-08,GBP,Retail Banking,-26309.09,9,-2302.88714285714,2026-02-08,11406270609.74,6403171339.46,178.13,Normal
2026-02-08,AUD,Investment Banking,107708.55,11,-29771.8428571429,2026-02-08,11406270609.74,6403171339.46,178.13,Normal
2026-02-08,AUD,Retail Banking,48213.42,6,-20862.67,2026-02-08,11406270609.74,6403171339.46,178.13,Normal
2026-02-08,cad,Markets,140441.11,1,-302528.987142857,2026-02-08,11406270609.74,6403171339.46,178.13,Normal
2026-02-08,inr,Corporate Banking,-13607.04,1,26624.8028571429,2026-02-08,11406270609.74,6403171339.46,178.13,Normal
2026-02-08,EUR,Retail Banking,-433179.76,18,-64524.4785714286,2026-02-08,11406270609.74,6403171339.46,178.13,Normal
2026-02-08,CAD,Retail Banking,-8063.82999999999,7,-40752.5071428572,2026-02-08,11406270609.74,6403171339.46,178.13,Normal
2026-02-08,INR,Retail Banking,-44153.22,11,-15796.5857142857,2026-02-08,11406270609.74,6403171339.46,178.13,Normal
2026-02-08,CHF,Corporate Banking,-28916.95,11,-27035.08,2026-02-08,11406270609.74,6403171339.46,178.13,Normal
2026-02-08,GBP,Markets,1057071,15,637205.987142857,2026-02-08,11406270609.74,6403171339.46,178.13,Normal
2026-02-08,usd,Treasury,74321.7,1,31355.5371428571,2026-02-08,11406270609.74,6403171339.46,178.13,Normal
2026-02-08,USD,Corporate Banking,-81979.31,10,-17248.7542857143,2026-02-08,11406270609.74,6403171339.46,178.13,Normal
2026-02-08,EUR,Investment Banking,-43576.39,13,-123669.63,2026-02-08,11406270609.74,6403171339.46,178.13,Normal
2026-02-08,USD,Markets,924264.22,22,-640460.795714286,2026-02-08,11406270609.74,6403171339.46,178.13,Normal
2026-02-08,inr,Treasury,632167.73,1,9990.80571428573,2026-02-08,11406270609.74,6403171339.46,178.13,Normal
2026-02-08,INR,Treasury,1714154.98,17,87685.5871428572,2026-02-08,11406270609.74,6403171339.46,178.13,Normal
2026-02-08,USD,Retail Banking,-284094.99,14,-75474.2528571429,2026-02-08,11406270609.74,6403171339.46,178.13,Normal
2026-02-08,chf,Treasury,-553791.98,2,23238.2257142857,2026-02-08,11406270609.74,6403171339.46,178.13,Normal
2026-02-08,CHF,Treasury,1502876.22,11,506813.347142857,2026-02-08,11406270609.74,6403171339.46,178.13,Normal
2026-02-08,CAD,Corporate Banking,-64585.45,6,-6920.44000000001,2026-02-08,11406270609.74,6403171339.46,178.13,Normal
2026-02-08,JPY,Retail Banking,-350066.28,12,-153082.888571429,2026-02-08,11406270609.74,6403171339.46,178.13,Normal
2026-02-08,inr,Investment Banking,-44307.96,1,-2423.53142857143,2026-02-08,11406270609.74,6403171339.46,178.13,Normal
2026-02-08,JPY,Investment Banking,23563.53,11,-13848.3728571429,2026-02-08,11406270609.74,6403171339.46,178.13,Normal
2026-02-08,AUD,Markets,-1102823.76,18,90639.6699999999,2026-02-08,11406270609.74,6403171339.46,178.13,Normal
2026-02-08,EUR,Corporate Banking,166855.2,9,25965.8128571428,2026-02-08,11406270609.74,6403171339.46,178.13,Normal
2026-02-08,USD,Treasury,2670123.68,22,389197.362857143,2026-02-08,11406270609.74,6403171339.46,178.13,Normal
2026-02-08,CHF,Retail Banking,-16126.58,14,99811.4,2026-02-08,11406270609.74,6403171339.46,178.13,Normal
2026-02-08,usd,Corporate Banking,28089.04,1,5817.98142857143,2026-02-08,11406270609.74,6403171339.46,178.13,Normal
2026-02-08,CAD,Markets,1110151.26,22,119338.415714286,2026-02-08,11406270609.74,6403171339.46,178.13,Normal
2026-02-08,chf,Retail Banking,10943.6,1,-9729.93285714286,2026-02-08,11406270609.74,6403171339.46,178.13,Normal
2026-02-08,chf,Corporate Banking,108303.2,1,32714.7385714286,2026-02-08,11406270609.74,6403171339.46,178.13,Normal
2026-02-08,CAD,Treasury,-1858501.02,15,-505730.098571429,2026-02-08,11406270609.74,6403171339.46,178.13,Normal
2026-02-08,USD,Investment Banking,-42583.64,9,-102680.387142857,2026-02-08,11406270609.74,6403171339.46,178.13,Normal
2026-02-08,aud,Investment Banking,27224.89,1,20647.48,2026-02-08,11406270609.74,6403171339.46,178.13,Normal
2026-02-08,INR,Investment Banking,-21997.6,8,-41404.6328571428,2026-02-08,11406270609.74,6403171339.46,178.13,Normal
2026-02-08,GBP,Treasury,1447908.22,19,706983.227142857,2026-02-08,11406270609.74,6403171339.46,178.13,Normal
2026-02-08,EUR,Treasury,-1654001.98,15,-554118.825714286,2026-02-08,11406270609.74,6403171339.46,178.13,Normal
2026-02-08,aud,Treasury,-211138.96,2,-80635.9485714286,2026-02-08,11406270609.74,6403171339.46,178.13,Normal
2026-02-08,JPY,Markets,-357146.95,13,-901777.76,2026-02-08,11406270609.74,6403171339.46,178.13,Normal
2026-02-08,CHF,Markets,-973686.39,16,210034.58,2026-02-08,11406270609.74,6403171339.46,178.13,Normal
2026-02-08,EUR,Markets,1179570.85,13,69165.5228571427,2026-02-08,11406270609.74,6403171339.46,178.13,Normal
2026-02-08,AUD,Corporate Banking,-654229.83,15,-92906.6128571429,2026-02-08,11406270609.74,6403171339.46,178.13,Normal
2026-02-08,AUD,Treasury,84230.4599999999,9,554430.978571429,2026-02-08,11406270609.74,6403171339.46,178.13,Normal
2026-02-08,JPY,Corporate Banking,-79603.55,9,-58189.3757142857,2026-02-08,11406270609.74,6403171339.46,178.13,Normal
2026-02-08,CHF,Investment Banking,182432.67,9,-21274.1328571429,2026-02-08,11406270609.74,6403171339.46,178.13,Normal
2025-12-18,jpy,Investment Banking,36680.09,1,-12603.7171428571,2025-12-18,9733706938.19,6436540065.95,151.23,Normal
2025-12-18,INR,Corporate Banking,-93917.56,9,-8647.44857142857,2025-12-18,9733706938.19,6436540065.95,151.23,Normal
2025-12-18,GBP,Investment Banking,21151.83,13,41326.3442857143,2025-12-18,9733706938.19,6436540065.95,151.23,Normal
2025-12-18,inr,Markets,-144353.96,1,-70545.2642857143,2025-12-18,9733706938.19,6436540065.95,151.23,Normal
2025-12-18,JPY,Treasury,-1052169.2,9,730401.531428572,2025-12-18,9733706938.19,6436540065.95,151.23,Normal
2025-12-18,GBP,Corporate Banking,-164134.14,11,16399.2042857143,2025-12-18,9733706938.19,6436540065.95,151.23,Normal
2025-12-18,CAD,Investment Banking,162345.11,5,102382.025714286,2025-12-18,9733706938.19,6436540065.95,151.23,Normal
2025-12-18,INR,Markets,960435.89,23,-453084.151428571,2025-12-18,9733706938.19,6436540065.95,151.23,Normal
2025-12-18,GBP,Retail Banking,20120.53,12,-39510.1371428571,2025-12-18,9733706938.19,6436540065.95,151.23,Normal
2025-12-18,AUD,Investment Banking,8494.05,8,39667.6728571429,2025-12-18,9733706938.19,6436540065.95,151.23,Normal
2025-12-18,AUD,Retail Banking,6414.04,4,37087.8742857143,2025-12-18,9733706938.19,6436540065.95,151.23,Normal
2025-12-18,EUR,Retail Banking,-202337.11,14,-9329.89428571431,2025-12-18,9733706938.19,6436540065.95,151.23,Normal
2025-12-18,cad,Retail Banking,16173.6,1,-19114.0514285714,2025-12-18,9733706938.19,6436540065.95,151.23,Normal
2025-12-18,CAD,Retail Banking,-71710.47,7,-20386.5785714286,2025-12-18,9733706938.19,6436540065.95,151.23,Normal
2025-12-18,INR,Retail Banking,43614.02,15,-31294.2985714286,2025-12-18,9733706938.19,6436540065.95,151.23,Normal
2025-12-18,CHF,Corporate Banking,165884.08,8,64552.69,2025-12-18,9733706938.19,6436540065.95,151.23,Normal
2025-12-18,GBP,Markets,-1245550.76,18,-219331.688571429,2025-12-18,9733706938.19,6436540065.95,151.23,Normal
2025-12-18,USD,Corporate Banking,-6906.37,9,-92010.11,2025-12-18,9733706938.19,6436540065.95,151.23,Normal
2025-12-18,EUR,Investment Banking,-235853.38,9,114783.722857143,2025-12-18,9733706938.19,6436540065.95,151.23,Normal
2025-12-18,USD,Markets,-1418866.32,17,-723699.75,2025-12-18,9733706938.19,6436540065.95,151.23,Normal
2025-12-18,cad,Investment Banking,140030.46,1,25841.6471428571,2025-12-18,9733706938.19,6436540065.95,151.23,Normal
2025-12-18,inr,Treasury,-806626.73,2,-7935.21,2025-12-18,9733706938.19,6436540065.95,151.23,Normal
2025-12-18,INR,Treasury,-1406429.74,18,-568834.895714286,2025-12-18,9733706938.19,6436540065.95,151.23,Normal
2025-12-18,USD,Retail Banking,-62904.16,14,-37605.2528571429,2025-12-18,9733706938.19,6436540065.95,151.23,Normal
2025-12-18,CHF,Treasury,276314.16,9,-266654.297142857,2025-12-18,9733706938.19,6436540065.95,151.23,Normal
2025-12-18,CAD,Corporate Banking,-260680.03,9,-51684.4214285714,2025-12-18,9733706938.19,6436540065.95,151.23,Normal
2025-12-18,JPY,Retail Banking,171277.75,11,55407.62,2025-12-18,9733706938.19,6436540065.95,151.23,Normal
2025-12-18,JPY,Investment Banking,244171.03,8,24792.1357142857,2025-12-18,9733706938.19,6436540065.95,151.23,Normal
2025-12-18,AUD,Markets,982445.84,15,-268468.85,2025-12-18,9733706938.19,6436540065.95,151.23,Normal
2025-12-18,EUR,Corporate Banking,131741.72,12,-42242.7442857143,2025-12-18,9733706938.19,6436540065.95,151.23,Normal
2025-12-18,gbp,Investment Banking,30287.82,1,13094.16,2025-12-18,9733706938.19,6436540065.95,151.23,Normal
2025-12-18,USD,Treasury,-1746538.92,14,-1054198.04571429,2025-12-18,9733706938.19,6436540065.95,151.23,Normal
2025-12-18,CHF,Retail Banking,-112938.21,6,-13792.4542857143,2025-12-18,9733706938.19,6436540065.95,151.23,Normal
2025-12-18,CAD,Markets,-603484.49,12,-504430.941428572,2025-12-18,9733706938.19,6436540065.95,151.23,Normal
2025-12-18,CAD,Treasury,-205356.55,14,-27688.5528571429,2025-12-18,9733706938.19,6436540065.95,151.23,Normal
2025-12-18,USD,Investment Banking,-304944.42,12,36039.4328571429,2025-12-18,9733706938.19,6436540065.95,151.23,Normal
2025-12-18,INR,Investment Banking,175291.58,8,-84383.4371428571,2025-12-18,9733706938.19,6436540065.95,151.23,Normal
2025-12-18,GBP,Treasury,-253724.52,13,346924.671428571,2025-12-18,9733706938.19,6436540065.95,151.23,Normal
2025-12-18,EUR,Treasury,-22038.7899999998,18,612734.74,2025-12-18,9733706938.19,6436540065.95,151.23,Normal
2025-12-18,aud,Treasury,217518.2,1,249000.03,2025-12-18,9733706938.19,6436540065.95,151.23,Normal
2025-12-18,JPY,Markets,373002.08,21,254633.995714286,2025-12-18,9733706938.19,6436540065.95,151.23,Normal
2025-12-18,CHF,Markets,-1458923.44,10,-263311.067142857,2025-12-18,9733706938.19,6436540065.95,151.23,Normal
2025-12-18,EUR,Markets,-1029434.49,9,280766.32,2025-12-18,9733706938.19,6436540065.95,151.23,Normal
2025-12-18,aud,Markets,-334615.35,1,-499287.165714286,2025-12-18,9733706938.19,6436540065.95,151.23,Normal
2025-12-18,AUD,Corporate Banking,-85470.07,13,-96532.8157142857,2025-12-18,9733706938.19,6436540065.95,151.23,Normal
2025-12-18,AUD,Treasury,-475621.25,11,-668578.691428571,2025-12-18,9733706938.19,6436540065.95,151.23,Normal
2025-12-18,JPY,Corporate Banking,-277222.65,7,-20182.4857142857,2025-12-18,9733706938.19,6436540065.95,151.23,Normal
2025-12-18,eur,Retail Banking,33501.38,1,-12421.95,2025-12-18,9733706938.19,6436540065.95,151.23,Normal
2025-12-18,CHF,Investment Banking,-58017.17,8,9275.81428571429,2025-12-18,9733706938.19,6436540065.95,151.23,Normal
2025-12-15,INR,Corporate Banking,164318.66,5,-22479.9642857143,2025-12-15,8975928126.14,6051325802.5,148.33,Normal
2025-12-15,usd,Investment Banking,-64860.44,1,-8176.38714285714,2025-12-15,8975928126.14,6051325802.5,148.33,Normal
2025-12-15,GBP,Investment Banking,-27967.95,11,32699.1628571429,2025-12-15,8975928126.14,6051325802.5,148.33,Normal
2025-12-15,inr,Markets,-271938.4,1,-65831.7985714286,2025-12-15,8975928126.14,6051325802.5,148.33,Normal
2025-12-15,JPY,Treasury,1310852.5,18,426806.328571429,2025-12-15,8975928126.14,6051325802.5,148.33,Normal
2025-12-15,GBP,Corporate Banking,52764.7,9,96797.5385714286,2025-12-15,8975928126.14,6051325802.5,148.33,Normal
2025-12-15,gbp,Treasury,-106502.46,1,-114560.9,2025-12-15,8975928126.14,6051325802.5,148.33,Normal
2025-12-15,CAD,Investment Banking,468879.7,13,12602.1314285715,2025-12-15,8975928126.14,6051325802.5,148.33,Normal
2025-12-15,INR,Markets,25093.73,17,-284947.942857143,2025-12-15,8975928126.14,6051325802.5,148.33,Normal
2025-12-15,GBP,Retail Banking,-103468.93,11,-47849.1,2025-12-15,8975928126.14,6051325802.5,148.33,Normal
2025-12-15,AUD,Investment Banking,-73608.15,12,-57870.1728571429,2025-12-15,8975928126.14,6051325802.5,148.33,Normal
2025-12-15,AUD,Retail Banking,116227.2,8,-15879.4685714286,2025-12-15,8975928126.14,6051325802.5,148.33,Normal
2025-12-15,cad,Markets,273943.67,1,6797.47571428571,2025-12-15,8975928126.14,6051325802.5,148.33,Normal
2025-12-15,EUR,Retail Banking,-149150.66,10,-43093.1642857143,2025-12-15,8975928126.14,6051325802.5,148.33,Normal
2025-12-15,CAD,Retail Banking,26810.84,10,-102105,2025-12-15,8975928126.14,6051325802.5,148.33,Normal
2025-12-15,INR,Retail Banking,57864.4,7,-21131.95,2025-12-15,8975928126.14,6051325802.5,148.33,Normal
2025-12-15,CHF,Corporate Banking,-39751.7,8,50175.5314285714,2025-12-15,8975928126.14,6051325802.5,148.33,Normal
2025-12-15,GBP,Markets,-1110306.11,26,-97454.6357142858,2025-12-15,8975928126.14,6051325802.5,148.33,Normal
2025-12-15,USD,Corporate Banking,-101431.38,8,-44272.4314285714,2025-12-15,8975928126.14,6051325802.5,148.33,Normal
2025-12-15,EUR,Investment Banking,416924.55,12,85518.28,2025-12-15,8975928126.14,6051325802.5,148.33,Normal
2025-12-15,USD,Markets,-661343.33,17,-682973.002857143,2025-12-15,8975928126.14,6051325802.5,148.33,Normal
2025-12-15,INR,Treasury,-450267.56,17,-339574.07,2025-12-15,8975928126.14,6051325802.5,148.33,Normal
2025-12-15,USD,Retail Banking,-221828.61,9,-43902.7385714286,2025-12-15,8975928126.14,6051325802.5,148.33,Normal
2025-12-15,CHF,Treasury,-967645.13,19,-132586.034285714,2025-12-15,8975928126.14,6051325802.5,148.33,Normal
2025-12-15,CAD,Corporate Banking,101668.27,10,-28105.7228571429,2025-12-15,8975928126.14,6051325802.5,148.33,Normal
2025-12-15,JPY,Retail Banking,238313.92,10,128.664285714285,2025-12-15,8975928126.14,6051325802.5,148.33,Normal
2025-12-15,JPY,Investment Banking,31904.13,7,47662.5028571428,2025-12-15,8975928126.14,6051325802.5,148.33,Normal
2025-12-15,AUD,Markets,841551.57,15,365680.548571429,2025-12-15,8975928126.14,6051325802.5,148.33,Normal
2025-12-15,EUR,Corporate Banking,7015.57999999999,10,71705.5042857143,2025-12-15,8975928126.14,6051325802.5,148.33,Normal
2025-12-15,USD,Treasury,-3319521.9,18,-803227.942857143,2025-12-15,8975928126.14,6051325802.5,148.33,Normal
2025-12-15,eur,Markets,-100756.12,1,-224162.661428571,2025-12-15,8975928126.14,6051325802.5,148.33,Normal
2025-12-15,CHF,Retail Banking,-163869.41,9,-29802.8642857143,2025-12-15,8975928126.14,6051325802.5,148.33,Normal
2025-12-15,CAD,Markets,-262638.54,6,-448709.667142857,2025-12-15,8975928126.14,6051325802.5,148.33,Normal
2025-12-15,CAD,Treasury,1241973.8,13,-299433.258571429,2025-12-15,8975928126.14,6051325802.5,148.33,Normal
2025-12-15,USD,Investment Banking,155498.95,7,66178.74,2025-12-15,8975928126.14,6051325802.5,148.33,Normal
2025-12-15,INR,Investment Banking,-30605.49,9,-159725.822857143,2025-12-15,8975928126.14,6051325802.5,148.33,Normal
2025-12-15,GBP,Treasury,-2848110.24,19,-592981.774285714,2025-12-15,8975928126.14,6051325802.5,148.33,Normal
2025-12-15,EUR,Treasury,-676583.29,13,404707.251428571,2025-12-15,8975928126.14,6051325802.5,148.33,Normal
2025-12-15,JPY,Markets,-1385731.13,26,-128504.057142857,2025-12-15,8975928126.14,6051325802.5,148.33,Normal
2025-12-15,CHF,Markets,-511448.94,18,287338.705714286,2025-12-15,8975928126.14,6051325802.5,148.33,Normal
2025-12-15,usd,Retail Banking,-24362.71,1,5904.42714285714,2025-12-15,8975928126.14,6051325802.5,148.33,Normal
2025-12-15,EUR,Markets,588367.4,12,-166851.245714286,2025-12-15,8975928126.14,6051325802.5,148.33,Normal
2025-12-15,AUD,Corporate Banking,-95133.45,8,3114.51999999999,2025-12-15,8975928126.14,6051325802.5,148.33,Normal
2025-12-15,AUD,Treasury,1783614.03,15,-577926.344285714,2025-12-15,8975928126.14,6051325802.5,148.33,Normal
2025-12-15,JPY,Corporate Banking,283199.22,11,58709.8442857143,2025-12-15,8975928126.14,6051325802.5,148.33,Normal
2025-12-15,CHF,Investment Banking,-173867.82,14,-35990.4371428571,2025-12-15,8975928126.14,6051325802.5,148.33,Normal
2025-10-26,INR,Corporate Banking,11508.28,14,1644.04,2025-10-26,10707176248.27,7118929166.97,150.4,Normal
2025-10-26,jpy,Markets,68186.93,1,9740.99,2025-10-26,10707176248.27,7118929166.97,150.4,Normal
2025-10-26,GBP,Investment Banking,-92693.42,10,-13241.9171428571,2025-10-26,10707176248.27,7118929166.97,150.4,Normal
2025-10-26,inr,Markets,-56685.05,1,-8097.86428571429,2025-10-26,10707176248.27,7118929166.97,150.4,Normal
2025-10-26,JPY,Treasury,1324598.98,19,189228.425714286,2025-10-26,10707176248.27,7118929166.97,150.4,Normal
2025-10-26,GBP,Corporate Banking,-63886.14,10,-9126.59142857143,2025-10-26,10707176248.27,7118929166.97,150.4,Normal
2025-10-26,CAD,Investment Banking,-24170.03,9,-3452.86142857143,2025-10-26,10707176248.27,7118929166.97,150.4,Normal
2025-10-26,INR,Markets,-2635013.48,10,-376430.497142857,2025-10-26,10707176248.27,7118929166.97,150.4,Normal
2025-10-26,GBP,Retail Banking,-118190.02,12,-16884.2885714286,2025-10-26,10707176248.27,7118929166.97,150.4,Normal
2025-10-26,AUD,Investment Banking,-217283.54,9,-31040.5057142857,2025-10-26,10707176248.27,7118929166.97,150.4,Normal
2025-10-26,AUD,Retail Banking,-29360.55,10,-4194.36428571429,2025-10-26,10707176248.27,7118929166.97,150.4,Normal
2025-10-26,cad,Markets,-633569.27,2,-90509.8957142857,2025-10-26,10707176248.27,7118929166.97,150.4,Normal
2025-10-26,EUR,Retail Banking,90710,10,12958.5714285714,2025-10-26,10707176248.27,7118929166.97,150.4,Normal
2025-10-26,CAD,Retail Banking,92769.16,7,13252.7371428571,2025-10-26,10707176248.27,7118929166.97,150.4,Normal
2025-10-26,INR,Retail Banking,62146.48,9,8878.06857142857,2025-10-26,10707176248.27,7118929166.97,150.4,Normal
2025-10-26,CHF,Corporate Banking,-47988.34,8,-6855.47714285714,2025-10-26,10707176248.27,7118929166.97,150.4,Normal
2025-10-26,GBP,Markets,2673226.96,22,381889.565714286,2025-10-26,10707176248.27,7118929166.97,150.4,Normal
2025-10-26,USD,Corporate Banking,-558316.84,4,-79759.5485714286,2025-10-26,10707176248.27,7118929166.97,150.4,Normal
2025-10-26,EUR,Investment Banking,-184071.91,11,-26295.9871428571,2025-10-26,10707176248.27,7118929166.97,150.4,Normal
2025-10-26,chf,Markets,-424851.97,1,-60693.1385714286,2025-10-26,10707176248.27,7118929166.97,150.4,Normal
2025-10-26,USD,Markets,-959678.33,20,-137096.904285714,2025-10-26,10707176248.27,7118929166.97,150.4,Normal
2025-10-26,cad,Treasury,201989.24,1,28855.6057142857,2025-10-26,10707176248.27,7118929166.97,150.4,Normal
2025-10-26,INR,Treasury,-431454.73,17,-61636.39,2025-10-26,10707176248.27,7118929166.97,150.4,Normal
2025-10-26,USD,Retail Banking,241813.92,12,34544.8457142857,2025-10-26,10707176248.27,7118929166.97,150.4,Normal
2025-10-26,CHF,Treasury,326196.99,17,46599.57,2025-10-26,10707176248.27,7118929166.97,150.4,Normal
2025-10-26,CAD,Corporate Banking,-267746.39,13,-38249.4842857143,2025-10-26,10707176248.27,7118929166.97,150.4,Normal
2025-10-26,JPY,Retail Banking,200567.04,11,28652.4342857143,2025-10-26,10707176248.27,7118929166.97,150.4,Normal
2025-10-26,JPY,Investment Banking,-213327.13,7,-30475.3042857143,2025-10-26,10707176248.27,7118929166.97,150.4,Normal
2025-10-26,AUD,Markets,-848692.09,13,-121241.727142857,2025-10-26,10707176248.27,7118929166.97,150.4,Normal
2025-10-26,EUR,Corporate Banking,-65572.66,7,-9367.52285714286,2025-10-26,10707176248.27,7118929166.97,150.4,Normal
2025-10-26,gbp,Investment Banking,-12580.66,1,-1797.23714285714,2025-10-26,10707176248.27,7118929166.97,150.4,Normal
2025-10-26,USD,Treasury,-2306853.23,21,-329550.461428571,2025-10-26,10707176248.27,7118929166.97,150.4,Normal
2025-10-26,eur,Markets,155564.31,1,22223.4728571429,2025-10-26,10707176248.27,7118929166.97,150.4,Normal
2025-10-26,CHF,Retail Banking,52408.44,8,7486.92,2025-10-26,10707176248.27,7118929166.97,150.4,Normal
2025-10-26,CAD,Markets,-1341463.28,20,-191637.611428571,2025-10-26,10707176248.27,7118929166.97,150.4,Normal
2025-10-26,CAD,Treasury,538625.74,17,76946.5342857143,2025-10-26,10707176248.27,7118929166.97,150.4,Normal
2025-10-26,USD,Investment Banking,-7813.17,11,-1116.16714285714,2025-10-26,10707176248.27,7118929166.97,150.4,Normal
2025-10-26,INR,Investment Banking,60999.87,8,8714.26714285714,2025-10-26,10707176248.27,7118929166.97,150.4,Normal
2025-10-26,GBP,Treasury,-1412419.36,10,-201774.194285714,2025-10-26,10707176248.27,7118929166.97,150.4,Normal
2025-10-26,EUR,Treasury,593881.42,12,84840.2028571429,2025-10-26,10707176248.27,7118929166.97,150.4,Normal
2025-10-26,aud,Treasury,337471.71,1,48210.2442857143,2025-10-26,10707176248.27,7118929166.97,150.4,Normal
2025-10-26,JPY,Markets,1030295.46,13,147185.065714286,2025-10-26,10707176248.27,7118929166.97,150.4,Normal
2025-10-26,CHF,Markets,-502292.73,19,-71756.1042857143,2025-10-26,10707176248.27,7118929166.97,150.4,Normal
2025-10-26,EUR,Markets,-434633.47,11,-62090.4957142857,2025-10-26,10707176248.27,7118929166.97,150.4,Normal
2025-10-26,AUD,Corporate Banking,-274031.76,14,-39147.3942857143,2025-10-26,10707176248.27,7118929166.97,150.4,Normal
2025-10-26,AUD,Treasury,3063828.6,14,437689.8,2025-10-26,10707176248.27,7118929166.97,150.4,Normal
2025-10-26,JPY,Corporate Banking,222880.78,14,31840.1114285714,2025-10-26,10707176248.27,7118929166.97,150.4,Normal
2025-10-26,CHF,Investment Banking,-245950.23,12,-35135.7471428572,2025-10-26,10707176248.27,7118929166.97,150.4,Normal
2025-10-26,inr,Retail Banking,-26769.09,1,-3824.15571428571,2025-10-26,10707176248.27,7118929166.97,150.4,Normal
2025-12-16,INR,Corporate Banking,142572.74,6,-14402.8528571429,2025-12-16,10998181535.87,6623178320.88,166.06,Normal
2025-12-16,GBP,Investment Banking,141847.93,7,54327.8114285714,2025-12-16,10998181535.87,6623178320.88,166.06,Normal
2025-12-16,JPY,Treasury,-1357977.71,12,506381.305714286,2025-12-16,10998181535.87,6623178320.88,166.06,Normal
2025-12-16,GBP,Corporate Banking,-130254.73,15,54697.44,2025-12-16,10998181535.87,6623178320.88,166.06,Normal
2025-12-16,CAD,Investment Banking,49118.08,10,51535.4557142857,2025-12-16,10998181535.87,6623178320.88,166.06,Normal
2025-12-16,INR,Markets,-1596065.99,8,-438447.602857143,2025-12-16,10998181535.87,6623178320.88,166.06,Normal
2025-12-16,GBP,Retail Banking,-65205.49,8,-66602.6528571429,2025-12-16,10998181535.87,6623178320.88,166.06,Normal
2025-12-16,AUD,Investment Banking,222813.5,17,-13915.9857142857,2025-12-16,10998181535.87,6623178320.88,166.06,Normal
2025-12-16,AUD,Retail Banking,116186.1,9,-10270.9528571429,2025-12-16,10998181535.87,6623178320.88,166.06,Normal
2025-12-16,inr,Corporate Banking,-12496.29,1,-38905.14,2025-12-16,10998181535.87,6623178320.88,166.06,Normal
2025-12-16,EUR,Retail Banking,353186.03,8,19555.1,2025-12-16,10998181535.87,6623178320.88,166.06,Normal
2025-12-16,CAD,Retail Banking,495300.1,7,-29197.1471428571,2025-12-16,10998181535.87,6623178320.88,166.06,Normal
2025-12-16,INR,Retail Banking,-216367.34,9,-38261.9857142857,2025-12-16,10998181535.87,6623178320.88,166.06,Normal
2025-12-16,CHF,Corporate Banking,84473.32,12,57112.6828571429,2025-12-16,10998181535.87,6623178320.88,166.06,Normal
2025-12-16,GBP,Markets,-1543825.5,19,-90317.6085714286,2025-12-16,10998181535.87,6623178320.88,166.06,Normal
2025-12-16,usd,Treasury,-273307.75,1,-209466.272857143,2025-12-16,10998181535.87,6623178320.88,166.06,Normal
2025-12-16,USD,Corporate Banking,-300206.85,12,-81028.0542857143,2025-12-16,10998181535.87,6623178320.88,166.06,Normal
2025-12-16,EUR,Investment Banking,487994.11,15,169308.37,2025-12-16,10998181535.87,6623178320.88,166.06,Normal
2025-12-16,USD,Markets,-3563911.66,18,-956060.417142857,2025-12-16,10998181535.87,6623178320.88,166.06,Normal
2025-12-16,cad,Investment Banking,-30593.86,1,7628.41428571429,2025-12-16,10998181535.87,6623178320.88,166.06,Normal
2025-12-16,INR,Treasury,-390727.01,21,-337551.874285714,2025-12-16,10998181535.87,6623178320.88,166.06,Normal
2025-12-16,USD,Retail Banking,-22848.99,8,-49056.7557142857,2025-12-16,10998181535.87,6623178320.88,166.06,Normal
2025-12-16,CHF,Treasury,-828484.43,16,-385610.47,2025-12-16,10998181535.87,6623178320.88,166.06,Normal
2025-12-16,CAD,Corporate Banking,-12624.11,11,-53582.0557142857,2025-12-16,10998181535.87,6623178320.88,166.06,Normal
2025-12-16,JPY,Retail Banking,-21203.63,12,14827.1828571429,2025-12-16,10998181535.87,6623178320.88,166.06,Normal
2025-12-16,inr,Investment Banking,-20428.69,1,-13867.2385714286,2025-12-16,10998181535.87,6623178320.88,166.06,Normal
2025-12-16,JPY,Investment Banking,-96834.84,10,13195.0528571429,2025-12-16,10998181535.87,6623178320.88,166.06,Normal
2025-12-16,AUD,Markets,-1748286.73,8,-113251.602857143,2025-12-16,10998181535.87,6623178320.88,166.06,Normal
2025-12-16,EUR,Corporate Banking,-106824.09,13,12375.7071428571,2025-12-16,10998181535.87,6623178320.88,166.06,Normal
2025-12-16,USD,Treasury,-762878.09,16,-437502.154285714,2025-12-16,10998181535.87,6623178320.88,166.06,Normal
2025-12-16,CHF,Retail Banking,-124268.84,7,-22582.4371428572,2025-12-16,10998181535.87,6623178320.88,166.06,Normal
2025-12-16,eur,Investment Banking,-25394.23,1,-25755.2685714286,2025-12-16,10998181535.87,6623178320.88,166.06,Normal
2025-12-16,CAD,Markets,-1103914.51,14,-304492.602857143,2025-12-16,10998181535.87,6623178320.88,166.06,Normal
2025-12-16,CAD,Treasury,1002551.54,10,279095.321428571,2025-12-16,10998181535.87,6623178320.88,166.06,Normal
2025-12-16,USD,Investment Banking,358764.12,8,110143.851428571,2025-12-16,10998181535.87,6623178320.88,166.06,Normal
2025-12-16,INR,Investment Banking,-233527.26,9,-213298.217142857,2025-12-16,10998181535.87,6623178320.88,166.06,Normal
2025-12-16,GBP,Treasury,-566988.56,19,-604920.111428572,2025-12-16,10998181535.87,6623178320.88,166.06,Normal
2025-12-16,EUR,Treasury,913092.99,14,635131.178571428,2025-12-16,10998181535.87,6623178320.88,166.06,Normal
2025-12-16,jpy,Corporate Banking,66411.59,1,-13567.4085714286,2025-12-16,10998181535.87,6623178320.88,166.06,Normal
2025-12-16,JPY,Markets,-1667770.26,13,-369043.147142857,2025-12-16,10998181535.87,6623178320.88,166.06,Normal
2025-12-16,CHF,Markets,1108578.69,12,191298.24,2025-12-16,10998181535.87,6623178320.88,166.06,Normal
2025-12-16,EUR,Markets,740250.44,12,-384811.852857143,2025-12-16,10998181535.87,6623178320.88,166.06,Normal
2025-12-16,aud,Markets,-87259.87,1,-471468.704285714,2025-12-16,10998181535.87,6623178320.88,166.06,Normal
2025-12-16,AUD,Corporate Banking,22330.66,12,56867.2314285714,2025-12-16,10998181535.87,6623178320.88,166.06,Normal
2025-12-16,AUD,Treasury,-1496789.59,22,-821619.601428571,2025-12-16,10998181535.87,6623178320.88,166.06,Normal
2025-12-16,JPY,Corporate Banking,42191.6,10,73101.94,2025-12-16,10998181535.87,6623178320.88,166.06,Normal
2025-12-16,CHF,Investment Banking,99147.75,12,-26913.7657142857,2025-12-16,10998181535.87,6623178320.88,166.06,Normal
2026-02-14,INR,Corporate Banking,78791.2,10,-112782.524285714,2026-02-14,8810009705.53,7355800796.06,119.77,Normal
2026-02-14,jpy,Markets,127591.58,1,77621.6642857143,2026-02-14,8810009705.53,7355800796.06,119.77,Normal
2026-02-14,GBP,Investment Banking,33217.79,9,56022.1057142857,2026-02-14,8810009705.53,7355800796.06,119.77,Normal
2026-02-14,JPY,Treasury,1219255.97,18,-1178632.04714286,2026-02-14,8810009705.53,7355800796.06,119.77,Normal
2026-02-14,GBP,Corporate Banking,16213.52,8,-11678.9185714286,2026-02-14,8810009705.53,7355800796.06,119.77,Normal
2026-02-14,gbp,Markets,172577.89,1,-87519.2028571429,2026-02-14,8810009705.53,7355800796.06,119.77,Normal
2026-02-14,jpy,Treasury,142703.94,1,-115870.075714286,2026-02-14,8810009705.53,7355800796.06,119.77,Normal
2026-02-14,CAD,Investment Banking,-16805.68,6,-135090.244285714,2026-02-14,8810009705.53,7355800796.06,119.77,Normal
2026-02-14,INR,Markets,-3722968.3,13,-2633530.61285714,2026-02-14,8810009705.53,7355800796.06,119.77,Normal
2026-02-14,GBP,Retail Banking,-210647.59,14,-110967.3,2026-02-14,8810009705.53,7355800796.06,119.77,Normal
2026-02-14,AUD,Investment Banking,-15414.45,5,-163342.18,2026-02-14,8810009705.53,7355800796.06,119.77,Normal
2026-02-14,AUD,Retail Banking,-426626.51,11,-48342.4242857143,2026-02-14,8810009705.53,7355800796.06,119.77,Normal
2026-02-14,inr,Corporate Banking,-3789.7,1,6651.62428571429,2026-02-14,8810009705.53,7355800796.06,119.77,Normal
2026-02-14,EUR,Retail Banking,31135.39,8,-91817.4028571429,2026-02-14,8810009705.53,7355800796.06,119.77,Normal
2026-02-14,CAD,Retail Banking,-66998.8,13,-50285.29,2026-02-14,8810009705.53,7355800796.06,119.77,Normal
2026-02-14,INR,Retail Banking,-628017.7,17,-300983.882857143,2026-02-14,8810009705.53,7355800796.06,119.77,Normal
2026-02-14,CHF,Corporate Banking,12852.69,10,-15994.83,2026-02-14,8810009705.53,7355800796.06,119.77,Normal
2026-02-14,GBP,Markets,-268151.85,15,-2334687.12142857,2026-02-14,8810009705.53,7355800796.06,119.77,Normal
2026-02-14,USD,Corporate Banking,84616.06,10,5270.07285714286,2026-02-14,8810009705.53,7355800796.06,119.77,Normal
2026-02-14,EUR,Investment Banking,41178.25,13,10458.0142857143,2026-02-14,8810009705.53,7355800796.06,119.77,Normal
2026-02-14,chf,Markets,-970775.86,1,-251470.501428571,2026-02-14,8810009705.53,7355800796.06,119.77,Normal
2026-02-14,aud,Retail Banking,27525.04,1,-58822.9271428571,2026-02-14,8810009705.53,7355800796.06,119.77,Normal
2026-02-14,USD,Markets,-1682401.74,12,-679550.045714286,2026-02-14,8810009705.53,7355800796.06,119.77,Normal
2026-02-14,inr,Treasury,615183.92,2,-71449.6942857143,2026-02-14,8810009705.53,7355800796.06,119.77,Normal
2026-02-14,INR,Treasury,-266119.37,15,-226806.711428572,2026-02-14,8810009705.53,7355800796.06,119.77,Normal
2026-02-14,USD,Retail Banking,102286.88,11,-155456.452857143,2026-02-14,8810009705.53,7355800796.06,119.77,Normal
2026-02-14,chf,Treasury,56512.93,1,53544.0714285714,2026-02-14,8810009705.53,7355800796.06,119.77,Normal
2026-02-14,CHF,Treasury,-559052.52,15,-766505.46,2026-02-14,8810009705.53,7355800796.06,119.77,Normal
2026-02-14,CAD,Corporate Banking,-26120.65,8,-82920.7057142857,2026-02-14,8810009705.53,7355800796.06,119.77,Normal
2026-02-14,JPY,Retail Banking,-176363.26,14,-167666.52,2026-02-14,8810009705.53,7355800796.06,119.77,Normal
2026-02-14,inr,Investment Banking,-14388.61,2,-7147.81428571429,2026-02-14,8810009705.53,7355800796.06,119.77,Normal
2026-02-14,JPY,Investment Banking,-102655.86,12,-69211.21,2026-02-14,8810009705.53,7355800796.06,119.77,Normal
2026-02-14,AUD,Markets,-581040.98,12,-179382.711428572,2026-02-14,8810009705.53,7355800796.06,119.77,Normal
2026-02-14,EUR,Corporate Banking,-69432.19,5,-133866,2026-02-14,8810009705.53,7355800796.06,119.77,Normal
2026-02-14,USD,Treasury,797851.88,15,386322.021428571,2026-02-14,8810009705.53,7355800796.06,119.77,Normal
2026-02-14,eur,Markets,301472.73,1,56672.8428571428,2026-02-14,8810009705.53,7355800796.06,119.77,Normal
2026-02-14,CHF,Retail Banking,-70963.6300000001,14,-37153.0285714286,2026-02-14,8810009705.53,7355800796.06,119.77,Normal
2026-02-14,CAD,Markets,186807.15,11,-541539.527142857,2026-02-14,8810009705.53,7355800796.06,119.77,Normal
2026-02-14,CAD,Treasury,-158039.02,24,-624996.347142857,2026-02-14,8810009705.53,7355800796.06,119.77,Normal
2026-02-14,USD,Investment Banking,-34345.41,13,43551.91,2026-02-14,8810009705.53,7355800796.06,119.77,Normal
2026-02-14,INR,Investment Banking,-219024.59,10,-195142.495714286,2026-02-14,8810009705.53,7355800796.06,119.77,Normal
2026-02-14,GBP,Treasury,292404.55,17,-414743.927142857,2026-02-14,8810009705.53,7355800796.06,119.77,Normal
2026-02-14,EUR,Treasury,-1922225.35,19,-1079812.43142857,2026-02-14,8810009705.53,7355800796.06,119.77,Normal
2026-02-14,JPY,Markets,-5185758.79,13,-64721.8371428569,2026-02-14,8810009705.53,7355800796.06,119.77,Normal
2026-02-14,CHF,Markets,-751840.71,20,-1061218.49857143,2026-02-14,8810009705.53,7355800796.06,119.77,Normal
2026-02-14,EUR,Markets,-3776171.08,9,-1393712.81571429,2026-02-14,8810009705.53,7355800796.06,119.77,Normal
2026-02-14,AUD,Corporate Banking,149556.8,7,-40067.51,2026-02-14,8810009705.53,7355800796.06,119.77,Normal
2026-02-14,AUD,Treasury,968825.14,19,-436417.648571429,2026-02-14,8810009705.53,7355800796.06,119.77,Normal
2026-02-14,JPY,Corporate Banking,-32500.3,10,33638.3214285714,2026-02-14,8810009705.53,7355800796.06,119.77,Normal
2026-02-14,eur,Retail Banking,-39419.92,1,-2807.60428571428,2026-02-14,8810009705.53,7355800796.06,119.77,Normal
2026-02-14,CHF,Investment Banking,178101.21,11,8082.25714285715,2026-02-14,8810009705.53,7355800796.06,119.77,Normal
2025-11-24,INR,Corporate Banking,-38179.14,8,41503.5314285714,2025-11-24,10261253644.81,7242630357.05,141.68,Normal
2025-11-24,usd,Investment Banking,34370.99,1,8371.02,2025-11-24,10261253644.81,7242630357.05,141.68,Normal
2025-11-24,GBP,Investment Banking,136887.19,11,39789.94,2025-11-24,10261253644.81,7242630357.05,141.68,Normal
2025-11-24,JPY,Treasury,-3349839.28,14,-447277.842857143,2025-11-24,10261253644.81,7242630357.05,141.68,Normal
2025-11-24,GBP,Corporate Banking,68119.11,6,-45965.6114285714,2025-11-24,10261253644.81,7242630357.05,141.68,Normal
2025-11-24,gbp,Markets,560278.22,1,-139366.774285714,2025-11-24,10261253644.81,7242630357.05,141.68,Normal
2025-11-24,CAD,Investment Banking,612727.25,14,119942.917142857,2025-11-24,10261253644.81,7242630357.05,141.68,Normal
2025-11-24,INR,Markets,47062.61,17,-923980.528571428,2025-11-24,10261253644.81,7242630357.05,141.68,Normal
2025-11-24,GBP,Retail Banking,-296149.83,11,-44379.84,2025-11-24,10261253644.81,7242630357.05,141.68,Normal
2025-11-24,AUD,Investment Banking,-656574.32,7,67174.6414285714,2025-11-24,10261253644.81,7242630357.05,141.68,Normal
2025-11-24,AUD,Retail Banking,59055.17,15,86278.7971428571,2025-11-24,10261253644.81,7242630357.05,141.68,Normal
2025-11-24,EUR,Retail Banking,252049.31,11,119251.421428571,2025-11-24,10261253644.81,7242630357.05,141.68,Normal
2025-11-24,CAD,Retail Banking,216072.67,8,40800.8414285714,2025-11-24,10261253644.81,7242630357.05,141.68,Normal
2025-11-24,INR,Retail Banking,-13374.92,11,-129719.294285714,2025-11-24,10261253644.81,7242630357.05,141.68,Normal
2025-11-24,CHF,Corporate Banking,135242.79,12,51982.6742857143,2025-11-24,10261253644.81,7242630357.05,141.68,Normal
2025-11-24,GBP,Markets,-178908.06,14,14000.5171428571,2025-11-24,10261253644.81,7242630357.05,141.68,Normal
2025-11-24,USD,Corporate Banking,139194.1,9,-107955.572857143,2025-11-24,10261253644.81,7242630357.05,141.68,Normal
2025-11-24,EUR,Investment Banking,-239238.77,15,-118043.647142857,2025-11-24,10261253644.81,7242630357.05,141.68,Normal
2025-11-24,USD,Markets,-63710.2099999998,13,223543.628571429,2025-11-24,10261253644.81,7242630357.05,141.68,Normal
2025-11-24,cad,Treasury,523498.04,2,229706.905714286,2025-11-24,10261253644.81,7242630357.05,141.68,Normal
2025-11-24,INR,Treasury,-2125157.73,15,-810859.05,2025-11-24,10261253644.81,7242630357.05,141.68,Normal
2025-11-24,USD,Retail Banking,-163650.63,6,-211047.318571429,2025-11-24,10261253644.81,7242630357.05,141.68,Normal
2025-11-24,CHF,Treasury,-88705.78,10,302200.515714286,2025-11-24,10261253644.81,7242630357.05,141.68,Normal
2025-11-24,CAD,Corporate Banking,68781.73,10,27567.1728571429,2025-11-24,10261253644.81,7242630357.05,141.68,Normal
2025-11-24,JPY,Retail Banking,1030489.34,23,96359.0357142857,2025-11-24,10261253644.81,7242630357.05,141.68,Normal
2025-11-24,JPY,Investment Banking,-23305.84,12,-9373.5,2025-11-24,10261253644.81,7242630357.05,141.68,Normal
2025-11-24,AUD,Markets,-173188.58,11,-61347.1942857144,2025-11-24,10261253644.81,7242630357.05,141.68,Normal
2025-11-24,EUR,Corporate Banking,182534.73,12,-12474.6885714286,2025-11-24,10261253644.81,7242630357.05,141.68,Normal
2025-11-24,gbp,Investment Banking,-2991.25,1,-27393.7528571429,2025-11-24,10261253644.81,7242630357.05,141.68,Normal
2025-11-24,USD,Treasury,840035.58,18,-29695.4114285714,2025-11-24,10261253644.81,7242630357.05,141.68,Normal
2025-11-24,CHF,Retail Banking,82795.31,15,-48234.4428571429,2025-11-24,10261253644.81,7242630357.05,141.68,Normal
2025-11-24,eur,Investment Banking,-47633.95,2,-2460.15142857143,2025-11-24,10261253644.81,7242630357.05,141.68,Normal
2025-11-24,CAD,Markets,308749.66,14,287828.508571429,2025-11-24,10261253644.81,7242630357.05,141.68,Normal
2025-11-24,CAD,Treasury,-419485.71,19,597419.735714286,2025-11-24,10261253644.81,7242630357.05,141.68,Normal
2025-11-24,USD,Investment Banking,49737.31,12,-17281.8985714286,2025-11-24,10261253644.81,7242630357.05,141.68,Normal
2025-11-24,INR,Investment Banking,269018.18,12,-8787.47571428573,2025-11-24,10261253644.81,7242630357.05,141.68,Normal
2025-11-24,GBP,Treasury,-578730.66,19,324611.661428572,2025-11-24,10261253644.81,7242630357.05,141.68,Normal
2025-11-24,EUR,Treasury,-1126002.19,18,-241285.855714286,2025-11-24,10261253644.81,7242630357.05,141.68,Normal
2025-11-24,aud,Treasury,-62222.83,1,-8953.7071428571,2025-11-24,10261253644.81,7242630357.05,141.68,Normal
2025-11-24,JPY,Markets,542338.05,12,200856.222857143,2025-11-24,10261253644.81,7242630357.05,141.68,Normal
2025-11-24,CHF,Markets,4330828.55,24,-636995.788571429,2025-11-24,10261253644.81,7242630357.05,141.68,Normal
2025-11-24,chf,Investment Banking,6474.41,1,24158.63,2025-11-24,10261253644.81,7242630357.05,141.68,Normal
2025-11-24,usd,Retail Banking,5371.85,1,-16392.2042857143,2025-11-24,10261253644.81,7242630357.05,141.68,Normal
2025-11-24,EUR,Markets,-1313365.62,19,493269.93,2025-11-24,10261253644.81,7242630357.05,141.68,Normal
2025-11-24,AUD,Corporate Banking,28779.76,11,-68541.2814285714,2025-11-24,10261253644.81,7242630357.05,141.68,Normal
2025-11-24,AUD,Treasury,2316589.3,17,215900.245714286,2025-11-24,10261253644.81,7242630357.05,141.68,Normal
2025-11-24,JPY,Corporate Banking,-152194.39,23,-95375.5171428571,2025-11-24,10261253644.81,7242630357.05,141.68,Normal
2025-11-24,eur,Retail Banking,-22733.27,1,-28029.18,2025-11-24,10261253644.81,7242630357.05,141.68,Normal
2025-11-24,usd,Markets,176438.87,2,-1982.96,2025-11-24,10261253644.81,7242630357.05,141.68,Normal
2025-11-24,CHF,Investment Banking,145750.91,4,662.324285714297,2025-11-24,10261253644.81,7242630357.05,141.68,Normal
2025-12-27,jpy,Investment Banking,18987.39,1,7347.21285714286,2025-12-27,9868061579.07,6574662892.98,150.09,Normal
2025-12-27,INR,Corporate Banking,-86036.66,7,-79683.4157142857,2025-12-27,9868061579.07,6574662892.98,150.09,Normal
2025-12-27,GBP,Investment Banking,-305159.49,11,-123135.345714286,2025-12-27,9868061579.07,6574662892.98,150.09,Normal
2025-12-27,JPY,Treasury,-722085.88,13,-764039.25,2025-12-27,9868061579.07,6574662892.98,150.09,Normal
2025-12-27,GBP,Corporate Banking,-34528.55,6,-59424.4885714286,2025-12-27,9868061579.07,6574662892.98,150.09,Normal
2025-12-27,CAD,Investment Banking,-62866.28,5,-32307.8557142857,2025-12-27,9868061579.07,6574662892.98,150.09,Normal
2025-12-27,INR,Markets,1499407.07,12,722091.691428571,2025-12-27,9868061579.07,6574662892.98,150.09,Normal
2025-12-27,GBP,Retail Banking,-122638.86,7,-83656.8385714286,2025-12-27,9868061579.07,6574662892.98,150.09,Normal
2025-12-27,AUD,Investment Banking,148438.39,10,-40913.7828571429,2025-12-27,9868061579.07,6574662892.98,150.09,Normal
2025-12-27,AUD,Retail Banking,-41625.12,9,-17811.7742857143,2025-12-27,9868061579.07,6574662892.98,150.09,Normal
2025-12-27,EUR,Retail Banking,-91786.78,11,29571.7342857143,2025-12-27,9868061579.07,6574662892.98,150.09,Normal
2025-12-27,CAD,Retail Banking,11465.66,12,-38138.0442857143,2025-12-27,9868061579.07,6574662892.98,150.09,Normal
2025-12-27,INR,Retail Banking,-164196.73,12,-104780.404285714,2025-12-27,9868061579.07,6574662892.98,150.09,Normal
2025-12-27,CHF,Corporate Banking,39695.27,12,41923.8428571429,2025-12-27,9868061579.07,6574662892.98,150.09,Normal
2025-12-27,GBP,Markets,1250415.21,17,523150.278571429,2025-12-27,9868061579.07,6574662892.98,150.09,Normal
2025-12-27,USD,Corporate Banking,-6234.42,12,-18869.53,2025-12-27,9868061579.07,6574662892.98,150.09,Normal
2025-12-27,EUR,Investment Banking,-124201.66,9,-84425.7457142857,2025-12-27,9868061579.07,6574662892.98,150.09,Normal
2025-12-27,USD,Markets,-1085781.19,11,-1708466.25571429,2025-12-27,9868061579.07,6574662892.98,150.09,Normal
2025-12-27,INR,Treasury,46728.33,13,-655329.188571429,2025-12-27,9868061579.07,6574662892.98,150.09,Normal
2025-12-27,USD,Retail Banking,-13749.59,6,90339.2557142857,2025-12-27,9868061579.07,6574662892.98,150.09,Normal
2025-12-27,chf,Treasury,-191272.55,1,-110315.17,2025-12-27,9868061579.07,6574662892.98,150.09,Normal
2025-12-27,CHF,Treasury,-383394.77,19,-1393307.32714286,2025-12-27,9868061579.07,6574662892.98,150.09,Normal
2025-12-27,CAD,Corporate Banking,-9433.35999999999,7,-20222.4257142857,2025-12-27,9868061579.07,6574662892.98,150.09,Normal
2025-12-27,JPY,Retail Banking,-212260.51,11,-131685.895714286,2025-12-27,9868061579.07,6574662892.98,150.09,Normal
2025-12-27,JPY,Investment Banking,101215.05,11,-91540.9228571429,2025-12-27,9868061579.07,6574662892.98,150.09,Normal
2025-12-27,AUD,Markets,473262.57,13,-294106.762857143,2025-12-27,9868061579.07,6574662892.98,150.09,Normal
2025-12-27,EUR,Corporate Banking,-40885.29,6,-127137.56,2025-12-27,9868061579.07,6574662892.98,150.09,Normal
2025-12-27,USD,Treasury,646375.72,13,152307.782857143,2025-12-27,9868061579.07,6574662892.98,150.09,Normal
2025-12-27,CHF,Retail Banking,179062.19,12,90014.9385714286,2025-12-27,9868061579.07,6574662892.98,150.09,Normal
2025-12-27,CAD,Markets,654643.05,17,116952.95,2025-12-27,9868061579.07,6574662892.98,150.09,Normal
2025-12-27,chf,Retail Banking,-15613.67,1,-24003.2285714286,2025-12-27,9868061579.07,6574662892.98,150.09,Normal
2025-12-27,CAD,Treasury,664736.69,16,-94836.2485714286,2025-12-27,9868061579.07,6574662892.98,150.09,Normal
2025-12-27,USD,Investment Banking,20268.7,5,43666.9185714286,2025-12-27,9868061579.07,6574662892.98,150.09,Normal
2025-12-27,aud,Investment Banking,33183.53,1,39949.6771428571,2025-12-27,9868061579.07,6574662892.98,150.09,Normal
2025-12-27,INR,Investment Banking,-328990.14,10,-66884.8442857143,2025-12-27,9868061579.07,6574662892.98,150.09,Normal
2025-12-27,GBP,Treasury,544029.43,18,-524042.994285714,2025-12-27,9868061579.07,6574662892.98,150.09,Normal
2025-12-27,EUR,Treasury,2964811.44,14,699090.3,2025-12-27,9868061579.07,6574662892.98,150.09,Normal
2025-12-27,JPY,Markets,1668425.55,25,405542.758571429,2025-12-27,9868061579.07,6574662892.98,150.09,Normal
2025-12-27,CHF,Markets,2059012.98,16,540076.522857143,2025-12-27,9868061579.07,6574662892.98,150.09,Normal
2025-12-27,EUR,Markets,-757603.24,14,-17657.1285714286,2025-12-27,9868061579.07,6574662892.98,150.09,Normal
2025-12-27,AUD,Corporate Banking,-59770.48,14,-201564.917142857,2025-12-27,9868061579.07,6574662892.98,150.09,Normal
2025-12-27,eur,Treasury,147322.6,1,-50901.1885714286,2025-12-27,9868061579.07,6574662892.98,150.09,Normal
2025-12-27,AUD,Treasury,-482092.64,16,-227199.717142857,2025-12-27,9868061579.07,6574662892.98,150.09,Normal
2025-12-27,JPY,Corporate Banking,30080.96,9,-11946.56,2025-12-27,9868061579.07,6574662892.98,150.09,Normal
2025-12-27,CHF,Investment Banking,-75787.23,7,-136073.615714286,2025-12-27,9868061579.07,6574662892.98,150.09,Normal
2026-01-07,INR,Corporate Banking,-29029.11,9,-120980.502857143,2026-01-07,11446577794.7,7310450775.43,156.58,Normal
2026-01-07,jpy,Markets,294496.82,1,123909.052857143,2026-01-07,11446577794.7,7310450775.43,156.58,Normal
2026-01-07,GBP,Investment Banking,-269499.93,9,-91970.2557142857,2026-01-07,11446577794.7,7310450775.43,156.58,Normal
2026-01-07,JPY,Treasury,120948.71,11,495331.668571429,2026-01-07,11446577794.7,7310450775.43,156.58,Normal
2026-01-07,GBP,Corporate Banking,108099.25,13,35284.5785714286,2026-01-07,11446577794.7,7310450775.43,156.58,Normal
2026-01-07,jpy,Retail Banking,30409.76,1,186.350000000002,2026-01-07,11446577794.7,7310450775.43,156.58,Normal
2026-01-07,gbp,Treasury,103586.6,1,-249718.45,2026-01-07,11446577794.7,7310450775.43,156.58,Normal
2026-01-07,aud,Corporate Banking,66626.23,1,14694.4885714286,2026-01-07,11446577794.7,7310450775.43,156.58,Normal
2026-01-07,CAD,Investment Banking,-49112.14,6,-56101.0714285714,2026-01-07,11446577794.7,7310450775.43,156.58,Normal
2026-01-07,INR,Markets,3002114.58,22,942994.025714286,2026-01-07,11446577794.7,7310450775.43,156.58,Normal
2026-01-07,GBP,Retail Banking,-301490.44,7,-10586.95,2026-01-07,11446577794.7,7310450775.43,156.58,Normal
2026-01-07,AUD,Investment Banking,-156281.14,14,-157488.587142857,2026-01-07,11446577794.7,7310450775.43,156.58,Normal
2026-01-07,AUD,Retail Banking,-140222.65,14,-88945.6814285714,2026-01-07,11446577794.7,7310450775.43,156.58,Normal
2026-01-07,cad,Markets,-41447.16,1,-48521.9757142857,2026-01-07,11446577794.7,7310450775.43,156.58,Normal
2026-01-07,inr,Corporate Banking,12340.51,1,-49740.2314285714,2026-01-07,11446577794.7,7310450775.43,156.58,Normal
2026-01-07,EUR,Retail Banking,52318.36,11,-22144.33,2026-01-07,11446577794.7,7310450775.43,156.58,Normal
2026-01-07,CAD,Retail Banking,31965.1,11,-21898.0471428571,2026-01-07,11446577794.7,7310450775.43,156.58,Normal
2026-01-07,INR,Retail Banking,-16377.32,13,-28396.49,2026-01-07,11446577794.7,7310450775.43,156.58,Normal
2026-01-07,CHF,Corporate Banking,-26948.43,18,-63315.3785714286,2026-01-07,11446577794.7,7310450775.43,156.58,Normal
2026-01-07,GBP,Markets,-1504566.27,19,-1086373.03571429,2026-01-07,11446577794.7,7310450775.43,156.58,Normal
2026-01-07,USD,Corporate Banking,91450.48,10,-4438.35000000001,2026-01-07,11446577794.7,7310450775.43,156.58,Normal
2026-01-07,EUR,Investment Banking,-145238.92,10,-53972.6985714286,2026-01-07,11446577794.7,7310450775.43,156.58,Normal
2026-01-07,chf,Markets,-26138.71,1,-61260.0642857143,2026-01-07,11446577794.7,7310450775.43,156.58,Normal
2026-01-07,USD,Markets,-427043.21,18,158002.628571429,2026-01-07,11446577794.7,7310450775.43,156.58,Normal
2026-01-07,INR,Treasury,2730463.32,18,-387410.237142857,2026-01-07,11446577794.7,7310450775.43,156.58,Normal
2026-01-07,USD,Retail Banking,-54520.8,10,-17732.9214285714,2026-01-07,11446577794.7,7310450775.43,156.58,Normal
2026-01-07,chf,Treasury,-77753.78,1,-130912.984285714,2026-01-07,11446577794.7,7310450775.43,156.58,Normal
2026-01-07,CHF,Treasury,-3968950.67,14,-404785.448571428,2026-01-07,11446577794.7,7310450775.43,156.58,Normal
2026-01-07,CAD,Corporate Banking,-34134.67,5,-32091.6228571429,2026-01-07,11446577794.7,7310450775.43,156.58,Normal
2026-01-07,JPY,Retail Banking,59417.21,11,-9808.68714285714,2026-01-07,11446577794.7,7310450775.43,156.58,Normal
2026-01-07,JPY,Investment Banking,134553.04,11,964.225714285725,2026-01-07,11446577794.7,7310450775.43,156.58,Normal
2026-01-07,AUD,Markets,2770363.94,11,728567.928571429,2026-01-07,11446577794.7,7310450775.43,156.58,Normal
2026-01-07,EUR,Corporate Banking,137336.71,14,-1795.14714285715,2026-01-07,11446577794.7,7310450775.43,156.58,Normal
2026-01-07,gbp,Investment Banking,-8505.95,1,7832.15714285714,2026-01-07,11446577794.7,7310450775.43,156.58,Normal
2026-01-07,USD,Treasury,4196032.54,15,-124354.57,2026-01-07,11446577794.7,7310450775.43,156.58,Normal
2026-01-07,CHF,Retail Banking,-37593.79,12,-36908.0557142857,2026-01-07,11446577794.7,7310450775.43,156.58,Normal
2026-01-07,eur,Investment Banking,-65628.93,2,-6515.10714285714,2026-01-07,11446577794.7,7310450775.43,156.58,Normal
2026-01-07,CAD,Markets,-4993075.36,15,-1706511.93285714,2026-01-07,11446577794.7,7310450775.43,156.58,Normal
2026-01-07,CAD,Treasury,-628453.94,17,336663.638571429,2026-01-07,11446577794.7,7310450775.43,156.58,Normal
2026-01-07,USD,Investment Banking,-59811.84,10,-23333.3771428572,2026-01-07,11446577794.7,7310450775.43,156.58,Normal
2026-01-07,INR,Investment Banking,-63069.56,5,-33762.3957142857,2026-01-07,11446577794.7,7310450775.43,156.58,Normal
2026-01-07,GBP,Treasury,985787.25,14,-510658.811428571,2026-01-07,11446577794.7,7310450775.43,156.58,Normal
2026-01-07,EUR,Treasury,-480194.61,13,17092.5985714285,2026-01-07,11446577794.7,7310450775.43,156.58,Normal
2026-01-07,jpy,Corporate Banking,3138.32,2,28263.9485714286,2026-01-07,11446577794.7,7310450775.43,156.58,Normal
2026-01-07,JPY,Markets,-3161444.19,18,219315.244285714,2026-01-07,11446577794.7,7310450775.43,156.58,Normal
2026-01-07,CHF,Markets,28848.2299999999,17,78219.9199999999,2026-01-07,11446577794.7,7310450775.43,156.58,Normal
2026-01-07,EUR,Markets,-1689652.33,19,-533628.98,2026-01-07,11446577794.7,7310450775.43,156.58,Normal
2026-01-07,aud,Markets,-16132.14,1,49940.7042857143,2026-01-07,11446577794.7,7310450775.43,156.58,Normal
2026-01-07,AUD,Corporate Banking,-164646.45,11,4920.02571428572,2026-01-07,11446577794.7,7310450775.43,156.58,Normal
2026-01-07,eur,Treasury,148734.26,1,150752.932857143,2026-01-07,11446577794.7,7310450775.43,156.58,Normal
2026-01-07,AUD,Treasury,3439682.18,16,-344948.285714286,2026-01-07,11446577794.7,7310450775.43,156.58,Normal
2026-01-07,JPY,Corporate Banking,-58684.36,13,-76476.5271428572,2026-01-07,11446577794.7,7310450775.43,156.58,Normal
2026-01-07,CHF,Investment Banking,102148.99,9,3586.84714285715,2026-01-07,11446577794.7,7310450775.43,156.58,Normal
2025-11-11,jpy,Investment Banking,38746.24,1,692.999999999998,2025-11-11,10903315570.85,7450327711.64,146.35,Normal
2025-11-11,INR,Corporate Banking,-80065.46,11,-29336.3642857143,2025-11-11,10903315570.85,7450327711.64,146.35,Normal
2025-11-11,GBP,Investment Banking,-103963.39,13,-71257.0942857143,2025-11-11,10903315570.85,7450327711.64,146.35,Normal
2025-11-11,JPY,Treasury,-5172772.94,18,-192974.925714286,2025-11-11,10903315570.85,7450327711.64,146.35,Normal
2025-11-11,GBP,Corporate Banking,26202,6,-35418.62,2025-11-11,10903315570.85,7450327711.64,146.35,Normal
2025-11-11,jpy,Treasury,-349619.89,1,245174.017142857,2025-11-11,10903315570.85,7450327711.64,146.35,Normal
2025-11-11,CAD,Investment Banking,-15076.34,9,-157903.824285714,2025-11-11,10903315570.85,7450327711.64,146.35,Normal
2025-11-11,INR,Markets,-424434.68,14,-857946.948571429,2025-11-11,10903315570.85,7450327711.64,146.35,Normal
2025-11-11,GBP,Retail Banking,-58048.55,12,59810.4528571429,2025-11-11,10903315570.85,7450327711.64,146.35,Normal
2025-11-11,AUD,Investment Banking,-280729.38,8,-43868.9771428572,2025-11-11,10903315570.85,7450327711.64,146.35,Normal
2025-11-11,AUD,Retail Banking,149685.71,12,-28016.9914285714,2025-11-11,10903315570.85,7450327711.64,146.35,Normal
2025-11-11,EUR,Retail Banking,-252769.27,14,-30700.4942857143,2025-11-11,10903315570.85,7450327711.64,146.35,Normal
2025-11-11,CAD,Retail Banking,-207272.04,8,-120432.242857143,2025-11-11,10903315570.85,7450327711.64,146.35,Normal
2025-11-11,INR,Retail Banking,-263594.67,12,-42207.7614285714,2025-11-11,10903315570.85,7450327711.64,146.35,Normal
2025-11-11,CHF,Corporate Banking,-21654.8,10,61677.34,2025-11-11,10903315570.85,7450327711.64,146.35,Normal
2025-11-11,GBP,Markets,392050.46,12,-2536876.83428571,2025-11-11,10903315570.85,7450327711.64,146.35,Normal
2025-11-11,USD,Corporate Banking,63197.67,8,17234.7328571429,2025-11-11,10903315570.85,7450327711.64,146.35,Normal
2025-11-11,EUR,Investment Banking,-84697.59,11,14590.3785714286,2025-11-11,10903315570.85,7450327711.64,146.35,Normal
2025-11-11,chf,Markets,246533.24,1,-3039.71,2025-11-11,10903315570.85,7450327711.64,146.35,Normal
2025-11-11,USD,Markets,-1853801.91,18,-597757.477142857,2025-11-11,10903315570.85,7450327711.64,146.35,Normal
2025-11-11,INR,Treasury,38213.5800000002,16,-93567.3657142856,2025-11-11,10903315570.85,7450327711.64,146.35,Normal
2025-11-11,USD,Retail Banking,22053.33,9,-54574.1128571428,2025-11-11,10903315570.85,7450327711.64,146.35,Normal
2025-11-11,chf,Treasury,1422423.53,1,260436.268571429,2025-11-11,10903315570.85,7450327711.64,146.35,Normal
2025-11-11,CHF,Treasury,-1636220.65,14,-1021038.14285714,2025-11-11,10903315570.85,7450327711.64,146.35,Normal
2025-11-11,CAD,Corporate Banking,-144841.9,9,-10943.7285714286,2025-11-11,10903315570.85,7450327711.64,146.35,Normal
2025-11-11,JPY,Retail Banking,-282934.61,5,88502.6628571428,2025-11-11,10903315570.85,7450327711.64,146.35,Normal
2025-11-11,JPY,Investment Banking,487851.7,8,46936.7785714286,2025-11-11,10903315570.85,7450327711.64,146.35,Normal
2025-11-11,AUD,Markets,1358939.77,17,157019.747142857,2025-11-11,10903315570.85,7450327711.64,146.35,Normal
2025-11-11,EUR,Corporate Banking,5788.63999999996,14,726.632857142863,2025-11-11,10903315570.85,7450327711.64,146.35,Normal
2025-11-11,USD,Treasury,-2205669.39,22,-1420444.83,2025-11-11,10903315570.85,7450327711.64,146.35,Normal
2025-11-11,CHF,Retail Banking,53501.76,11,39952.97,2025-11-11,10903315570.85,7450327711.64,146.35,Normal
2025-11-11,CAD,Markets,-97855.3799999999,15,493135.767142857,2025-11-11,10903315570.85,7450327711.64,146.35,Normal
2025-11-11,CAD,Treasury,982585.4,22,372414.78,2025-11-11,10903315570.85,7450327711.64,146.35,Normal
2025-11-11,USD,Investment Banking,88419.27,8,75593.2114285714,2025-11-11,10903315570.85,7450327711.64,146.35,Normal
2025-11-11,INR,Investment Banking,-192318.89,8,-421749.777142857,2025-11-11,10903315570.85,7450327711.64,146.35,Normal
2025-11-11,GBP,Treasury,3459718.81,21,-110587.09,2025-11-11,10903315570.85,7450327711.64,146.35,Normal
2025-11-11,EUR,Treasury,-1478325.6,16,-736476.98,2025-11-11,10903315570.85,7450327711.64,146.35,Normal
2025-11-11,JPY,Markets,-1206396.28,10,517034.787142857,2025-11-11,10903315570.85,7450327711.64,146.35,Normal
2025-11-11,CHF,Markets,-1800964.45,15,-1380558.98714286,2025-11-11,10903315570.85,7450327711.64,146.35,Normal
2025-11-11,EUR,Markets,366972.52,12,152728.734285714,2025-11-11,10903315570.85,7450327711.64,146.35,Normal
2025-11-11,AUD,Corporate Banking,-2478.85000000001,11,58711.79,2025-11-11,10903315570.85,7450327711.64,146.35,Normal
2025-11-11,AUD,Treasury,-799861.45,18,-492084.627142857,2025-11-11,10903315570.85,7450327711.64,146.35,Normal
2025-11-11,JPY,Corporate Banking,-22222.98,8,-50094.9028571429,2025-11-11,10903315570.85,7450327711.64,146.35,Normal
2025-11-11,CHF,Investment Banking,39286.88,9,-40610.6028571429,2025-11-11,10903315570.85,7450327711.64,146.35,Normal
2025-11-20,INR,Corporate Banking,-58598.44,7,12571.2,2025-11-20,11566993016.88,6620828689.02,174.71,Normal
2025-11-20,GBP,Investment Banking,427896.89,8,14787.8571428572,2025-11-20,11566993016.88,6620828689.02,174.71,Normal
2025-11-20,JPY,Treasury,-924625.26,16,1586.71714285718,2025-11-20,11566993016.88,6620828689.02,174.71,Normal
2025-11-20,GBP,Corporate Banking,140204.88,13,-44241.5028571429,2025-11-20,11566993016.88,6620828689.02,174.71,Normal
2025-11-20,gbp,Treasury,611586.19,3,-46020.4657142857,2025-11-20,11566993016.88,6620828689.02,174.71,Normal
2025-11-20,jpy,Treasury,1855224.25,2,490233.335714286,2025-11-20,11566993016.88,6620828689.02,174.71,Normal
2025-11-20,CAD,Investment Banking,386658.15,12,57273.6942857143,2025-11-20,11566993016.88,6620828689.02,174.71,Normal
2025-11-20,INR,Markets,-62919.21,11,46204.6614285714,2025-11-20,11566993016.88,6620828689.02,174.71,Normal
2025-11-20,GBP,Retail Banking,-91050.46,10,-63500.0914285714,2025-11-20,11566993016.88,6620828689.02,174.71,Normal
2025-11-20,AUD,Investment Banking,68763.98,4,26004.5171428571,2025-11-20,11566993016.88,6620828689.02,174.71,Normal
2025-11-20,AUD,Retail Banking,41346.26,8,88561.6528571428,2025-11-20,11566993016.88,6620828689.02,174.71,Normal
2025-11-20,cad,Markets,-199737.42,1,-189705.638571429,2025-11-20,11566993016.88,6620828689.02,174.71,Normal
2025-11-20,EUR,Retail Banking,-254527.06,10,-228512.834285714,2025-11-20,11566993016.88,6620828689.02,174.71,Normal
2025-11-20,CAD,Retail Banking,16739.5,7,8315.11571428572,2025-11-20,11566993016.88,6620828689.02,174.71,Normal
2025-11-20,INR,Retail Banking,-70098.54,11,1878.57571428576,2025-11-20,11566993016.88,6620828689.02,174.71,Normal
2025-11-20,CHF,Corporate Banking,61094.07,7,79382.3714285714,2025-11-20,11566993016.88,6620828689.02,174.71,Normal
2025-11-20,GBP,Markets,-607640.42,18,-651628.735714286,2025-11-20,11566993016.88,6620828689.02,174.71,Normal
2025-11-20,USD,Corporate Banking,62737.46,8,-20565.4557142857,2025-11-20,11566993016.88,6620828689.02,174.71,Normal
2025-11-20,EUR,Investment Banking,20677.38,6,-28574.6242857143,2025-11-20,11566993016.88,6620828689.02,174.71,Normal
2025-11-20,chf,Markets,46663.49,1,22763.5657142857,2025-11-20,11566993016.88,6620828689.02,174.71,Normal
2025-11-20,USD,Markets,4724523.52,14,1321542.35285714,2025-11-20,11566993016.88,6620828689.02,174.71,Normal
2025-11-20,INR,Treasury,-2807188.08,15,-697383.23,2025-11-20,11566993016.88,6620828689.02,174.71,Normal
2025-11-20,USD,Retail Banking,89939.15,10,-46673.0142857143,2025-11-20,11566993016.88,6620828689.02,174.71,Normal
2025-11-20,chf,Treasury,534239.32,1,167800.522857143,2025-11-20,11566993016.88,6620828689.02,174.71,Normal
2025-11-20,CHF,Treasury,-833422.24,11,369948.867142857,2025-11-20,11566993016.88,6620828689.02,174.71,Normal
2025-11-20,CAD,Corporate Banking,114565.17,8,-85101.1242857143,2025-11-20,11566993016.88,6620828689.02,174.71,Normal
2025-11-20,JPY,Retail Banking,156931.36,8,-8136.71428571428,2025-11-20,11566993016.88,6620828689.02,174.71,Normal
2025-11-20,JPY,Investment Banking,-257289.35,6,-108791.69,2025-11-20,11566993016.88,6620828689.02,174.71,Normal
2025-11-20,AUD,Markets,798994.7,19,-196103.461428571,2025-11-20,11566993016.88,6620828689.02,174.71,Normal
2025-11-20,EUR,Corporate Banking,177605.28,10,-66467.44,2025-11-20,11566993016.88,6620828689.02,174.71,Normal
2025-11-20,USD,Treasury,-2067078.89,13,580235.445714286,2025-11-20,11566993016.88,6620828689.02,174.71,Normal
2025-11-20,CHF,Retail Banking,-256541.2,10,-45760.8328571429,2025-11-20,11566993016.88,6620828689.02,174.71,Normal
2025-11-20,CAD,Markets,192578.72,14,122277.227142857,2025-11-20,11566993016.88,6620828689.02,174.71,Normal
2025-11-20,CAD,Treasury,-5191.62,12,-364383.647142857,2025-11-20,11566993016.88,6620828689.02,174.71,Normal
2025-11-20,USD,Investment Banking,61925.61,12,29806.03,2025-11-20,11566993016.88,6620828689.02,174.71,Normal
2025-11-20,INR,Investment Banking,-194367.15,8,-67233.8942857143,2025-11-20,11566993016.88,6620828689.02,174.71,Normal
2025-11-20,GBP,Treasury,689215.66,12,-68524.482857143,2025-11-20,11566993016.88,6620828689.02,174.71,Normal
2025-11-20,EUR,Treasury,1210882.18,15,-31767.4342857143,2025-11-20,11566993016.88,6620828689.02,174.71,Normal
2025-11-20,aud,Treasury,-377178.69,2,-104721.562857143,2025-11-20,11566993016.88,6620828689.02,174.71,Normal
2025-11-20,JPY,Markets,-921604.97,11,52294.2414285714,2025-11-20,11566993016.88,6620828689.02,174.71,Normal
2025-11-20,CHF,Markets,-2393151.11,23,-1053652.27142857,2025-11-20,11566993016.88,6620828689.02,174.71,Normal
2025-11-20,chf,Investment Banking,-12871.52,1,23233.7142857143,2025-11-20,11566993016.88,6620828689.02,174.71,Normal
2025-11-20,EUR,Markets,763104.74,14,662540.754285714,2025-11-20,11566993016.88,6620828689.02,174.71,Normal
2025-11-20,AUD,Corporate Banking,-36104.18,11,-43650.7371428571,2025-11-20,11566993016.88,6620828689.02,174.71,Normal
2025-11-20,AUD,Treasury,13210.19,13,-1407303.00285714,2025-11-20,11566993016.88,6620828689.02,174.71,Normal
2025-11-20,JPY,Corporate Banking,36290.36,7,-87637.1928571429,2025-11-20,11566993016.88,6620828689.02,174.71,Normal
2025-11-20,eur,Retail Banking,-62285.99,2,-24781.57,2025-11-20,11566993016.88,6620828689.02,174.71,Normal
2025-11-20,usd,Markets,-69127.77,1,-114637.464285714,2025-11-20,11566993016.88,6620828689.02,174.71,Normal
2025-11-20,CHF,Investment Banking,-141251.25,17,-66572.75,2025-11-20,11566993016.88,6620828689.02,174.71,Normal
